gene,baseMean,log2FoldChange,pvalue,padj
TSPAN6,585.09,0.13504,0.43732,0.79465
TNMD,0.33438,-1.7876,0.65755,NA
DPM1,651.75,-0.0064557,0.96919,0.99254
SCYL3,241.04,-0.1961,0.30909,0.71068
C1orf112,171.55,-0.050439,0.82967,0.95435
FGR,2.5645,-4.9116,0.0087422,NA
CFH,197.56,-0.23576,0.22118,0.63663
FUCA2,1713.3,-0.10677,0.32075,0.71922
GCLC,359.08,0.31521,0.052144,0.34212
NFYA,665.74,0.18648,0.1781,0.5849
STPG1,236.62,-0.20808,0.23353,0.64682
NIPAL3,2792.7,-0.21376,0.051124,0.33813
LAS1L,570.27,0.083277,0.56535,0.85519
ENPP4,209.93,0.17917,0.38641,0.76512
SEMA3F,348.26,-0.50137,0.077876,0.40805
CFTR,1.4807,-2.7902,0.21438,NA
ANKIB1,1878.9,0.18582,0.11296,0.48378
CYP51A1,1234.9,0.19365,0.12736,0.50985
KRIT1,757.28,0.18644,0.21001,0.62545
RAD52,239.38,-0.08383,0.67986,0.89941
BAD,847.91,-0.32267,0.042531,0.31306
LAP3,978.55,0.028598,0.81592,0.95016
CD99,12155,-0.13057,0.20267,0.61744
HS3ST1,4.0867000000000004,-0.5295,0.71329,NA
AOC1,5.4229,1.2606,0.22238,NA
WNT16,1.0145,0.53169,0.82094,NA
HECW1,108.06,0.38795,0.2538,0.66805
MAD1L1,638.42,-0.045569,0.73404,0.92317
LASP1,9780.9,-0.15552,0.12584,0.5073
SNX11,277.74,0.053789,0.75835,0.93215
TMEM176A,1.5596,-0.8434,0.6796,NA
M6PR,1449.7,0.13573,0.20988,0.62537
KLHL13,6.0754,-1.7623,0.12904,NA
CYP26B1,234.67,0.093175,0.60105,0.87053
ICA1,0.63628,1.5158,0.6656,NA
DBNDD1,87.63,-0.37024,0.19161,0.60178
ALS2,831.99,0.30027,0.019254,0.21338
CASP10,147.35,0.031823,0.91404,0.97966
CFLAR,2438.3,0.22912,0.050441,0.3365
TFPI,2317.5,-0.0050734,0.97362,0.99285
NDUFAF7,216.65,0.26913,0.19026,0.6001
RBM5,2012.9,0.08944,0.36743,0.75316
MTMR7,46.164,0.64425,0.093927,0.44688
SLC7A2,6.3567,0.60718,0.54805,NA
ARF5,1696.5,-0.13892,0.37735,0.75904
SARM1,489.32,0.12116,0.59685,0.86915
POLDIP2,1611.6,-0.14276,0.3462,0.73774
PLXND1,3224.2,-0.34894,0.0084795,0.13943
AK2,1759.6,-0.18049,0.15435,0.55126
CD38,5.4234,-0.28969,0.7712,NA
FKBP4,1384.5,0.1628,0.22967,0.64382
KDM1A,1639.5,0.070505,0.53443,0.83951
RBM6,1507.9,-0.12296,0.3119,0.71249
CAMKK1,1068.8,0.076678,0.55906,0.85202
RECQL,1512.8,0.16749,0.29755,0.7019
VPS50,388.64,-0.1552,0.43152,0.7916
HSPB6,353.71,-0.37463,0.028688,0.26108
ARHGAP33,376.33,0.24462,0.40837,0.77912
NDUFAB1,332.44,-0.067045,0.69153,0.90525
PDK4,417.59,1.8052,1.0015e-21,3.2854e-18
SLC22A16,0,NA,NA,NA
ZMYND10,22.001,-0.79427,0.16762,0.57035
ABCB5,6.1495,0.20007,0.87535,NA
ARX,0.51467,2.5448,0.52418,NA
SLC25A13,198.41,0.068616,0.73787,0.92417
ST7,390.48,0.055973,0.72594,0.91939
CDC27,2221.6,0.080561,0.50891,0.82626
SLC4A1,4.177,0.71674,0.52484,NA
CALCR,0,NA,NA,NA
HCCS,323.51,-0.055359,0.77204,0.93591
DVL2,944.42,-0.030242,0.818,0.95064
PRSS22,0.21401,1.2289,0.76329,NA
UPF1,2203.9,0.20578,0.10123,0.46311
SKAP2,929.36,0.2129,0.12207,0.5007
SLC25A5,2845.1,-0.0027679,0.98222,0.99542
MCUB,575.36,-0.0081606,0.95282,0.98999
HOXA11,68.19,-0.52076,0.090799,0.44114
POLR2J,640.5,-0.11092,0.50252,0.82375
DHX33,544.01,0.14866,0.28327,0.69371
MEOX1,0.63882,1.4708,0.63357,NA
THSD7A,2.1651,0.84051,0.60558,NA
LIG3,297.5,0.25255,0.29866,0.70345
RPAP3,525.98,0.16554,0.27562,0.68828
ACSM3,10.649,0.65501,0.41687,NA
REXO5,91.799,-0.31654,0.25213,0.66725
CIAPIN1,362.44,-0.018084,0.91343,0.97957
SPPL2B,1106.5,0.062709,0.63847,0.88675
FAM214B,994.08,-0.2852,0.01373,0.18053
COPZ2,986.8,-0.48679,0.0051575,0.10641
PRKAR2B,64.291,0.040905,0.89393,0.97414
MSL3,646.99,-0.19603,0.12984,0.51272
CREBBP,2004.5,0.53507,2.3125e-4,0.016673
TSPOAP1,106.93,-0.56706,0.031931,0.27385
MPO,0.30466,0.12981,0.97462,NA
PON1,1.1273,-2.3468,0.30849,NA
GCFC2,310.04,-0.10622,0.68247,0.90079
WDR54,455.23,-0.13049,0.34217,0.73501
CROT,400.88,0.082999,0.64976,0.88989
ABCB4,8.9783,-2.3029,0.020915,NA
KMT2E,2165.7,0.17831,0.19866,0.61195
RHBDD2,716.53,-0.053907,0.67049,0.89704
SOX8,48.269,0.79058,0.051192,0.33824
IBTK,1418,0.001227,0.99217,0.99889
ZNF195,216.7,0.35459,0.058553,0.3582
MYCBP2,2186.8,0.41117,0.001319,0.048617
FBXL3,1445.9,-0.0098986,0.92593,0.98258
ITGAL,4.1039,0.14943,0.90116,NA
PDK2,708.59,-0.059892,0.7012,0.90913
ITGA3,1491.4,0.30988,0.10273,0.46613
ZFX,1298.9,0.17478,0.30264,0.70632
LAMP2,4549.3,0.061593,0.54967,0.84841
ITGA2B,7.1251,-0.39682,0.67461,NA
ASB4,9.9514,0.14332,0.85082,NA
GDE1,1541.5,0.24164,0.06518,0.37761
REX1BD,489.37,0.08518,0.53671,0.84028
CRLF1,1281.5,-0.43647,2.0105e-4,0.015162
OSBPL7,116.73,-0.14217,0.65163,0.89046
TMEM98,1462.6,-0.20344,0.19119,0.6012
YBX2,2.516,-0.29971,0.83597,NA
KRT33A,0,NA,NA,NA
MAP3K14,262.65,-0.15219,0.42881,0.79074
ABCC8,2.5886,2.8153,0.086219,NA
CACNG3,0,NA,NA,NA
TMEM132A,557.98,-0.098104,0.49442,0.81999
AP2B1,5113.9,0.24809,0.0071093,0.1271
TAC1,0.15934,1.0586,0.79529,NA
ZNF263,683.21,0.19655,0.21515,0.63087
CX3CL1,6.4309,-1.0517,0.27713,NA
SPATA20,1613.8,-0.079572,0.47298,0.81209
CACNA1G,40.611,0.76152,0.096644,0.45389
TNFRSF12A,2783.3,0.29157,0.03953,0.30545
DLX6,0.15882,0.9194,0.82173,NA
MAP3K9,8.8779,0.68501,0.40483,NA
RALA,1605.9,-0.24755,0.021188,0.22303
BAIAP2L1,288.46,-0.55332,0.0011362,0.044907
KDM7A,304.35,0.24811,0.22007,0.63663
ETV1,632.16,0.49583,0.032088,0.27502
AGK,408.88,-0.057867,0.70264,0.90942
ALDH3B1,1195.5,-0.43331,0.01192,0.16827
TTC22,8.37,1.18,0.2061,NA
PHTF2,1007.5,0.0035903,0.9766,0.99365
CCL26,7.4521,1.1986,0.18104,NA
FARP2,913.64,0.12306,0.45182,0.80112
USH1C,0,NA,NA,NA
GGCT,351.54,-0.10941,0.49325,0.81999
DBF4,229.65,-0.014341,0.93934,0.98671
TBXA2R,136.85,-0.203,0.35403,0.74455
IFRD1,780.09,0.0069704,0.96286,0.99139
LGALS14,3.3194,0.73231,0.57856,NA
COX10,198.2,-0.049841,0.81298,0.94882
GTF2IRD1,329.05,-0.24225,0.28515,0.69371
PAF1,1067,-0.12858,0.29686,0.70138
VPS41,1215.6,0.3393,0.002552,0.072641
ARHGAP44,91.432,0.12277,0.71981,0.91742
ELAC2,1097,0.094536,0.46188,0.80567
SCIN,30.293,-0.67539,0.30466,0.70739
ARSD,722.06,0.20952,0.10426,0.46942
PNPLA4,117.64,-0.29506,0.22448,0.63921
MYH13,0.82325,-3.0921,0.32663,NA
ADIPOR2,1360.7,0.059337,0.57986,0.86163
CDKL3,37.988,0.26644,0.52047,0.83379
UPP2,2.3426,1.0126,0.52353,NA
PRSS21,2.1476,0.53153,0.72445,NA
MARK4,1134.1,0.24702,0.17582,0.58099
PROM1,0.38166,2.1385,0.59604,NA
CCDC124,1138.4,-0.020745,0.88536,0.97105
CEACAM21,0,NA,NA,NA
PAFAH1B1,4007.7,-0.02554,0.79315,0.94253
NOS2,0.69897,-1.4598,0.6273,NA
DNAH9,0.37555,-2.0596,0.6094,NA
KIAA0100,5968.4,0.018515,0.8737,0.96833
SLC13A2,0,NA,NA,NA
GAS7,2956.5,0.074674,0.48037,0.81587
TRAPPC6A,75.256,-0.17244,0.60197,0.87118
MATK,6.5016,-0.21836,0.81724,NA
CEACAM7,0.14534,-0.78593,0.84727,NA
CD79B,1.3409,-2.4896,0.2792,NA
SCN4A,0.87188,0.68908,0.82707,NA
ST7L,226.04,0.30544,0.11013,0.47873
TKTL1,0,NA,NA,NA
PAX6,29.259,0.30836,0.5418,0.84396
RPUSD1,456.93,-0.0040922,0.97826,0.99409
RHBDF1,2030,0.20755,0.12482,0.50506
LUC7L,668.94,0.18014,0.31981,0.71892
CACNA2D2,14.895,0.36644,0.55455,0.85047
BAIAP3,23.969,1.0269,0.091249,0.44228
TSR3,1094.5,-0.20046,0.14205,0.52856
PIGQ,872.86,0.12181,0.31349,0.71416
CRAMP1,967.08,0.25804,0.22148,0.63678
TEAD3,648.09,0.14381,0.29509,0.70053
SELE,0,NA,NA,NA
DNAJC11,1045.4,-0.084472,0.44135,0.79606
FMO3,2.4288,-1.5391,0.41091,NA
MYLIP,277.96,-0.46038,0.10182,0.46337
NOX1,4.9419,-0.60107,0.61639,NA
E2F2,83.287,-0.44672,0.20548,0.62039
PSMB1,1614.1,-0.15469,0.257,0.67191
SYN1,13.154,-0.36154,0.61998,NA
JARID2,506.31,0.27971,0.11596,0.48939
CDKL5,237.98,0.039854,0.82895,0.95435
CAMK1G,0.57279,-2.498,0.4806,NA
CDK11A,858.9,0.38225,0.0018966,0.060553
NADK,1566.6,-0.14247,0.24536,0.65977
TFAP2B,0,NA,NA,NA
TFAP2D,0,NA,NA,NA
DLEC1,9.626,0.34775,0.6752,NA
CYTH3,2199.4,-0.36177,0.0089717,0.14392
ADAM22,14.453,-0.56969,0.43036,NA
SYPL1,1786.1,0.010591,0.92452,0.98234
CYB561,501.22,-0.40042,0.021656,0.22573
SPAG9,3720.6,0.33739,0.0018461,0.059520000000000003
CELSR3,38.698,0.33164,0.4103,0.77988
AASS,524.93,0.13434,0.41418,0.78254
PLEKHG6,17.881,0.14925,0.78387,0.93992
SS18L2,162.33,0.38351,0.087231,0.4321
MPND,163.17,-0.098373,0.687,0.90286
MGST1,1171.4,-0.10787,0.44355,0.79748
CRY1,185.94,-0.055923,0.77102,0.93544
PGLYRP1,1.629,-0.39318,0.86396,NA
NFIX,11346,-0.15179,0.2508,0.6663
ST3GAL1,954.31,-0.43473,0.0012977,0.048378
MMP25,60.434,0.35158,0.30125,0.70511
IL32,222.5,-0.87923,2.0828e-5,0.0027331
PKD1,20678,-0.033477,0.81818,0.95064
MAPK8IP2,21.274,0.12248,0.84436,0.95868
MED24,1021.8,0.17289,0.18862,0.59844
RHOBTB2,871.58,-0.035582,0.77748,0.93779
HEATR5B,641.89,0.49111,0.008928,0.14352
SEC62,3352.5,0.10011,0.41009,0.77988
RPS20,14622,-0.12237,0.33027,0.72679
CSDE1,12365,0.10161,0.38064,0.76094
UBE3C,2811.6,-0.0040286,0.97378,0.99285
REV3L,2976.3,-0.29472,0.16637,0.56791
TENM1,0.16889,1.0923,0.78895,NA
PAX7,0,NA,NA,NA
MASP2,51.028,0.35636,0.45163,0.80112
IYD,11.175,0.45475,0.60655,NA
FAM76A,207.46,-0.10497,0.59002,0.86496
TRAF3IP3,0,NA,NA,NA
POMT2,552.93,0.11098,0.60118,0.87061
VTA1,1140.6,-0.0034337,0.97781,0.99387
MLXIPL,0.99456,2.5576,0.40346,NA
BAZ1B,3705.7,0.0059987,0.95527,0.98999
RANBP9,2101.9,-0.14821,0.19549,0.60772
ETV7,6.1802,0.36092,0.69774,NA
SPRTN,227.78,0.11906,0.53899,0.84196
EEF1AKNMT,767.36,-0.083984,0.5635,0.85418
DYRK4,237.09,-0.28935,0.15981,0.55995
ZNF207,2644.3,0.14487,0.1615,0.5622
UQCRC1,1865.2,-0.12499,0.38334,0.7625
STARD3NL,511.24,0.097181,0.49591,0.82064
CD9,489.25,-0.021156,0.88799,0.97222
HHATL,0,NA,NA,NA
NCAPD2,2193.2,0.014986,0.90108,0.97613
IFFO1,1264.2,0.0018113,0.98855,0.9976
GIPR,36.592,0.086942,0.84679,0.95955
PHF7,104.38,0.17708,0.53093,0.8383
SEMA3G,3.1415,-1.221,0.38835,NA
NISCH,2910.3,0.14227,0.30308,0.70666
STAB1,12.163,-1.653,0.10906,NA
FUZ,248.72,-0.34655,0.069824,0.38943
SLC6A13,1.6202,0.28986,0.89146,NA
IDS,3229.9,0.2888,0.0073107,0.12964
PRSS3,213.89,0.029017,0.91115,0.97895
ZNF200,141.89,-0.26063,0.27211,0.68468
CD4,5.5753,0.38202,0.69993,NA
LRRC23,209.38,-0.039804,0.84423,0.95868
BTK,0.71289,-1.6035,0.63606,NA
HFE,392.26,0.27729,0.086757,0.43106
SCMH1,838.69,-0.25327,0.05091,0.33706
FYN,2427.1,-0.24117,0.085757,0.42844
HIVEP2,1977.4,0.05811,0.65161,0.89046
FMO1,0.35182,2.0124,0.61819,NA
ELOA,1329.5,-0.016119,0.87805,0.96911
LYPLA2,575.48,0.04543,0.745,0.92678
CLCN6,393.22,0.59086,0.001859,0.05979
MRC2,25269,-0.082914,0.40049,0.7734
NME1-NME2,190.03,0.32556,0.18711,0.59647
SLC6A7,0.63153,1.3031,0.7126,NA
TSPAN9,1352.3,0.15174,0.21577,0.63198
BTBD7,1144.8,0.073698,0.59511,0.86834
APBA3,270.47,0.03503,0.83298,0.95495
MKS1,181.41,-0.077162,0.74103,0.92493
ABHD5,692.93,0.076107,0.65804,0.8929
ANOS1,4.6945,0.57725,0.65068,NA
AKAP8L,845.42,0.339,0.015622,0.19266
MBTD1,348.16,0.12791,0.48626,0.81691
UTP18,495.52,-0.0059424,0.96891,0.99243
RNF216,1694.8,0.050806,0.64919,0.88985
TTC19,680.7,0.19441,0.13958,0.52614
PTBP1,4560.3,0.048019,0.65073,0.89012
DPF1,58.848,-0.27188,0.4297,0.79124
SYT7,367.48,-0.43242,0.10282,0.46635
LARS2,516.72,0.027201,0.86129,0.9644
PIK3C2A,1149.9,0.10018,0.59661,0.86904
PLAUR,2403.3,0.36335,0.10069,0.46221
ANLN,2679.5,-0.2167,0.063258,0.36991
WIZ,1866.1,0.13049,0.27859,0.6904
RABGAP1,1495.3,-0.16384,0.24487,0.65926
DCN,53533,-0.55364,0.0016166,0.054712
QPCTL,174.52,0.096214,0.64179,0.88731
PPP5C,1110.8,-0.15008,0.23263,0.64619
CEP68,802.91,0.043897,0.7345,0.92328
MAP4K3,694.84,0.049822,0.72628,0.91939
ZBTB32,3.9937,-0.1289,0.93356,NA
TYROBP,0,NA,NA,NA
TMEM159,669.94,0.17056,0.2582,0.67332
GABRA3,0,NA,NA,NA
BRCA1,645.44,0.0050197,0.98029,0.99534
ERCC1,1451,-0.17134,0.15196,0.5464
CD22,9.3539,-1.0521,0.18722,NA
SEMA3B,285.55,-0.74674,0.0026406,0.074196
MBTPS2,886.8,0.019918,0.8704,0.96719
PRICKLE3,193.55,-0.20768,0.29516,0.70053
LTF,0.27804,0.048377,0.99054,NA
EXTL3,1266.7,0.015279,0.93339,0.98433
NR1H4,1.3645,0.88343,0.68513,NA
ELOVL5,1994,0.058228,0.62042,0.88031
ALOX5,0.15904,1.0576,0.79549,NA
KDM5D,2.644,5.0233,0.012833,NA
CALCOCO1,3663.5,0.0059821,0.96288,0.99139
UBR7,787,-0.14525,0.32624,0.72337
MAP4K5,1586.1,-0.046083,0.68067,0.89974
EHD3,1911.4,-0.37342,0.0013263,0.048752
PSMC4,907.76,0.040978,0.75213,0.92973
MAN2B2,2488.8,-0.019732,0.8476,0.95981
SLC7A14,393.14,0.037527,0.87495,0.96873
CLDN11,16455,-0.1902,0.13161,0.51561
SLC25A39,1201.1,0.05819,0.6221,0.88171
MVP,6037.7,0.015555,0.8625,0.96453
NUB1,1331.4,-0.077024,0.54357,0.8451
PGM3,1960.3,0.075132,0.64101,0.88731
RWDD2A,204.63,0.11111,0.54382,0.8451
CLK1,520.84,-0.029856,0.85574,0.96313
POLR3B,279.46,0.055043,0.74769,0.92797
ANGEL1,408.61,0.29412,0.073571,0.39771
RNF14,935.93,0.097144,0.41218,0.78118
DNASE1L1,342.17,-0.29561,0.12969,0.51265
DDX11,994.16,0.013361,0.94477,0.98791
HEBP1,961.94,-0.11658,0.44694,0.79903
GPRC5A,372.87,-0.17779,0.32925,0.72546
MAMLD1,769.33,-0.33737,0.099012,0.45914
CD6,0.45136,1.7398,0.669,NA
TACC3,1119.4,-0.24458,0.040939,0.30838
UFL1,867.41,-0.0044989,0.97153,0.99259
POLA2,383.95,-0.14702,0.33252,0.72905
ZC3H3,446.5,0.30886,0.038422,0.30046
CAPN1,3363.6,-0.09383,0.41178,0.78079
ACP3,4.4079,-2.3091,0.086696,NA
MDH1,1467,-0.1493,0.1953,0.60772
SLC30A9,1407,-0.061769,0.58937,0.86485
MTMR11,647.66,-0.095392,0.50235,0.82366
COX15,503.16,-0.033341,0.82349000000000006,0.95231
CCDC88C,3.6181,1.3634,0.28775,NA
YAF2,294.43,0.018968,0.90803,0.97802
ZMYND11,2224.4,0.048212,0.66622,0.89544
WAS,5.0467,-0.483,0.66747,NA
DPEP1,0.1194,-0.67246,0.8691,NA
BID,597.79,-0.10406,0.48507,0.81691
MATR3,4369.2,0.02082,0.84676,0.95955
NPC1L1,1.6351,0.33403,0.85474000000000006,NA
XYLT2,816.91,0.064226,0.62034,0.88029
RGPD5,976.28,0.29911,0.014725,0.18669
STMN4,0.34844,-0.057158,0.98882,NA
NUDCD3,1915.6,-0.0147,0.89903,0.97601
ISL1,0.39002,1.547,0.70455,NA
CHDH,55.984,-1.1329,0.011514,0.16564
IL20RA,10.165,-0.35342,0.62352,NA
CLCA1,1.1349,-1.1688,0.64932,NA
CLCA4,0,NA,NA,NA
GLT8D1,1495.4,-0.19708,0.087266,0.43212
ATP2C1,2670.2,0.0281,0.81826,0.95064
IGF1,9.4001,-0.14587,0.86487,NA
SLC38A5,806.86,-0.86796,5.3592e-6,9.5032e-4
RALBP1,3008.7,0.03941,0.72345,0.91845
RUFY3,898.27,0.54166,0.0011287,0.044744
CNTN1,6.9811,-0.033885,0.97152,NA
SLC11A1,6.0172,-0.60056,0.61125,NA
WWTR1,5346,0.52458,0.021633,0.22573
AGPS,1085.1,0.30343,0.012446,0.17083
STEEP1,267.76,0.068825,0.6834,0.90112
ATP1A2,5.6948,-0.78519,0.42708,NA
TTC27,491.25,-0.010889,0.94362,0.98762
ZNF582,49.558,0.12285,0.75011,0.92893
VSIG2,3.4888,0.56617,0.67645,NA
PHLDB1,2817.5,0.19561,0.11411,0.48538
MARCO,5.1143,-0.15902,0.88032,NA
CYP24A1,1.514,0.79342,0.68902,NA
PRDM11,137.12,-0.50707,0.025326,0.2449
SYT13,0.76146,-2.9682,0.35822,NA
SNAI2,1025.8,-0.13411,0.39444,0.77085
CD74,3.9493,0.0098757,0.99367,NA
HGF,32.642,-0.48098,0.24732,0.662
ZRANB1,908.19,0.027896,0.82586,0.95331
NCDN,869.85,0.2954,0.013805,0.18084
ADGRA2,6310.8,-0.37599,0.0090263,0.14427
ZFP64,444.05,-0.17733,0.22308,0.63802
MNAT1,332.59,0.016503,0.92842,0.98311
SAMD4A,2531,0.13778,0.29724,0.70138
RUNX3,895.42,-0.13519,0.27613,0.68831
MRE11,612.16,-0.023773,0.87395,0.96833
PLEKHB1,10.185,-0.36868,0.66813,NA
SERPINB1,368.83,-0.43417,0.014026,0.18204
CYP3A43,3.838,0.52792,0.69304,NA
SLC7A9,2.348,1.4008,0.39663,NA
SPAST,446.67,0.17817,0.21564,0.63175
NRXN3,3.1952,-1.619,0.22891,NA
OSBPL5,1829.9,-0.17349,0.1073,0.47536
AQR,928.42,0.18362,0.20453,0.61939
CPS1,310.48,-0.22631,0.22857,0.64352
C8B,1.2008,-3.613,0.25835,NA
FHL1,2612.8,-0.79003,7.1931e-4,0.0331
RTF2,1718.1,-0.11426,0.38549,0.76446
GABRA1,0,NA,NA,NA
NLRP2,8.0443,2.4529,0.025909,NA
SLC45A4,265.69,-0.056752,0.79946,0.945
RNF10,3886.7,-0.065878,0.5818,0.86163
ZNF839,308.16,-0.10356,0.55092,0.84896
ZDHHC6,651.7,-0.16036,0.20322,0.6185
GRAMD1B,162.95,-0.30013,0.25805,0.67319
RNH1,7260.9,-0.32587,0.0012899,0.048223
NDUFS1,1688.7,0.15271,0.22781,0.64286
RB1CC1,2213.6,0.025553,0.83223,0.95467
ERP44,1353.3,-0.048089,0.68271,0.90086
ALAS1,480.46,0.11366,0.41808,0.78499
BIRC3,120.53,0.65525,0.012937,0.17376
AKAP11,2277.8,0.27203,0.081371,0.41856
GLRX2,121.59,0.17012,0.49938,0.82261
SNAPC1,479.02,-0.057357,0.69484,0.90579
DERA,598.28,-0.1375,0.34826,0.7391
STRAP,2530,-0.017805,0.88867,0.97246
ABCC2,32.764,0.16176,0.71099,0.91327
DEF6,23.19,0.59907,0.30851,0.71036
PLEKHO1,506.11,0.20175,0.21061,0.62596
GCLM,1186.8,-0.17691,0.13605,0.52277
UBR2,1339,0.35412,0.0083615,0.13853
EHD2,12334,-0.0028424,0.97471,0.99298
DEPDC1,444.52,-0.098148,0.61389,0.87654
CCDC28A,148.21,0.045748,0.85726,0.9633
RRAGD,11.496,0.70732,0.31569,NA
HSF2,288.2,0.13468,0.56411,0.8546
PHF20,1395.1,0.10408,0.3627,0.75032
HSD17B6,6.8443,-1.4539,0.10641,NA
NR1H3,111.22,-0.071753,0.7798,0.9394
TYMP,298.22,-0.454,0.0082147,0.13733
NCAPH2,838.26,-0.28585,0.025794,0.24676
TOMM34,530.86,0.13112,0.49427,0.81999
SEC63,3113.2,-0.12342,0.31163,0.71249
KPNA6,1878.8,0.043833,0.7021,0.90942
VIM,278210,-0.27395,0.0050219,0.10566
FAS,1078.7,-0.27135,0.050586,0.33695
RNASET2,698.13,-0.15438,0.40921,0.77942
CD44,40169,0.20536,0.050112,0.33539
KCNG1,256.83,-0.49254,0.010388,0.1549
AGPAT4,280.62,0.017673,0.93497,0.98464
SLAMF7,1.8887,1.4893,0.43085,NA
BTN3A1,469.79,0.13903,0.54405,0.84518
MIPEP,329.91,0.15302,0.3243,0.72249
PRKCH,13.924,-1.3621,0.029111,NA
INSRR,3.2487,-1.8578,0.19158,NA
IFNGR1,869.88,-0.022942,0.88078,0.97005
B4GALT7,351.59,0.22771,0.15282,0.5482
SH2D2A,0.17142,1.1008,0.78733,NA
VRK2,489.07,0.10322,0.52158,0.83453
TNFRSF1B,417.96,0.057305,0.76826,0.93482
VEZT,1122.1,-0.10997,0.44027,0.79603
POU2F2,618.28,-0.22997,0.40847,0.77918
BRD9,884.1,0.052827,0.65944,0.893
SNX1,2908.2,0.11164,0.32208,0.72023
TBPL1,275.65,0.26835,0.14086,0.52671
ARNTL2,908.44,-0.22282,0.37581,0.75834
BCLAF1,3329.3,0.36125,0.0042518,0.098921
SLC39A9,1379.4,0.018579,0.88678,0.97163
ANK1,76.921,-1.0035,0.0014979,0.053015
IBSP,0,NA,NA,NA
TFB1M,128.69,-0.23623,0.30751,0.70966
RABEP1,1795,0.15374,0.20362,0.61881
HMGB3,527.35,0.13403,0.30927,0.71072
NUP160,1154.8,0.014214,0.91841,0.98129
BAK1,342.62,-0.047039,0.7822,0.93989
MUSK,6.7516,3.994,0.0095279,NA
IKZF2,132.47,-0.19689,0.53629,0.84028
GRN,7760.7,-0.067541,0.51276,0.82944
FAM13B,1523.3,0.25771,0.055079,0.34681
ARHGAP31,753.05,0.049954,0.73854,0.92448
CENPQ,148.34,-0.17153,0.47408,0.81244
SARS1,5751.1,-0.33207,0.030266,0.26726
RANBP3,1115.1,-0.059555,0.59227,0.86648
ARID4A,668.45,0.015292,0.9237,0.98234
EIPR1,318.93,-0.1336,0.39071,0.76865000000000006
PNPLA6,1877.5,0.28123,0.034282,0.28204
IFT88,306.38,0.24271,0.23061,0.64425
ALG1,655.93,-0.25116,0.08036,0.41594
ZCCHC8,507.75,-0.12383,0.39573,0.77146
ABCF2,792.98,0.053472,0.69815,0.90758
CHPF2,2400.4,-0.018014,0.87619,0.96885
LRRC7,65.927,0.25894,0.46429,0.80704
FUT8,1483.3,-0.10608,0.41182,0.78079
UBA6,1353,0.14248,0.44174,0.79618
GAB2,612.91,0.13042,0.34971,0.74075
ATP6V0A1,756.41,0.47486,0.0038424,0.094779
PIAS1,806.53,0.053879,0.67115,0.89719
SLC4A7,1175,0.31035,0.080012,0.41538
APBA2,39.525,-0.19306,0.65052,0.89003
MAP2K3,1808.2,0.16974,0.28082,0.69232
EFCAB1,9.8899,0.88675,0.30525,NA
TMSB10,21830,-0.018702,0.86554,0.96539
ASTE1,130.7,-0.0015296,0.99535,0.999
RNF19A,798.68,0.053604,0.68732,0.90305
PEX3,257.44,-0.032561,0.87339,0.96828
GABARAPL2,1154.4,-0.027155,0.83102,0.95449
MYOC,0.33467,-1.7889,0.6573,NA
SH3YL1,570.9,0.073968,0.60678,0.87264
FAM136A,666.34,0.10819,0.43048,0.79147
VCL,8929.6,-0.10022,0.26845,0.68163
DEPDC1B,68.412,-0.078227,0.79706,0.94353
DAPK2,359.07,-0.45687,0.010188,0.1532
NSMAF,1321.4,0.064176,0.55951,0.85232
ADSS2,1480.2,0.074289,0.64795,0.88985
STAP1,0,NA,NA,NA
TIMP2,33368,0.151,0.09882,0.45869
RFC1,1331.5,0.025151,0.84186,0.95794
TBC1D23,1518,-0.066629,0.56187,0.85378
CUL3,1661.7,-0.010309,0.92984,0.9835
MYOM2,23.126,-0.049759,0.92448,0.98234
OTC,0,NA,NA,NA
CYP46A1,24.912,-0.039767,0.93724,0.98566
ZZZ3,1325.8,-0.10787,0.31719,0.71725
SLC18A1,0,NA,NA,NA
USP2,13.299,0.91407,0.26986,NA
CASR,44.412,0.34576,0.42233,0.78688
TUBG2,653.86,0.073929,0.61509,0.87759
RPL26L1,286.55,0.13089,0.49676,0.82107
FLT4,36.209,0.22043,0.63211,0.88575
NSUN2,1200.3,0.09971,0.48206,0.81683
FBXO42,712.44,-0.070654,0.66988,0.89682
MFAP3,755.94,-0.38521,0.0034679,0.088236
MRI1,485.21,0.27547,0.11969,0.49641
METTL1,171.75,-0.042749,0.85538,0.96313
HOXC8,992.03,-0.33442,0.046053,0.32382
AGA,343.38,-0.16849,0.3881,0.76697
PI4K2B,856.77,0.025754,0.87842,0.96911
BOD1L1,2439.7,0.28339,0.025314,0.2449
MAT2B,1058.7,-0.10257,0.4096,0.77944
TLL1,1.5101,1.0569,0.61909,NA
EDC4,1067,0.15958,0.24186,0.65572
TRIO,6946.2,0.033927,0.8226,0.95217
VCAN,9613.5,0.089332,0.48065,0.81588
CLEC16A,610.02,0.25983,0.10987,0.47849
MSR1,14.87,0.50885,0.57573,0.85915
CDH1,43.489,1.28,0.026048,0.24739
MTREX,1683.7,0.11756,0.2616,0.67585
DNAH5,58.118,-0.57945,0.070042,0.38961
ZFYVE16,1083.8,0.060198,0.6526,0.89083
RIPOR1,2212.6,0.23712,0.039942,0.30661
C6,0,NA,NA,NA
RAI14,2711.5,0.021003,0.925,0.98234
SOX30,0.63098,1.4255,0.65049,NA
PNKP,515.64,0.48712,0.013818,0.18084
BEST2,3.9308,0.07106,0.95453,NA
PHLPP2,497.17,0.18124,0.22695,0.64224
SPDL1,843.59,-0.25982,0.088235,0.43479
STAU2,523.11,-0.050062,0.73626,0.92417
SLC66A1,242.76,0.26279,0.18543,0.59427
CTNS,419.11,0.45428,0.0041531,0.098286
RTN4R,11.035,-0.19235,0.79096,NA
PHF23,742.81,-0.23904,0.083582,0.42428
CDH10,2.822,-0.75339,0.62044,NA
INPP4A,925.48,0.12681,0.36887,0.7537
RAB27B,15.957,1.3958,0.03486,0.28536
PSMA4,1294.3,-0.058474,0.68605,0.9024
MYO16,2.3774,1.4612,0.33428,NA
LSG1,593.67,0.28587,0.054625,0.34561
PARP3,722.67,-0.39502,0.002115,0.064997
TNC,69269,-0.34545,0.0010654,0.042885
THAP3,223.62,-0.34919,0.074444,0.39937
RIPOR3,128.31,0.35843,0.12933,0.51265
TDP1,338.48,-0.3465,0.024933,0.24216
AIFM2,452.32,-0.17926,0.21104,0.62653
SPATA7,228.54,-0.032344,0.85782,0.9633
MED17,394.57,0.18507,0.27159,0.68381
RETSAT,1292.1,0.12253,0.27957,0.69168
CAPG,1495.2,-0.46856,1.717e-5,0.0024759
AP2S1,2063.2,-0.17818,0.20031,0.61443
USH2A,1.2457,-2.5119,0.30852,NA
ZPBP,0,NA,NA,NA
TG,26.801,-0.48257,0.32082,0.71925
ADAM28,28.139,1.0008,0.076153,0.40244
BARX2,1.666,-1.1704,0.61022,NA
DCUN1D1,717.45,0.13808,0.32279,0.7212
JADE2,1101.9,-0.29334,0.020636,0.22105
ZIC2,0.52529,2.578,0.51865000000000006,NA
LCP2,0,NA,NA,NA
TRIT1,240.82,0.13649,0.48184,0.81683
ADRB1,3.1866,-0.025787,0.98393,NA
GUCA2B,0,NA,NA,NA
CUL7,1715.6,0.13889,0.20924,0.62471
CTNNA1,7500.4,0.10815,0.29945,0.70355
PHKA2,371.75,0.20127,0.27516,0.68749
CNTLN,461.19,-0.012101,0.93108,0.98393
EPHA3,0.19593,1.1561,0.77693,NA
HSPA5,12910,-0.093496,0.28781,0.69638
DSG2,18.672,1.1773,0.069095,0.38868
GEMIN8,468.88,-0.070261,0.63315,0.88575
OFD1,434.27,0.35675,0.022872,0.23301
GPM6B,36.369,0.16374,0.69809,0.90758
MAGEC2,0,NA,NA,NA
PREX2,33.19,-1.0135,0.032537,0.27616
WDR37,628.99,0.2477,0.13993,0.52636
YTHDC2,541.45,0.18083,0.21513,0.63087
CTPS2,379.02,0.04434,0.78898,0.94093
ATP6V1H,677.63,0.037157,0.77107,0.93544
POLR2B,2655.5,0.0708,0.50663,0.82564
FAM214A,535.97,0.57214,5.7171e-4,0.029652
ARAP2,3.2463,2.3636,0.1288,NA
TPR,4029,0.23819,0.053407,0.34336
CP,5.9049,-0.12671,0.90618,NA
KATNIP,744.59,0.34269,0.0062776,0.11887
DTNBP1,297.26,0.14057,0.42443,0.78807
XK,0.30674,-1.6798,0.67772,NA
ANO2,1.163,-0.38891,0.88309,NA
C12orf4,402.33,-0.29559,0.053566,0.34336
SCML1,361.4,0.29397,0.061566,0.36522
WWC3,1011.1,0.25193,0.06066,0.36336
ARHGAP6,112.49,0.084111,0.72444,0.91866
FAM184B,4.4227,-1.1111,0.36162,NA
MAP4,12881,0.1227,0.17285,0.57667
GOPC,1557.3,5.3137e-4,0.99666,0.99957
ROS1,7.6244,0.47836,0.60751,NA
USP28,620.61,-0.047606,0.74957,0.92893
HDAC9,375.87,0.16896,0.4841,0.81691
TSPAN17,1078,0.10431,0.41513,0.78354
NOP16,323.83,-0.15943,0.49858,0.8218
CC2D2A,189.99,0.37663,0.10319,0.46713
RRM2B,1108.9,0.042894,0.70369,0.90942
ZNF800,527.75,0.15019,0.27688,0.68915
TNFRSF17,2.5194,-0.70172,0.63971,NA
SNX29,2727.3,0.24414,0.057259,0.353
LMO3,1.7947,-1.1405,0.52377,NA
MRPS10,700.57,0.086817,0.51298,0.8296
GUCA1A,3.1602,-0.71697,0.66967,NA
RSF1,1413.8,0.2627,0.024155,0.23886
VPS13D,1602.7,0.29217,0.027783,0.25652
CELF2,1091.9,-0.21369,0.20551,0.62039
FAM120A,5731.3,0.053919,0.59699,0.86926
R3HDM1,643.18,0.28384,0.10842,0.47649
COL9A2,6.6929,0.045584,0.96278,NA
KITLG,4716.2,0.02305,0.82596,0.95331
ERCC8,259.55,-0.2631,0.12436,0.50366
ADAMTS6,724.2,0.3583,0.11542,0.48854
H6PD,3432.4,-0.0090467,0.93103,0.98393
VAMP3,2714,-0.092035,0.36156,0.74975
PER3,948.8,-0.57057,0.0019696,0.062483
UTS2,0.25649,1.5017,0.71059,NA
TNFRSF9,32.72,0.43118,0.29987,0.70401
EPN3,8.8452,0.94433,0.31285,NA
LTBP1,11427,0.61547,0.0015351,0.053574
RCN1,11919,-0.25596,0.016401,0.19761
ELN,10582,-1.2499,1.306e-8,6.8549e-6
RFC2,388.62,-0.31543,0.088621,0.43489
ARID1B,1885.5,-0.092555,0.4344,0.79333
CLPTM1L,1604,-0.065722,0.56602,0.85528
NEDD4L,321.79,0.47808,0.014446,0.18477
FOXP3,3.1696,1.7705,0.27253,NA
PPP1R3F,164.38,0.17588,0.54003,0.84258
HEXB,2072,0.0056733,0.96729,0.99243
PTCD2,271.8,-0.27914,0.10188,0.46337
NEXMIF,1.5079,0.4807,0.78153,NA
JKAMP,777.92,0.17781,0.17515,0.57925
DKK3,17147,-0.33746,0.001629,0.054712
ARHGEF5,382.07,-0.13726,0.4843,0.81691
NFE2L3,104.32,-0.13057,0.68675,0.90286
MCUR1,694.69,-0.050676,0.76333,0.93289
LIMA1,5912.4,-0.03183,0.81992,0.95131
LETMD1,819.72,-0.13969,0.3639,0.75104
SLC4A8,165.09,0.25053,0.37319,0.75624
LAMC3,24.496,0.53815,0.32308,0.72144
PTGER3,7.8756,0.15834,0.84947,NA
TNIP3,25.829,-0.57864,0.2561,0.67023
MAPK9,1111.7,0.0018023,0.98766,0.99738
COL23A1,42.083,1.3093,0.0077383,0.13319
BCAR1,2220.6,0.2242,0.13262,0.51777
FAM160A2,653.47,0.27396,0.10906,0.47702
HERPUD1,2028.9,-0.31049,0.022161,0.22898
HOMER3,1569,0.10316,0.55332,0.84949
RAD51,206.81,-0.38579,0.069861,0.38943
POLQ,251.54,-0.14535,0.50727,0.826
PIK3CB,408.34,0.19286,0.29264,0.69916
CYBA,1001.3,-0.17777,0.14737,0.53882
THOC3,500.07,-0.22326,0.12254,0.50076
HEBP2,990.28,-0.11409,0.52792,0.83708
MPHOSPH9,352.53,-0.22179,0.28345,0.69371
PLEKHA5,489.87,0.035966,0.81348,0.94882
PRSS8,11.592,2.4364,0.033358,NA
SIKE1,666.92,-0.15714,0.22827,0.64348
RRP12,563.52,0.23865,0.1792,0.58622
FNIP2,282.01,0.065248,0.80313,0.94628
MSMO1,455.41,0.2271,0.15512,0.55321
TTC17,1645.9,0.049921,0.63457,0.88594
ALX4,14.614,-0.25655,0.67645,NA
FSTL4,13.416,0.037931,0.95819,NA
FOXN3,1171.6,-0.25397,0.054451,0.34534
METTL24,87.223,0.046538,0.89985,0.97613
AKR7A2,1335.3,0.1377,0.26425,0.67842
MRTO4,692.56,-0.095564,0.56171,0.85378
NNAT,16.046,0.26327,0.65494,0.89178
USE1,291.56,-0.1857,0.36115,0.74951
MCF2L2,7.331,0.6223,0.53062,NA
NRIP2,45.729,0.54391,0.27309,0.68581
LAMA3,114.76,0.83703,0.0021245,0.06509
AP5M1,598.71,0.12855,0.43096,0.7916
ANAPC4,507.9,-0.038235,0.81341,0.94882
KCNQ1,1.1579,1.1797,0.68374,NA
TRAPPC3,847.82,0.02851,0.85044,0.96116
THRAP3,3464.4,0.10047,0.31234,0.71249
PHPT1,1177.2,-0.26547,0.033601,0.28012
ENTPD2,2.3428,-0.70829,0.67602,NA
LY75,80.64,-0.10823,0.74809,0.92817
ARID4B,1214.7,0.23485,0.10902,0.47702
OPN3,325.96,0.39667,0.033881,0.28067
SDCCAG8,778.11,0.25876,0.1552,0.55327
PTPRN,172.8,-0.10952,0.63225,0.88575
HHAT,77.779,-0.12273,0.69212,0.90554
KIF1B,1886.7,0.14385,0.25943,0.67473
FOXC1,432.03,-0.039536,0.79772,0.94396
TBC1D22A,782.55,-0.24814,0.049645,0.33441
SYNE2,881.53,0.61962,0.015265,0.19076
PLEKHH1,13.04,0.57869,0.37811,NA
ATP9A,2430.4,0.11566,0.32505,0.72267
SPO11,0,NA,NA,NA
CBLN4,0,NA,NA,NA
CHRDL2,2.0847,2.1426,0.21246,NA
FAM168A,2130.2,0.083906,0.48551,0.81691
RELT,157.5,0.46684,0.043873,0.31666
GALC,443.26,0.019026,0.90134,0.9762
NOP58,933.02,0.017044,0.90948,0.97885
SZRD1,3716.4,0.030637,0.76181,0.93251
KCNH2,0.28955,1.6943,0.67612,NA
CUL1,1591.6,-0.01367,0.90009,0.97613
FAM114A2,451.08,-0.10685,0.5442,0.84518
CYFIP2,473.24,0.22875,0.16434000000000001,0.56478
TAB2,1904.4,0.062466,0.556,0.85112
GINM1,2433.2,-0.097954,0.37066,0.75424
EIF2AK2,1758,0.33157,0.0082708,0.13773
USP36,1268,0.21786,0.07207,0.3947
KMT2C,1495,0.043853,0.91113,0.97895
MCOLN3,5.3777,1.1063,0.3004,NA
CCDC85A,252.92,-1.3211,9.8258e-6,0.0016321
PUM2,2099.7,-0.019594,0.87609,0.96882
MRPL43,696.63,-0.06081,0.68329,0.90112
ITIH4,37.521,0.88707,0.019389,0.2138
ITIH1,0.20558,1.1838,0.77172,NA
HPF1,386.47,0.038155,0.82223,0.95216
ZFR,2798.1,0.18373,0.075287,0.401
ZNF280C,77.888,0.29959,0.32879,0.72514
NPFFR2,0.13833,-0.7717,0.85,NA
PHF21B,0,NA,NA,NA
TRAF1,78.298,-0.102,0.75431,0.92978
RC3H2,1161.4,-0.17905,0.29243,0.69916
IL17RB,53.018,0.058055,0.86552,0.96539
TRAF3IP2,1220.1,-0.1485,0.28851,0.69669
GYG2,64.023,-0.38149,0.2459,0.66028
DCBLD2,13027,0.21011,0.35275,0.74393
SERPINB3,10.699,1.6224,0.17104,NA
SOAT1,802.58,0.24869,0.054939,0.34659
PKP2,7.5241,0.65642,0.54162,NA
MSH4,6.4265,-0.36415,0.72887,NA
F7,7.3511,-0.59282,0.48308,NA
GDI2,5493.6,-0.1649,0.11499,0.48786
PRDM1,243.95,0.16709,0.51932,0.83349
ATG5,691.79,-0.021191,0.88577,0.97134
TMCC3,6.2622,-0.37442,0.69784,NA
PITHD1,687.41,0.055874,0.64519,0.88886
MTA3,600.41,-0.17203,0.26737,0.68045
USP13,538.61,0.08116,0.67384,0.89761
ATP11B,1814.5,0.16273,0.29465,0.70011
LAMC2,234.49,0.25766,0.36091,0.74946
CDK14,1231,0.15835,0.32588,0.72311
SEC61A1,9864,-0.075371,0.4185,0.78509
PPP1R12A,2311.2,0.20565,0.066663,0.38164
RASGRF1,1.3867,2.6712,0.21948,NA
CAMK2B,40.084,0.28773,0.58189,0.86163
CROCC,1319.1,0.28271,0.045885,0.32337
POLR3E,441.16,0.18912,0.18842,0.59822
ATP2B4,16481,0.17399,0.31917,0.71849
ZC3H11A,2545.9,0.1542,0.19894,0.61207
RIOK2,530.84,0.094994,0.62413,0.88281
YIPF1,276.31,0.13872,0.45621,0.80345
NDC1,552.49,0.094063,0.51984,0.83379
DGKG,1.9318,-1.0389,0.555,NA
FLYWCH1,1213.2,0.17734,0.18896,0.5989
UNKL,653.27,-0.030625,0.82344,0.95231
TBXAS1,6.502,-0.30277,0.76835,NA
PARP12,230.24,0.36369,0.041707,0.3099
ALDH18A1,1829.3,-0.13374,0.33116,0.72754
TARBP1,544.33,0.41061,0.02755,0.2557
GATB,293.02,-0.27658,0.090844,0.44114
MXD1,206.46,0.17343,0.43187,0.7916
CDK17,1337.7,0.15141,0.22223,0.63763
DNAJC25,242.99,0.16905,0.3566,0.74563
SLC2A3,2232.4,0.38712,0.0012027,0.046409
PSD,53.94,0.94547,0.01826,0.20763
CTDP1,642.8,0.045719,0.74922,0.92893
YBX3,5281.7,-0.15429,0.12662,0.50889
STYK1,15.242,-0.98683,0.11694,0.49215
WNK1,4900.4,0.39967,0.0025125,0.07246
CCAR1,1399.3,0.27267,0.014664,0.1861
OGFR,1925.8,-0.1258,0.30186,0.70569
GNA15,9.1744,0.96209,0.36375,NA
CREB3L3,0,NA,NA,NA
PIGV,300.46,-0.28492,0.11816,0.49513
PTPRU,485.18,-0.3179,0.031319,0.27199
SNRNP40,493.14,-0.014716,0.92088,0.98198
RIMBP2,1.4766,-1.7178,0.38973,NA
COL11A1,24.432,-0.33253,0.57382,0.85848
QSER1,1397,0.27417,0.10106,0.46311
MPC1,255.38,0.12535,0.50366,0.82468
ACAA1,899.96,0.094507,0.47382,0.81231
BCAT1,2471.2,-0.31016,0.010033,0.15219
HDAC7,2937.2,-0.16708,0.15613,0.55445
LZTS1,51.004,-0.35726,0.3038,0.70679
PRDM6,14.693,0.56814,0.36464,0.75173
WNT8A,0,NA,NA,NA
SPAG4,129.63,-0.35225,0.15005,0.54363
NCKAP1,5590.1,-0.0016401,0.98779,0.99738
MRPS35,693.26,-0.16382,0.23928,0.65249
GUCY1B1,123.88,-0.25064,0.28436,0.69371
SFSWAP,874.63,0.18036,0.21248,0.62816
TNK2,1224.1,0.47293,0.0047738,0.10427
MON2,1293.8,0.19079,0.13076,0.51389
CDH3,33.06,1.69,0.046074,0.32382
ARSF,1.8514,-0.14097,0.93068,NA
GPBP1,1222.5,-0.049893,0.67306,0.89761
DGAT2,11.403,0.24274,0.73257,NA
ZNF112,146.86,0.498,0.038393,0.30046
CS,2752,-0.060343,0.57234,0.85777
LTK,9.9804,0.28408,0.71741,NA
MRPS24,819.02,-0.23886,0.18594,0.59466
ELMO2,835.41,0.026291,0.83055,0.95449
WAPL,1340.9,0.078581,0.46737,0.80855
VMP1,2258.7,0.34807,0.0064884,0.12025
APPBP2,1166.8,0.23287,0.21037,0.62595
POLD1,647.71,-0.37265,0.03836,0.30046
SEZ6,3.2727,2.1259,0.17335,NA
EIF4B,19872,-0.17845,0.12391,0.50303
SLC6A16,22.804,-0.50411,0.35705,0.74608
BICRA,426.11,0.31469,0.234,0.64719
SPHK2,312.51,-0.0080251,0.96245,0.99139
RPL18,11369,-0.14601,0.26636,0.68027
CA11,42.905,-0.25759,0.56821,0.85643
ISOC2,550.74,-0.3099,0.0638,0.37159
U2AF2,3080.5,-0.10139,0.32193,0.72019
EPN1,3712,-0.15888,0.10882,0.47702
MED29,936.37,-0.012102,0.92399,0.98234
AHRR,1676.9,-0.04367,0.73409,0.92317
GSC2,0.17515,1.0914,0.78911,NA
ZNF275,566.9,0.051179,0.71261,0.91398
MTMR1,420,-0.36225,0.062136,0.36691
GPC1,3558.5,-0.15675,0.18207,0.59033
ADCK1,70.268,0.14363,0.61817,0.87912
HAGH,613.77,-0.034693,0.79458,0.94293
RNF4,1582.2,-0.098029,0.45733,0.80345
CASP8,305.02,0.13108,0.40683,0.77842
LIMCH1,305.12,-0.14945,0.58986,0.86496
INTS13,502.99,-0.24536,0.11993,0.49683
TM7SF3,876.59,0.26497,0.060056,0.36182
DLX3,17.196,0.60418,0.33694,0.73261
SPA17,160.52,-0.20626,0.35607,0.74527
TSPAN32,6.415,0.67701,0.45763,NA
CCN5,1773.9,-0.76352,0.0015348,0.053574
DMRT3,0,NA,NA,NA
ST3GAL6,9.115,-0.72984,0.40568,NA
ATP2C2,19.328,-0.87414,0.098792,0.45869
NGFR,26.352,-0.95422,0.082997,0.42327
CDON,1415.8,-0.2451,0.32657,0.72374
TAF2,744.93,0.16386,0.24814,0.66302
HIPK2,1091,0.45627,0.01358,0.17945
TNPO3,1319.1,0.10806,0.34227,0.73501
BORCS8-MEF2B,8.6776,1.2636,0.20141,NA
RFXANK,342.1,-0.11778,0.49499,0.82043
TMEM161A,344.45,-0.082422,0.59802,0.86941
LPAR2,60.092,0.1837,0.61772,0.87886
CTSA,5250.6,0.023294,0.80843,0.94735
SUGP2,1964.7,0.18231,0.22815,0.64341
SLC12A2,729.44,0.15159,0.29721,0.70138
SNX24,217.36,0.015138,0.95042,0.98999
EYA2,123.5,-0.78785,0.0045256,0.1006
CNN2,3856.8,-0.58646,0.0028927,0.078966
ABCA7,130.63,-0.09347,0.76775,0.93465
SNCAIP,13.926,-0.432,0.51467,NA
DDX20,325.59,0.19847,0.30847,0.71036
BTBD1,1724.2,0.15482,0.18517,0.59393
FAR2,274.65,-7.9533e-4,0.99728000000000006,0.99957
BCAS1,64.481,0.53551,0.20975,0.62537
POU1F1,0.15855,1.0218,0.80227,NA
CHI3L2,4.6836,-0.51774,0.62228000000000006,NA
SBNO2,2261.5,0.078807,0.53402,0.83932
PMS1,381.3,0.064696,0.7308,0.92145
HMG20B,1914.7,0.14064,0.16194,0.5624
CALCRL,16.1,0.17895,0.76425,0.93332
TAF11,333.01,-0.20003,0.21945,0.63663
ANKS1A,471.37,0.11461,0.41599,0.78428
AP3D1,4077.3,0.10045,0.35937,0.74806
ZNF76,443.48,0.1058,0.52321,0.83488
SLC9A3R2,1230.6,-0.33228,0.019938,0.21789
NTHL1,167.96,-0.30677,0.17327,0.57667
UHRF1BP1,617.69,0.050855,0.73589,0.92417
GNAI3,2507.9,-0.076339,0.52186,0.83453
IPO5,10093,-0.41111,2.8614e-6,6.364e-4
OAT,2680.9,-0.012346,0.92261,0.98234
WDR3,780.04,0.072795,0.59654,0.86904
PKN2,1094.4,0.062281,0.7115,0.91327
WDR18,570.88,-0.2461,0.13335,0.51935
TRAM2,8574,-0.15634,0.17614,0.58123
NTN1,591.65,0.015485,0.92322,0.98234
GLP2R,0.10719,0.78044,0.84824,NA
MCM10,274,-0.11006,0.71033,0.91297
DGKA,851.87,-0.069816,0.62201,0.88171
ERBB3,27.54,0.96547,0.065316,0.37807
ROPN1,0.2482,1.3477,0.73904,NA
ANKRD44,199.94,0.16986,0.6232,0.88218
KARS1,1903,-0.15281,0.2781,0.69004
ADAT1,411.14,0.33315,0.13869,0.52594
PDIA5,1088.8,-0.2371,0.050173,0.33539
TBC1D22B,241.86,-0.025621,0.89566,0.97462
NDUFB4,895.73,-0.16834,0.24348,0.65783
SPEN,2012.8,0.35157,0.0093474,0.14676
MYLK,5017.6,-0.22558,0.022186,0.22905
ZC3H15,1069.2,0.095549,0.47336,0.81209
MAP2K4,642.27,0.0197,0.87439,0.96844
PACC1,111.59,0.13237,0.64035,0.88731
SNAP91,0.081494,0.56391,0.88978,NA
SLK,3141.8,0.23524,0.14177,0.52835
CYB5R4,384.56,0.35643,0.076149,0.40244
COL17A1,107.72,2.0767,0.039234,0.30513
GSTO2,74.117,0.034754,0.9035,0.97663
SEC61A2,146.1,0.85145,0.0013796,0.049732
PRKCQ,2.5503,1.1491,0.42215,NA
TLE2,457.27,-0.45188,0.0050828,0.10566
ASB1,1227.1,-0.031769,0.80922,0.94735
FAM107B,856.02,0.57433,0.22805,0.64341
ME1,308.5,-0.14112,0.44558,0.7987
TBC1D1,994.09,-0.074648,0.56928,0.8573
CDK13,1259.5,0.21683,0.053376,0.34336
MTHFD2,2816.6,-0.32669,0.0074696,0.13086
SLC9A7,1473.1,0.053347,0.82994,0.95435
FOXJ2,1251.4,0.061709,0.60564,0.87255
YBX1,20023,0.030292,0.77707,0.93779
PDE4A,864.76,-0.027674,0.8206,0.95144
PPP2R5A,972.81,0.13951,0.21814,0.63538
CTNNA2,2.4139,-0.16119,0.91841,NA
ELAVL1,1429.9,-0.075993,0.5375,0.84065
TIE1,2.5422,0.63678,0.72945,NA
DIP2B,609.98,0.43623,7.7996e-4,0.03505
SMARCD1,1178.6,0.035178,0.82085,0.95144
KDM4A,1371.7,0.15157,0.21299,0.62816
NFYC,482.19,-0.083843,0.71373,0.91487
ZMYND12,0.33482,-1.7896,0.65717,NA
SLC9A3,699.07,0.59328,0.0057451,0.11371
NGEF,260.29,-0.20084,0.34396,0.73628
ASPM,1389.4,-0.066653,0.70688,0.91067
CD84,6.3118,0.66509,0.5153,NA
ELOVL1,1889.3,0.0032299,0.98151,0.99542
SPI1,1.2979,0.21907,0.92167,NA
POLR1H,186.55,-0.31727,0.16225,0.5624
MPPED2,14.689,-1.3409,0.14349,0.53193
CLDN18,20.163,0.4098,0.46888,0.80977
ZBTB11,597.47,0.025264000000000002,0.87502,0.96873
ATXN3,462.07,-0.10539,0.51941,0.83349
GOLGA5,1231.4,-0.11023,0.37566,0.75834
FGFR2,9.7167,0.85801,0.27654,NA
LRRC40,379.16,-0.23017,0.1395,0.52614
ISOC1,130.3,-0.076859,0.73931,0.92453
EML1,1008.3,0.14115,0.37904,0.75983
TRMT11,207.52,-0.30662,0.12794,0.50985
THUMPD1,731.61,-0.036477,0.78493,0.93992
MSANTD3,1062.4,-0.032786,0.84379,0.95861
KIF26A,199.84,-0.089272,0.64968,0.88989
ATG2B,1285,0.33722,0.041445,0.30953
ARFGEF1,1396.1,0.047071,0.77957,0.93926
ACSM2B,1.8594,0.65294,0.73098,NA
ZFAT,217.91,0.086299,0.64314,0.88797
MTFR1,380.4,0.058266,0.72188,0.91806
STAG3,521.05,0.51199,0.0096017,0.14858
FECH,831.09,-0.027205,0.82204,0.95214
MYO9A,1596.1,0.37088,0.0038959,0.095021
DDX3Y,5.3547,4.7677,0.0016587,NA
PFKP,4437.4,-0.17221,0.23931,0.65249
IDI1,604.31,0.30377,0.021121,0.22285
SP100,2337.2,0.096987,0.36802,0.75338
KLF6,7571.8,0.10458,0.39612000000000003,0.77146
PLPP1,998.9,-0.53551,0.25162,0.66703
NEO1,425.06,0.63203,1.9001e-5,0.0026021
TRAM1,4916.4,-0.14601,0.19363,0.60554
PHKA1,53.097,0.092301,0.80255,0.9461
TNFRSF1A,4423.8,-0.04498,0.70435,0.90942
CACNB1,246.63,-0.051519,0.77061,0.93544
EVI5,672.2,0.47854,0.042922,0.31367
STOML1,361.12,-0.4845,0.015541,0.19251
PKM,48959,-0.0050835,0.96278,0.99139
DHX29,1682.3,0.21825,0.15092,0.54495
DNTTIP2,1023.4,0.057712,0.6682,0.89573
METTL22,297.6,0.18881,0.34259,0.73509
TP53BP1,2119.9,0.15133,0.21739,0.63435
TRO,233.57,-0.028254,0.89235,0.97407
RRP15,349.17,-0.079107,0.62565,0.88388
RHOA,11618,-0.18387,0.076909,0.40522
DHX8,1074.7,0.18793,0.12111,0.49857
PRKCZ,56.598,0.49079,0.13513,0.52234
ZFY,0.27678,1.6369,0.68694,NA
IARS2,3180.3,0.058783,0.57792,0.86038
SYT1,8.6893,-0.28475,0.75843,NA
NAV3,1086.9,0.13933,0.7686,0.93502
IDH3G,743.74,-0.0053586,0.96692,0.99243
ROGDI,234.47,-0.094414,0.62679,0.88439
PDZD4,82.113,-0.19157,0.47926,0.81587
ATP2B3,4.0435,0.71024,0.55044,NA
ROCK1,2839.2,0.20703,0.05956,0.36068
CBFB,1091.2,0.20934,0.21291,0.62816
PDK3,399.89,-0.41124,0.009221,0.14575
HYAL2,419.56,-0.031259,0.86938,0.96677
HDAC4,553.34,0.14961,0.4082,0.77912
RASSF1,722.41,-0.52835,2.0705e-5,0.0027331
FGFR3,77.52,0.48522,0.16279,0.56361000000000006
IFI35,319.69,-0.27936,0.1762,0.58123
HEATR6,440.76,0.098151,0.60136,0.87068
COASY,911.97,0.061622,0.61706,0.87849
PLEKHH3,569.42,-0.20979,0.16887,0.57244
MEF2A,1303.7,0.025648,0.8326,0.9549
OTUD5,1283.1,0.073969,0.53689,0.84028
TFE3,2762.9,-0.21311,0.039413,0.30545
TBC1D25,421.29,0.023837,0.8763,0.96889
ACSL4,2266.8,0.56438,5.683e-4,0.029647
INPP5A,718.63,-0.0047742,0.97345,0.99285
GPKOW,316.11,-0.12647,0.4524,0.80124
GRIPAP1,687.17,0.1166,0.46765,0.80877
FTSJ1,734.16,-0.04839,0.76296,0.93289
PRR11,876.09,0.069857,0.66559,0.89529
REEP1,4.9427,-0.26529,0.82445,NA
ATP11A,1164.4,0.2612,0.12414,0.50355
POLR1A,1364.2,0.26521,0.083236,0.42347
LAPTM4A,6901.7,-0.18224,0.081753,0.41954
TTC7A,1708.4,-0.059347,0.71149,0.91327
IP6K2,1017.4,-0.023969,0.85645,0.9633
STON1-GTF2A1L,29.756,1.46,0.29528,0.70053
SRBD1,294.95,-0.047842,0.7588,0.93216
KIF2A,1119.2,-0.0072982,0.95929,0.99019
RASGRP2,8.4652,-0.39768,0.64389,NA
PSME4,1780.4,0.1094,0.45427,0.8025
IFT80,1230.9,-0.12294,0.38136,0.76122
SIRT2,976.24,0.024512,0.86165,0.9644
ERLEC1,1355.6,0.057277,0.64072,0.88731
PPP2R5B,653.91,-0.035987,0.81048,0.94778
PYGM,3.8571,0.48707,0.72689,NA
PAGE1,0,NA,NA,NA
PITX1,29.556,0.33619,0.45464,0.80272
TRPC7,0,NA,NA,NA
MAST4,315.52,-0.32756,0.27135,0.68362
ADGRF5,0,NA,NA,NA
SDK2,34.303,0.038887,0.92679,0.98258
ADAM7,0,NA,NA,NA
NUP133,922.5,-0.17224,0.14065,0.52671
NUCKS1,6636.4,-0.24476,0.0096793,0.14925
VPS35,3017.4,-0.084167,0.50127,0.82355
DNAJA2,1491.8,0.05415,0.63235,0.88575
BCL3,529.41,-0.46077,0.033121,0.2774
KCNAB2,288.4,-0.053126,0.79302,0.94249
ABCC9,139.43,0.027669,0.91741,0.98099
GAL,9.28,-0.17917,0.84048,NA
CLEC2D,181.26,0.55952,0.11211,0.4828
FUNDC1,151.55,-0.20871,0.32087,0.71925
MAOB,1.7713,-1.2865,0.47163,NA
RORA,647.34,0.036296,0.82162,0.95181
DRD4,7.1624,0.2061,0.81117,NA
TGFBR3,3551.2,-0.16203,0.66723,0.89547
PLA2G10,5.53,0.37932,0.69096,NA
HES2,15.489,1.1283,0.16994,0.57341
ATP1B3,1581.3,0.2689,0.057914,0.35545
NEDD4,1235.5,0.14288,0.32045,0.71892
PIGB,159.59,-0.43618,0.047028,0.3265
MAPK6,1520.6,0.18067,0.10386,0.46932
GNB5,772.13,0.1858,0.14013,0.52636
RAB27A,410.1,0.38736,0.008083,0.13616
HDHD5,623.63,-0.25757,0.090167,0.43967
UFD1,769.74,0.057965,0.69373,0.9057
LRP6,1063.7,0.27373,0.076731,0.40469
GUCY2C,0.97109,0.12838,0.96179,NA
SCT,1.0064,1.1386,0.60683,NA
PHRF1,1615.2,0.11449,0.43895,0.79568
ELP1,1423.1,0.017636,0.87388,0.96833
NUCB2,1491,-0.19245,0.097675,0.456
PFN2,2290.2,0.11576,0.32037,0.71892
PTPN3,156.37,-7.8093e-4,0.99733,0.99957
SPTB,0.45565,0.3832,0.92277,NA
DAPP1,2.9719,-0.20613,0.87581,NA
FGF10,26.359,-1.125,0.063577,0.37114
SLC44A1,5463.7,0.098627,0.29137,0.69877
TMEM260,385.31,0.15973,0.27993,0.69177
SMG6,1581.7,-0.034035,0.78149,0.93988
EXOC5,1948.9,0.049989,0.63722,0.88614
CLTCL1,247.88,0.23848,0.25784,0.67304
FGF22,10.077,0.18144,0.80796,NA
FSTL3,813.44,-0.14739,0.41087,0.78051
DGCR2,2029.3,0.035571,0.73392,0.92317
RNF126,635.92,-0.1302,0.4393,0.79587
MNT,841.06,0.43464,0.0056767,0.11321
ZXDC,426.07,0.3242,0.024282,0.23939
JMJD6,518.66,-0.19977,0.16352,0.56436
POLB,99.748,-0.12062,0.68589,0.90237
ST6GALNAC1,0,NA,NA,NA
WIPI1,1214,0.47166,0.0015276,0.053574
FRMPD1,5.0716,1.5845,0.2524,NA
GBA2,720.47,0.14938,0.31085,0.71209
NDST1,8353.1,-0.27411,0.007727,0.13319
ASNS,2494.8,0.0049861,0.97134,0.99259
AP3M2,395.47,-0.20879,0.17306,0.57667
CNGB1,5.4724,1.0048,0.31071,NA
ST6GALNAC2,10.013,-0.057162,0.94062,NA
CHAT,0.68264,1.5428,0.61789,NA
PABPC1,38801,-0.15765,0.14235,0.52913
TESK2,113.42,0.44096,0.11806,0.49513
CFAP20,424.44,-0.084471,0.60647,0.87264
CSNK2A2,830.57,0.048412,0.77375,0.93692
PTPN21,1552.9,0.15177,0.16846,0.5718
EIF2B3,441.84,-0.15804,0.34517,0.73686
CAMK2A,9.014,-0.69386,0.39076,NA
TCOF1,1119.5,-0.079614,0.58152,0.86163
CDC42,4296.2,-0.12542,0.22761,0.64274
OSBPL3,1376.2,-0.2902,0.020433,0.22023
EPHA8,0,NA,NA,NA
SLC12A3,0.49124,-0.77928,0.81876,NA
RAD18,324.2,0.027387,0.89687,0.97544
ATP2B1,2908.2,0.24024,0.19214,0.60245
TRPM5,0.47302,-0.70905,0.85587,NA
NCK2,1008.8,0.18583,0.1751,0.57925
MAP4K4,17385,0.30491,0.14019,0.52636
MGAT4A,5.654,-0.022281,0.98268,NA
RPL31,12156,-0.15059,0.29943,0.70355
WDR1,7040.2,-0.072434,0.51847,0.83349
SNX13,1046,0.16159,0.14002,0.52636
MS4A12,0,NA,NA,NA
ARHGAP10,743.04,-0.0027769,0.98279,0.99542
RPS6KA2,5260.5,-0.34765,0.03264,0.27649
ING3,229.22,0.0040321,0.98357000000000006,0.99561
VASH1,598.11,0.37895,0.020268,0.2202
LMCD1,1131.7,-0.46678,0.048714,0.33241
BUD23,584.85,-0.12947,0.37907,0.75983
SEL1L,4402.6,0.1746,0.10013,0.46133
TRIP13,445.74,-0.41095,0.0050824,0.10566
ATP6AP1,1446.2,0.040858,0.74652,0.92763
TCF3,2319.4,-0.086552,0.48255,0.81691
TRIB2,951.23,-0.02278,0.90306,0.97663
DAZAP1,1915,-0.0050827,0.96736,0.99243
MBD3,2140.7,-0.044842,0.70291,0.90942
PRLH,0,NA,NA,NA
HLTF,1225.1,0.11715,0.42395,0.78782
FAM50A,1648.8,0.039655,0.70278,0.90942
FAM3A,819.16,-0.10427,0.48595,0.81691
CPSF1,2394.9,0.15191,0.19509,0.60772
MYO3B,5.6722,-1.4085,0.17845,NA
CYBRD1,9119.6,-0.018117,0.84533,0.95868
CDH19,2.1848,0.47942,0.79201,NA
PDCD2,856.54,-0.082866,0.53293,0.83895
SLC6A15,19.624,0.92206,0.12009,0.49683
RDH11,942.19,0.022461,0.85486,0.96313
PRKACA,2025,-0.053469,0.60609,0.87264
ADGRL1,446.92,-0.27473,0.1376,0.52469
SPP2,0,NA,NA,NA
ACTN1,7546.5,-0.27811,0.030262,0.26726
ZFYVE26,692.61,0.097597,0.49217,0.81987
RPS6KA6,172.05,0.32235,0.10099,0.46303
EPN2,1445,0.16676,0.19011,0.6001
PTPN18,735.97,0.1982,0.15156,0.54593
LIMS2,391.88,-0.89451,1.0937e-5,0.0017502
ASIC4,4.8371,-0.39084,0.74606,NA
SPEG,1589.1,-0.29483,0.074761,0.40037
LNX1,698.49,-0.062206,0.6313,0.88575
ALDH3A2,1184.3,-0.034329,0.86225,0.96453
TFRC,4136.9,0.26333,0.10632,0.47352
SREBF1,686.04,0.21842,0.2802,0.69186
TRPC5,7.8162,-0.81719,0.38612,NA
AFF4,3586,0.31568,0.021112,0.22285
UBE2D1,506.25,-0.1896,0.16955,0.57298
MPP5,707.7,0.099885,0.48602,0.81691
RHOBTB1,253.52,-0.55287,0.027713,0.25627
SMC1A,2500.3,-0.0037138,0.97945,0.99469
HSD17B10,399.08,-0.16355,0.34235,0.73501
MARK2,744.32,0.14825,0.22097,0.63663
HMMR,424.18,-0.19611,0.19609,0.60872
CHFR,560.94,-0.36028,0.018304,0.20777
TRHDE,17.381,-0.6054,0.3496,0.74075
P4HA2,4296.5,-0.3694,1.7203e-4,0.013572
FCGR2B,0.99369,1.1578,0.63003,NA
NFATC3,617.44,-0.16733,0.27413,0.68674
TRNT1,259.67,0.091609,0.63471,0.88594
ACADVL,10558,0.43029,2.2643e-4,0.016495
STK10,938.09,0.062165,0.61477,0.87742
FBXW11,1637.6,0.091324,0.40723,0.77861
ACAP1,34.325,-0.19999,0.63972,0.88731
CRMP1,777.61,0.18878,0.29057,0.69871
EVC,4914.7,0.029695,0.80164,0.94582
DERL2,615.19,0.12047,0.40809,0.77912
SIDT1,1.7558,0.93571,0.63322,NA
NDE1,642.25,-0.071286,0.62147,0.88114
IRAG1,28.299,-1.366,0.012146,0.16928
TMEM38A,31.312,-0.096223,0.85049,0.96116
AP1M1,1710.8,-0.09301,0.38389,0.76301
PVR,1370.5,-0.028031,0.84856,0.96056
XRCC1,598.24,-0.045208,0.7468,0.92781
SCARB1,166.09,-0.20505,0.36751,0.75316
CYP2W1,3.3835,0.72643,0.56752,NA
MCM2,998.8,-0.35388,0.033907,0.28071
MOV10L1,13.699,-0.43468,0.60262,NA
PANX2,69.005,0.75293,0.011684,0.16646
SELENOO,545.9,0.27508,0.065446,0.37815
TP63,29.958,-0.21012,0.67441,0.89762
ALPK1,328.49,0.076858,0.69622,0.90678
LLGL2,13.644,0.92467,0.16789,NA
PDE8A,1050.1,0.042759,0.70643,0.91053
CLCN4,27.226,0.17758,0.78598,0.94025
NLE1,563.68,-0.37091,0.021727,0.22573
SDHA,3283.9,-0.077018,0.47981,0.81587
SMARCE1,2321.9,-0.0085793,0.93752,0.98569
FNDC8,2.7028,0.12158,0.94249,NA
GSDMB,111.86,0.42585,0.14893,0.54135
KDM5A,1579.3,0.38206,0.0016401,0.054902
ADAM11,16.299,0.48132,0.41686,0.7849
PPP2R3A,1415.3,0.24146,0.07237,0.39537
FERMT2,3117.3,-0.32329,0.0038066,0.094779
ABCB11,0.61497,-1.1599,0.6807,NA
DHRS9,0.42128,2.2147,0.58067,NA
CD5L,0,NA,NA,NA
PTGS2,298.8,-0.17308,0.45187,0.80112
IGF2BP2,2068.9,-0.22412,0.053609,0.34336
MAP3K13,353.01,-0.15505,0.31085,0.71209
ST6GAL1,13.147,-1.0921,0.20085,NA
TBX21,0,NA,NA,NA
FRY,308.71,-0.41343,0.024026,0.23776
PICALM,3743.2,0.085889,0.41736,0.78499
NSF,1161.3,0.15211,0.2193,0.63663
GLI2,298.85,-0.13809,0.45283,0.80124
CLASP1,1171.3,0.29785,0.060105,0.36185
MRPS34,771.71,-0.19766,0.13343,0.5194
NOTCH3,1798.5,0.27944,0.10535,0.4715
CLNS1A,1273.6,-0.21862,0.08,0.41538
PPP2R2C,7.3071,-0.22859,0.82078,NA
TEAD2,515.29,-0.29209,0.067629,0.38517
EED,342.58,-0.043363,0.77649,0.9377
CDHR2,9.7325,1.8938,0.021629,NA
SNCB,2.7419,-0.82563,0.56948,NA
TSG101,900.9,-0.12114,0.44135,0.79606
NCBP3,1124.2,0.31286,0.14842,0.54021
ATP2A3,88.741,0.29878,0.29264,0.69916
CA12,1356.8,0.072804,0.66323,0.89425
MGLL,4408,-0.27727,0.071771,0.39454
NTN4,1156,0.38848,0.0054071,0.10982
BCS1L,350.1,-0.0048276,0.97724,0.99365
NUAK1,321.32,0.46061,0.011271,0.16378
DPP8,1138.1,0.16571,0.20419,0.61913
SLC24A1,215.53,-0.17369,0.36241,0.75009
ZNF532,1629.3,-0.29697,0.075229,0.401
SCARF1,23.79,-0.12836,0.79102,0.94143
LMAN1,5547.2,0.012877,0.90229,0.97636
HACD3,1803.6,0.012924,0.90864,0.97844
IPCEF1,8.0507,-1.1306,0.25082,NA
ZZEF1,1430.2,0.18864,0.13784,0.52477
NOX3,0.31673,-1.7223,0.66977,NA
ENO1,32814,-0.177,0.16507,0.56583
SLC12A1,3.3158,-0.90832,0.50551,NA
MYDGF,2204.3,-0.31117,0.029381,0.26357
ANO8,419.7,0.1501,0.52422,0.83521
TUBE1,406.21,-0.34243,0.077744,0.40805
ARHGEF10L,776.28,-0.0010202,0.99352,0.99899
TXK,1.1542,-0.40017,0.88773,NA
WSCD2,2.4491,-0.40848,0.76669,NA
KCNQ2,0,NA,NA,NA
TACR2,21.56,-0.039896,0.93764,0.98572
ACTR6,341.11,0.19486,0.21329,0.62816
TIPIN,121.62,-0.071362,0.78959,0.94112
SRI,1274.5,-0.077409,0.56306,0.85411
EIF4G3,2934.1,0.30463,0.009241,0.14575
NUP37,320.14,-0.18881,0.2983,0.7031
SEMA3A,322.22,-0.36544,0.028212,0.25861
GTSE1,481.75,-0.20641,0.17496,0.57925
SEMA3C,5705,-0.051918,0.75964,0.93231
TTC38,519.52,-0.21307,0.27508,0.68749
ACAT1,806.89,-0.24572,0.052886,0.34336
GRAMD4,449.41,-0.040616,0.80961,0.94735
CELSR1,74.837,1.069,0.0048056,0.1044
WNT8B,1.1994,2.6107,0.24326,NA
ZNF638,2044.5,0.17179,0.11034,0.47925
SLC25A40,337.28,-0.013317,0.93618,0.98528
TIMM21,374.82,-0.13824,0.41881,0.78511
ADD2,42.646,-0.55007,0.20968,0.62537
FGF4,0,NA,NA,NA
RASAL2,941.98,0.31766,0.12932,0.51265
VPS9D1,789.2,0.21981,0.07343,0.39771
ZNF37A,1402,0.24271,0.091302,0.44228
MARK3,1970.2,0.062903,0.55295,0.84949
SLC25A3,8491.4,-0.16266,0.13145,0.51561
FNDC3B,4138.8,0.14713,0.22694,0.64224
FOSL2,3207.2,0.21672,0.14573,0.53486
CACNG5,12.552,0.49715,0.4813,NA
CACNG4,0.67151,-1.4135,0.6823,NA
FRYL,1143.3,0.44916,0.02879,0.26108
TMEM131,2382.9,0.25336,0.090528,0.44046
FSCN1,6143.5,-0.14621,0.19882,0.61195
ACTB,35423,-0.5165,3.618e-7,1.141e-4
MOCOS,561.86,-0.18057,0.21006,0.62545
PLD1,134.5,0.17195,0.57512,0.85885
ATP12A,7.9582,1.9191,0.076972,NA
WDR62,319.28,0.19674,0.36833,0.75366
DLG1,1548.6,0.039851,0.74993,0.92893
RAB7A,4707.1,0.061295,0.60696,0.87264
BCAP29,1455.4,0.13599,0.31639,0.71676
SEC31B,375.38,0.28759,0.2117,0.62708
SART3,1070.6,0.011381,0.92579,0.98258
ARHGAP15,9.9045,-0.34117,0.6451,NA
TUBA3D,12.973,0.1465,0.83098,NA
PAX2,0,NA,NA,NA
EXOSC7,399.29,-0.32715,0.067775,0.38525
KIFAP3,723.19,0.081749,0.51324,0.82981
MKRN2,958.39,-0.039195,0.75462,0.92995
MCM6,1335.5,-0.29137,0.063253,0.36991
REXO2,1956.5,-0.22909,0.076183,0.40244
RBM7,640.59,-0.14477,0.40314,0.77509
RBMS2,1128.4,-0.29548,0.16107,0.56177
BAZ2A,2112.8,0.082698,0.57105,0.8573
PTPN23,1613.5,0.41233,6.6145e-4,0.032049
MLH1,588.36,-0.38069,0.0040528,0.097046
UNG,722.43,-0.26665,0.07359,0.39771
FMO4,20.307,-0.92412,0.092192,0.44406
KLHL20,545.42,0.04606,0.77066,0.93544
RGS11,201.41,-0.089167,0.74488,0.92678
SLC46A1,288.98,-0.11277,0.49369,0.81999
PLXNA2,732.28,-0.10914,0.45832,0.80354
SPAG5,640.68,-0.082583,0.52307,0.83488
ANKRD13A,2413.4,-0.3259,0.0012174,0.046573
TPD52,6.4168,0.80855,0.54198,NA
ACACB,180.43,0.22113,0.54953,0.84836
TRAF4,615.25,-0.075634,0.54579,0.84605
PAG1,338.65,0.50697,0.044829,0.32028
GPATCH1,195.24,-0.15674,0.42785,0.78997
ICAM3,210.66,0.17788,0.37026,0.75424
NT5C2,1318.4,0.090979,0.57632,0.85938
MCAM,15.925,0.0011781,0.99859,0.99963
GPC4,212.47,-0.35781,0.052373,0.34222
MBNL3,81.363,0.57587,0.11321,0.4842
CAMSAP3,6.3988,1.0538,0.27507,NA
RAP1GAP,6.0793,-0.45295,0.62107,NA
XAB2,885.69,-0.0097829,0.94539,0.98809
ARHGEF1,1678.8,0.14377,0.21294,0.62816
STXBP2,88.071,0.2633,0.32538,0.72311
MAP2K7,1123.8,0.070158,0.56695,0.85588
NMRK2,0,NA,NA,NA
DGKD,493.7,0.44003,0.0099043,0.15094
CTTNBP2,0,NA,NA,NA
ACTL6B,1.1532,-3.782,0.25201,NA
RARB,3.2138,-1.3368,0.34969,NA
TOP2B,3139,0.11964,0.25815,0.67331
TM9SF3,5568.6,0.084591,0.49119,0.8198
NFKB2,983.17,0.33368,0.0033926,0.087544
UBE2T,211.98,-0.18344,0.32761,0.72472
PPP1R12B,312.64,0.21356,0.29662,0.70138
DNAJC10,2605.6,7.7314e-4,0.9944,0.99899
GTF3C1,2471.1,0.27642,0.027905,0.25696
IL4R,847.57,0.28772,0.19875,0.61195
USP33,1413,0.029169,0.80897,0.94735
PAK3,8.2994,-0.94536,0.41106,NA
CAPN6,0.96369,-0.81583,0.78913,NA
DCX,2.0704,0.5114,0.7662,NA
SNRPA,625.99,-0.29666,0.026536,0.24979
SPAG6,0,NA,NA,NA
EXOSC5,233.25,-0.56273,0.015892,0.19508
DYNC1I2,2881.8,-0.029594,0.78496,0.93992
APBB1IP,15.789,0.035664,0.95175,0.98999
LRCH4,535.39,0.091083,0.55095,0.84896
FAM76B,291.67,0.15694,0.46619,0.8077
SIRT6,327.98,0.087521,0.57173,0.8573
TYR,0,NA,NA,NA
POLD3,551.78,-0.099373,0.46527,0.80746
ACTN2,1.5356,1.9719,0.36978,NA
CAPZB,8011.4,-0.078706,0.52055,0.83379
GPR137B,474.02,0.30067,0.10589,0.47261
NAALAD2,13.235,1.5422,0.059399,NA
JADE1,1429.5,-0.21179,0.086412,0.42967
SLC25A43,966.73,-0.20617,0.11101,0.4806
UBE2A,1427,0.028285,0.8428,0.95816
FGFR1,5975,0.076558,0.39369,0.77055
FKBP6,14.257,0.36692,0.57453,NA
SMC1B,3.4807,-0.91324,0.46109,NA
FBLN1,18382,-0.36568,0.011038,0.16129
ITGA8,317.94,-0.45308,0.0088988,0.14328
CST7,0,NA,NA,NA
MAP2,24.612,0.84121,0.093336,0.4458
PIAS2,438.88,0.16673,0.34358,0.73591
AMPH,69.13,-0.43981,0.18974,0.59952
ARAF,977.04,-0.013724,0.91393,0.97966
MCCC1,359.49,-0.075043,0.63766,0.8863
LAMP3,2.5176,-0.096726,0.94651,NA
FAP,5151.4,-0.14778,0.14395,0.53254
NEBL,5.4294,0.86628,0.48386,NA
ACER3,599.64,0.16383,0.43573,0.79431
UBE2K,1704.3,0.077529,0.53792,0.84091
PIK3C3,1193.9,0.23425,0.053341,0.34336
N4BP2,277.09,0.29019,0.10764,0.47542
TIGAR,339.37,-0.19455,0.35506,0.74476
TULP3,1542.4,0.0041681,0.97189,0.99259
SYNJ2,4259.2,0.12191,0.48417,0.81691
ADCY2,11.233,-0.92667,0.32932,NA
PPP2R5C,2420.6,-0.0024746,0.98123,0.99534
RBFOX1,38.304,-0.11502,0.81041,0.94778
GNB1,9312,-0.0771,0.50693,0.82585
HOXA9,244.94,-0.37584,0.029436,0.26357
EDN1,39.059,-1.1048,0.0064877,0.12025
MLLT10,685.56,-0.058158,0.66227,0.89407
ZCWPW1,74.875,-0.097871,0.78119,0.93981
ADCYAP1R1,3.4689,-0.0070188,0.99599,NA
FGF20,0,NA,NA,NA
P2RY10,9.9664,0.5226,0.52832,NA
ITM2A,0,NA,NA,NA
NRDC,3513.3,-0.038743,0.70603,0.91034
VDAC3,1282.6,-0.076291,0.48395,0.81691
PCM1,2649.2,0.035198,0.74145,0.92501
TNRC6C,457.63,0.065168,0.74782,0.92797
CBFA2T2,631.76,0.27444,0.054237,0.34472
BRINP1,35.902,-0.30752,0.51492,0.83086
ITCH,1472.2,-0.024987,0.82144,0.95178
PKD2L2,7.7018,0.45789,0.62195,NA
TP53INP2,173.83,0.021884,0.93691,0.98547
SDF4,5124.1,-0.21675,0.048428,0.33132
MYH7B,35.487,-0.11166,0.83926,0.95674
BPIFB2,0,NA,NA,NA
TP73,22.631,0.16534,0.74102,0.92493
TOLLIP,1194.1,0.2109,0.094629,0.44829
UBE2D4,336.78,-0.066603,0.70169,0.90942
CLUL1,7.4243,0.49106,0.5668,NA
RUNX1T1,1029.9,-0.24826,0.2866,0.6948
CDH17,5.4868,0.10569,0.92787,NA
THOC1,403.55,0.16969,0.28799,0.69646
FKBP7,537.17,-0.28531,0.055792,0.34829
OSBPL6,496.09,0.25373,0.29012,0.6987
SLC1A3,281.92,0.14903,0.45823,0.80354
XRCC5,4622.7,0.0065487,0.95076,0.98999
LXN,112.01,0.069207,0.77485,0.93719
SP140,3.5655,0.59691,0.66202,NA
MKNK1,431.66,0.059107,0.73013,0.92111
TNS1,5616.8,0.028594,0.85676,0.9633
REXO1,793.46,0.34355,0.049488,0.33431
SAR1A,3093.7,-0.1329,0.27335,0.68584
CDC14A,67.029,-0.29969,0.33158,0.72807
RAPGEF3,231.79,-0.65272,0.012428,0.17083
CEACAM1,7.3646,4.1273,0.0020319,NA
SENP1,387.75,0.063323,0.71653,0.91617
DUSP13,0,NA,NA,NA
CIC,2520.7,-0.052265,0.71964,0.91742
LIPE,61.116,-0.58367,0.073301,0.39771
FDFT1,1153.7,0.028923,0.84368,0.95861
PAFAH1B3,162.92,-0.08711,0.66941,0.89641
OPHN1,281.89,0.39264,0.047286,0.32691
AFM,0,NA,NA,NA
KIF22,621.92,-0.25475,0.090581,0.44055
SCGN,0,NA,NA,NA
CARMIL1,182.44,-0.2106,0.33736,0.7328
PGM1,1799.9,-0.11268,0.38929,0.76796
DDX1,2326.5,0.018267,0.87776,0.96911
DNM2,2626.2,0.12894,0.22415,0.63899
EPB41L2,3125.5,-0.14862,0.32489,0.72267
RIMS1,10.675,-0.17589,0.80428,NA
MOXD1,4307.2,-0.5764,2.0809e-7,7.5761e-5
STX7,1516.2,0.15723,0.25949,0.67473
RABL2B,642.26,0.18097,0.37076,0.75429
KEAP1,1617.3,-0.22342,0.035867,0.29052
DDX43,3.6044,3.3826,0.025324,NA
PTPRH,20.516,-0.64513,0.22001,0.63663
DCT,1.3574,-2.0981,0.29973,NA
SLC35C2,858.95,-0.021023,0.87221,0.96787
CRYBG3,1119.1,0.21731,0.14528,0.53486
EPHA6,0,NA,NA,NA
SCTR,0.19742,1.1484,0.77838,NA
RFX3,84.056,0.37473,0.31195,0.71249
RIF1,1600.2,0.11238,0.49036,0.81946
RAB21,1508.1,0.10596,0.34409,0.73629
SLC4A4,88.51,0.41124,0.19108,0.6012
SMARCA2,2391.4,-0.0039611,0.97681,0.99365
RDH8,3.977,0.57795,0.72357,NA
SESN1,348.71,-0.38726,0.05356,0.34336
MID2,226.93,-0.025325,0.89986,0.97613
DNAAF6,0.83408,0.64197,0.82031,NA
COL5A3,6435,0.38275,0.032164,0.27532
SRCAP,3047.6,0.38336,0.003609,0.090598
PUM3,538.45,-0.033909,0.84501,0.95868
CPB2,16.867,-0.85432,0.13923,0.52614
CHRNA3,1.1352,3.636,0.19175,NA
KCNN2,8.5037,1.4137,0.091217,NA
CNOT4,497.3,0.13679,0.39489,0.77085
PSEN1,1598,0.10655,0.35219,0.74366
CPOX,912.13,0.16737,0.18133,0.58911
CLDND1,1077.4,0.083416,0.48395,0.81691
MOK,151.25,0.17837,0.46781,0.80877
HSP90AA1,16457,0.087503,0.49183,0.81985
RBL1,544.55,-0.10087,0.59067,0.86543
DLGAP4,2983.1,0.1483,0.22834,0.64352
IGSF9B,162.49,0.010913,0.96269,0.99139
CFHR2,0.50771,2.5346,0.526,NA
NDC80,392.37,0.046417,0.80155,0.94582
AP4E1,578.85,0.068313,0.60998,0.87429
RSBN1,336.97,-0.12712,0.40395,0.77596
MAGI3,389.85,0.22653,0.23651,0.64918
CXCL2,57.508,1.0178,0.012469,0.17097
AFP,4.0539,-0.35689,0.78536,NA
COL4A4,3.5049,-1.8896,0.23069,NA
TCF7,162.86,-0.29841,0.20435,0.61913
OSTM1,760.33,0.33939,0.033878,0.28067
CDH7,7.9299,1.1002,0.2584,NA
IMPG2,10.687,-0.36395,0.63171,NA
PCNP,2727.1,-0.013458,0.91512,0.98026
EXD2,532.53,-0.065868,0.63644,0.88597
ARG2,69.78,-0.21608,0.48194,0.81683
MEF2C,33.637,0.34494,0.53341,0.83906
PTPRC,20.278,-0.55542,0.28224,0.69316
CACNA1S,0,NA,NA,NA
PKP1,138.4,2.1734,0.070235,0.39035
UBA5,741.52,0.10797,0.45359,0.80168
STK17B,810.39,-0.26458,0.067725,0.38525
CDC14B,1092.7,0.012853,0.93034,0.98367
ZNF510,365.92,-0.05985,0.68601,0.9024
LRP2,18.563,1.2417,0.063198,0.36991
ZNF506,219.99,0.25295,0.26022,0.67518
JMJD4,296.37,-0.13736,0.3999,0.7734
DUSP12,342.89,0.10116,0.52285,0.83488
AACS,516.6,-0.14715,0.3163,0.71673
DELE1,926.14,0.0637,0.63746,0.88619
SLC13A1,1.1565,0.57113,0.80184,NA
CADPS2,127.42,0.72282,0.0024963,0.072168
PCDHB4,13.283,-0.15629,0.81184,NA
PCDHA6,10.104,-0.28254,0.70106,NA
PCDHGA2,233,0.27238,0.19841,0.61174
HSPB11,285.58,-0.039049,0.80488,0.94676
PHLPP1,327.69,0.045192,0.80775,0.9471
ATP8B1,2440.9,-0.30884,0.002563,0.072796
IL12RB2,7.1865,0.19349,0.8258,NA
SMARCD3,507.76,-0.13137,0.35881,0.74772
WDR70,597.78,0.034046,0.82996,0.95435
FYB1,4.6961,-0.21924,0.84306,NA
MPP4,122.25,-4.0307e-4,0.99888,0.99963
STRADB,585.34,-0.071247,0.63646,0.88597
BZW1,8143.3,0.08247,0.65859,0.8929
PGR,0.72667,-1.1332,0.70462,NA
C1QTNF3,40.112,-0.29892,0.47568,0.81338
ME2,602.2,-0.055535,0.66802,0.89573
C5orf22,287.37,-0.0064715,0.96833,0.99243
CCNT2,602.5,0.26634,0.11641,0.49053
FAM135A,221.28,-0.0093336,0.96834,0.99243
COL19A1,0.46859,-2.2476,0.55954,NA
EPB41L3,1395.1,0.29468,0.029164,0.26284
COBLL1,124.08,-0.35713,0.16865,0.57199
DLG3,300.23,-0.073853,0.65422,0.89145
KCNK2,5124.3,-0.27728,0.041623,0.30981
SERTAD4,130.72,-0.72349,0.013995,0.18202
TRAF5,218.57,-0.31538,0.09943,0.45989
MRPL22,331.22,0.011272,0.94637,0.98855
GEMIN5,601.26,0.17881,0.17431,0.57892
OPRK1,1.1833,1.4581,0.51718,NA
NFE2L1,6600.2,-0.093162,0.34795,0.73897
SEMA5B,0,NA,NA,NA
GSK3B,2005.6,-0.07243,0.55589,0.85112
ITGB5,13384,0.029052,0.76416,0.93332
ERC1,2187.8,0.13161,0.33486,0.73044
XPO1,4452.7,0.23533,0.094933,0.44923
RNF13,994.49,5.8801e-4,0.99652,0.99956
TRPM3,6.1536,0.41045,0.70345,NA
PALB2,223.43,0.080126,0.69321,0.9057
DOP1A,419.66,0.014173,0.92383,0.98234
LYRM2,621.46,0.11062,0.50181,0.82355
BCKDHB,419.98,-0.39792,0.10631,0.47352
KAT6A,1748.1,0.18477,0.15783,0.55732
TUT7,1198.7,0.55165,0.0022527,0.067551
ULK2,847.56,0.066163,0.63276,0.88575
GRHL2,3.7837,1.2923,0.37655,NA
TNPO1,3511.2,-0.052693,0.64223,0.88746
PLOD1,12571,-0.3116,5.8745e-4,0.029994
P2RX5,11.544,0.18791,0.79663,NA
ITGAE,231.8,0.0023813,0.99145,0.99847
DIS3,1149.4,0.13191,0.31688,0.71725
PIBF1,351.71,-0.046404,0.76253,0.93276
TDRD3,292.45,0.086628,0.60104,0.87053
NUFIP1,191.56,0.056746,0.76241,0.93276
PDS5B,780.61,-0.073703,0.66174,0.89354
OXCT1,568.2,0.12347,0.36054,0.74881
RRAGB,283.51,-0.17476,0.37334,0.75624
EPYC,0.55932,-1.1632,0.75111000000000006,NA
CYLD,1050.1,0.18764,0.088402,0.43479
SLC27A5,31.128,-0.22101,0.63129,0.88575
ZNF324,272.66,0.054606,0.78574,0.9402
ZNF671,117.91,-0.079614,0.76116,0.93235
ZNF416,125.71,-0.41605,0.080978,0.41752
ZNF586,103.69,-0.42755,0.16418,0.56478
ZNF446,254.2,-0.13207,0.54411,0.84518
ZNF264,426.75,0.25141,0.12677,0.50916
RPS5,12540,-0.10315,0.44458,0.79841
FAT1,7347.2,0.14438,0.304,0.70691
YTHDC1,1365,0.15333,0.26625,0.68027
CHMP2B,747.23,0.069662,0.59185,0.8662
SMAP2,704.15,-0.11625,0.37346,0.75624
PPIE,654.7,-0.17017,0.30322,0.70666
ZMPSTE24,1431.5,0.082818,0.496,0.82065
STARD7,1729.8,-0.057566,0.61055,0.87454
NOA1,712.67,-0.026014,0.85088,0.96124
REST,946.67,0.33116,0.0067879,0.12271
HAL,3.0814,0.31398,0.83798,NA
SSH1,2371,-0.053104,0.70493,0.90973
GSTP1,3836,-0.14123,0.26622,0.68027
APLP2,39094,0.14365,0.14035,0.52671
FAM234B,150.36,0.071302,0.7261,0.91939
SLCO1A2,4.3991,1.9688,0.26265,NA
WBP11,1181.2,-0.029186,0.78383,0.93992
EIF3I,3273.6,-0.14059,0.25221,0.66725
NKAIN1,3.5788,-0.46292,0.75605,NA
COL16A1,6931.2,-0.37172,9.6587e-4,0.040108
TXLNA,2320.1,-0.017875,0.85889,0.96352
APOB,2.1737,1.185,0.55049,NA
NCOA1,908.01,0.23218,0.078388,0.41004
AGBL5,472.52,-0.0039776,0.98288,0.99542
EFR3B,137.02,0.11862,0.67339,0.89761
KIF3C,976.29,0.16873,0.24681,0.66149
RAB10,4153.9,0.013297,0.9058,0.9769
GCKR,11.749,0.11302,0.87458,NA
HADHA,4925.9,0.1199,0.25293,0.66725
MAPRE3,371.29,0.14971,0.33281,0.72943
CAD,1444,0.19264,0.20774,0.62321
CD59,28790,0.036916,0.7925,0.94243
CD82,245.48,-0.49347,0.014577,0.18527
BCORL1,469.42,0.06619,0.68635,0.90262
ATRX,2717.3,0.24149,0.060652,0.36336
AK6,350.94,-0.055548,0.76425,0.93332
FCN1,28.477,0.27644,0.52129,0.8344
MYNN,398.83,-0.29497,0.046152,0.32397
MECOM,22.578,0.42475,0.47484,0.81298
SCAMP1,1265.9,0.24291,0.049502,0.33431
PREP,1050.9,0.10709,0.4427,0.79687
HACE1,381.69,0.040102,0.8294,0.95435
SEH1L,600.44,-0.086995,0.61615,0.87778
WDR47,574.33,0.018542,0.90323,0.97663
WDFY1,1489.7,-0.09572,0.39018,0.76836
OVGP1,36.443,1.3466,0.0014747,0.052584
SLC25A24,1219.5,-0.052276,0.70401,0.90942
MAP3K4,848.23,0.14611,0.29045,0.6987
PILRA,1.2107,2.5156,0.26918,NA
IGSF9,10.232,1.1462,0.12889,NA
ABCB1,2.6759,1.2238,0.37018,NA
ZNF213,378.86,0.13568,0.44993,0.80016
AKR1B1,1148.8,-0.24301,0.071217,0.39364
CPNE3,2780.5,0.37265,0.0063181,0.11912
RRN3,986.24,0.26659,0.037678,0.29784
CTTN,8005.9,0.065666,0.55843,0.85202
WNT11,4.547,0.78305,0.54284,NA
MTIF2,636.6,0.090796,0.55333,0.84949
DDHD2,709.53,0.36684,0.0043664,0.0993
TTC39A,15.187,-0.34575,0.59708,0.86928
EPS15,1645.3,-0.032244,0.76054,0.93235
ORC1,119.11,-0.51874,0.052214000000000003,0.34212
MGST2,88.591,-0.13052,0.65052,0.89003
CHERP,944.87,0.14297,0.21932,0.63663
ATG16L1,501.32,-0.10658,0.4389,0.79568
USP40,1278.2,-0.042928,0.74502,0.92678
POMGNT1,1277,0.13787,0.29453,0.70011
RAD54L,182.2,-0.20452,0.33756,0.73288
MAST2,2318.1,0.14578,0.27611,0.68831
DNAJA1,2864.6,0.086555000000000007,0.56017,0.85293
B4GALT1,4294.3,-0.18704,0.087384,0.43237
CHMP5,1217.9,0.11505,0.34907,0.7401
NFX1,1000.8,-0.13073,0.27516,0.68749
AQP6,0.59398,-1.1728,0.7105,NA
DIMT1,524,0.06164,0.72135,0.91806
IPO11,613.7,0.057571,0.67103,0.89717
FOLH1,3.4149,1.7362,0.3855,NA
EIF2AK1,2005.7,-0.010772,0.92112,0.98198
NME8,0,NA,NA,NA
EPDR1,477.78,-0.047277,0.75015,0.92893
SNX10,3.0126,1.9378,0.25744,NA
SEPHS1,887.23,-0.064414,0.67754,0.89889
MRPL28,575.16,-0.36671,0.017601,0.20403
HBQ1,0.34254,1.9702,0.62579,NA
ITPKC,466.62,-0.14179,0.42646,0.78957
CEACAM6,1.3404,0.091673,0.96777,NA
FAT2,25.871,0.11441,0.84139,0.95773
RBM22,821.01,-0.018053,0.88219,0.97005
TMED2,4632,-0.13005,0.2036,0.61881
ERO1B,211.06,0.50733,0.016518,0.19793
ZFAND6,842.4,0.0072162,0.95762,0.98999
HSD17B2,35.847,1.0084,0.04883,0.33250999999999997
TXLNG,584.99,-0.10577,0.43098,0.7916
PPEF1,0,NA,NA,NA
LAT2,35.244,1.4078,0.0019761,0.062483
HUWE1,6879.3,0.39292,0.0073827,0.13039
ZW10,420.91,0.061625,0.67223,0.89755
ALG9,373.85,0.0061196,0.96764,0.99243
MYBPC2,0.63068,-2.7143,0.49454,NA
NOX4,23.079,-1.0968,0.037676,0.29784
ACOX3,394.98,0.1776,0.26496,0.67945
MTMR2,821.78,-0.0021809,0.98566,0.99644
PPP1R15A,3543.8,0.16617,0.20142,0.61579
HSD17B14,6.7282,0.27961,0.76979,NA
TRIP6,2748.7,-0.35055,0.006178,0.11783
ACHE,3.5003,1.1493,0.36968,NA
FTL,30443,-0.021837,0.88802,0.97222
SRRT,2512.2,0.21311,0.069157,0.38881
BAX,1671.3,-0.27872,0.049107,0.33336
NLK,122.81,-0.15453,0.51305,0.8296
PIGS,955.92,-0.098824,0.48691,0.81721
ADAMTS2,3746.9,-0.40707,1.2756e-4,0.01094
TMPRSS11E,0.85416,2.0072,0.47563,NA
ATXN7L3,1680.8,-0.33354,0.0032287,0.084903
PGS1,477.89,0.1467,0.39434,0.77085
PSMC5,1603.2,-0.094029,0.43017,0.79147
UIMC1,463.66,0.238,0.10469,0.47042
CETP,1.1787,-1.1917,0.63421,NA
MMP2,45312,-0.059608,0.5826,0.86163
MT3,3.4483,-0.88006,0.51063,NA
LPCAT2,546.11,0.25948,0.055379,0.34753
GNAO1,8.3852,0.46436,0.64168,NA
OGFOD1,965.63,0.05181,0.76965,0.93533
SH3BP2,1299.2,-0.13646,0.38333,0.7625
NOP14,1353.4,0.025861,0.84031,0.957
ADD1,5991.2,-0.0027456,0.97579,0.99359
L2HGDH,157.7,0.30652,0.36766,0.75321
TXNDC16,183.32,-0.34617,0.14399,0.53254
RTRAF,1474.3,-0.11157,0.41923,0.78511
NID2,1785.8,-0.11824,0.38993,0.76827
GMCL1,384.07,0.11795,0.42651,0.78957
SF3B2,3896.8,0.10699,0.32029,0.71892
KLHL42,1017.8,0.38442,0.017689,0.20411
GNAS,16631,-0.25981,0.010972,0.16086
DNM1L,1788.5,0.10266,0.39285,0.77043
PTHLH,60.806,0.17222,0.61335,0.87648
PHACTR3,113.06,-1.1233,0.0040367,0.097013
ERGIC2,958.93,-0.071795,0.60006,0.87037
TFAP2C,765.2,-0.21197,0.13523,0.52234
AURKA,466.05,-0.13847,0.37763,0.75943
CASS4,19.798,0.047058,0.93194,0.98398
PIR,59.392,-0.19097,0.66018,0.89303
AAMDC,251.08,-0.038113,0.86502,0.96539
RFX2,287.19,-0.087542,0.74974,0.92893
METTL2A,322.45,0.0068995,0.96851,0.99243
SULT2B1,16.338,1.818,0.042475,0.31306
ALG6,152.29,0.18455,0.38449,0.76325
CNOT3,1189.4,-0.069439,0.53904,0.84196
GP6,11.779,1.1078,0.10985,NA
PTPN4,394.76,-0.65665,0.0010209,0.041865
DDX18,1187,-0.090175,0.47133,0.8115
KHSRP,4236.8,0.10003,0.32767,0.72472
GNA11,2918.8,-0.2656,0.025854,0.24676
ASAP3,782.35,0.011999,0.94936,0.98976
EDEM2,481.69,-4.9224e-4,0.99748,0.99957
DNMT3B,113.64,0.027443,0.92924,0.98324
REM1,1.8388,-1.3006,0.46925,NA
TPX2,1666.4,-0.27597,0.012572,0.17117
PDRG1,240.96,0.04348,0.82521,0.95296
EPB41L1,1487.5,-0.11786,0.35869,0.74772
SLC15A1,4.7459,0.97826,0.34632,NA
DOCK9,670.56,-0.095245,0.48217,0.81691
ANKRD10,976.07,0.68962,6.4652e-5,0.0068362
TGDS,133.45,-0.19695,0.40128,0.77377
DOCK3,34.507,-0.051088,0.9148,0.98
C3orf18,574.6,-0.3346,0.02385,0.23673
COQ9,431.97,0.062095,0.69424,0.90576
TMEM40,182.5,-0.11679,0.61548,0.87762
KIF9,102.66,0.38007,0.1656,0.56649
ARHGAP28,180.97,0.0050633,0.98705,0.99724
CRLS1,600.55,-0.14104,0.38437,0.76325
DEFB127,0,NA,NA,NA
PPP1R13B,206.72,0.68082,0.0016302999999999999,0.054712
ATRN,2614.1,0.080535,0.44612,0.79885
SMOX,537.48,0.3319,0.05101,0.33754
SIGLEC1,5.9592,0.05753,0.95243,NA
FKBP1A,4939.5,-0.11548,0.28914,0.69708
NSFL1C,1247,0.0070637,0.95301,0.98999
SLC4A11,135.23,0.5245,0.0676,0.38517
C20orf194,908.65,0.064122,0.60006,0.87037
ZNF343,284.38,-0.070543,0.66999,0.89682
EBF4,97.08,-0.1755,0.52726,0.8366
CPXM1,12.509,-0.37952,0.59114,NA
MAVS,3048.4,0.24074,0.054066,0.34423
LZTS3,267.38,0.27926,0.098426,0.45783
F11,0,NA,NA,NA
XRN2,2111.8,0.027785,0.79028,0.94113
KIZ,432.67,-0.12589,0.5726,0.85785
DYNLL1,2609.5,-0.070272,0.60055,0.87049
TESC,0.17276,1.0834,0.79061,NA
SNX5,1693.2,-0.16405,0.12559,0.50688
RPL6,22611,-0.18138,0.13762,0.52469
SIRPG,0,NA,NA,NA
MAPKAPK5,577.21,0.11181,0.47322,0.81209
P2RX7,63.567,0.53552,0.20802,0.62348
ESF1,527.64,0.33582,0.022315,0.23002
RBBP9,464.29,0.0974,0.4802,0.81587
ANAPC5,2162,0.076245,0.45264,0.80124
SLC23A2,920.23,0.26302,0.091391,0.44249
SLC8B1,516.91,-0.12206,0.48936,0.81887
TMEM230,2072,-0.1713,0.13992,0.52636
DZANK1,83.687,0.26521,0.33475,0.73044
KDM2B,717.45,0.067121,0.65701,0.8929
CFAP61,0.46783,0.62539,0.87452,NA
LHX5,0,NA,NA,NA
TASP1,124.91,-0.20571,0.36166,0.74975
OAS1,11.947,0.81842,0.27435,NA
GCN1,3100.3,0.16295,0.18231,0.5907
RPLP0,53419,-0.21595,0.057324,0.35315
PXN,5826.7,0.096438,0.5514,0.84896
SIRT4,14.418,-0.042599,0.94763,NA
RPH3A,11.543,0.59271,0.43301,NA
KIF16B,430.02,0.084841,0.67726,0.89871
TRMT6,275.06,-0.047577,0.80975,0.94735
CHGB,1.3144,1.762,0.41923,NA
PEBP1,3217.4,-0.074812,0.52516,0.83551
TBX5,355.09,-0.075604,0.68384,0.90112
BRAP,527.23,-0.019221,0.90059,0.97613
ERP29,2147.8,-0.17221,0.2353,0.64812
NOS1,34.072,0.54708,0.17413,0.57891
FUS,4804.4,0.25654,0.01937,0.2138
IGBP1,1371.7,-0.2412,0.12544,0.50686
FXYD5,3125.2,-0.12514,0.22368,0.63857
ZNF302,534.93,0.042426,0.80255,0.9461
GRAMD1A,1138.4,0.036092,0.76518,0.93352
FXYD3,14.641,2.4509,0.23145,NA
HEPH,693.39,-0.42282,0.0185,0.20909
CDIP1,243.08,-0.37989,0.026055,0.24739
CMTM1,43.734,-0.10376,0.77429,0.93692
KCNH4,0.66205,0.19035,0.95074,NA
GANAB,12054,-0.080504,0.3556,0.74522
GMIP,270.24,0.23837,0.3053,0.70826
RBM41,214.18,0.11144,0.58976,0.86496
BIRC5,833.57,-0.3028,0.033039,0.2772
LAG3,10.626,-0.2473,0.72861,NA
MLF2,2871.9,0.0087945,0.94329,0.98762
OTUB2,37.361,-0.32684,0.42311,0.78732
DDX24,2583.3,-0.048229,0.65485,0.89178
ZBTB25,241.28,-0.22691,0.30762,0.70966
NECAP1,422.74,0.011726,0.9543,0.98999
ARHGAP4,27.839,1.3506,0.015512,0.19251
ANKRD24,26.391,0.055746,0.91299,0.97936
DHX32,689.39,-0.15346,0.33584,0.73083
RCOR1,922.08,0.15575,0.24733,0.662
GPATCH2L,1225.2,0.35942,0.0084175,0.13911
LTBP4,2902.5,-0.13426,0.30341,0.70666
BLVRB,457.2,-0.37374,0.038268,0.30012
SLC9A1,1398.9,0.33639,0.059413,0.36068
SPTLC1,1936.9,0.077024,0.47999000000000003,0.81587
PAPOLA,3666.4,0.057717,0.57353,0.85848
CCNK,959.84,0.059551,0.63579,0.88597
PCBP4,946,-0.27772,0.0298,0.26463
RGS1,0,NA,NA,NA
YPEL3,1219.2,-0.17228,0.30789,0.70993
MRPS33,435.36,-0.16083,0.34828,0.7391
NDUFB2,744.43,0.0048029,0.97464,0.99298
NUDC,1622,-0.085402,0.46221,0.80567
MAEA,1251.6,-0.051659,0.6561,0.89253
ICAM1,79.83,2.8728,2.5421e-18,5.5596e-15
STRN4,1924.9,-0.11913,0.35222,0.74366
IRAK3,341.93,0.24929,0.16009,0.56035
LYZ,3.6652,0.69511,0.60529,NA
SI,0,NA,NA,NA
MUL1,907.46,0.10018,0.44686,0.79903
TFAP4,167.76,-0.36631,0.17429,0.57892
PDCD7,816.35,0.096205,0.50142,0.82355
SPG21,1143.5,0.061986,0.58662,0.86326
FETUB,0.21361,-0.9717,0.81178,NA
DNAJB11,855.67,-0.1222,0.29654,0.70138
P3H2,216.04,-0.16705,0.43609,0.79431
THPO,6.673,-0.10125,0.91546,NA
CHRD,146.75,-0.64576,0.011682,0.16646
FLT3LG,184.14,-0.74397,0.0016959,0.05648
RAB11FIP3,1867.2,0.071346,0.52347,0.83493
GNPTG,1137.1,-0.12763,0.4041,0.77609
ZNF268,551.14,-0.11786,0.39446,0.77085
GOLGA3,3442.6,0.22961,0.11904000000000001,0.49599
PABPC4,9350.5,-0.025958,0.83093,0.95449
CD209,6.1745,0.36774,0.68513,NA
CERS4,141.99,0.052197,0.8148,0.94934
MCOLN1,323.38,-0.059059,0.74815,0.92817
USP48,1609.4,0.12661,0.25352,0.66774
EFNB1,760.62,-0.10621,0.4391,0.79572
PDPR,1622,0.36522,0.016799,0.19928
AARS1,4105,-0.38869,0.001206,0.046409
GLG1,7594.6,0.11994,0.24418,0.65853
KIF4A,437.03,-0.1817,0.20156,0.61579
TNRC6A,1844.1,-0.1641,0.30836,0.71025
PLEKHG2,840.03,-0.13721,0.48743,0.81785
DLL3,20.574,0.21556,0.67405,0.89761
NAT14,283.55,-0.68399,0.0010349,0.042305
PITPNM2,340.35,-0.14363,0.52024,0.83379
EXOC1,971.08,0.14345,0.26646,0.68027
RBM27,574.32,0.047619,0.75839,0.93215
POU4F3,0.64297,-1.3385,0.6641,NA
OSBPL8,2906.7,0.27716,0.012332,0.17073
DTX2,248.53,0.093401,0.61094,0.875
NLRC4,9.3455,0.0075764,0.99246,NA
PUS7,415.48,-0.10555,0.65403,0.89139
LAMB4,5.397,-0.24031,0.84969,NA
NRCAM,24.289,0.19318,0.72447,0.91866
LAMB1,12613,0.13524,0.19624,0.60875
SLC26A4,20.757,0.92419,0.1084,0.47649
SLC26A3,0.47782,-2.2943,0.54854,NA
DLD,1184.2,0.039087,0.74322,0.92593
WDR7,476.3,0.41075,0.023534,0.2353
TXNL1,1385.5,-0.10803,0.48537,0.81691
IL5RA,1.81,0.95732,0.58868,NA
ABCC6,7.0888,0.7196,0.47381,NA
CMTM6,1690.9,0.1808,0.18905,0.5989
ITGA6,1986.3,0.084324,0.60773,0.87321
RAPGEF4,43.623,-0.071778,0.86925,0.96677
MAP3K20,3467.7,0.15822,0.30571,0.70826
SMPX,0,NA,NA,NA
FH,939.87,-0.16721,0.19026,0.6001
SEL1L3,189.77,0.0077379,0.96769,0.99243
TF,459.33,-0.0078029,0.9602,0.99062
CDV3,3433.6,0.013216,0.90479,0.97672
MYO15A,21.455,0.75092,0.26955,0.68255999999999994
ALKBH5,2260.3,-0.26167,0.021233,0.22304
APOH,1.017,-1.0144,0.73574,NA
NLRP1,1123.6,0.064083,0.72256,0.91806
PITPNM3,107.13,0.060848,0.80591,0.94676
SPAG7,937.74,-0.1046,0.37275,0.75599
ORC6,247.62,-0.13834,0.49412,0.81999
ZFHX4,343.21,0.1874,0.29103,0.69877
SLC17A6,0,NA,NA,NA
CPA1,0,NA,NA,NA
ZC3HC1,278.94,-0.17043,0.34518,0.73686
ESR1,21.886,0.95701,0.13201,0.51664
RGS17,130.31,0.56419,0.09668,0.4539
ANGPT2,11.495,-0.068774,0.91859,NA
TMEM101,357.92,-0.14238,0.45953,0.80404
CD200,3.5436,1.6782,0.24045,NA
CCDC80,24470,-0.7357,1.5507e-7,5.9847e-5
CMA1,1.6832,1.2601,0.52855,NA
PSME1,1664.2,0.066273,0.67861,0.89895
PPP2R3C,452.73,0.15738,0.25302,0.66725
HAUS4,368.8,-0.61325,5.9869e-4,0.030073
JPH4,2.7452,-1.1094,0.43295,NA
MYH7,0,NA,NA,NA
CEBPE,0,NA,NA,NA
SLC7A8,109.66,0.090216,0.80068,0.94552
OSGEP,272.28,0.13482,0.44493,0.79862
SLC22A17,617.08,0.070711,0.6813,0.90012
RNF31,843.74,0.11374,0.4359,0.79431
SCFD1,1147.5,-0.12506,0.26111,0.67585
G2E3,441.36,-0.096094,0.61553,0.87762
HECTD1,4238.8,0.40905,7.1744e-4,0.0331
HNRNPC,6578.2,-0.065531,0.56588,0.85519
RPGRIP1,5.134,-1.2787,0.22762,NA
SUPT16H,3207.9,-0.081692,0.40837,0.77912
TOX4,1305.9,0.043889,0.71494,0.9156
GEMIN2,98.351,0.058566,0.8224,0.95217
TGM1,58.683,0.54314,0.26869,0.68187
TINF2,708.83,-0.12856,0.36285,0.75039
DAZL,0,NA,NA,NA
TBL1Y,0.58942,0.03688,0.99183,NA
SEMA6A,19.23,0.20258,0.73881,0.92453
TRPM7,2151.6,0.18778,0.15573,0.55409
TYRO3,528.63,-0.1275,0.42021,0.78569
WDR76,438.33,-0.461,0.021462,0.22475
CAPN3,186.59,-0.26749,0.29291,0.69936
SNAP23,839.68,-0.058353,0.67389,0.89761
TBX15,1113.4,-0.26171,0.025926,0.24676
PHGDH,4240.7,-0.24981,0.10119,0.46311
COL9A3,5.5722,0.11524,0.90477,NA
EZR,2017.9,-0.10812,0.31769,0.71733
MYL6,10844,-0.33226,0.018011,0.20641
AGO1,1036.7,0.044031,0.73096,0.92147
TEKT2,0.7363,-2.9523,0.36818,NA
CLSPN,504.95,-0.11067,0.59211,0.86637
RFFL,403.68,0.39286,0.042432,0.31298
UNC13D,26.044,-0.55124,0.30267,0.70632
MFSD11,490.74,-0.12774,0.41766,0.78499
DPYSL2,5637.3,-0.049361,0.66605,0.89529
TGFB2,31.183,-0.28069,0.49877,0.82201
GPATCH2,303.77,0.12247,0.49177,0.81985
NUP50,1315.4,0.17852,0.21325,0.62816
CDC45,217.11,-0.5339,0.024521,0.2403
COMT,2423.7,-0.36164,0.0068893,0.12388
ADA2,181.34,-0.49501,0.010757,0.15925
VNN3,0,NA,NA,NA
ECHDC1,1001.9,-0.090923,0.49993,0.82278
LRRFIP2,2709.8,-0.032175,0.79895,0.94492
SEC22C,1316.1,0.012078,0.92862,0.98316
XYLB,158.6,0.18796,0.49222,0.81987
HDAC6,689.29,-0.086478,0.55512,0.85072
OR1I1,43.318,0.11267,0.78341,0.93992
GABRP,40.97,0.12782,0.76866,0.93502
KRT31,0.69407,2.9822,0.37104,NA
CDC6,411.53,-0.1267,0.57265,0.85785
UPRT,172.31,0.11587,0.57024,0.8573
CDC23,587.69,-0.091286,0.52144,0.83453
AAAS,752.86,-0.068399,0.60409,0.87175
CBX5,2068.8,-0.3823,0.012444,0.17083
FMO2,0.30135,1.6888,0.67645,NA
SUCO,776.95,0.31978,0.022508,0.23165
MSH2,1002.5,-0.040414,0.75195,0.92973
MAP3K1,194.36,-0.18531,0.38161,0.76122
DHPS,740.9,0.03423,0.80189,0.94592
HOOK2,405.38,0.15203,0.39454,0.77085
NXPE1,0.72398,0.70969,0.83179,NA
ARCN1,4451.4,-0.1701,0.086187,0.42934
EPB41L4B,9.3252,-0.19797,0.80815,NA
TMEM38B,269.69,0.54417,0.091203,0.44226
PSMD5,1022.2,-0.068186,0.56761,0.85611
PTGS1,3921.9,0.38616,0.30888,0.71058
NUP188,1597,0.080246,0.53047,0.83815
CRAT,1940.8,-0.13845,0.19126,0.60126
SH2D3C,0.77896,0.17846,0.95854,NA
NANS,647.68,-0.072879,0.67585,0.89808
TBC1D2,233.15,-0.30216,0.12757,0.50985
WHRN,191.1,0.27659,0.23087,0.64475
PDE6C,4.9538,-0.05003,0.9626,NA
CWF19L1,272.84,0.12902,0.45653,0.80345
SEMA4G,80.25,-0.10161,0.76474,0.93352
BTAF1,1183.6,0.41384,0.022715,0.23213
IKZF5,358.04,0.13927,0.48829,0.8186
BLNK,26.456,1.2676,0.012763,0.17284
TLL2,18.386,0.33974,0.61937,0.87975
CYP26A1,0,NA,NA,NA
TDRD1,11.541,-0.084472,0.9186,NA
SORBS1,11.905,0.018031,0.97957,NA
CRTAC1,4.0028,0.24573,0.85534,NA
BAMBI,96.348,-0.6982,0.080396,0.41594
IL11,205.92,0.13629,0.58239,0.86163
MYO3A,0,NA,NA,NA
WAC,2752.2,-0.04295,0.68127,0.90012
CREM,189.06,0.099506,0.70892,0.91219
NUBP2,606.17,7.2877e-5,0.99962,0.9997
TPSD1,0,NA,NA,NA
SMIM24,2.2438,0.037995,0.98077,NA
HIVEP1,495.79,-0.13573,0.47184,0.81189
TREM2,0,NA,NA,NA
KCNK16,0,NA,NA,NA
CRISP3,0,NA,NA,NA
FKBP5,222.12,-0.15733,0.44561,0.7987
SRPK1,988.86,0.031708,0.82402,0.9525
BRPF3,926.62,-0.054221,0.7041,0.90942
MRPS18A,301.68,0.064007,0.77035,0.93544
PGC,0,NA,NA,NA
TMEM14A,457.39,0.098444,0.56663,0.85588
EFHC1,565.63,0.13921,0.37048,0.75424
NCR2,0,NA,NA,NA
HSP90AB1,17690,0.0029596,0.9775,0.99365
MLN,1.4485,2.6776,0.25443,NA
CDC5L,1245.3,0.12292,0.29929,0.70355
ITPR3,6301.7,0.32409,0.12225,0.50071
ZNF184,166.83,-0.42009,0.065439,0.37815
DSP,1134.7,0.77029,0.001972,0.062483
SIRT1,682,0.1942,0.13789,0.52477
HNRNPH3,2203,0.1213,0.26483,0.67927
IFT74,323.81,0.41587,0.040514,0.30836
JAK2,488.05,-0.13881,0.41358,0.78224
IL12RB1,12.912,0.48338,0.4541,NA
ABL1,6520.3,0.15456,0.22938,0.64352
ACOT7,965.9,-0.028544,0.85246,0.96174
SH3GLB1,3206,0.046906,0.67596,0.89808
CDC7,171.66,-0.47675,0.05334,0.34336
SYDE2,50.79,0.014456,0.97077,0.99259
PCSK5,111.58,-0.31551,0.46758,0.80877
SCD,659.04,0.70604,1.1819e-4,0.010271
TMED1,616.16,-0.12014,0.44387,0.79764
ABLIM1,63.8,0.25717,0.56254,0.85404
ERMP1,363.22,0.21238,0.16227,0.5624
RAB18,2094.1,0.02606,0.86902,0.96673
NRP1,19050,0.4008,0.02965,0.26444
PRTFDC1,143.4,-0.3299,0.12926,0.51265
PALMD,19.794,-0.27281,0.60298,0.8714
TSPAN15,5.149,-1.0166,0.37826,NA
MACROH2A2,240.36,-0.29465,0.14296,0.53071
WASHC2A,1484.7,0.37323,7.94e-4,0.035559
MAST3,432.38,0.16584,0.39083,0.76866
MZF1,512.12,0.062743,0.66672,0.89547
OCEL1,173.25,-0.047342,0.81658,0.95042
MYO9B,4852.3,0.33022,0.034257,0.28201
KCNK6,305.46,0.050813,0.76048,0.93235
CATSPERG,11.981,0.70275,0.31919,NA
PSMD8,1990.1,1.443e-4,0.99894,0.99963
FBXL19,561.59,0.18728,0.19475,0.60721
STX1B,131.64,0.5604,0.057503,0.35375
HSD3B7,2802.7,-0.2424,0.032141,0.2753
SETD1A,981.72,0.021938,0.90497,0.97672
BCL7C,1128.7,-0.30505,0.034736,0.28488
MAGEB2,0,NA,NA,NA
EFNA2,1.9583,-0.84035,0.62496,NA
CIRBP,4148.8,-0.10606,0.38989,0.76827
ATP5F1D,1095.3,-0.20534,0.13923,0.52614
CBARP,177.32,0.29817,0.14525,0.53486
PCDH11Y,5.0139,0.35292,0.75367,NA
AMELY,0,NA,NA,NA
IGFALS,2.9289,0.09871,0.94264,NA
HNRNPM,3690,0.22717,0.059316,0.36051
MARCHF2,454.77,0.01651,0.92302,0.98234
NDUFB7,701.87,-0.31765,0.042257,0.31239
TECR,901.86,0.12177,0.35204,0.74366
TIMM13,852.97,-0.097346,0.53945,0.84216
CDC34,792.7,-0.18314,0.20062,0.61521
MTAP,1018.9,-0.042712,0.82996,0.95435
MISP,4.2907,2.1293,0.067798,NA
CEP170B,2378.3,0.26195,0.05928,0.36051
POLR2E,2354.9,-0.16419,0.34201,0.73501
POLRMT,805.99,0.008681,0.9594,0.99019
HCN2,246.04,-0.040954,0.8205,0.95144
CDHR5,12.831,0.87796,0.32283,NA
IZUMO4,46.696,0.29589,0.4109,0.78051
RASSF7,87.447,-0.29886,0.33472,0.73044
GADD45B,1489.4,-0.67148,0.0015792,0.054391
PALM,1071.9,-0.32575,0.026963,0.25236
MADCAM1,14.409,0.58557,0.39583,NA
MKNK2,2447.7,-0.30634,0.14576,0.53486
ARVCF,150.8,-0.13434,0.58878,0.86462
TRMT2A,639.66,-0.14663,0.24715,0.662
RANBP1,1320.1,-0.27568,0.045584,0.32246
ZDHHC8,1655.8,0.18103,0.23378,0.64709
KLHL22,640.77,-0.0697,0.61884,0.8794
MED15,1781,-0.11972,0.27876,0.69069
SERPIND1,1.1531,-2.3161,0.42609,NA
SNAP29,984.05,0.036606,0.81473,0.94934
CRKL,1470.3,-0.21403,0.12313,0.50241
LZTR1,1660.8,0.27932,0.029821,0.26463
MMP11,100.01,-0.56719,0.02307,0.23334
CECR2,8.4813,0.46371,0.66783,NA
SMARCB1,1084.5,-0.1503,0.39298,0.7705
P2RX6,65.295,-0.92033,0.02473,0.24085
DERL3,4.1819,-0.26657,0.83194,NA
SLC7A4,0.83062,1.9574,0.4855,NA
BCL2L13,1509,-0.14352,0.20232,0.6167
DDTL,42.25,0.39988,0.30362,0.70666
DDT,566.15,-0.41523,0.0044675,0.10033
GSTT2,3.5286,0.25194,0.89286,NA
OSM,0,NA,NA,NA
CABIN1,1742.2,0.13646,0.35976,0.74806
TBC1D10A,389.78,-0.022965,0.87258,0.96797
SUSD2,33.845,-0.38693,0.36658,0.75308
SF3A1,1996.9,0.25214,0.091436,0.44249
GGT5,57.802,0.3183,0.4001,0.7734
RNF215,377.51,0.24305,0.12366,0.50303
SEC14L2,338.29,-0.071758,0.7131,0.91444
SEC14L3,5.1031,0.059326,0.9581,NA
SPECC1L,1880.8,0.051582,0.64939,0.88985
PPIL2,803.8,0.023604,0.86602,0.96539
UPB1,8.0646,0.65617,0.46947,NA
YPEL1,131.44,-0.35579,0.14842,0.54021
SNRPD3,1456.7,-0.31596,0.0036687,0.091871
PES1,1947.4,-0.070386,0.61004,0.87429
MAPK1,3689.2,-0.11305,0.28153,0.69283
GGT1,26.761,0.74107,0.14537,0.53486
PRODH,13.969,0.18044,0.79809,NA
PPM1F,1909.5,0.079207,0.48011,0.81587
SLC35E4,646.95,0.061933,0.71662,0.91617
TOP3B,326.45,-0.024677,0.90825,0.97817
CRYBB3,0,NA,NA,NA
CYTH4,0.10028,-0.55959,0.89087,NA
ESS2,437.27,-0.0018847,0.99045,0.9983
MFNG,1.4208,-2.3014,0.30231,NA
CARD10,301.87,-0.17318,0.33518,0.73044
SLC25A1,1677.7,-0.16479,0.17565,0.58072
GRK3,74.817,-0.075127,0.7953,0.94314
PLA2G3,1.0446,2.3549,0.3189,NA
LGALS2,11.675,0.88176,0.20123,NA
GGA1,833,0.12847,0.27567,0.68828
HIRA,987.46,-0.043151,0.73123,0.92172
SH3BP1,170.38,0.25803,0.18348,0.59182
SEZ6L,2.7767,-0.55604,0.69205,NA
LGALS1,30553,-0.15134,0.163,0.56391
HPS4,578.41,-0.091527,0.5584,0.85202
PIK3IP1,579.13,-0.15181,0.41857,0.78509
SRRD,290.86,-0.0035036999999999998,0.98261,0.99542
PATZ1,266,-0.077643,0.65838,0.8929
TRIOBP,5602.7,0.0089535,0.9427,0.98762
TFIP11,736.41,0.21437,0.13022,0.51309
GCAT,195.15,0.28527,0.1634,0.56436
GGTLC2,5.0156,-0.20987,0.83568,NA
CRYBB1,0.85815,3.2894,0.28205,NA
ANKRD54,463.77,-0.03717,0.79282,0.94243
EIF3L,9094.4,-0.15877,0.14548,0.53486
SNU13,1516.7,-0.15967,0.24315,0.65762
MICALL1,1513,-0.085332,0.56746,0.85599
POLR2F,652.53,0.06183,0.71659,0.91617
SOX10,1.3898,1.6539,0.46839,NA
CCDC134,139.3,0.050145,0.83618,0.95609
DEPDC5,224.81,0.59558,0.011968,0.16836
PICK1,98.416,-0.057312,0.83118,0.95449
TTC28,1631.8,-0.079561,0.62712,0.88445
SLC16A8,15.603,0.94766,0.16436,0.56478
CENPM,112.49,-0.36107,0.12387,0.50303
SEPTIN3,17.339,0.11266,0.84727,0.95981
SLC5A1,3.6906,0.62316,0.60875,NA
SLC5A4,0,NA,NA,NA
KDELR3,1376.5,-0.47097,1.4784e-4,0.012327
CYP2D6,19.446,0.41485,0.48043,0.81587
DDX17,8404.3,0.07971,0.49821,0.82173
DMC1,38.782,0.24117,0.55568,0.85102
TCF20,1407.9,0.17182,0.16546,0.56628
HSCB,213.63,0.040797,0.82395,0.9525
CBY1,532.69,-0.29773,0.049746,0.33447
TOMM22,807.92,-0.11374,0.44844,0.79961
RSPH14,2.9728,2.2497,0.19938,NA
XBP1,2303,-0.334,0.011414,0.16512
RTCB,1193.4,-0.088646,0.59106,0.86551
JOSD1,1709,-0.18791,0.16338,0.56436
FBXO7,1573.7,-0.13976,0.194,0.60589
GTPBP1,889.15,-0.064208,0.65102,0.89018
POLDIP3,1863.7,-0.16553,0.17729,0.5831
RAB36,233.95,0.10203,0.69352,0.9057
TIMP3,80773,-0.1825,0.13336,0.51935
PPP6R2,1447.5,0.12142,0.32655,0.72374
SBF1,4047.3,0.081025,0.38581,0.76463
SUN2,2806.6,-0.1348,0.22298,0.63787
CYB5R3,9764.6,-0.25183,0.011438,0.16512
DNAL4,279.66,-0.020161,0.91047,0.97885
C22orf31,0,NA,NA,NA
MIOX,16.706,0.92666,0.13672,0.52389
LMF2,2514.7,-0.046408,0.66517,0.89512
RHBDD3,224.81,-0.13032,0.56647,0.85586
PACSIN2,1223.4,0.16366,0.20602,0.62118
TTLL1,238.75,-0.26427,0.13251,0.51767
RASL10A,1.4918,0.71624,0.70713,NA
AP1B1,1421,0.033427,0.77694,0.93779
HMGXB4,830.06,-0.039726,0.73785,0.92417
TOM1,838.88,-0.062446,0.68579,0.90237
NEFH,51.209,0.060222,0.88113,0.97005
CHKB,606.19,-0.012205,0.93971,0.98684
BIK,1.3322,0.86165,0.6938,NA
HMOX1,1438.2,0.39633,0.010697,0.15861
MCAT,227.1,-0.09647,0.62919,0.88548
THOC5,886.83,0.028449,0.81358,0.94882
MCM5,1099.7,-0.45852,0.0033578,0.087019
APOBEC3H,1.6264,0.11729,0.95414,NA
ARSA,1323.5,-0.035001,0.78415,0.93992
TSPO,2835.7,-0.34175,0.0031019,0.082898
RASD2,9.3697,-1.2724,0.22994,NA
TTLL12,918.77,0.088055,0.52581,0.83581
CBX7,791.5,-0.085255,0.62374,0.88254
PDGFB,1.2503,-0.16467,0.94618,NA
ACR,2.1874,-0.3704,0.80872,NA
CABP7,3.4114,-0.8441,0.50861,NA
RPL3,50565,-0.25291,0.044253,0.31801
ZMAT5,226.12,-0.092454,0.66589,0.89529
RBFOX2,6414.9,-0.055556,0.55874,0.85202
SYNGR1,543.27,-0.36917,0.087426,0.43242
TAB1,644.27,-0.13024,0.43163,0.7916
ASCC2,857.96,0.023938,0.83657,0.95617
MTMR3,1133.8,0.13065,0.31123,0.71247
MIEF1,971.81,-0.035784,0.76306,0.93289
APOL4,82.462,0.069899,0.83678,0.95617
PNPLA5,2.644,0.161,0.91068,NA
APOL1,753.26,-0.097202,0.61001,0.87429
PNPLA3,78.695,0.22289,0.44012,0.79603
MYH9,21212,0.20391,0.088393,0.43479
CACNA1I,0.20671,-0.98918,0.80846,NA
SAMM50,724.47,-0.073697,0.60378,0.87159
TXN2,1207.9,-0.2644,0.062563,0.36781
FOXRED2,367.36,0.38221,0.032898,0.2772
GRAP2,0,NA,NA,NA
EIF3D,4154.5,-0.22023,0.067597,0.38517
TNRC6B,908.76,0.26573,0.22428,0.63899
SGSM3,1071,0.16012,0.25193,0.66725
IFT27,259.24,0.18892,0.27558,0.68828
PVALB,0,NA,NA,NA
KIAA0930,2388.9,-0.098897,0.44523,0.79862
NCF4,0,NA,NA,NA
CSF2RB,0.45863,2.2826,0.55612,NA
SLC25A17,412.27,-0.097225,0.56988,0.8573
UPK3A,0,NA,NA,NA
FAM118A,277.07,0.077269,0.70999,0.91297
KCTD17,605.26,0.14775,0.28402,0.69371
ST13,6406.3,-0.022082,0.87573,0.96873
IL2RB,5.6499,-0.88971,0.43635,NA
RBX1,711.12,-0.16808,0.26628,0.68027
EP300,2332.6,0.37587,0.0084429,0.13936
L3MBTL2,432.35,-0.24517,0.15765,0.55701
CHADL,14.048,-0.63167,0.40628,NA
RANGAP1,2432.1,-0.19864,0.10891,0.47702
ZC3H7B,4153.7,-0.17787,0.066045,0.38024
PHF5A,394.45,-0.075469,0.63774,0.8863
ACO2,1238.4,0.10659,0.33327,0.72972
POLR3H,1197.8,-0.074646,0.56587,0.85519
TRMU,330.03,0.091029,0.57107,0.8573
PMM1,1053.8,-0.17057,0.21863,0.63603
DESI1,1064.5,0.031901,0.77042,0.93544
CERK,1791.9,0.012973,0.9146,0.97995
BRD1,955.79,0.018033,0.88536,0.97105
ZBED4,534.44,-0.023295,0.88365,0.97031
MLC1,0,NA,NA,NA
HDAC10,818.34,0.47288,0.011701,0.16653
KCNK10,1.892,-0.61352,0.72317,NA
ABHD4,899.24,-0.049224,0.79765,0.94396
KHNYN,1901.7,0.075536,0.60329,0.87152
FKBP3,850.68,0.23387,0.10875,0.47702
SDR39U1,330.01,0.28697,0.093512,0.4458
CTSG,0,NA,NA,NA
GZMH,0,NA,NA,NA
GZMB,0.28154,1.6633,0.68202,NA
RBM23,970.68,-0.020207,0.90193,0.97626
PRMT5,970.53,-0.05469,0.68243,0.90079
COCH,4.8123,-0.35474,0.7331,NA
AP4S1,169.38,0.35395,0.10141,0.46335
POLE2,83.091,-0.29587,0.29541,0.70059
VCPKMT,117.04,0.47094,0.056256,0.34969
SOS2,742.02,0.089941,0.48642,0.81691
CDKL1,194.67,0.26299,0.22675,0.64223
NIN,2467.3,0.4045,0.005116,0.10587
PYGL,1187.1,-0.0027018,0.98301,0.99542
TRIM9,8.3377,-0.041123,0.96071,NA
PSMC6,876.92,-0.097555,0.47535,0.81323
GNPNAT1,1706.4,0.079164,0.70707,0.91067
DDHD1,1006.8,-0.12683,0.50089,0.82333
CDKN3,214.06,-0.16981,0.45855,0.80367
CNIH1,2224,0.093652,0.4359,0.79431
CGRRF1,182.22,0.23851,0.33412,0.73034
ATP6V1D,993.38,-0.044067,0.70406,0.90942
CCDC198,4.1662,0.36549,0.8151,NA
PLEK2,37.6,-0.36832,0.3435,0.73591
PIGH,172.37,0.14749,0.50366,0.82468
LRRC74A,0,NA,NA,NA
PSMA3,783.27,-0.0068781,0.95605,0.98999
VTI1B,2448.8,-0.13394,0.36579,0.75252
TIMM9,381.15,0.027945,0.86232,0.96453
GSTZ1,158.24,-0.12933,0.56682,0.85588
KIAA0586,438.48,0.079447,0.7053,0.90979
TMED8,482.37,0.12515,0.49068,0.81959
SAMD15,46.776,0.24809,0.55147,0.84896
AHSA1,1306,0.0055725,0.96943,0.99255
DAAM1,462.01,-0.028387,0.90362,0.97663
ISM2,3.066,-0.22622,0.89445,NA
SPTLC2,1622.8,0.10398,0.52201,0.83453
RIN3,1578.7,-0.27357,0.0077156,0.13319
LGMN,1113.1,-0.02432,0.86981,0.96705
ALKBH1,133.2,-0.36295,0.12226,0.50071
SNW1,1302.9,-0.12048,0.32038,0.71892
CHGA,0.16461,1.0556,0.79588,NA
ITPK1,940.99,0.03034,0.79879,0.9449
DHRS7,794.44,0.3765,0.0068241,0.123
PPM1A,1415.1,0.021697,0.83975,0.95674
SIX4,243.68,0.28081,0.17983,0.58642
GALNT16,157.26,-0.73028,0.0030282,0.081929
ASB2,0.51751,0.78188,0.836,NA
CEP128,137.31,0.404,0.1214,0.4989
ERH,1351.1,-0.061889,0.62225,0.88171
HIF1A,6332.3,-0.037231,0.75393,0.92978
SUSD6,504.72,0.086045,0.56892,0.85713
SRSF5,4051.8,0.1532,0.16681000000000001,0.56884
SLC10A1,0.94379,-2.0526,0.44586,NA
EIF5,7357.9,0.25349,0.0074121,0.13066
SERPINA4,0,NA,NA,NA
SLC8A3,0.82558,2.0643,0.46371,NA
DICER1,1294.8,0.14483,0.32695,0.72394
ZFYVE21,1050.3,-0.11514,0.36342,0.75064
MTHFD1,1524.5,-0.1789,0.1621,0.5624
TCL1A,1.5551,3.0369,0.15314,NA
ZC3H14,1496.5,0.060477,0.57501,0.85878
TELO2,823.42,-0.078666,0.55716,0.85132
PCNX1,1759.2,0.045462,0.76091,0.93235
BDKRB1,289.41,0.31746,0.30758,0.70966
GSKIP,416.56,-0.044213,0.76543,0.93352
VRK1,221.12,-0.13763,0.4736,0.81218
PSMC1,1763.4,-0.13458,0.30574,0.70826
PAPLN,70.954,-0.0049983,0.98697,0.99723
RPS6KA5,149.17,1.0897,6.0993e-5,0.0066144
PPP4R3A,1187.2,-0.019222,0.86877,0.96665
C14orf93,160.94,-0.18187,0.4457,0.7987
PSMB5,1647.1,-0.15456,0.24206,0.65598
YY1,2889.3,0.038466,0.74947,0.92893
ACIN1,4016.5,0.2091,0.066931,0.38252
CCNB1IP1,529.9,0.045867,0.75525,0.93001
TRIP11,1497.4,0.32648,0.067357,0.38425
APEX1,2450,-0.098288,0.45177,0.80112
PABPN1,3276.3,0.26578,0.0060054,0.11646
EFS,457.08,-0.41062,0.008899,0.14328
ARHGAP5,1726.9,-0.111,0.35804,0.74698
CINP,476.69,-0.13552,0.36098,0.7495
DHRS2,6.8396,3.3117,0.0066992,NA
SRP54,881.32,0.11941,0.33545,0.73044
CPNE6,0,NA,NA,NA
CHD8,1736.4,0.38254,0.0011827,0.045916
PCK2,1456.8,-0.40346,0.015404,0.19141
PRORP,507.43,0.23814,0.15946,0.55985
DCAF11,789.37,0.021552,0.91307,0.97936
PSMA6,1196.6,-0.023666,0.86882,0.96665
NFKBIA,488.59,0.42699,0.0084737,0.13943
EMC9,174.37,0.050799,0.8044,0.94676
PSME2,703.71,0.1633,0.25182,0.66725
BRMS1L,220.85,-0.13266,0.46194,0.80567
REC8,83.716,0.3885,0.20617,0.62139
TM9SF1,1537.7,-0.069694,0.62676,0.88439
SEC23A,4116,-0.27399,0.0057312,0.11371
GMPR2,889.83,-0.086251,0.57709,0.85964
PNN,1720.9,0.34822,0.017494,0.20297
RABGGTA,358.36,-0.1008,0.57659,0.85946
NFATC4,5355.7,-0.028833,0.81751,0.95063
PLTP,248.01,-0.35355,0.070498,0.39115
PCIF1,459.71,-0.3533,0.030645,0.2688
GSS,835.41,0.0027174,0.98229,0.99542
MMP9,1.2182,1.4599,0.5697,NA
VSX1,2.5517,1.1326,0.4187,NA
TRPC4AP,2413.7,-0.01131,0.90695,0.97759
PYGB,3800.6,0.10346,0.31191,0.71249
ABHD12,776,-0.059422,0.6211,0.88081
PROCR,353.63,-0.093213,0.5533,0.84949
GINS1,185.79,-0.14657,0.53156,0.8383
NINL,279.06,-0.38646,0.03987,0.30661
CD40,293.53,-0.14416,0.41146,0.78077
UQCC1,730.04,-0.16521,0.22263,0.63763
ZMYND8,978.17,0.045035,0.79896,0.94492
SGK2,11.472,0.64489,0.43187,NA
IFT52,683.14,0.043796,0.76742,0.93458
MYBL2,582.31,-0.60362,6.4502e-5,0.0068362
R3HDML,0.17486,1.0904,0.78929,NA
HNF4A,5.7691,-0.52883,0.60234,NA
NDRG3,868.01,-0.12698,0.3414,0.73487
SLA2,5.6663,0.12094,0.91064,NA
RAB5IF,940.47,-0.092704,0.57539,0.85887
NFATC2,136.89,-0.74561,0.0053976,0.10982
RIMS4,624.66,-0.35332,0.7379,0.92417
PABPC1L,335.79,0.36954,0.11371,0.48473
STK4,982.94,0.3061,0.061028,0.36424
SALL4,7.264,0.61737,0.50514,NA
ADNP,1759.6,0.088436,0.46684,0.80805
PFDN4,418,-0.17329,0.37102,0.75444
DOK5,326.16,-0.5181,0.0082705,0.13773
CSTF1,491.84,-0.26769,0.075139,0.40096
BMP7,4.9634,1.2986,0.2772,NA
RAE1,522.84,-0.031396,0.82694,0.95394
TPD52L2,3729.5,-0.18149,0.085787,0.42844
DNAJC5,2164.9,0.031456,0.80491,0.94676
NELFCD,1045.5,-0.028322,0.81357,0.94882
CTSZ,6456.2,-0.23787,0.02127,0.2231
PRPF6,1992.4,0.0415,0.71549,0.91568
TUBB1,2.8914,-1.6847,0.26347,NA
PRELID3B,1107.3,-0.23944,0.043159,0.31411
HRH3,0,NA,NA,NA
MTG2,436.04,0.0019774,0.98978,0.9982
PSMA7,2288.9,-0.13166,0.39784,0.77226
SLCO4A1,143.92,0.24271,0.78214,0.93989
NTSR1,427.13,-0.15983,0.85092,0.96124
MRGBP,547.83,-0.10885,0.51891,0.83349
TCFL5,618.95,-0.016392,0.90407,0.97672
DIDO1,1560.2,0.11386,0.31354,0.71416
GID8,1434,-0.052368,0.64197,0.88731
SLC17A9,687.92,-0.081464,0.68933,0.90391
BIRC7,0,NA,NA,NA
NKAIN4,0,NA,NA,NA
ARFGAP1,1843.5,0.018485,0.88458,0.9707
AVP,0,NA,NA,NA
COL20A1,1.6659,-0.073897,0.97098,NA
CHRNA4,0,NA,NA,NA
EEF1A2,45.956,-0.23704,0.56072,0.85347
PTK6,18.449,-0.039651,0.94472,0.98791
GMEB2,458.46,-0.19544,0.21563,0.63175
C20orf27,750.96,-0.19,0.1611,0.56177
SPEF1,3.7664,-0.23762,0.86548,NA
CDC25B,1865.5,0.18824,0.2441,0.65852
ISM1,79.885,-0.078122,0.77868,0.93854
RNF24,2610.9,0.017693,0.90512,0.97672
ARFRP1,729.89,0.063995,0.63257,0.88575
NDUFAF5,143.67,0.3875,0.099022,0.45914
SEL1L2,0,NA,NA,NA
TRIB3,1183.5,-0.18385,0.35964,0.74806
RASSF2,398.95,-1.0119,4.1585e-8,1.9489e-5
CSNK2A1,2209.2,-0.094498,0.41328,0.78224
SLC52A3,5.427,-0.10326,0.92623,NA
ANGPT4,5.5617,-0.37425,0.71422,NA
RSPO4,38.166,-0.34453,0.42344,0.78736
CDS2,1043.8,-0.20151,0.11154,0.48159
PROKR2,12.458,0.24934,0.7092,NA
HM13,3127.5,-0.055869,0.6668,0.89547
SNPH,330.14,0.52192,0.0029967,0.081244
MYLK2,3.7839,-0.21849,0.86261,NA
SIRPB1,30.88,-0.044343,0.9221,0.98229
SEC23B,637.14,-0.017908,0.90703,0.97759
FERMT1,39.646,0.30016,0.43425,0.79333
HAO1,0,NA,NA,NA
PDYN,0,NA,NA,NA
CCM2L,0,NA,NA,NA
PLCB4,926.07,-0.063533,0.63509,0.88597
MYL9,3266.2,-0.50789,5.6935e-4,0.029647
HCK,1.0924,-1.3079,0.61447,NA
TM9SF4,1894.7,-0.078104,0.4455,0.7987
TLDC2,1.467,1.8704,0.43605,NA
CRNKL1,746.53,0.13984,0.26731,0.68043
POFUT1,2224.8,0.033024,0.75495,0.93001
SAMHD1,761.2,0.21312999999999999,0.089523,0.43816
PAK5,0,NA,NA,NA
KIF3B,2486.4,0.22444,0.038267,0.30012
MROH8,18.761,-0.60778,0.26879,0.68195
NOP56,1631.8,0.063684,0.68504,0.90216
MANBAL,734.72,-0.10905,0.46546,0.80755
IDH3B,845.52,0.040249,0.74946,0.92893
MAPRE1,2019.2,-0.059867,0.66366,0.89442
JAG1,164.39,-0.44117,0.15762,0.55701
CDK5RAP1,250.44,-0.0038848,0.98202,0.99542
SNTA1,658.68,-0.38441,0.01442,0.18477
OXT,0.33356,-1.7837,0.65827,NA
TTI1,506.3,0.2653,0.076955,0.40522
E2F1,559.82,-0.32148,0.10902,0.47702
RPRD1B,485.61,0.04812,0.75386,0.92978
PXMP4,320.95,-0.15432,0.42238,0.78688
CHMP4B,1972.7,-0.069182,0.57112,0.8573
BPI,0,NA,NA,NA
CST9L,0,NA,NA,NA
SLC32A1,0,NA,NA,NA
CST3,5993,-0.27161,0.015024,0.1892
ASIP,1.7839,-2.032,0.3174,NA
CST4,0.15219,-0.8268,0.83943,NA
ACTR5,136.08,0.14486,0.49683,0.82107
WFDC2,0.3107,1.4222,0.72744,NA
AHCY,2143.9,-0.050685,0.6689,0.89615
PPP1R16B,0.17539,1.0922,0.78896,NA
SPINT3,0,NA,NA,NA
FAM83D,298.91,-0.3137,0.050504,0.33674
EPPIN,19.342,0.54628,0.36588,0.75252
DHX35,241.99,-0.023803,0.91108,0.97895
DNTTIP1,734.94,0.068771,0.59789,0.86941
MAP1LC3A,346.18,-0.29923,0.095274,0.45031
SYNDIG1,17.449,0.056776,0.92338,0.98234
PIGU,253.75,-0.09673,0.58384,0.86259
TNNC2,13.983,0.17939,0.79139,NA
ACOT8,238.66,0.15403,0.43133,0.7916
APMAP,2193.5,0.01652,0.89367,0.97414
CELF4,5.4051,-0.95811,0.42253,NA
ZNF516,924.1,0.25878,0.17215,0.57587
CDH20,6.267,-1.397,0.1339,NA
ADNP2,600.86,0.48184,0.002619,0.073905
RBFA,491.14,0.06254,0.6378,0.8863
USP14,1645.3,0.11427,0.41898,0.78511
VAPA,2257.7,-0.069533,0.49143,0.8198
METTL4,220.71,-0.082274,0.72269,0.91811
LPIN2,1330.9,0.17088,0.2463,0.66079
SMCHD1,1686.8,0.17125,0.20694,0.62277
MYOM1,37.517,-0.72721,0.099722,0.46043
MYL12A,3621.4,-0.42835,0.002527,0.07255
CEP76,109.88,0.058295,0.83063,0.95449
ST8SIA5,12.289,-0.32721,0.67203,NA
CEP192,618.73,0.069687,0.63119,0.88575
RNMT,976.8,0.099227,0.45827,0.80354
SMAD7,709.72,-0.16056,0.2316,0.64542
LIPG,28.038,1.584,0.0051986,0.10709
LAMA1,96.047,0.46149,0.13948,0.52614
RNF125,26.55,0.29732,0.54519,0.84563
ANKRD12,2112.4,0.20147,0.16131,0.5622
NOL4,0,NA,NA,NA
POLI,490.7,0.36385,0.020091,0.21896
MIB1,1957.8,0.36835,0.0054399,0.10982
RBBP8,520.55,-0.099907,0.49166,0.81985
RIOK3,1382.4,-0.028378,0.79911,0.94496
CSTF2,251.96,0.2658,0.13386,0.52015
H2BW2,8.7196,0.54151,0.52747,NA
MXRA5,8121.3,-0.45358,0.02103,0.22285
VSIG1,6.5207,1.8406,0.072231,NA
PSMD10,727.02,-0.073966,0.56056,0.85333
ATG4A,148.76,0.3492,0.15828,0.55832
STS,1607.7,0.095238,0.36672,0.75308
TBL1X,1332.6,0.1054,0.43965,0.79603
GPR143,1.0272,-2.0757,0.37411,NA
PGRMC1,3377.7,-0.2208,0.040421,0.30819
POLA1,565.3,-0.036217,0.82133,0.95174
MID1,523.9,-0.0021912,0.99014,0.9982
NKAP,437.11,0.30898,0.042881,0.31367
RHOXF1,0.32207,0.13865,0.97289,NA
NXT2,173.17,-0.15576,0.47202,0.81199
GUCY2F,0.34403,1.9706,0.62565,NA
ATP1B4,5.0133,-0.51178,0.67144,NA
MCTS2P,45.23,-0.10608,0.7801,0.9395
ALG13,560.41,-0.12439,0.43268,0.79223
PRPS2,587.68,-0.18245,0.23428,0.64719
TLR8,1.472,-0.84764,0.68488,NA
MOSPD1,242.16,0.085383,0.63668,0.88597
AMMECR1,456.34,-0.082195,0.60803,0.87331
CHRDL1,11.415,-0.33778,0.62039,NA
WDR13,1472.5,-0.41383,0.010125,0.15292
SUV39H1,179.33,-0.11509,0.56777,0.85619
PAGE4,0,NA,NA,NA
SRPX,2415.7,-0.031355,0.76838,0.93488
GLRA2,2.4095,2.8287,0.11723,NA
XIAP,1169.7,0.46782,2.4899e-4,0.017379
STAG2,2801.6,-0.0039221,0.97344,0.99285
ATP11C,1122,0.13891,0.24965,0.66501999999999994
MCF2,0.61614,1.3814,0.66281,NA
F9,0,NA,NA,NA
ABCD1,563.87,0.14097,0.28531,0.69371
CCDC22,316.12,-0.18296,0.27452,0.68725
CACNA1F,1.4737,1.622,0.5256,NA
SYP,21.533,0.40158,0.42793,0.79
PLP2,1973.6,-0.33714,0.0048911,0.10555
BMX,0,NA,NA,NA
LUZP4,0,NA,NA,NA
PLS3,3030,-0.28143,0.010223,0.1532
NAA10,994.81,-0.099102,0.44644,0.79903
RENBP,18.789,0.21849,0.71701,0.91617
ELF4,1100.3,-0.15533,0.1695,0.57298
SMARCA1,1712.6,-0.092235,0.37032,0.75424
MTMR8,0.82169,-0.3945,0.88951,NA
ASB9,4.2061,-0.58556,0.60196,NA
ZC3H12B,59.609,-0.095617,0.75643,0.93087
RBBP7,2145.3,-0.014632,0.89029,0.97304
PPP1R2C,0.15924,-0.83864,0.83716,NA
KCND1,36.626,0.43351,0.40285,0.77487
OPN1LW,0,NA,NA,NA
SLC25A14,123.88,-0.059207,0.7951,0.94314
FMR1,793.11,-0.0089511,0.95639,0.98999
PIM2,79.823,0.12814,0.63111,0.88575
SCML2,106.05,0.01813,0.94909,0.98969
SLC35A2,408.63,-0.26693,0.09522,0.45026
PQBP1,648.53,0.0067952,0.96924,0.99254
RS1,0,NA,NA,NA
PCSK1N,16.143,-0.28366,0.65342,0.89102
EMD,928.41,-0.27546,0.023562,0.2353
TAZ,378.96,-0.075674,0.63283,0.88575
RAB40AL,0.83005,0.69645,0.80564,NA
PGK1,13040,-0.28791,0.053697,0.34336
GATA1,0,NA,NA,NA
MAGT1,1735.4,0.26716,0.0095027,0.14774
SMS,1671.2,-0.11122,0.36862,0.7537
PHEX,123.55,0.033774,0.93092,0.98393
UBL4A,780.15,-0.41484,0.0031225,0.083117
CD99L2,2656.8,-0.12883,0.25409,0.66805
EEA1,2247.5,-0.058643,0.67809,0.89895
GPR50,0,NA,NA,NA
RP2,591.51,-0.049879,0.73366,0.92317
JADE3,276.21,-0.11088,0.60828,0.87348
CDK16,2391,-0.11935,0.28726,0.69546
USP11,888.86,0.097763,0.42776,0.78997
PCYT1B,4.2687,1.2998,0.31363,NA
BRS3,0,NA,NA,NA
HTATSF1,1224.4,-0.14589,0.21709,0.63416
VGLL1,1.5876,4.3019,0.093808,NA
CD40LG,1.1456,-0.29381,0.88753,NA
TIMP1,41324,0.42306,0.002316,0.068294
KLHL4,1.2166,0.28486,0.89643,NA
GABRE,957.15,0.22902,0.3284,0.72488
PCDH11X,0,NA,NA,NA
FGD1,739.67,0.090798,0.49041,0.81946
PIN4,318.2,-0.031433,0.88117,0.97005
PORCN,298.82,0.19075,0.25319,0.66727
ITIH6,0,NA,NA,NA
MAGED2,2663.5,-0.26119,0.028222,0.25861
RBM3,4166.9,-0.20023,0.06985,0.38943
KLF8,88.365,0.22425,0.49542,0.82062
SRPX2,2578.7,0.31895,0.0070166,0.12561
SYTL4,162.19,0.78985,3.0706e-4,0.01991
ZDHHC15,9.2726,0.16876,0.83591,NA
CENPI,286.41,-0.21747,0.36706,0.75308
DRP2,25.379,-0.55173,0.3009,0.70482
TAF7L,5.5727,-0.9888,0.34625,NA
PBDC1,365.81,-0.1654,0.32595,0.72311
GLA,223.53,0.01914,0.91973,0.98156
ARMCX3,2195.7,0.025247,0.81635,0.95033
BEX4,254.97,0.086482,0.67029,0.89704
RUBCNL,32.476,0.47974,0.2771,0.68951
NALCN,118.37,0.13515,0.64876,0.88985
FGF14,344.45,-0.25489,0.18204,0.59033
HTR2A,24.285,-0.44614,0.41821,0.78499
NDFIP2,572.51,0.26641,0.062093,0.36691
TNFSF13B,15.931,-0.53596,0.35955,0.74806
FNDC3A,2263.3,0.1158,0.40256,0.77472
MLNR,0.70139,1.6362,0.63017,NA
CDADC1,163.18,-0.58808,0.013987,0.18202
CAB39L,404.83,0.24989,0.092121,0.44393
KLF5,80.426,0.91469,0.002612,0.073868
STK24,2859.6,-0.05118,0.64109,0.88731
ACP5,11.75,0.079024,0.91162,NA
DNAJC3,1962.9,0.15545,0.25134,0.66667
UGGT2,1255.8,-0.0062032,0.96407,0.99196
ARHGEF7,1273.2,0.1959,0.15943,0.55985
FGF9,80.175,-1.6485,5.495e-4,0.029317
SGCG,23.378,-1.026,0.055719,0.34816
PARP4,2347.1,0.22275,0.079049,0.41257
SUPT20H,672.45,-0.1009,0.49451,0.82
MRPS31,258.29,0.089413,0.58852,0.86462
SLC25A15,210,0.21008,0.3123,0.71249
KPNA3,1551.7,-0.024478,0.87156,0.96748
FLT1,65.877,0.47002,0.14272,0.53023
RGCC,79.237,0.63837,0.020483,0.22023
VWA8,480.62,0.36937,0.0067091,0.1222
DGKH,377.93,-0.13979,0.45967,0.80404
KATNAL1,915.09,-0.15864,0.17727,0.5831
INTS6,784.97,0.13626,0.33854,0.73343
ACOD1,0,NA,NA,NA
DHRS12,75.025,-0.41452,0.21256,0.62816
MEDAG,487.67,-0.30411,0.058886,0.35956
TSC22D1,3573.4,0.079487,0.39055,0.76857
CLN5,1005.6,0.23338,0.051558,0.33927
OLFM4,1.3285,-1.4521,0.50392,NA
MSLN,11.727,1.7024,0.040108,NA
MGRN1,1248.9,0.10226,0.34976,0.74075
ZNF629,662.08,0.033611,0.78537,0.94004
TRADD,580.33,0.059449,0.70422,0.90942
HSF4,198.04,0.48515,0.042346,0.31252
CORO1A,13.882,0.32939,0.60909,NA
MAPK3,1168.2,-0.094386,0.39934,0.77323
GDPD3,41.525,-0.46711,0.27399,0.68674
ELMO3,44.726,0.45435,0.2926,0.69916
MT4,0,NA,NA,NA
PHKB,1287.6,-0.18069,0.18591,0.59466
LYRM1,280.57,-0.28612,0.13899,0.52597
NUTF2,1392,-0.0062828,0.9594,0.99019
NUP93,627.9,0.052215,0.6782,0.89895
CENPT,1074.5,0.039271,0.80125,0.94582
TSNAXIP1,39.132,0.6536,0.088204,0.43479
NFAT5,3058,0.39156,0.062214,0.36691
LONP2,1815.7,0.20991,0.071743,0.39454
N4BP1,1005.1,-0.35844,0.013813,0.18084
CBLN1,0.12045,0.86323,0.83246,NA
ARL2BP,1771.2,-0.21683,0.059119,0.35998
PLLP,207.95,-0.15094,0.58228,0.86163
ZNF423,16.979,-1.1589,0.049043,0.33315
CCL22,12.018,-0.13309000000000001,0.85996,NA
DHODH,119.14,-0.22398,0.41429,0.78254
CCL17,0,NA,NA,NA
CTCF,1030.4,0.066423,0.56555,0.85519
ACD,311.13,-0.15122,0.32329,0.72144
POLR2C,867.28,-0.037365,0.79577,0.94319
PARD6A,21.79,-0.60401,0.25052,0.66599
ZNF821,132.87,-0.43142,0.1046,0.47039
MMP15,67.154,0.33837,0.27818,0.69004
USB1,638.03,0.31984,0.020049,0.21886
CYB5B,1214.4,-0.16594,0.13304,0.51879
CCDC113,156.39,0.3412,0.29101,0.69877
PRSS54,0,NA,NA,NA
NME3,359.02,-0.39664,0.013808,0.18084
NDRG4,278.77,0.26133,0.17055,0.5738
PSMD7,1380.2,-0.027515,0.82605,0.95334
SETD6,189.12,-0.26146,0.1819,0.59033
SLC38A7,474.04,0.17181,0.25569,0.66997
VAC14,504.26,0.070693,0.61127,0.87527
HAS3,20.997,0.994,0.093535,0.4458
TANGO6,343.75,0.084513,0.60243,0.87126
COG4,1380.5,0.11056,0.45188,0.80112
SMPD3,41.821,-0.056767,0.87824,0.96911
SLC7A6OS,444.39,0.0082068,0.97093,0.99259
SLC7A6,609.72,-0.20343,0.322,0.72019
PLA2G15,507.87,0.12787,0.38832,0.76716
ESRP2,7.3137,2.2866,0.047505,NA
FA2H,0.15715,1.0167,0.80323,NA
WDR59,782.54,0.26451,0.075585,0.40178
MON1B,1065.3,0.055194,0.72734,0.91974
CMC2,295.17,-0.054098,0.7815,0.93988
AXIN1,875.45,0.060392,0.72135,0.91806
HCFC1R1,437.35,-0.61148,0.0077413,0.13319
NPRL3,861.29,0.21306,0.12378,0.50303
MLYCD,239.64,0.54525,0.016531,0.19793
MPG,1440.4,-0.12174,0.35806,0.74698
NECAB2,7.8089,0.32455,0.70806,NA
HSDL1,448.39,0.13862,0.36461,0.75173
TAF1C,842.18,0.015165,0.93582,0.98507
NAGPA,339.21,0.044233,0.82572,0.95331
WFDC1,4.2948,-0.80405,0.50799,NA
SEC14L5,53.839,-0.26776,0.48515,0.81691
COTL1,4478.1,-0.14892,0.26218,0.6764
USP10,1583.5,0.018569,0.89866,0.9758
CRISPLD2,748.9,-0.080277,0.60037,0.87049
TSC2,2107.1,0.12369,0.46579,0.80762
ZNF500,312.62,-0.06466,0.76133,0.93244
NME4,1496.1,-0.30453,0.041392,0.30952
ABCC1,2602.4,0.075024,0.54423,0.84518
NOMO3,1390,0.11241,0.49973,0.82266
LMF1,297.05,-0.023987,0.89836,0.9758
FOXF1,16.501,0.73117,0.2098,0.62537
CIAO3,367.74,-0.0045193,0.97689,0.99365
MTHFSD,273.85,0.12663,0.57179,0.8573
CLCN7,1510.3,0.096552,0.41167,0.78077
HAGHL,156.29,-0.015677,0.9562,0.98999
ANTKMT,272.3,0.066944,0.69499,0.90582
SLC7A5,3481.8,-0.20643,0.069827,0.38943
METRN,1138.9,-0.18484,0.22263,0.63763
FBXO31,831.19,0.11456,0.44078,0.79603
STUB1,1732.1,-0.020796,0.88268,0.97005
RHBDL1,60.881,0.25644,0.39191,0.76965
NUBP1,229.23,-0.32338,0.084641,0.42644
UBE2I,2366.5,-0.098822,0.38396,0.76303
ZP2,2.8892,0.64272,0.69915,NA
MEFV,4.3773,-0.35169,0.74722,NA
CRYM,2.2169,0.11841,0.93844,NA
EEF2K,767.5,0.1143,0.41771,0.78499
CAPN15,1319.9,0.15938,0.41769,0.78499
PIEZO1,10325,0.034202,0.78048,0.9395
GSPT1,3403.9,0.11387,0.41155,0.78077
ZNF174,192.54,-0.053031,0.79552,0.94314
CLUAP1,724.05,0.13075,0.31954,0.71888
UBFD1,2231.1,0.2451,0.016177,0.19709
PRSS33,0,NA,NA,NA
EARS2,432.03,-0.25752,0.087006,0.43164
ELOB,1652.9,-0.21925,0.10759,0.47542
GGA2,1087.2,0.097125,0.5492,0.84818
AQP8,0,NA,NA,NA
CPPED1,677.73,-0.24297,0.079164,0.41262
USP31,288.48,0.029111,0.89472,0.97423
HMOX2,478.47,0.044662,0.76323,0.93289
DNAJA3,833.72,-0.14135,0.22555,0.64111
CORO7-PAM16,20.109,0.74864,NA,NA
BFAR,1373.4,-0.045936,0.71511,0.9156
SALL1,105.4,0.25891,0.37996,0.76073
TOX3,0.79839,0.68314,0.79209,NA
RBL2,2084.6,0.044108,0.6763,0.89813
QPRT,41.117,-0.2257,0.61565,0.87762
XYLT1,3003.7,0.095193,0.48107,0.81642
PYCARD,218.57,-0.37309,0.066313,0.38069
RPGRIP1L,316.3,0.14841,0.33669,0.73219
MAZ,4141.8,-0.42333,2.6845e-5,0.0033871
STX4,1381.2,0.21527,0.047717,0.32884
CDIPT,2248.5,-0.040361,0.75007,0.92893
BCKDK,1015,-0.4755,6.9295e-5,0.0069357
KAT8,483.88,-0.036559,0.81421,0.9491
NOMO1,4111.8,0.16704,0.12243,0.50076
IL21R,24.338,-0.4244,0.38252,0.76203
SYT17,10.315,0.3995,0.62655,NA
TMC5,2.4683,-1.3449,0.49578,NA
CCP110,722.23,-0.1438,0.31527,0.71611
VPS35L,1149.8,0.021037,0.87677,0.96911
SLC6A2,0.64654,2.8029,0.40994,NA
RNF40,2221,0.22117,0.051173,0.33824
KNOP1,431.45,0.075051,0.75366,0.92978
AQP9,5.0448,-0.9069,0.38617,NA
AAGAB,720.39,-0.011057,0.94225,0.98753
IQCH,36.262,0.47921,0.25606,0.67023
LACTB,338.6,0.35642,0.10983,0.47849
CORO2B,776.48,0.32697,0.18,0.58667
CSK,1185,-0.047616,0.7014,0.90929
HERC1,1825,0.41908,0.0342,0.28178
TRIP4,438.06,-0.14885,0.29631,0.70134
MTFMT,259.38,0.25924,0.16418,0.56478
RASL12,9.8551,0.33957,0.63491,NA
AP3B2,31.875,0.80974,0.05635,0.34977
ACSBG1,22.842,0.39427,0.43183,0.7916
IGDCC4,106.66,-0.11518,0.70322,0.90942
RAB11A,1858.7,0.0030349,0.97929,0.99469
CTSH,36.217,-0.64395,0.14209,0.52856
TTC23,487.81,-0.056273,0.75324,0.92978
CD276,3236.2,0.057906,0.60637,0.87264
FAH,503.64,-0.057547,0.67843,0.89895
CEMIP,8618.8,0.17912,0.62255,0.88181
RPAP1,546.37,0.039844,0.78985,0.94112
HOMER2,192.59,0.040905,0.83688,0.95617
EHD4,875.8,0.032974,0.83895,0.95665
TMEM87A,861.14,0.18915,0.10502,0.47098
ZNF106,2300.2,0.29338,0.0086163,0.14082
CEP152,286.8,0.18614,0.38278,0.76214
ATP8B4,45.307,0.069824,0.85023,0.96116
OCA2,0.31419,1.8344,0.65046,NA
DTWD1,1407,-0.089181,0.43043,0.79147
TGM5,3.3014,1.5436,0.24048,NA
FAM189A1,3.3025,-1.6583,0.30507,NA
GABPB1,354.57,-0.28349,0.057145,0.35287
TJP1,1897,0.077298,0.5619,0.85378
BMF,65.995,-0.51105,0.21203,0.62754
DMXL2,749.56,0.33123,0.046268,0.32397
SCG3,9.1999,0.26262,0.76693,NA
DNAJC17,198.61,-0.41386,0.062915,0.36881
EIF3J,999.34,0.04941,0.72616,0.91939
SPG11,1311.8,0.13192,0.38141,0.76122
RHOV,4.1883,0.67323,0.62273,NA
VPS18,749.37,0.28092,0.050157,0.33539
OIP5,57.979,-0.35581,0.27768,0.68995
SLC30A4,189.33,0.39536,0.043591,0.31626
BLOC1S6,1375.4,0.2275,0.061167,0.36446
MYEF2,94.512,0.13505,0.69774,0.90758
SGK3,189.03,-0.34484,0.1194,0.49629
PDGFRL,66.961,-0.84298,0.031842,0.27381
CSPP1,385.76,0.04087,0.7858,0.9402
ZDHHC2,948.55,0.10903,0.4853,0.81691
BRF2,123.14,-0.45283,0.088258,0.43479
TRIM35,520.63,0.16732,0.24486,0.65926
ZFAND1,454.69,4.467e-4,0.99766,0.99957
RP1,1.6553,0.73558,0.68079,NA
CA2,4.9665,1.7146,0.22588,NA
FZD3,98.446,1.6842,1.3121e-6,3.311e-4
INTS9,255.21,0.081328,0.6472,0.88968
RIPK2,468.39,0.082833,0.58442,0.86282
EYA1,1.6398,-0.61076,0.73346,NA
NBN,848.04,0.038888,0.79661,0.94343
TRPA1,166.59,-0.16844,0.45732,0.80345
CPQ,1490.4,-0.17338,0.14385,0.53232
DECR1,751.37,-0.19241,0.23881,0.65203
CALB1,10.068,-0.056208,0.94126,NA
BPNT2,3009.9,0.11216,0.42094,0.78594
SFRP1,832.74,0.28846,0.20147,0.61579
LAPTM4B,952.17,-0.11199,0.39312,0.7705
UBE2W,493.83,-0.060855,0.7025,0.90942
POP1,229.89,-0.26012,0.28719,0.69546
NIPAL2,1032.2,-0.3345,0.018985,0.21236
IKBKB,1004.3,0.071299,0.60142,0.87068
PLAT,3267.9,-0.40861,0.043064,0.31411
JPH1,0.34793,1.9851,0.623,NA
DKK4,0.17034,1.0972,0.78801,NA
STK3,579.86,-0.10853,0.39679,0.77146
GDAP1,70.646,0.1126,0.7133,0.91451
RAB2A,2849,-0.033415,0.79321,0.94253
EIF3E,6577.8,-0.17245,0.11536,0.48854
EMC2,567.91,0.0507,0.73856,0.92448
ESRP1,13.35,3.3025,5.4405e-4,NA
CCN4,1471.5,-0.79709,2.3264e-6,5.4512e-4
NDRG1,13369,0.054324,0.65117,0.89026
ZC2HC1A,356.74,0.1375,0.5172,0.83275
IL7,84.928,-0.57873,0.097944,0.45656
STMN2,145.53,-0.33825,0.23324,0.64652
ARMC1,730.65,0.1375,0.3158,0.71662
TRPS1,1561,0.55566,0.0043936,0.099402
SPAG1,60.784,-0.25764,0.42209,0.78672
CHRAC1,630.63,-0.30078,0.070329,0.39057
NCALD,109.48,0.36789,0.18456,0.59361
SNX16,215.21,-0.45249,0.05888,0.35956
GML,0,NA,NA,NA
UBR5,2769.7,0.1147,0.34916,0.74018
GSDMD,828.17,-0.17025,0.19623,0.60875
GFUS,651.43,-0.21103,0.1573,0.55671
PYCR3,242.39,-0.31656,0.13653,0.52341
EEF1D,8698.2,-0.16516,0.19357,0.60554
ANXA13,0.14528,-0.74925,0.85431,NA
SQLE,691.08,0.23334,0.11368,0.48473
SH2D4A,891.35,-0.56051,0.0015135,0.053246
INTS10,779.32,0.21026,0.14526,0.53486
ERI1,630.67,-0.083151,0.58856,0.86462
SLC39A14,2652,0.24202,0.10498,0.47098
MTMR9,574.14,0.19972,0.20719,0.62278
LEPROTL1,508.79,-0.053595,0.75992,0.93235
DCTN6,547.7,-0.078721,0.60008,0.87037
R3HCC1,518.82,-0.0031859,0.98231,0.99542
GSR,850.99,0.41761,0.0045057,0.1006
TNFRSF10A,80.921,0.6893,0.023551,0.2353
UBXN8,225.55,-0.23008,0.23368,0.64704
PPP2CB,2084.8,-0.057472,0.66096,0.8934
ERICH1,370.38,0.034708,0.81693,0.95042
NEFM,10.304,0.15295,0.83301,NA
TUSC3,1950.3,-0.15425,0.15638,0.55489
ARHGEF10,1929.7,-0.10502,0.34277,0.7353
KLHDC4,409.38,0.089905,0.58907,0.86462
MCM4,1870.7,-0.25899,0.10725,0.47536
ADAM2,0,NA,NA,NA
KCTD9,1936.5,-0.072734,0.52177,0.83453
FGL1,0,NA,NA,NA
ASAH1,1380.4,0.10769,0.39161,0.76939
BNIP3L,5850.5,-0.044266,0.69508,0.90583
MAN2B1,3201.7,-0.11557,0.26815,0.68163
KCNN4,70.133,-0.3889,0.23666,0.6494
TULP2,11.329,-1.2305,0.24158,NA
NUCB1,7330.2,-0.14468,0.14781,0.53965
DHDH,0.94321,-1.8787,0.43859,NA
GYS1,2249.5,-0.036231,0.80621,0.94676
MAP4K1,6.5113,0.18998,0.84491,NA
CGB2,0,NA,NA,NA
ECH1,789.83,0.15654,0.31495,0.71584
HNRNPL,4191.1,-0.041132,0.65633,0.89266
NFKBIB,259.34,0.1265,0.47238,0.81207
LHB,0.5139,2.5543,0.52271,NA
CGB3,0,NA,NA,NA
TUBB4A,1.9896,0.89727,0.56341,NA
SARS2,238.1,-0.12381,0.49413,0.81999
KCNA7,11.545,1.7238,0.021884,NA
SNRNP70,3831.4,0.22268,0.071362,0.39402
CLPTM1,2228.2,0.14206,0.1751,0.57925
RELB,340.52,0.47763,0.0028496,0.07844
CLASRP,810.96,0.25845,0.083409,0.42373
LIN7B,38.847,0.19653,0.63019,0.88575
PPP1R37,867.45,-0.13073,0.3215,0.71969
FCGRT,2144.6,-0.37918,0.0045093,0.1006
PIH1D1,875.35,-0.23305,0.046869,0.32623
CKM,2.3123,-0.72268,0.63098,NA
ARHGEF18,919.2,0.1556,0.20181,0.61599
PPP1R13L,364.2,-0.52145,0.0022428,0.067499
PEX11G,39.273,-0.34409,0.37852,0.75983
ERCC2,695.02,-0.017104,0.89801,0.9758
DOT1L,1124,-0.029427,0.89262,0.97407
PLEKHJ1,662.46,-0.1059,0.52714,0.83651
SLC17A7,38.37,-0.29712,0.46653,0.8077
RNASEH2A,373.04,-0.34288,0.036362,0.29273
KLC3,15.227,0.66201,0.34357,0.73591
CD37,27.23,0.76593,0.12056,0.49748
SF3A2,1389.4,-0.072343,0.57792,0.86038
AMH,108.14,0.24753,0.39229,0.76965
DKKL1,3.9738,-0.50058,0.69461,NA
LYL1,13.259,-0.01793,0.98135,NA
OAZ1,9890.1,-0.18292,0.18124,0.5891
TRMT1,691.7,0.067146,0.64475,0.88879
STX10,810.73,-0.093928,0.54763,0.84701
RETN,0,NA,NA,NA
FCER2,0,NA,NA,NA
DMPK,1759.2,-0.21808,0.156,0.55445
CLEC4M,0,NA,NA,NA
RSPH6A,6.3324,0.82617,0.35334,NA
TBC1D17,1016.4,-0.057462,0.67973,0.89941
IL4I1,4.1087,-0.33477,0.77524,NA
TLE6,14.02,-0.6748,0.30398,NA
CCDC130,489.95,0.16683,0.2939,0.69992
PTOV1,2291.3,0.043104,0.67853,0.89895
TLE5,6192.6,-0.275,0.010306,0.15384
NOVA2,37.706,-0.4365,0.56227,0.85395
SGTA,1249.6,-0.14164,0.20897,0.62471
LILRB1,18.668,0.89374,0.10581,0.47261
MED25,1025.3,0.1268,0.32035,0.71892
LILRA1,1.4954,0.49055,0.79421,NA
SNAPC2,538.02,-0.084085,0.60705,0.87267
C19orf53,933.92,-0.096859,0.47926,0.81587
TIMM44,595.26,-0.099779,0.55652,0.85127
CCDC61,167.95,0.085329,0.69892,0.9081
IL27RA,109.59,0.029874,0.9126,0.97936
ASF1B,474.63,-0.34188,0.019155,0.21318
TNNT1,173.3,-0.20308,0.38157,0.76122
VRK3,432.76,0.092171,0.58629,0.86312
FAM32A,1324.4,-0.13423,0.26605,0.68027
PPP6R1,2235.7,0.10663,0.34461,0.73656
C19orf44,166.84,0.0421,0.85926,0.96352
MED26,184.19,-0.13855,0.55044,0.84874
OLFM2,522.8,-0.93509,3.941e-10,3.4476e-7
RASAL3,1.0915,-3.4098,0.22628,NA
AKAP8,633.07,0.30369,0.018738,0.21072
EPHX3,2.8093,1.6299,0.33206,NA
ILVBL,886.94,-0.024585,0.86586,0.96539
ZNF419,151.75,0.033711,0.91818,0.98121
SYDE1,1655.8,-0.21853,0.10235,0.46471
CASP14,22.485,0.27235,0.59794,0.86941
SLC1A6,10.138,0.38008,0.63016,NA
AURKC,12.062,-0.96078,0.14606,NA
POP4,386.1,0.23769,0.20338,0.61863
CCNE1,144.36,-0.40859,0.095344,0.45036
URI1,1835.8,0.040751,0.75411,0.92978
PDCD5,972.09,-0.055777,0.73692,0.92417
ANKRD27,857.51,-0.28961,0.026728,0.25099
RPS16,15159,-0.17619,0.23141,0.64526
TIMM50,777.14,-0.10859,0.40932,0.77942
LGALS13,0,NA,NA,NA
FBL,2573.4,-0.21118,0.061503,0.36518
DYRK1B,437.49,-0.26059,0.096754,0.45408
CLC,0,NA,NA,NA
CCNP,3.9047,0.6957,0.53846,NA
GPI,6559.3,-0.11647,0.29934,0.70355
AKT2,3037.6,-0.13456,0.21027,0.62581
PLD3,4048.7,-0.15317,0.26005,0.67518
PRX,369.41,-0.18902,0.3967,0.77146
PIAS4,447.79,0.0013407,0.99255,0.99899
NUMBL,1295.1,-0.055452,0.75295,0.92973
EBI3,0.16972,1.0951,0.78841,NA
YJU2,234.03,-0.1447,0.53259,0.83887
SHD,0,NA,NA,NA
TBCB,1217.3,0.047819,0.68971,0.90418
FSD1,114.24,0.20144,0.39525,0.77111
POLR2I,300.13,-0.03698,0.83548,0.95609
OVOL3,0.47635,-0.70655,0.85602,NA
CLIP3,2123.5,0.078787,0.56181,0.85378
ZFR2,5.2866,0.484,0.64557,NA
SLC1A5,8912.1,-0.13883,0.30199,0.70584
PRKD2,603.09,0.296,0.073021,0.39726
TJP3,2.6447,-0.24311,0.85775,NA
APLP1,258.38,0.041744,0.80433,0.94676
CACTIN,806.27,0.072644,0.55235,0.84921
CCDC9,596.65,0.10538,0.49822,0.82173
HNRNPUL1,5387.6,-0.16492,0.092216,0.44406
FZR1,1320.2,-0.060047,0.60973,0.87429
BBC3,335.97,-1.1149,1.705e-4,0.01356
TGFB1,4427.5,0.21605,0.055159,0.34681
DENND3,332.76,-0.0066561,0.97248,0.99275
DMAC2,656.09,-0.15335,0.25645,0.67088
CEACAM4,0,NA,NA,NA
PLIN3,6225.1,-0.14615,0.14468,0.53357
MYH14,4.3944,1.4002,0.4239,NA
MRPL4,728.31,-0.0056161,0.96695,0.99243
SIGLEC8,7.4204,0.783,0.40015,NA
CD79A,5.351,0.49747,0.6118,NA
LIM2,0,NA,NA,NA
ICAM4,12.756,0.45318,0.57672,NA
RPS19,15500,-0.2104,0.12748,0.50985
NOP53,5975.4,-0.27092,0.071449,0.39414
NKG7,0.13385,0.95807,0.81437,NA
ICAM5,28.806,0.40719,0.48231,0.81691
ETFB,1128.8,-0.023672,0.89288,0.97407
CD33,0.16323,1.0726,0.79266,NA
CEACAM5,0.63657,-1.4495,0.67879,NA
CRX,6.941,0.0042979,0.99619,NA
BABAM1,852.45,-0.05231,0.66728,0.89547
TYK2,1401,0.11906,0.46587,0.80766
SULT2A1,2.5497,1.5695,0.2768,NA
CDC37,3169.7,0.033859,0.73225,0.9225
NAPA,1027.5,-0.22115,0.093408,0.4458
RABAC1,1954.6,-0.20819,0.10184,0.46337
ATP1A3,4.4706,0.1917,0.86075,NA
MEIS3,1472.5,-0.10001,0.34068,0.73487
PTPRS,3126.7,-0.045225,0.74285,0.92579
CNFN,6.8438,1.5418,0.10631,NA
ZNRF4,0,NA,NA,NA
MEGF8,3671.1,0.35922,8.6504e-4,0.037837
KDELR1,3800.6,-0.17198,0.16097,0.56177
CYTH2,2158.2,0.23245,0.043868,0.31666
GRWD1,648.39,-0.021388,0.90452,0.97672
GRIN2D,72.257,-0.030051,0.92832,0.98311
SYNGR4,0.41782,2.2204,0.57987,NA
CLEC11A,2646.3,-0.027399,0.78933,0.941
ODAD1,14.593,0.8038,0.23615,NA
CARD8,372.23,0.038101,0.85266,0.96176
LIG1,543.66,-0.24785,0.21983,0.63663
SIGLEC6,5.9917,-0.028002,0.97595,NA
ZNF175,330.74,-0.12625,0.48309,0.81691
PLA2G4C,44.209,0.37644,0.33734,0.7328
SIGLEC5,0,NA,NA,NA
CABP5,1.1795,0.44963,0.87459,NA
HAS1,3.8131,-1.2208,0.2997,NA
RAB3D,408.64,-0.2062,0.27119,0.68362
DBP,350.56,-0.63251,0.049582,0.33441
TMEM205,464.87,-0.18485,0.3506,0.74166
CAPS,206.29,-0.40938,0.040369,0.30798
PLPPR2,1498.6,-0.058749,0.5997,0.87037
FAM83E,10.085,0.73862,0.3435,NA
RASIP1,6.8536,0.45835,0.65246,NA
THEG,0.96395,3.4595,0.24555,NA
FGF21,0,NA,NA,NA
BCAT2,567.13,-0.12661,0.36624,0.75279
MIER2,429.14,-0.15205,0.30975,0.71157
PLEKHA4,1396.7,0.057094,0.6099,0.87429
PPP2R1A,4476.3,-0.11986,0.24349,0.65783
TNPO2,2206.2,0.11046,0.35721,0.74608
WDR83OS,1063.8,-0.23358,0.1084,0.47649
CACNG7,6.8392,0.86956,0.35211,NA
GCDH,236.9,-0.052332,0.78764,0.94061
LILRB5,4.7879,-0.5945,0.57638,NA
KLF1,0.51033,-0.82924,0.82738,NA
DNASE2,830.76,-0.073084,0.63398,0.88587
MAST1,7.0489,-1.4937,0.10626,NA
LENG1,183.11,0.29475,0.13965,0.52614
PRPF31,1163.1,0.11647,0.34779,0.73882
TFPT,229.3,-0.2357,0.23614,0.64866
JAK3,46.385,0.17344,0.6498,0.88989
RPL18A,19416,-0.13333,0.29133,0.69877
SLC5A5,4.8376,0.43219,0.69315,NA
KCNN1,3.7571,-1.1898,0.3705,NA
ARRDC2,413.31,0.071491,0.63702,0.88614
PIK3R2,2310.4,0.13734,0.18796,0.59749
RAB3A,39.469,-0.13399,0.74284,0.92579
PDE4C,21.43,-0.40386,0.48532,0.81691
ISYNA1,185.56,0.24314,0.25966,0.67473
ELL,646.38,0.14937,0.32961,0.72592
CRTC1,694.74,0.39884,0.014253,0.18372
COMP,13347,-0.078876,0.48624,0.81691
UPK1A,4.4837,0.25622,0.82111,NA
COPE,1591.3,-0.029294,0.79353,0.94253
DDX49,649.55,-0.07526,0.56884,0.85713
ETV2,17.83,-0.23532,0.70388,0.90942
ATP4A,0.67656,1.6113,0.55665,NA
ARMC6,461.37,-0.49774,0.0060265,0.11646
TMEM147,757.84,-0.10742,0.46065,0.80466
GAPDHS,43.018,0.1497,0.73567,0.92405
MAG,0,NA,NA,NA
TMEM59L,119.21,-0.21037,0.41815,0.78499
HAMP,0.24398,-1.0848,0.79035,NA
USF2,1693.1,0.18598,0.17148,0.57496
LSR,32.619,0.72607,0.1412,0.52697
KXD1,1204.5,-0.0022869,0.98393,0.99561
FKBP8,5787.5,-0.36614,0.0011284,0.044744
SUGP1,532.11,0.22778,0.15879,0.559
HPN,0.63034,2.7113,0.43981,NA
ZNF14,117.66,0.11583,0.6447,0.88879
SCN1B,244.28,-0.22338,0.20757,0.623
PBX4,37.925,0.08101,0.84286,0.95816
ERF,1032.7,-0.012824,0.92164,0.98212
GSK3A,1158.6,0.083964,0.53603,0.84028
ATP13A1,988.19,0.2398,0.053661,0.34336
ZNF574,314.31,-0.19577,0.35172,0.74355
GRIK5,6.2392,0.81573,0.38863,NA
SIPA1L3,782.49,0.14944,0.57532,0.85887
ZNF85,72.767,0.35803,0.23137,0.64526
ETHE1,979.11,-0.20017,0.13914,0.52614
CADM4,81.022,0.15221,0.56516,0.85508
SMG9,687.5,-0.0084325,0.96231,0.99139
AVL9,815.75,0.26161,0.041049,0.30868
RUNDC3B,2.7387,0.72399,0.60392,NA
CFAP69,99.189,0.40253,0.23088,0.64475
GTPBP10,328.71,0.23676,0.22592,0.64122
RASA4,1790.2,-0.18562,0.1863,0.59524
CDK6,2292,-0.29442,0.074275,0.39937
PMPCB,1149.8,0.011738,0.92836,0.98311
DNAJC2,499.69,-0.034065,0.80286,0.94628
TFPI2,922.51,1.0998000000000001,0.13057,0.51352
BET1,444.32,-0.035729,0.80308,0.94628
NAMPT,1305.7,0.43982,0.004155,0.098286
POLR1F,363.56,0.11348,0.4521,0.80115
PIK3CG,3.0826,0.15917,0.90056,NA
PON3,0.21854,1.2191,0.76512,NA
PON2,871.5,0.099566,0.39497,0.77085
ITGB8,357.15,-0.018775,0.94866,0.98961
HBP1,1686.2,-0.085917,0.53471,0.83951
DUS4L,64.768,0.03464,0.90953,0.97885
SP4,144.01,-0.059354,0.83603,0.95609
WDR91,284.45,0.017821,0.92997,0.98357000000000006
DNAH11,18.302,-0.59348,0.30322,0.70666
CBLL1,465.17,0.22832,0.18385,0.5923
DLX5,0.32838,1.9037,0.63782,NA
MTPN,5210.7,-0.032044,0.77766,0.93783
STEAP1B,44.222,-0.027679,0.95776,0.98999
PTN,109.2,-0.44431,0.082273,0.42089
MPP6,424.19,0.016731,0.93009,0.98361
GSDME,457.36,0.25489,0.14871,0.5407
ATP6V0A4,0.45455,1.7344,0.66986,NA
ZC3HAV1,1841.1,0.2502,0.044085,0.31732
TTC26,272.67,0.14209,0.51626,0.83192
OGDH,1927.8,0.17361,0.11226,0.48308
NPVF,0,NA,NA,NA
ADAP1,79.599,-0.61896,0.034112,0.28152
TFEC,0.36112,-1.3376,0.74296,NA
H2AZ2,2921.6,-0.0099883,0.92836,0.98311
CAV2,2991.2,-0.24422,0.041509,0.30966
CAV1,40673,-0.14941,0.12245,0.50076
MET,1605.3,0.10504,0.64563,0.88886
RNF32,39.481,-0.59719,0.1585,0.55874
LMBR1,951.85,0.19116,0.099359,0.45985
WNT2,217.43,-2.0567,7.105e-4,0.033067
HOXA1,18.673,-0.073394,0.89332,0.97414
DNAJB6,1881.8,0.078032,0.51872,0.83349
HOXA2,3.1008,-0.64476,0.61866,NA
HOXA3,29.48,0.60984,0.28946,0.69745
LFNG,405.03,-0.019298,0.90721,0.97761
HOXA5,32.696,-0.27823,0.52023,0.83379
HOXA6,10.1,-0.29484,0.68031,NA
BRAT1,872.89,-0.007037,0.95827,0.99015
IQCE,886.89,0.18809,0.36705,0.75308
ANKRD7,3.4075,0.71059,0.65403,NA
VIPR2,2.4395,1.3079,0.45208,NA
TSPAN12,5.712,-1.1836,0.28289,NA
SSBP1,836.68,-0.056962,0.67426,0.89762
HOXA13,55.843,-0.29993,0.39681,0.77146
CPED1,577.58,-0.63569,1.0946e-6,2.8162e-4
EVX1,0,NA,NA,NA
HIBADH,913.61,-0.14475,0.3015,0.70534
TAX1BP1,3031.2,-0.014043,0.89151,0.97388
CPVL,1.56,-1.3388,0.51295,NA
CHN2,4.9265,-1.2878,0.30215,NA
GRB10,935.42,-0.29866,0.036706,0.29441
ABHD11,211.41,0.21476,0.33942,0.73412
COBL,1.5626,2.4716,0.30645,NA
FKBP14,920.05,0.086506,0.55239,0.84921
PLEKHA8,353.29,-0.071925,0.68245,0.90079
STX1A,730.72,0.60029,0.24001,0.65369
NOD1,179.55,-0.0018115,0.994,0.99899
GARS1,7526.3,-0.30867,0.0021946,0.066355
CRHR2,6.9762,1.1931,0.3029,NA
EPHB6,117.04,-0.84262,0.016304,0.19754
MINDY4,173.21,-0.063333,0.75467,0.92995
GHRHR,0.32085,-1.7427,0.66601,NA
CASP2,545.79,-0.062397,0.72376,0.91845
CHCHD2,2888.4,-0.094809,0.44818,0.79938
CCL24,4.102,0.028385,0.98379,NA
HSPB1,2909.9,-0.34394,0.020426,0.22023
NPTX2,207.97,0.78784,2.8683e-4,0.019203
PDAP1,2920.8,0.23991,0.11018,0.47873
BUD31,1212,-0.10415,0.48323,0.81691
PTCD1,265.06,0.020895,0.92409,0.98234
CYP3A5,87.078,0.321,0.28731,0.69546
ZKSCAN1,2857.1,0.034927,0.77291,0.93644
EIF3B,4785.5,-0.11652,0.33198,0.72816
SNX8,905.12,0.049786,0.7205,0.91754
NUDT1,300.15,-0.17357,0.3345,0.73044
PTPRZ1,5.4697,1.7326,0.092763,NA
TAF6,1089.2,0.043279,0.72481,0.91875
WASL,1432.6,0.22015,0.046842,0.32623
HYAL4,4.9493,1.1772,0.2737,NA
SPAM1,0,NA,NA,NA
AIMP2,353.02,-0.1484,0.34703,0.73854
TFR2,15.48,-1.1244,0.069998,0.38961
FSCN3,0.13387,0.92421,0.82082,NA
MOSPD3,342.27,-0.12313,0.43211,0.79165
PAX4,0.1535,-0.81745,0.84122,NA
PCOLCE,14147,-0.29472,0.013723,0.18053
FBXO24,17.411,-0.25996,0.66026,0.89303
PPP1R17,0,NA,NA,NA
RBM28,681.12,0.29375,0.023138,0.23355
USP42,368.04,-0.072757,0.65989,0.89303
IMPDH1,1515.2,-0.10049,0.35566,0.74522
AGFG2,189.91,-0.36004,0.088134,0.43479
LSM5,320.68,-0.17235,0.31165,0.71249
SERPINE1,50506,-0.21972,0.064571,0.37475
AP1S1,1412.5,-0.10051,0.48613,0.81691
MOGAT3,32.577,-0.33627,0.52288,0.83488
C1GALT1,2088,-0.075903,0.62679,0.88439
PLOD3,3429.3,-0.11195,0.25405,0.66805
RPA3,162.53,0.012939,0.95865,0.99015
ZNHIT1,1178.8,-0.12841,0.31604,0.71662
CLDN15,151.28,0.35522,0.15742,0.55688
NOBOX,0,NA,NA,NA
GLCCI1,210.81,0.10308,0.64176,0.88731
MYL10,1.3183,0.91419,0.70737,NA
PHF14,722.77,0.26691,0.046889,0.32623
NRF1,322.37,-0.20559,0.194,0.60589
TMEM106B,1363.2,-0.026406,0.8445,0.95868
EZH2,450.11,-0.30148,0.083806,0.42525
CEP41,234.96,-0.14971,0.49214,0.81987
ZNF862,758.77,0.3446,0.088408,0.43479
SFRP4,15.755,0.34499,0.59813,0.86947
MEST,670.45,-1.2109,0.083106,0.42347
MEOX2,421.58,-0.67374,0.0028937,0.078966
ANKMY2,547.3,0.016619,0.93624,0.98528
ACTR3C,2.0665,1.3709,0.4031,NA
POU6F2,0,NA,NA,NA
TSPAN13,43.126,-0.23917,0.56557,0.85519
RARRES2,89.154,-0.46852,0.10129,0.46311
AGR2,0,NA,NA,NA
AHR,2345.1,-1.7633e-4,0.99903,0.99963
CHCHD3,866.83,-0.11615,0.37646,0.75834
GIMAP2,65.506,-0.2822,0.49388,0.81999
TMEM176B,4.3163,0.3809,0.77426,NA
GLI3,1187,-0.27934,0.043092,0.31411
PSMA2,1332.9,-0.035556,0.80724,0.9471
MRPL32,410.66,0.014506,0.92644,0.98258
COA1,545.92,-0.033463,0.80341,0.94652
BLVRA,961.6,0.087862,0.51126,0.82825
URGCP,1091.9,0.05654,0.68028,0.89974
TMEM248,2120.1,-0.03226,0.75219,0.92973
RHEB,1677.7,-0.10263,0.4327,0.79223
PRKAG2,382.22,-0.21328,0.17419,0.57892
AEBP1,6319.5,-0.50473,1.7374e-7,6.5139e-5
POLD2,1944.2,-0.33793,0.0054357,0.10982
MYL7,0.8577,-1.8717,0.50637,NA
GCK,42.725,-0.20829,0.58171,0.86163
BCL7B,863.5,-0.17651,0.20901,0.62471
YKT6,2714.3,-0.065825,0.63467,0.88594
TBL2,1085.5,-0.047558,0.7152,0.9156
GALNTL5,0,NA,NA,NA
CLIP2,3711.5,0.16938,0.11896,0.49599
EIF4H,7557.2,-0.15624,0.11533,0.48854
LIMK1,1368.5,-0.14644,0.25011,0.66557
SPATA6L,18.68,0.11866,0.85575,0.96313
SLC1A1,724.91,0.21881,0.34106,0.73487
LHX2,6.4397,-0.79107,0.42563,NA
FKTN,850.54,0.21565,0.12946,0.51265
FSD1L,194.34,0.43801,0.052173,0.34212
CNTNAP3,0.4757,2.4291,0.5438,NA
SPIN1,2191.7,-0.021709,0.82957,0.95435
NMRK1,287.17,-0.019142,0.91627,0.98067
TMEM245,2042.7,0.3733,8.0339e-4,0.035858
PRUNE2,966.83,-0.23834,0.23239,0.64596
MEGF9,412.72,0.40978,0.0063531,0.11926
TRIM14,222.03,-0.09127,0.65176,0.8905
CORO2A,18.389,0.15743,0.78411,0.93992
TGFBR1,2067.7,0.38245,3.0905e-4,0.01991
SEC61B,944.5,-0.14484,0.34413,0.73629
C5,176,0.019574,0.91849,0.98129
OGN,27.572,-0.90371,0.11374,0.48473
ASPN,44.667,-1.9095,1.6497e-4,0.013335
ECM2,616.73,-0.76646,1.6925e-4,0.013542
TLE4,816.83,0.25582,0.045336,0.32148
LHX6,0.38176,-1.9334,0.62965,NA
PTGR1,871.97,0.01555,0.91963,0.98156
SUSD1,132.03,-0.15837,0.47771,0.81462
AMBP,2.7862,-2.2077,0.14604,NA
AKNA,536.62,-0.493,0.011503,0.16564
TNFSF8,1.6835,-0.20606,0.90493,NA
DNM1,1783.4,0.40102,0.04085,0.30838
ENG,6248.3,0.13482,0.36165,0.74975
AK1,1055.3,-0.21295,0.14417,0.53274
CDC37L1,326.92,0.010451,0.95313,0.98999
RLN2,0,NA,NA,NA
RLN1,0,NA,NA,NA
PLGRKT,156.58,-0.10373,0.6531,0.89102
TBC1D13,918.1,2.6965e-4,0.99817,0.99963
RIC1,1160,0.067291,0.61838,0.87922
KDM4C,727.9,0.15723,0.24859,0.66367
DOCK8,2.8209,0.015586,0.99152,NA
KANK1,553.61,-0.28305,0.041925,0.31099
ELAVL2,5.018,0.48403,0.63639,NA
NCS1,1732.9,-0.055122,0.62525,0.88373
TESK1,893.1,0.23163,0.074318,0.39937
KCNT1,5.1131,1.1863,0.23326,NA
CA9,30.505,-1.0695,0.026143,0.24769
FUBP3,1645.5,0.10396,0.35801,0.74698
TYRP1,1.0752,-1.4384,0.55203,NA
CREB3,923.77,-0.032363,0.81679,0.95042
RGP1,1365.2,0.14897,0.20905,0.62471
MPDZ,1336,-0.069255,0.53674,0.84028
LHX3,0,NA,NA,NA
DDX58,164.79,0.31636,0.31709,0.71725
EDF1,2764.1,-0.25923,0.0695,0.38943
PIP5K1B,1.1327,2.6564,0.29975,NA
GLIS3,529.74,0.44086,0.015788,0.19435
BAG1,798.82,0.14395,0.32826,0.72488
RAPGEF1,2577.1,0.14652,0.20563,0.62044
NPDC1,2030.5,0.061449,0.62134,0.88105
APBA1,196.72,-0.03835,0.87339,0.96828
SETX,3355.9,0.23433,0.096546,0.45375
SH3GL2,0.51154,1.0405,0.7565,NA
PTGDS,541.63,-0.31414,0.082075,0.42028
ABCA2,3274.6,0.022005,0.87367,0.96833
SHB,825.35,-0.13339,0.41166,0.78077
UBE2R2,2151.9,-0.019308,0.85709,0.9633
ABHD17B,223.04,0.18399,0.33817,0.73335
EXOSC3,294.83,-0.071429,0.71552,0.91568
ZFAND5,2762.9,0.30088,0.0055098,0.11038
DVL1,2097.9,0.037887,0.74527,0.92687
PDLIM1,1164.4,-0.45325,0.0018042,0.058599
CCNJ,108.14,0.30586,0.22572,0.64111
DNTT,0,NA,NA,NA
GATA3,3.39,1.0643,0.50942,NA
ATRNL1,6.8287,-0.27321,0.83187,NA
HPS1,1456.7,0.035622,0.73875,0.92453
PHYH,415.83,0.20272,0.26944,0.68255999999999994
RASSF4,71.456,-0.082743,0.8304,0.95449
DNMBP,1423.2,0.33524,0.024585,0.24038
RAB11FIP2,1085.1,-0.33499,0.017477,0.20297
CXCL12,7827.4,-0.57698,0.11109,0.48069
ERLIN1,2766.1,0.010157,0.93282,0.98426
EIF3A,9464.8,0.23744,0.023605,0.23537
PKD2L1,0.4718,2.3522,0.53984,NA
CUBN,177.32,-0.58894,0.0059282,0.11593
TRDMT1,186.62,-0.39813,0.12533,0.50666
DDX50,1234.1,-0.23806,0.057823,0.35506
MAPK8,540.68,0.11264,0.43809,0.79511
SEC23IP,1187.7,0.088882,0.6288,0.88529
ATE1,575.61,-0.10757,0.49805,0.82165
NSMCE4A,363.51,-0.033892,0.83312,0.95503
PLEKHA1,793.46,0.017829,0.90036,0.97613
PALD1,2.493,-0.093949,0.9508,NA
UNC5B,4289,0.27949,0.0061747,0.11783
CDH23,10.423,0.41154,0.61513,NA
VSIR,1624.6,-0.73977,0.067781,0.38525
SPOCK2,2.2538,-0.88837,0.60061,NA
MICU1,1199.1,-0.13853,0.37184,0.75482
PPP3CB,1774.9,-0.14902,0.18217,0.59038
CCSER2,1209.6,0.0055629,0.969,0.99244
BMPR1A,1307,0.13946,0.35935,0.74806
MINPP1,649.34,0.2374,0.10527,0.47134
ACTA2,2189.2,-0.34106,0.017667,0.20411
LIPA,978.62,0.044373,0.73777,0.92417
TLX1,0,NA,NA,NA
TWNK,201.02,-0.083348,0.77028,0.93544
LZTS2,1913.9,-0.3631,0.0018322,0.059218
SFXN3,1767.8,0.044011,0.73506,0.92365
KAZALD1,99.301,-1.0056,0.0049874,0.10566
FBXW4,566.99,-0.039806,0.79565,0.94314
FGF8,1.6012,0.21678,0.9089,NA
NPM3,325.05,-0.075759,0.66915,0.89626
TNKS2,2047.9,0.15925,0.19541,0.60772
PITX3,4.9052,-1.1389,0.37804,NA
GBF1,2259.4,0.61658,5.7727e-4,0.029823
ARHGAP21,5479.1,0.10226,0.36657,0.75308
CPEB3,39.044,-0.094177,0.81294,0.94882
FBXL15,195.92,-0.15964,0.54269,0.84434
CUEDC2,930.19,-0.29898,0.046404,0.32441
SUFU,571.75,0.37483,0.0097605,0.14962
ANKRD26,456.85,0.17485,0.36870000000000003,0.7537
ACBD5,753.71,0.01746,0.89404,0.97414
LHPP,288.82,-0.010697,0.95611,0.98999
LARP4B,1391.5,0.01303,0.91398,0.97966
GTPBP4,1086.3,0.014901,0.90082,0.97613
EDRF1,371.55,0.16752,0.37293,0.75623
BCCIP,712.15,0.020545,0.87349,0.96832
MTPAP,288.63,0.17179,0.3183,0.71796
NEURL1,18.146,0.18427,0.77117,0.93544
SH3PXD2A,6012.4,0.069224,0.59768,0.86941
PITRM1,1706.3,0.46069,0.0052216,0.10723
STN1,434.56,-0.066576,0.67194,0.89743
MAP3K8,111.08,0.61687,0.064592,0.37475
DKK1,2658.8,-0.41383,0.0013675,0.049706
EBF3,439.62,0.16934,0.30721,0.70966
GLRX3,1139.2,0.11617,0.37916,0.75983
SORCS1,0,NA,NA,NA
TASOR2,1700.1,0.2569,0.055424,0.34755
XPNPEP1,999.65,-0.043455,0.72708,0.91959
SMC3,1868.4,0.0097389,0.93233,0.984
SHOC2,1656.9,-0.045043,0.65883,0.8929
TFAM,513.87,0.3119,0.046983,0.3265
CCDC6,1382.7,0.050147,0.65513,0.89178
CUL2,993.63,0.13863,0.29576,0.70116
CCNY,2065.7,0.0061689,0.95706,0.98999
UBE2S,1252.6,-0.068081,0.64096,0.88731
RPL28,18100,-0.14839,0.23902,0.65248
ZMIZ1,5005.9,0.27822,0.039835,0.30661
DNAJC12,1.8228,-1.4966,0.3885,NA
PPIF,714.92,-0.088975,0.48757,0.81793
PBLD,124.72,0.28542,0.23813,0.65098
TSPAN14,1026.2,0.23093,0.047754,0.32884
LGI1,15.755,-0.32228,0.61013,0.87432
TBC1D12,397.87,0.19729,0.21861,0.63603
CYP2C18,0.23781,1.2897,0.75194,NA
KRT23,9.017,-0.28269,0.84042,NA
CRYBA1,0.8221,-1.7864,0.53093,NA
NUFIP2,2116.2,0.16466,0.45828,0.80354
GIT1,1250.4,0.0086893,0.94629,0.98855
RPL19,16868,-0.22331,0.085678,0.42844
FBXL20,760.51,0.12608,0.41636,0.78475
RUNDC3A,6.171,0.3588,0.69211,NA
UBTF,2278.6,-0.19746,0.044244,0.31801
CSF3,0.44744,0.78898,0.84286,NA
PSMD3,1699.9,-0.057588,0.66329,0.89425
CASC3,1891.6,0.045946,0.65205,0.89067
RAPGEFL1,83.106,0.79219,0.029457,0.26357
RGS9,8.7019,-0.5592,0.50846,NA
RNF43,2.2289,-0.12506,0.93582,NA
WNT3,42.578,-0.33959,0.36172,0.74975
ASPA,123.64,-0.075226,0.75864,0.93216
RAD51C,190.84,-0.66317,0.01003,0.15219
SEPTIN4,30.842,-0.3149,0.48877,0.8186
MTMR4,829.32,-0.036092,0.80742,0.9471
TRIM37,712.29,0.29104,0.1713,0.57458
P2RX1,0.87548,2.0434,0.46007,NA
DHX40,1461.8,-0.0085173,0.94296,0.98762
KRT37,0.15323,-0.83074,0.83867,NA
TUBD1,57.361,-0.049562,0.87544,0.96873
KPNB1,8466.5,-0.15864,0.099677,0.46039
GOSR2,859.09,-0.14621,0.27049,0.68285
PNPO,301.39,-0.36386,0.037166,0.29647
RPS6KB1,1000.5,0.23175,0.067791,0.38525
CDK5RAP3,1718.2,0.037973,0.80178,0.94588
CBX1,1937.7,-0.10147,0.33422,0.73034
RECQL5,400.37,0.22028,0.22717,0.64231
PIGL,98.148,0.30899,0.28198,0.69303
GALK1,410.48,-0.27128,0.061146,0.36446
INTS2,271.21,0.098931,0.68689,0.90286
CAMTA2,1433.7,0.1843,0.22942,0.64352
MED13,1562,0.16623,0.19402,0.60589
HOXB6,980.66,-0.017664,0.90341,0.97663
ENO3,112.36,-0.51137,0.15277,0.54815
PFN1,11549,-0.30286,0.010843,0.15963
RNF167,1214.3,-0.10199,0.40449,0.77655
SLC25A11,597.41,-0.18034,0.23811,0.65098
RASD1,36.17,0.12834,0.75237,0.92973
CHRNE,10.54,0.16252,0.81881,NA
RAI1,1156.2,0.027159,0.86642,0.96539
NUP88,610,-0.27915,0.048613,0.33235
C1QBP,1263.1,-0.074379,0.59505,0.86834
SLC6A4,12.472,-0.63903,0.36911,NA
BLMH,657.84,-0.036677,0.83854,0.95656
CPD,4736,0.35207,2.3271e-4,0.016687
GOSR1,845.07,-0.2737,0.081145,0.41808
CCDC47,2438.1,0.14945,0.24238,0.65658
MED31,129.53,-0.13832,0.60323,0.87152
DRG2,543.63,-0.0017715,0.98986,0.9982
FTSJ3,859.1,0.32271,0.0096791,0.14925
AKAP10,640.88,-0.017138,0.91563,0.98049
ALDH3A1,10.18,-0.39326,0.61369,NA
SMARCD2,1217.1,-0.21249,0.083249,0.42347
ICAM2,5.2907,0.68968,0.48465,NA
SYNGR2,314.47,-0.12441,0.50917,0.82631
B9D1,194.83,-0.42821,0.023913,0.23685
UTP6,746.4,-0.23402,0.14103,0.52671
DDX5,10444,0.17484,0.11016,0.47873
C17orf75,225.61,0.45673,0.037032,0.29594
CYTH1,503.95,0.21599,0.10544,0.47172
PSMD11,991.62,-0.083853,0.52708,0.83651
LGALS3BP,3591.2,-0.30035,0.0061869,0.11783
ASIC2,2.1282,0.88942,0.61384,NA
CCL7,26.61,0.16698,0.78761,0.94061
CCL2,237.61,-0.098282,0.65267,0.89083
CCL8,1.3957,3.9871,0.12412,NA
CCL1,0,NA,NA,NA
PEX12,153.17,-0.51384,0.018601,0.20969
KRT32,0.83261,-0.49034,0.84847,NA
DHX58,209.54,0.10556,0.64434,0.88879
KAT2A,1255.6,0.1192,0.39341,0.7705
RAB5C,2583.2,-0.084933,0.45587,0.80337
NAGLU,1022,-0.23409,0.052146,0.34212
HSD17B1,273.16,-0.029866,0.86927,0.96677
MLX,814.43,-0.25708,0.080603,0.41641
CNTNAP1,1090.1,0.069388,0.62806,0.88512
ABI3,2.1858,-1.9389,0.24141,NA
EZH1,954.9,0.16136,0.20923,0.62471
DLX4,2.7539,1.9625,0.19866,NA
PPP1R9B,2915.4,-0.0054005,0.9594,0.99019
COL1A1,480160,-0.38265,0.012567,0.17117
SGCA,92.716,-0.76474,0.011037,0.16129
PTGES3L-AARSD1,0,NA,NA,NA
MRPL27,400.06,-0.19547,0.24102,0.65451
VAT1,9702.8,-0.066271,0.52269,0.83488
LRRC59,2772.3,-0.13695,0.34566,0.73717
RND2,32.793,-0.2323,0.63195,0.88575
ALOX12,65.495,0.25811,0.50015,0.82301
HDAC5,1658.6,-0.28848,0.01889,0.21185
ABCC3,1545.5,0.46774,9.6171e-4,0.04008
LUC7L3,2545.5,0.16494,0.22907,0.64352
PPY,0,NA,NA,NA
MPP2,164.49,-0.26755,0.18904,0.5989
SMURF2,4591,-0.32177,0.10291,0.46638
DUSP3,1349.1,0.14802,0.35846,0.7477
CACNG1,0,NA,NA,NA
EFTUD2,1504.3,-0.06968,0.56979,0.8573
HLF,6.379,-0.48204,0.63742,NA
SLC16A6,33.643,1.414,0.02972,0.26444
PRKAR1A,6360.5,0.12235,0.31316,0.71378
EFNB3,223.1,-0.16961,0.43143,0.7916
FAM20A,1777.6,0.43739,0.0020183,0.062908
YWHAE,7382.7,-0.03384,0.80448,0.94676
MMD,210.45,0.31357,0.16494,0.5657
RANGRF,208.02,-0.37598,0.056066,0.34961
DPH1,1064.3,-0.12636,0.35462,0.74476
MAP2K6,98.335,-0.84372,0.041625,0.30981
DHRS7B,187.57,-0.13827,0.49153,0.81985
WSB1,2878.5,-0.17773,0.32465,0.72266
RCVRN,4.8436,0.63955,0.54063,NA
MYH1,0.50386,-0.78937,0.81494,NA
SLC9A3R1,422.2,0.10695,0.46616,0.8077
MYH3,31.729,-0.13073,0.75007,0.92893
NAT9,680.92,0.10317,0.43463,0.79333
TMEM104,374.86,0.14132,0.36873,0.7537
VTN,7.212,0.38632,0.68164,NA
TNFAIP1,1078.2,-0.17331,0.21853,0.63603
IFT20,457.61,-0.18088,0.22937,0.64352
TMEM97,224.9,-0.52517,0.0040968,0.097742
CDR2L,809.47,-0.18775,0.24605,0.6604
PMP22,2342.3,-0.069727,0.62706,0.88445
FOXN1,1.2442,1.6591,0.46815,NA
UNC119,572.28,0.18614,0.18439,0.59331
ALDOC,544.49,-0.38522,0.0036969,0.092402
SUPT6H,3216.9,0.29674,0.0097604,0.14962
RAB34,3009.4,-0.28523,0.03722,0.29672
PHF12,887.52,-0.043416,0.79539,0.94314
PHOX2B,0,NA,NA,NA
TMEM33,613.14,0.066205,0.6678,0.89572
GABRA4,2.1988,0.81741,0.61938,NA
GNRHR,5.1601,0.52853000000000006,0.70525,NA
SLAIN2,1278.7,0.16641,0.18311,0.59151
OCIAD1,1553,-0.044266,0.70323,0.90942
UGT2B10,0.49081,-0.74693,0.84628,NA
CWH43,3.5854,1.0872,0.51278,NA
DCUN1D4,830.84,0.029711,0.80473,0.94676
USP46,538.69,0.14112,0.33307,0.72954
SULT1E1,0.52883,2.5855,0.48248,NA
ODAM,0,NA,NA,NA
SMR3A,0,NA,NA,NA
CHIC2,772.54,0.13936,0.47314,0.81209
NMU,0.37251,-0.020679,0.99596,NA
CRACD,4.5306,1.1424,0.42188,NA
LAMTOR3,564.6,0.028479,0.83176,0.95449
PF4V1,6.3712,0.89973,0.38805,NA
NFKB1,1131.8,0.0098644,0.92914,0.98324
AREG,31.143,1.9287,0.41415,0.78254
MANBA,981.45,0.19432,0.12836,0.51058
UBE2D3,4430,-0.020977,0.83257,0.9549
MAPK10,64.694,0.4249,0.19764,0.61022
ELF2,744.1,-0.24723,0.092734,0.44489
NDUFC1,352.9,-0.29302,0.092644,0.44489
UCP1,0,NA,NA,NA
TBC1D9,918.64,0.15428,0.34763,0.73882
ZNF330,448.08,0.054722,0.77598,0.9376
INPP4B,483.74,-0.041876,0.85328,0.96222
GAB1,410.42,0.11855,0.50294,0.82413
KLHL2,494.4,0.090989,0.5597,0.85247
IL2,0,NA,NA,NA
CPE,1935.2,-0.26823,0.045127,0.32095
RPL34,6235.1,-0.056409,0.72214,0.91806
WFS1,536.15,0.14079,0.31722,0.71725
ANXA10,0.30628,-1.6774,0.67816,NA
GRPEL1,569.94,-0.17572,0.29268,0.69916
GAR1,290.27,-0.026857,0.88328,0.97023
FRG1,1148.9,0.018042,0.89488,0.97423
CLCN3,1708.1,0.15694,0.14008,0.52636
AADAT,179.36,-0.05694,0.76371,0.9331
GALNT7,363.15,0.34158,0.04032,0.30797
DHX15,2477.9,0.10915,0.45511,0.80278
SOD3,427.45,-0.41743,0.03153,0.27318
SEPSECS,194.35,-0.10377,0.59909,0.87017
CPZ,340.01,-0.19087,0.229,0.64352
TRIM2,1100.3,0.14493,0.27032,0.6828
SLC2A9,14.348,-0.12757,0.83722,NA
FBXW7,375.79,-0.21265,0.1941,0.606
NEIL3,140.4,-0.18211,0.40514,0.77727
TBC1D19,295.18,0.12792,0.49509,0.82049
CLNK,14.223,1.647,0.011384,NA
NSD2,3216.7,-0.02239,0.86328,0.9649
SH3D19,3998.5,-0.32795,0.0073511,0.1301
STIM2,359.5,0.54266,0.0016268,0.054712
NKX3-2,0.49752999999999997,1.012,0.76497,NA
MFSD10,1762.8,-0.19741,0.13367,0.51968
GLRB,365.55,0.063968,0.71311,0.91444
BST1,313.38,-0.16338,0.44066,0.79603
RAPGEF2,1247.7,0.36195,0.028205,0.25861
HGFAC,6.6127,0.97715,0.30529,NA
SNX25,767.41,8.5573e-4,0.99542,0.999
LRP2BP,42.753,0.38502,0.4233,0.78733
UFSP2,454.72,-0.19296,0.2492,0.66464
KLF3,1600.1,-0.2969,0.010227,0.1532
KLHL5,1368.7,-0.15323,0.34451,0.7365
FAM149A,51.812,-0.4195,0.20986,0.62537
NCAPG,799.56,-0.26251,0.15694,0.55613
UGDH,2344.1,-0.032811,0.80845,0.94735
PPARGC1A,14.835,0.068017,0.9373,0.98566
DDX25,5.7303,1.2134,0.36619,NA
CRYAB,409.4,-1.081,3.1547e-6,6.8993e-4
DBX1,0,NA,NA,NA
HTATIP2,365.23,-0.09424,0.59984,0.87037
CTSC,1502.2,-0.66359,5.0327e-6,9.0946e-4
CCDC34,261.05,-0.18275,0.41234,0.78122
ZBTB16,13.918,-0.14029,0.83412,NA
ELP4,223.48,-0.089901,0.64654,0.88942
ZPR1,844.73,0.08965,0.49693,0.82107
MTCH2,1174.6,-0.14051,0.32814,0.72488
FNBP4,1093.2,0.039666,0.75874,0.93216
TECTA,24.407,0.50709,0.28101,0.6924
SC5D,633.14,0.30554,0.082758,0.42271
CRTAM,3.8969,0.26372,0.84493,NA
JHY,125.63,-0.2997,0.33314,0.72954
B3GAT1,6.1764,1.2031,0.26487,NA
HSPA8,16786,0.10422,0.5469,0.84664
P2RX3,0.58572,0.12189,0.96626,NA
VWA5A,239.46,0.10148,0.64306,0.88797
DNAJC4,425.2,-0.11972,0.52461,0.83522
SIAE,986.7,-0.16805,0.17577,0.58097
SNX15,524.78,-0.02729,0.85333,0.96222
LPXN,770.89,-0.16863,0.53635,0.84028
DTX4,60.22,-0.1627,0.76008,0.93235
ATG2A,710.42,0.1938,0.20402,0.61913
EHD1,2927.7,0.026264,0.83863,0.95656
OSBP,1424.4,0.18101,0.09314,0.44558
UNC93B1,685.21,-0.056242,0.6547,0.89178
PUS3,198.07,0.28057,0.17058,0.5738
DCPS,441.85,-0.18827,0.18074,0.58794
KMT5B,704.42,-0.051689,0.67015,0.89695
FOXRED1,235.73,0.020047,0.91611,0.98067
PPP6R3,1718.9,0.21245,0.10178,0.46337
NRXN2,186.41,-0.27153,0.30921,0.71072
MS4A6A,0,NA,NA,NA
MS4A4A,10.432,0.46149,0.55375,NA
ST3GAL4,567.13,-0.069223,0.62564,0.88388
CPT1A,2605,0.76236,3.421e-11,3.7409e-8
CCND1,31093,0.14748,0.46701,0.80821
CCDC86,519.97,-0.098855,0.52969,0.8378
PRPF19,1510.6,-0.26141,0.037419,0.29688
TMEM109,2846.2,-0.18192,0.073574,0.39771
CCKBR,0,NA,NA,NA
HPX,14.982,0.26068,0.67257,0.89761
TRIM3,440.45,0.22027,0.14238,0.52913
CHORDC1,475.07,0.18931,0.24597,0.66032
FOLR1,8.4317,0.61344,0.4879,NA
ANAPC15,315.44,-0.2634,0.15984,0.55995
FOLR3,23.546,-0.16776,0.75542,0.93001
PANX1,718.55,0.2627,0.14834,0.54021
ARHGEF17,2072.4,0.013388,0.91392,0.97966
APOA5,1.681,0.7228,0.71742,NA
APOA4,0,NA,NA,NA
APOC3,0.23813,-1.3062,0.74785,NA
CEP164,1076.8,0.40358,0.0032589,0.085467
RNF141,743.84,-0.15854,0.33511,0.73044
CEP126,314.58,-0.24847,0.29708,0.70138
EIF4G2,29753,0.146,0.15758,0.55701
IL10RA,0.47428,-2.3022,0.5481,NA
GALNT18,25.191,0.34196,0.51946,0.83349
BIRC2,1624,-0.077636,0.55024,0.84855
UBE4A,1308.8,-0.046757,0.65922,0.8929
DDX6,3070.9,0.16482,0.24169,0.65568
UPK2,1.5939,-1.8721,0.36512,NA
CBL,951.39,0.31398,0.10528,0.47134
NECTIN1,335.5,0.035884,0.8329,0.95495
HIPK3,1592.7,0.1439,0.25045,0.66593
KIAA1549L,1838.4,0.25164,0.53155,0.8383
FBXO3,781.62,0.10418,0.38332,0.7625
PDHX,407.88,0.31113,0.074971,0.40042
SLC1A2,330.18,0.38025,0.65411,0.89139
COMMD9,474.6,-0.24247,0.12164,0.49931
SLC15A3,157.92,-0.36283,0.17982,0.58642
CD5,1.8633,0.055028,0.97616,NA
ACCS,225.49,0.18971,0.50919,0.82631
SCGB2A2,0,NA,NA,NA
MDK,137.32,-0.20621,0.38218,0.76171
AMBRA1,611.55,0.22479,0.1182,0.49513
MADD,1090.3,-0.017688,0.88535,0.97105
PTPMT1,440.34,-0.20616,0.26392,0.67842
NAA40,534.42,0.032229,0.83648,0.95617
CARS1,2746.3,-0.21687,0.040074,0.30733
SLC22A18,209.13,-0.022068,0.90231,0.97636
CD81,14041,-0.34194,0.0059031,0.11567
SLC35F2,250.96,0.23257,0.35228,0.74366
C11orf21,0.83318,-1.424,0.61299,NA
ELMOD1,5.7702,0.77113,0.44824,NA
CALCA,0.17017,1.0747,0.79225,NA
SOX6,1.0362,1.4768,0.62887,NA
C11orf58,2929.4,0.071031,0.6259,0.88388
PITPNM1,889.34,0.058597,0.62578,0.88388
RPS13,8101.1,-0.07412,0.50768,0.826
AIP,1097.8,-0.31169,0.050321,0.33587
NUP98,2363.7,0.086034,0.4617,0.80567
NDUFS8,546.76,-0.19961,0.15096,0.54495
TCIRG1,1845.4,0.10246,0.52529,0.83551
CHKA,314.61,0.36827,0.047052,0.3265
EXPH5,57.454,-0.13118,0.73272,0.92281
HPS5,484.44,1.049e-4,0.99947,0.9997
GTF2H1,1210,-0.16802,0.1971,0.60963
POU2AF1,24.316,0.2761,0.62872,0.88529
PTPN5,1.2212,0.51134,0.83872,NA
VWF,10.104,0.4043,0.60478,NA
PSMD9,1008.5,-0.058077,0.73636,0.92417
P3H3,1329.2,-0.25676,0.040476,0.30836
PPFIBP1,4915.3,0.27843,0.12067,0.49748
PRPF40B,348.3,0.075516,0.68372,0.90112
CD69,0,NA,NA,NA
PRDM4,995.6,0.18232,0.17896,0.58606
CLEC2B,2226.4,0.31261,0.064227,0.37341
COQ5,427.75,0.0062789,0.97105,0.99259
SELPLG,138.73,0.047438,0.83781,0.9565
CORO1C,7137.6,-0.14033,0.20503,0.62019
ASIC1,193.63,0.17639,0.46629,0.8077
DAO,0,NA,NA,NA
CAPRIN2,546.32,0.55128,0.0078462,0.13406
TSPAN11,66.007,-0.38399,0.20385,0.61913
KCTD10,2068,0.22726,0.064004,0.37228
SLC11A2,687.74,0.10559,0.39373,0.77055
MLEC,4579.7,0.019067,0.84998,0.96109
MVK,124.95,-0.038139,0.89558,0.9746
CSRNP2,717.95,0.28519,0.070728,0.39185
CAMKK2,1693.6,0.049633,0.64467,0.88879
BIN2,0.67867,2.953,0.44682,NA
IL23A,7.3761,0.38746,0.67262,NA
ATP5F1B,7234.5,-0.11494,0.32342,0.72144
PTGES3,4572,-0.085425,0.43187,0.7916
SYT10,0,NA,NA,NA
BCL7A,341.22,-0.030704,0.89779,0.9758
RSRC2,1137.7,0.29455,0.019038,0.21261
CYP27B1,19.492,0.50439,0.38782,0.76677
MYF6,0,NA,NA,NA
MYF5,0,NA,NA,NA
LIN7A,505.79,-0.77349,6.9738e-5,0.0069357
KRT18,38.672,0.77257,0.1197,0.49641
ACSS3,46.877,-0.5516,0.1791,0.58622
TNS2,2534.7,-0.18063,0.10472,0.47042
GLI1,13.208,-0.21769,0.79083,NA
PPM1H,15.32,-0.28039,0.69103,0.90487
METAP2,2337.8,0.1036,0.42766,0.78997
LTA4H,1416.2,-0.020428,0.87916,0.96958
ELK3,5811.6,0.29629,0.13312,0.51887
SLC6A12,0.53194,-2.3946,0.54741,NA
WNT5B,3183.3,-0.13413,0.36512,0.7518
MAGOHB,217.78,0.025157,0.89869,0.9758
TRPV4,133.55,0.020462,0.92497,0.98234
ITFG2,296.91,-0.14955,0.39631,0.77146
FOXM1,1182.1,-0.18072,0.14077,0.52671
PRR4,6.2981,1.4351,0.22777,NA
PRMT8,0,NA,NA,NA
PARP11,210.16,0.0047965,0.9843,0.99575
ARPC3,2271.5,-0.1577,0.18639,0.59538
GPN3,272.16,0.030869,0.86548,0.96539
VPS29,887.84,0.059679,0.64645,0.88942
FGF6,0,NA,NA,NA
MYL2,0,NA,NA,NA
RAD51AP1,246.61,-0.34945,0.062162,0.36691
CUX2,0.5026,2.5048,0.50393,NA
SH2B3,1855,0.013116,0.95657,0.98999
AKAP3,10.594,0.30899,0.6727,NA
MANSC1,109.76,-0.17204,0.62547,0.88388
KCNA1,2.3754,2.0257,0.2221,NA
DUSP16,272.48,0.0018285,0.99291,0.99899
CREBL2,1372.9,-0.077551,0.49455,0.82
ACAD10,394.38,0.17185,0.38936,0.76796
ALDH2,838.66,-0.09723,0.47037,0.81087
CDKN1B,593.72,-0.68989,2.7239e-4,0.018454
GPRC5D,0,NA,NA,NA
NAA25,492.95,-0.041479,0.81136,0.94808
GSG1,12.921,-0.46639,0.46087,NA
SCNN1A,10.593,0.59451,0.40137,NA
LTBR,2291.7,0.05402,0.66683,0.89547
OGFOD2,302.03,0.13459,0.50166,0.82355
CDK2AP1,2969.3,-0.28321,0.07155,0.39415
OAS3,409.59,0.055138,0.7872,0.94061
OAS2,175,-0.074619,0.69985,0.90881
ART4,3.9372,0.38296,0.78012,NA
MGP,26.414,-0.3857,0.395,0.77085
RASAL1,0.78761,1.8847,0.50889,NA
ARHGDIB,10.917,-0.080572,0.91863,NA
GTF2H3,673.72,0.052578,0.76074,0.93235
EIF2B1,1118.3,-0.21167,0.10761,0.47542
DDX55,309.2,0.29592,0.084263,0.4262
SLC38A1,1648.8,-0.1619,0.12441,0.50371
RERGL,0.76062,-1.6246,0.58684,NA
ENDOU,2.5179,-0.49979,0.73006,NA
SPRING1,783.68,0.06823,0.65999,0.89303
VDR,1023.5,-0.12047,0.49661,0.82107
FZD10,7.1946,2.721,0.011646,NA
RFC5,277.2,-0.083626,0.68555,0.90237
STX2,1533.3,-0.14999,0.16524,0.56608
ADGRD1,299.03,-1.5441,0.014224,0.18353
COPZ1,2086.7,-0.28886,0.023244,0.23438
TBC1D30,8.395,1.1135,0.31417,NA
CAND1,2741.2,0.07719,0.43285,0.79239
IL26,0,NA,NA,NA
IFNG,0,NA,NA,NA
RAB5B,2602.9,0.050047,0.61104,0.87505
MDM1,175.93,0.30384,0.24338,0.6578
NUP107,634.54,-0.15724,0.21304,0.62816
CNOT2,952.87,-0.14653,0.23977,0.6533
TIMELESS,667.6,-0.22221,0.12094,0.49842
CPSF6,1078.6,0.058998,0.6333,0.88575
KRR1,1058.5,0.12859,0.30706,0.70966
MRPL51,1326.5,-0.134,0.4071,0.77861
GAPDH,80867,-0.1026,0.28441,0.69371
NOP2,517.82,0.26574,0.095719,0.45147
CHD4,4746.7,0.22907,0.040858,0.30838
ACRBP,4.5783,-0.77112,0.5642,NA
UHRF1BP1L,1118.3,0.36604,0.018003,0.20641
COPS7A,1554.9,-0.1755,0.092774,0.44489
ING4,505.4,-0.30799,0.11192,0.48233
GNB3,55.868,-0.29711,0.47056,0.81099
CDCA3,340.59,-0.39537,0.016415,0.19761
CHPT1,620.98,-0.043178,0.77947,0.93923
USP5,1980.6,0.11586,0.33089,0.72741
TPI1,17476,-0.32063,0.0063638,0.11929
GNPTAB,1290.8,0.025048,0.85769,0.9633
SPSB2,204.32,0.053973,0.80105,0.94582
ENO2,2515.4,-0.10469,0.58576,0.86303
ATN1,3179.8,0.17943,0.10519,0.47127
C12orf57,1109.2,-0.11342000000000001,0.47334,0.81209
PTPN6,1.3639,-2.0429,0.40317,NA
LPCAT3,216.34,0.28568,0.23584,0.64838
NT5DC3,164.58,0.16012,0.48353,0.81691
SLCO1B3,0,NA,NA,NA
APOBEC1,0,NA,NA,NA
NANOG,9.7939,0.15726,0.84167,NA
SUDS3,939.11,0.010347,0.92933,0.98324
GOLT1B,913.37,-0.23248,0.14853,0.54021
GYS2,1.0592,3.5878,0.16183,NA
LDHB,4932.6,-0.10068,0.39678,0.77146
PRKAB1,379.43,-0.020713,0.92514,0.98234
CMAS,576.35,0.22815,0.075474,0.40144
HCFC2,632.94,-0.1942,0.14105,0.52671
ST8SIA1,201.98,0.098006,0.68825,0.90321
CLEC4A,10.919,0.52114,0.49343,NA
C2CD5,720.47,-0.10308,0.51263,0.82934
AICDA,4.521,0.69576,0.52881,NA
RAB35,1529.7,0.094011,0.44049,0.79603
PHC1,733.69,-0.11075,0.41313,0.78224
COX6A1,1424.6,-0.0012999,0.99186,0.9987
RFX4,0.44586,0.85514,0.83011,NA
RIC8B,364.41,0.21894,0.22535,0.64088
SRSF9,2155.7,-0.10292,0.4078,0.77912
FGFR1OP2,721.46,-0.048744,0.7602,0.93235
KLRB1,1.1598,-0.28635,0.88245,NA
COL12A1,61993,0.1314,0.33909,0.73379
BTN3A3,382.96,-0.17657,0.39024,0.76836
TDP2,650.78,0.12069,0.33503,0.73044
FRK,130.21,0.52259,0.13163,0.51561
DSE,2068.3,-0.26741,0.10993,0.47861
RWDD1,913.22,-0.032526,0.82908,0.95435
RSPH4A,4.6702,0.78209,0.46592,NA
MAK,13.307,-0.56688,0.37331,NA
TMEM14C,1383.7,-0.057406,0.68589,0.90237
PAK1IP1,316.55,0.064943,0.72908,0.92064
GCNT2,2.5694,0.35751,0.79828,NA
SMIM8,82.377,0.54348,0.094704,0.44831
NEDD9,207.65,-0.2752,0.31539,0.71625
CEP85L,350,0.038034,0.85238,0.96174
ADTRP,83.464,-0.27291,0.49441,0.81999
ASF1A,275.27,-0.20828,0.2177,0.6347
MCM9,213.59,-0.0099457,0.96384,0.99183
FAM184A,7.7312,-0.0092609,0.99337,NA
RNGTT,335.45,0.12333,0.55657,0.85127
MAN1A1,4322.4,0.32729,0.012828,0.17317
GABRR2,15.676,1.3556,0.040769,0.30838
SERINC1,7465.2,0.078539,0.4113,0.78077
HDDC2,422.25,0.091683,0.614,0.8766
TPD52L1,38.923,-0.62275,0.18968,0.59948
HINT3,627.59,-0.062608,0.61974,0.87982
NCOA7,700.93,0.34113,0.018093,0.20699
RIPOR2,339.76,-0.67615,0.010841,0.15963
SASH1,3617.8,0.064694,0.58823,0.86462
UST,658.9,0.16195,0.23225,0.64596
ULBP1,141.1,0.060953,0.81094,0.94799
FBXO5,450.24,-0.24356,0.11273,0.4834
MTRF1L,769.73,0.23044,0.074844,0.40037
PPARD,1074.8,-0.08899,0.4425,0.79684
OPRM1,38.436,0.14999,0.73094,0.92147
FANCE,213.09,-0.23165,0.221,0.63663
TULP1,1.0344,1.0864,0.64769,NA
SLC26A8,0.35326,-0.37992,0.92545,NA
MAPK14,1511.5,-0.23667,0.024496,0.2403
RHAG,0,NA,NA,NA
KCTD20,2298.6,-0.078265,0.43894,0.79568
STK38,2041.6,-0.17239,0.20885,0.62471
SRSF3,3120.9,0.073011,0.51432,0.83032
SOD2,3647,0.75774,1.2105e-13,1.7649e-10
MRPL18,800.02,-0.082165,0.56995,0.8573
IL17A,0,NA,NA,NA
IL17F,0,NA,NA,NA
MCM3,1342.3,-0.35287,0.03856,0.30101
RNF8,439.64,3.799e-4,0.99799,0.99963
PHACTR1,34.673,0.67301,0.096015,0.45207
MDGA1,832,0.53624,0.0050634,0.10566
CILK1,609.16,-0.04261,0.7536,0.92978
FBXO9,1287.5,0.21672,0.054443,0.34534
CD83,78.44,-0.24674,0.37041,0.75424
MDN1,1207.4,0.35046,0.050875,0.33699
GLP1R,0.49241,-2.3514,0.53422,NA
SAYSD1,240.55,-0.079292,0.6981,0.90758
BMP5,0.32236,0.13145,0.9743,NA
BACH2,9.6425,-0.49262,0.50798,NA
RBM24,15.869,-0.92485,0.1184,0.49575
CAP2,132.65,-0.26305,0.24964,0.66501999999999994
TREML2,18.59,0.23247,0.77774,0.93784
ZNF451,975.26,0.20734,0.19978,0.61327
BAG2,1423.6,-0.61449,9.9767e-5,0.0089057
RAB23,1057,-0.1088,0.35627,0.74537
TSPO2,0.70181,1.5563,0.60364,NA
FHL5,0,NA,NA,NA
GPR63,17.818,0.27951,0.62703,0.88445
KHDRBS2,0.66826,0.1835,0.95238,NA
FBXL4,641.43,0.10379,0.49325,0.81999
CCNC,740.4,0.088653,0.46212,0.80567
PRDM13,0,NA,NA,NA
E2F3,584.03,-0.13736,0.44943,0.79976
PTP4A1,981.14,-0.024732,0.89308,0.97407
SIM1,87.003,-0.24368,0.36716,0.75309
ASCC3,1923,0.040959,0.69689,0.90711
HDGFL1,0,NA,NA,NA
BVES,464.32,0.32594,0.086916,0.43136
COL9A1,0,NA,NA,NA
MED23,662.7,0.10326,0.4889,0.8186
WASF1,542.02,0.15886,0.23118,0.64502
GPLD1,14.949,0.085462,0.89309,0.97407
ALDH5A1,25.726,0.4749,0.3681,0.75342
CRYBG1,1625.9,0.25129,0.074353,0.39937
VNN1,7.3398,0.68509,0.46189,NA
VNN2,0,NA,NA,NA
ACOT13,352.41,-0.34186,0.060697,0.36336
SMAP1,674.36,-0.20423,0.14568,0.53486
RPS12,15670,-0.034386,0.80669,0.94676
C6orf62,2610.3,0.031579,0.75758,0.93176
B3GAT2,10.491,0.55847,0.49802,NA
GMNN,212.61,-0.118,0.5295,0.8378
EYA4,1.5533,0.5294,0.76246,NA
SOBP,154.23,0.41019,0.23046,0.6441
NR2E1,0.35583,2.0112,0.6182,NA
SNX3,2997.8,-0.25756,0.0095986,0.14858
SLC17A2,0,NA,NA,NA
HBS1L,1200.4,0.026983,0.86151,0.9644
TRIM38,743.87,0.16972,0.24179,0.65572
PEX7,108.84,-0.24501,0.39625,0.77146
ZBTB24,267.31,-0.0071426,0.96757,0.99243
FIG4,517.62,-0.11898,0.40561,0.7778
PERP,2284.5,0.18023,0.17457,0.57905
ARFGEF3,83.508,-0.35234,0.19869,0.61195
SLC16A10,23.407,1.0356,0.046802,0.32623
HECA,980.19,0.11696,0.32776,0.72472
ADGRG6,91.562,-0.75042,0.042891,0.31367
PHACTR2,1219.6,-0.22327,0.14939,0.54212
EPM2A,118.86,0.14736,0.58218,0.86163
OR12D3,0.1692,1.0933,0.78875,NA
SLC39A7,2887.4,-0.15586,0.22004,0.63663
CCR6,1.9377,3.3426,0.12644,NA
UNC93A,0,NA,NA,NA
SLC22A2,1.9823,0.18007,0.92238,NA
PHF1,1445.4,-0.13856,0.29051,0.6987
CUTA,1131.5,-0.50829,1.6565e-4,0.013335
PACRG,12.255,-0.13413,0.84459,NA
QKI,3840.2,-0.054834,0.67367,0.89761
C6orf118,0,NA,NA,NA
PDE10A,3.2735,0.38566,0.76991,NA
MDFI,14.239,-0.040772,0.95209,NA
TFEB,197.03,-0.17962,0.34658,0.73809
SMOC2,18.001,-0.79262,0.22894,0.64352
CCND3,570.14,-0.066452,0.63351,0.88575
BYSL,377.79,-0.12653,0.50844,0.82626
FAM120B,903.28,0.077424,0.52677,0.83633
TBP,216.23,-0.12512,0.49139,0.8198
GUCA1B,17.556,0.6904,0.2146,0.63053
PRPH2,8.1487,-1.3576,0.138,NA
BICRAL,712.1,-0.074873,0.60585,0.87257
PPP2R5D,1233.9,-0.09965,0.40039,0.7734
MRPL2,279.22,-0.081417,0.65817,0.8929
PTK7,5831.4,-0.28529,0.074897,0.40037
SRF,1374.5,-0.20178,0.12776,0.50985
CUL9,595.04,0.25622,0.070949,0.39283
DNPH1,321.18,-0.16093,0.46934,0.8099
DUSP22,478.85,0.14116,0.33975,0.73435
EXOC2,578.68,0.19224,0.16583,0.56709
COX7A2,939.29,-0.034819,0.84382,0.95861
TMEM30A,5847.2,0.13915,0.23593,0.6485
GMDS,239.04,-0.034622,0.86772,0.96612
SENP6,1755.1,-0.0066911,0.94768,0.98911
IMPG1,3.5011,0.22094,0.87254,NA
VEGFA,12673,0.25666,0.19536,0.60772
PRPF4B,1562.9,0.12954,0.28064,0.69232
TTK,302.23,-0.27113,0.19278,0.60373
SLC29A1,384.85,-0.44781,0.027057,0.25306
CCN6,0.96032,0.43263,0.85745,NA
BTN2A1,804.87,0.31276,0.027936,0.25707
LAMA4,16897,0.30181,0.0065243,0.12039
TENT5A,1288.7,-0.4546,0.059759,0.36103
CLIC5,0.2705,-1.1587,0.77644,NA
FBRSL1,1050.9,0.18015,0.2164,0.63314
ENPP5,41.945,-0.53674,0.21095,0.62653
LY86,0,NA,NA,NA
PRSS16,2.0644,0.63534,0.67595,NA
MEP1A,0,NA,NA,NA
TBX18,1053.7,0.12704,0.43613,0.79431
ERBIN,2099.4,0.097749,0.33187,0.72816
PCDHB2,343.3,0.33911,0.047934,0.32914
HARS2,513.87,0.13691,0.33122,0.72754
NUDT12,226.18,-0.20786,0.26574,0.68026
CEP72,57.124,-0.28163,0.4057,0.77785
MAN2A1,2137.7,0.082186,0.51895,0.83349
SEMA5A,3016.3,-0.057982,0.66733,0.89547
C7,1.1784,1.4268,0.53174,NA
TENT4A,883.07,0.0053428,0.97408,0.99287
GHR,103.33,-0.1265,0.62525,0.88373
HMGCS1,471.79,0.40418,0.004172,0.098286
DAP,3069.6,-0.1734,0.16973,0.57317
NME5,4.9943,0.11357,0.9108,NA
BRD8,1256.8,-0.018723,0.882,0.97005
KIF20A,638.68,-0.26091,0.15055,0.54423
NNT,1176.8,-0.064144,0.58589,0.86305
MRPS30,300.35,0.032678,0.83495,0.95609
HSPA9,5397.7,0.0058452,0.95703,0.98999
MRPS27,1178.9,-0.027976,0.82767,0.95403
PFDN1,763.04,-0.005863,0.96543,0.99243
HBEGF,256.9,0.40177,0.22212,0.63763
SLC4A9,0.15313,1.0357,0.79963,NA
LOX,24038,-0.15594,0.091012,0.4415
GZMK,0,NA,NA,NA
CDH9,3.2818,-0.41208,0.74722,NA
APBB3,269.65,0.11158,0.64361,0.88824
TMCO6,120.56,-0.35835,0.13351,0.5194
SPARC,55084,-0.6361,8.5049e-5,0.0079715
IK,1665.9,-0.032189,0.78388,0.93992
HMGCR,645.79,0.1577,0.29886,0.70347
CERT1,1060.5,0.27224,0.025586,0.24578
FAF2,1532.1,0.071032,0.52189,0.83453
HAND1,19.395,-0.20107,0.71233,0.91379
PCDHB3,27.332,0.13702,0.76076,0.93235
PCDHB5,20.478,0.12006,0.83551,0.95609
PCDHB6,14.113,-0.12525,0.84162,NA
PCDHB7,37.22,-0.2602,0.53473,0.83951
PDE8B,26.636,0.35461,0.44052,0.79603
CLK4,233.7,-0.15044,0.39732,0.77192
PCDHB15,66.485,0.51065,0.162,0.5624
HAVCR1,2.3457,0.53966,0.7654,NA
GRM6,10.991,0.41922,0.5932,NA
ITK,0.16385,1.0748,0.79225,NA
RNF130,1484.1,0.0046862,0.96878,0.99243
THG1L,396.57,-0.081596,0.59909,0.87017
ARSB,937.36,-0.20847,0.10181,0.46337
CLINT1,1818.4,-0.068112,0.49746,0.8215
THBS4,77.371,-0.48594,0.12741,0.50985
CNOT6,548.7,-0.049311,0.76484,0.93352
IL12B,7.9459,0.948,0.23595,NA
BTNL8,0.99319,0.14558,0.94724,NA
TTC1,702.94,-0.12066,0.39125,0.76903
MSH3,493.92,0.017816,0.89303,0.97407
RASGRF2,6.7199,-0.027489,0.97624,NA
GABRG2,41.62,0.84738,0.63186,0.88575
CCNG1,3146.2,-0.37163,0.0077622,0.13332
POLR3G,78.768,-0.72456,0.011902,0.16827
DROSHA,1169.1,0.090042,0.48791,0.8183
CDH6,27.733,-0.98151,0.14411,0.53267
LMNB1,849.16,-0.51807,2.0733e-4,0.015458
ARRDC3,2895,0.086975,0.58369,0.86259
GOLPH3,2416.1,-0.039772,0.74481,0.92678
SUB1,2450,0.10717,0.48992,0.81895
NPR3,756.97,-1.2251,1.3176999999999998e-22,5.763400000000001e-19
FAM172A,824.01,0.11521,0.35377,0.74455
SLC27A6,0.993,1.4019,0.56959,NA
TARS1,3879.5,-0.24836,0.0072419,0.12859
IRX4,3.4864,1.6084,0.30691,NA
LNPEP,1378.5,0.31901,0.031085,0.27085
PDE4D,89.093,0.41648,0.14759,0.53927
RAD1,562.74,-0.16601,0.26366,0.67824
BRIX1,425.29,-0.20209,0.19483,0.60727
AGXT2,0,NA,NA,NA
PRLR,535.24,0.16527,0.53397,0.83932
SLC12A7,384.93,-0.053884,0.7618,0.93251
IL4,0.87292,3.3478,0.34659,NA
RAD50,1033.7,0.20125,0.2393,0.65249
IL5,0.28502,1.6052,0.69153,NA
ST8SIA4,5.5857,0.13426,0.89972,NA
GNPDA1,628.83,0.21014,0.14986,0.54321
PCDH12,32.352,-0.12429,0.83435,0.95603
SKP1,3468.2,-0.035696,0.75876,0.93216
NUP155,686.55,-0.017833,0.89895,0.97601
PPP2CA,2257.7,-0.10181,0.45798,0.80354
FGF1,121.5,-0.77663,0.0011205,0.044691
NR3C1,5180.2,-0.23196,0.01323,0.17643
C5orf15,1277.6,-0.033419,0.78173,0.93988
PPWD1,567.66,-0.083452,0.55668,0.85127
LIFR,1158.5,0.41319,0.016145,0.19689
TRIM23,388.1,-0.19236,0.21653,0.63316
TRAPPC13,284.57,-0.32077,0.068263,0.38648
C9,2.2377,3.6061,0.061401,NA
SEC24A,1044.9,0.12783,0.41169,0.78077
TXNDC15,1251.2,0.11168,0.47745,0.81454
TTC33,291.69,0.11625,0.47421,0.81245
RARS1,1545.2,-0.043449,0.74151,0.92501
WWC1,106.91,-0.29167,0.35409,0.74455
MACROH2A1,1666,-0.064501,0.5906,0.86541
TCERG1,1034.8,0.14723,0.28504,0.69371
DPYSL3,3674.7,-0.050438,0.65288,0.89083
SMAD5,1866.6,0.041065,0.77518,0.93725
CSNK1A1,7660.6,-0.11829,0.22631,0.64152
HMGXB3,977.18,0.075042,0.51734,0.83276
ERGIC1,5645.1,-0.21664,0.042323,0.31252
PDGFRB,17321,0.010767,0.91928,0.98156
CDX1,3.6092,-0.67222,0.60602,NA
ATP6V0E1,1891.7,0.037333,0.78965,0.94112
BNIP1,135.15,0.076657,0.72612,0.91939
STC2,6192.8,-0.35278,4.0456e-4,0.023594
CPEB4,493.53,0.50326,0.014484,0.18489
HRH2,0.47062,-0.351,0.92932,NA
DBN1,3454.7,-0.11456,0.36602,0.75269
ZNF346,302.68,-0.074906,0.66105,0.8934
UNC5A,5.0845,-0.071111,0.94454,NA
EHHADH,153.33,-0.36101,0.091453,0.44249
CNTN3,1616.8,0.060382,0.58683,0.86331
SMC4,2483.2,-0.0043488,0.97529,0.9933
SELENOK,422.51,-0.031696,0.86821,0.96621
ACTR8,598.52,0.028399,0.85838,0.96352
TBCCD1,217.39,-0.14242,0.4472,0.79903
TIMMDC1,1001,0.063894,0.63177,0.88575
CRBN,626.89,-0.0087447,0.95273,0.98999
KNG1,0.4559,0.88459,0.82296,NA
HRG,0,NA,NA,NA
BCL6,1097.4,0.68993,2.5845e-5,0.0032925
HGD,1.7518,1.2862,0.56886,NA
CLDN16,1.4498,-0.15615,0.94046,NA
ARL6,185.24,0.22917,0.29556,0.70081
NPHP3,871.68,0.23359,0.050725,0.33699
CD86,0,NA,NA,NA
AMOTL2,5361.5,0.22714,0.13481,0.52182
NIT2,454.06,0.12372,0.44333,0.79723
FAM162A,634.81,-0.41974,0.0038291,0.094779
OGG1,284.97,-0.07919,0.6373,0.88616
KPNA1,1398,0.13896,0.29191,0.69908
PCCB,417.4,-0.21662,0.1554,0.55383
UBE3A,1904.4,0.11902,0.31051,0.71208
ARMC8,553.41,0.11593,0.42477,0.78828
CEP70,118.8,0.18046,0.45924,0.80404
RBP2,0.72349,-0.48804,0.86973,NA
RBP1,2.1534,0.47697,0.78229,NA
SLC25A36,1377,-0.14551,0.30461,0.70739
GRK7,8.6919,0.80235,0.31017,NA
RNF7,1074.1,-0.0048489,0.97075,0.99259
TFDP2,1177.3,0.27688,0.054771,0.3457
XRN1,1174.6,0.052433,0.75966,0.93231
KAT2B,717.74,0.18168,0.13105,0.51469
BCHE,0.28287,0.1301,0.97456,NA
SERPINI2,0.30839,1.4178,0.72824,NA
PDCD10,473.8,-0.010314,0.94399,0.98762
LRRC31,0,NA,NA,NA
WNT5A,4634.5,-0.11224,0.2977,0.70194
PFKFB4,272.62,-0.36759,0.12158,0.49931
COL7A1,3836.4,-0.41745,0.033661,0.28044
FGF12,2.0154,2.8553,0.16358,NA
PRKAR2A,1345.4,-0.017165,0.89265,0.97407
HES1,48.061,0.42018,0.32705,0.72394
USP4,1392.1,0.058081,0.58375,0.86259
ACAP2,1754.7,0.10814,0.29939,0.70355
ECT2,966.98,-0.12702,0.36956,0.75406
GNAT1,5.8347,0.22568,0.81003,NA
GNAI2,9114.9,-0.10451,0.29427,0.70011
TFG,1758.4,-0.17355,0.12223,0.50071
USP9Y,4.3427,0.37337,0.76479,NA
HYAL1,7.1679,0.71532,0.44194,NA
TUSC2,334.49,0.074081,0.70708,0.91067
NPRL2,261.73,0.015455,0.9294,0.98324
RPL24,9468.5,-0.13066,0.39339,0.7705
CYB561D2,189.69,-0.36969,0.056348,0.34977
C3orf14,183.81,0.0030784,0.98735,0.99728000000000006
FXR1,3241.5,-0.075267,0.50786,0.826
CBLB,674.08,-0.15863,0.44206,0.79636
BBX,1722.2,0.20882,0.19188,0.60222
IFT57,800.31,-0.070915,0.6058,0.87257
GNB4,1771.3,-0.16763,0.23773,0.65069
HHLA2,2.9559,-1.2459,0.40333,NA
IQCG,166.08,0.30677,0.14688,0.53805
GBE1,4413.3,-0.24092,0.022769,0.2322
MORC1,0,NA,NA,NA
UMPS,492.11,0.31648,0.23004,0.64409
NCBP2,1720.3,0.10794,0.29229,0.69916
SNX4,417.21,-0.050766,0.74351,0.92608
C3orf52,6.0371,-0.26144,0.78796,NA
FRMD4B,21.301,0.53655,0.31956,0.71888
SLC41A3,956.85,-0.19564,0.16774,0.57037
ROPN1B,0.064706,-0.23296,0.95429,NA
PLXNA1,5780.9,0.01323,0.92588,0.98258
ATP6V1A,988.47,0.59872,1.5147e-6,3.6869e-4
ABTB1,1004,0.069487,0.57591,0.85915
PODXL2,72.558,0.055162,0.85569,0.96313
UPK1B,4.8833,0.64641,0.59874,NA
CSPG5,14.114,-0.18952,0.76156,NA
KLHL18,462.68,0.30829,0.12593,0.50748
SCAP,1671.1,0.04202,0.71668,0.91617
EFCC1,0.53169,2.622,0.47528,NA
CFAP92,34.8,0.24204,0.58762,0.86414
NEK11,235.21,-0.031318,0.86495,0.96539
MRPL3,1244.1,-0.23706,0.0646,0.37475
PLSCR4,832.55,0.017641,0.92077,0.98198
HEMK1,657.99,-0.0861,0.49652,0.82107
CISH,33.363,-0.90309,0.057226,0.353
MAPKAPK3,1241.6,-0.094597,0.48849,0.8186
ACVR2B,152.73,0.30351,0.22359,0.63857
WDR48,1051.3,0.030699,0.80981,0.94735
COMMD2,585.95,0.019974,0.89347,0.97414
GORASP1,746.07,0.067318,0.61599,0.87778
PEX5L,6.3377,1.5709,0.18336,NA
RRP9,299.84,0.13973,0.41651,0.78483
ABCC5,1339.5,0.50129,0.0018129,0.058737
AADAC,1.1386,0.1444,0.95541,NA
ABHD14B,846.36,-0.20686,0.14626,0.53637
EIF1B,521.14,-0.1282,0.42955,0.79124
ABHD14A-ACY1,11.381,-1.754,0.053048,NA
ARHGEF26,30.848,0.016959,0.97186,0.99259
KLHL24,453.23,0.53552,0.0065323000000000004,0.12039
PLCH1,1.7188,1.6777,0.4521,NA
VIPR1,1.4439,1.3128,0.58455,NA
DNAH1,270.1,-0.1954,0.43046,0.79147
SSR3,3546.1,-0.22157,0.25203,0.66725
ZBTB47,1480.7,-0.34732,0.0031227,0.083117
TNNC1,19.874,-0.47571,0.40729,0.77862
NKTR,1480,0.52298,0.0066759,0.12205
CLCN2,102.55,0.54927,0.054542,0.34557
FOXP1,1055.1,0.076015,0.67547,0.89808
EIF4G1,9967.4,0.019482,0.86566,0.96539
SPCS1,942.23,-0.063176,0.64758,0.8898
NEK4,504.43,0.14182,0.35377,0.74455
SLC4A3,196.86,0.15721,0.4002,0.7734
INO80D,384.52,-0.026002,0.87697,0.96911
EEF1B2,7461.3,-0.12369,0.40144,0.77389
ADAM23,279.71,0.5068,0.0029411,0.080069
DGUOK,422.3,-0.27299,0.062929,0.36881
MOB1A,3273.7,-0.039911,0.71042,0.91297
KANSL3,934.82,0.064523,0.60499,0.8721
LMAN2L,420.3,-0.035578,0.84537,0.95868
RTKN,255.57,0.038369,0.84149,0.95776
TTL,1880.9,0.26236,0.062344,0.36731
IL1A,10.919,0.25844,0.8099,NA
CCL20,2.3733,0.57635,0.73748,NA
PIKFYVE,1103.5,0.28104,0.016737,0.19928
KCNIP3,125.8,-0.34618,0.20439,0.61913
FAHD2A,287.29,0.1433,0.40178,0.77419
NCL,12134,0.089861,0.41389,0.78246
ACTR1B,1195.3,-0.17951,0.13763,0.52469
SLC35F5,1668.2,0.1193,0.42501,0.7886
ZAP70,1.3732,1.9302,0.34511,NA
ACTR3,4001,-0.041888,0.75956,0.93231
STEAP3,1221.6,-0.57222,0.017216,0.20152
EPB41L5,537.5,0.11996,0.44267,0.79687
TFCP2L1,6.1183,1.1098,0.26159,NA
SF3B6,810.87,-0.092764,0.46475,0.80738
TP53I3,504.42,-0.29383,0.039252,0.30513
DNAJC27,92.898,-0.16833,0.5914,0.86573
POMC,6.4041,0.56578,0.51921,NA
STAM2,856.7,0.029157,0.81222,0.94872
OTOF,7.3622,2.9681,0.0061758,NA
GPD2,1033,0.11712,0.50216,0.82355
CENPA,135.29,-0.1673,0.45014,0.80016
CYTIP,2.4325,0.28475,0.86296,NA
ACVR1,1981.9,0.17445,0.080245,0.41587
TANC1,621.45,-0.0055378,0.97171,0.99259
SLC30A3,11.701,0.39307,0.5772,NA
MPV17,712.14,-0.23838,0.11174,0.48167
GTF3C2,854.01,-0.011831,0.95285,0.98999
EIF2B4,559.98,0.1174,0.41232,0.78122
NRBP1,2621,0.03344,0.78043,0.9395
ITGB6,1.7981,-0.98541,0.61418,NA
FNDC4,463.28,0.26441,0.10417,0.46942
ITGA4,2053.2,-0.16534,0.15375,0.55063
PSMD14,967.67,0.072154,0.60738,0.87296
SNX17,2338.7,-0.28948,0.027273,0.25436
ASB3,324.24,0.13004,0.43019,0.79147
PPM1G,2021.4,-0.056004,0.69361,0.9057
PDE1A,12.18,-0.61329,0.39756,NA
REEP6,90.75,-0.059027,0.82339,0.95231
PCSK4,66.615,0.35097,0.28019,0.69186
GCG,0,NA,NA,NA
APC2,160.96,0.27068,0.24908,0.66455
IFIH1,127.44,0.019196,0.95284,0.98999
RPS15,7917.4,-0.22298,0.087947,0.4345
GCA,39.053,0.34176,0.42637,0.78957
INO80B,415.15,0.30023,0.038176,0.30012
MOGS,1020.8,0.18104,0.16438,0.56478
TTC31,492.34,0.19392,0.24704,0.66196
NDUFS7,454.07,-0.27506,0.093562,0.4458
PCGF1,229.56,-0.20102,0.31135,0.71247
GRB14,7.2346,0.44632,0.62432,NA
CLIP4,1423,-0.090528,0.50307,0.82414
TLX2,1.8209,-0.051502,0.97393,NA
SPTBN1,9374.3,0.18181,0.12642,0.50857
AUP1,1515.3,0.10447,0.4266,0.78957
RTN4,15214,0.0065834,0.94909,0.98969
HTRA2,476.23,-0.017815,0.90101,0.97613
LOXL3,1112.4,-0.62541,3.2138e-6,6.9134e-4
DOK1,514.05,-0.13078,0.37952,0.76033
GALNT3,8.2836,1.6992,0.096459,NA
POLE4,376.37,-0.027128,0.88388,0.9704
TACR1,6.6071,0.44865,0.62199,NA
CCDC88A,1795.6,0.046715,0.68751,0.90305
ACADL,0.82879,-1.8088,0.5252,NA
EVA1A,712.89,-0.30309,0.09653,0.45375
MRPL19,860.7,-0.067445,0.6153,0.87762
LANCL1,1225.6,0.12967,0.27122,0.68362
WDR75,578.73,-0.18218,0.28543,0.69371
EFEMP1,6675.5,-0.68859,8.7557e-4,0.037918
REG1A,0,NA,NA,NA
FANCL,241.22,0.10456,0.617,0.87849
FN1,1199300,0.21967,0.055476,0.34764
STAT1,5501,-0.056786,0.73332,0.92312
GLS,2584.9,0.24721,0.024375,0.2399
PAPOLG,244.75,-0.092527,0.63223,0.88575
DNAH6,2.0415,1.7105,0.28187,NA
PECR,88.328,-0.1308,0.64078,0.88731
UNC50,460.36,0.024792,0.86351,0.9649
IGFBP2,453.07,0.031938,0.86724,0.96588
ELMOD3,345.09,0.189,0.36314,0.75041
IGFBP5,2855.9,-1.0582,1.0094e-16,1.8921e-13
USP34,4265,0.2851,0.071053,0.39323
EFHD1,14.67,-0.21449,0.81387,NA
KCNJ13,2.6712,1.0214,0.54554,NA
CCT4,2977.3,-0.075445,0.52683,0.83633
GGCX,850.16,-0.10766,0.37489,0.75791
NEU2,0,NA,NA,NA
EHBP1,3872.6,-0.12107,0.3856,0.76448
OTX1,3.6484,0.3845,0.75857,NA
TXNDC9,449.26,-0.25042,0.1278,0.50985
COQ10B,666.62,0.38128,0.0039438,0.095566
GNLY,1.1401,0.80785,0.7515,NA
SF3B1,5497.7,0.13176,0.39583,0.77146
ST3GAL5,408.34,0.060291,0.73735,0.92417
CHST10,181.09,-0.30264,0.11171,0.48167
PDCL3,196.85,-0.15748,0.50175,0.82355
MOB4,870.4,0.039742,0.80767,0.9471
HSPE1,868.51,0.034896,0.8555,0.96313
KDM3A,1575.4,-0.034841,0.8174,0.95063
PLCD4,41.757,-0.50771,0.26206,0.67637
CHMP3,2873.9,-0.23966,0.038209,0.30012
ZNF142,635.16,0.20219,0.28317,0.69371
IL1R2,0.61439,-2.6275,0.45093,NA
PRKAG3,0.29058,-1.5658,0.6987,NA
SMYD1,0,NA,NA,NA
IL1R1,3176.8,0.13143,0.36412,0.75138
WNT6,0.16949,1.0943,0.78856,NA
IL1RL2,20.97,0.17175,0.75917,0.93222
IL1RL1,31.087,-0.79148,0.10855,0.47671
IL18R1,8.5572,-0.48182,0.64503,NA
IL18RAP,0,NA,NA,NA
SLC9A2,0.31086,-1.697,0.6745,NA
FHL2,4479.1,-0.13633,0.30765,0.70966
MLPH,241.59,0.085641,0.65969,0.89303
CNPPD1,1006.8,-0.21234,0.065605,0.37874
UXS1,920.79,0.26731,0.055655,0.3481
ABCB6,465.35,-0.29198,0.080341,0.41594
STK16,436.79,-0.066671,0.6597,0.89303
SLC5A7,0,NA,NA,NA
HDLBP,30078,-0.097421,0.2741,0.68674
PPP1R7,974.07,-0.074778,0.567,0.85588
PASK,142.68,0.044277,0.89425,0.97423
STK25,2239.9,-0.15264,0.18163,0.58964
TPO,5.3167,1.6697,0.11259,NA
PROC,0.12528,-0.66378,0.87078,NA
ID2,1049.2,-0.32388,0.037385,0.29688
TAF1B,369.98,0.37934,0.03289,0.2772
HPCAL1,990.38,0.41378,0.027531,0.2557
ODC1,1408.9,0.31579,0.017424,0.20297
BIRC6,2123.7,0.28572,0.055152,0.34681
NOL10,669.26,-0.07296,0.57351,0.85848
PLEKHB2,1719.4,0.14255,0.24485,0.65926
GORASP2,2154.9,-0.12848,0.31511,0.71599
STRN,1092.2,0.30036,0.017463,0.20297
CEBPZ,1016.5,0.074281,0.5629,0.8541
PRKD3,1783.9,0.0071595,0.95645,0.98999
DCAF17,387.24,-0.19973,0.16861,0.57199
QPCT,213.08,-0.38285,0.055095,0.34681
RAB3GAP1,2470.9,-0.035682,0.73847,0.92448
SLC25A12,382.61,0.1043,0.47852,0.81547
RMDN2,143.24,0.26818,0.3433,0.73589
DLX2,22.753,-0.31013,0.53261,0.83887
LCT,2.8428,0.99815,0.50685,NA
DARS1,2244.4,-0.23816,0.10834,0.47649
SRSF7,1644,0.063855,0.58986,0.86496
SDC1,628.41,-0.3793,0.041699,0.3099
PLCL1,212.18,-0.32559,0.17454,0.57905
SLC1A4,1293,-0.18398,0.13431,0.52127
SOS1,1580.7,0.13383,0.27608,0.68831
KYNU,126.38,0.54988,0.036437,0.29315
WIPF1,2741.5,-0.20171,0.061763,0.36606
ORC2,431.63,-0.12975,0.35303,0.74405
COX7A2L,1656.8,-0.034309,0.78646,0.94057
PNO1,305.48,0.17984,0.34015,0.73487
ORC4,588.31,0.17732,0.29229,0.69916
PLEK,1.1722,-0.29292,0.88736,NA
RND3,5082.3,0.20959,0.043557,0.31626
ATF2,844.98,-0.13549,0.3251,0.72267
THADA,823.02,0.29516,0.031925,0.27385
AAK1,1467.7,0.34841,0.06847,0.3871
TRAK2,1469.8,0.077153,0.49017,0.81926
C2orf42,202.92,-0.10851,0.66937,0.89641
TIA1,1093.1,0.16662,0.28414,0.69371
PCYOX1,5281,0.071214,0.57693,0.85951
KISS1R,0.832,-3.1591,0.30738,NA
EPAS1,6804.9,0.21618,0.037898,0.29903
ARID3A,615.23,-0.26296,0.10799,0.4763
SUMO1,2142.7,-0.064025,0.58681,0.86331
CD207,0.32511,-1.7535,0.66392,NA
GRIN3B,99.123,0.23143,0.37642,0.75834
VAX2,38.8,0.45779,0.29168,0.69905
ATP6V1B1,77.697,0.62615,0.046204,0.32397
NFE2L2,2297.4,-0.049082,0.68162,0.90043
MSH6,1824.3,-0.074994,0.60251,0.87126
PLEKHA3,495.71,0.37343,0.061006,0.36424
SPR,299.73,-0.22596,0.24382,0.65832
EPHA4,278.12,-0.15124,0.35593,0.74522
PARD3B,502.01,-0.20543,0.30543,0.70826
FARSB,968.26,-0.009308,0.94722,0.9889
ALMS1,423.61,0.1809,0.3813,0.76122
BCL9,245.83,0.38179,0.054593,0.34557
PRRX1,4022.6,0.26396,0.55,0.84847
DHCR24,1313.6,-0.10836,0.36992,0.75424
DNAJC16,599.84,0.12028,0.34235,0.73501
MARK1,6.9303,0.24404,0.7791,NA
TNR,23.885,0.16061,0.77442,0.93692
MORN1,80.862,0.076564,0.77559,0.93737
GPX7,349.85,-0.58245,0.0029548,0.080274
CACYBP,1251.4,0.31892,0.080199,0.41579
SCP2,1783.6,-0.067924,0.61033,0.87443
TPSG1,0.66639,-2.7857,0.47712,NA
PAPPA2,291.04,-0.2074,0.24523,0.65977
RALGPS2,2623.6,0.0083874,0.95352,0.98999
ANGPTL1,20.413,-1.0762,0.085916,0.42867
CEP104,633.56,0.19777,0.13562,0.52236
FAM20B,1745.1,-0.054285,0.67862,0.89895
TCEANC2,399.42,0.43118,0.026089,0.24754
TMEM59,4581.4,-0.16692,0.241,0.65451
LRRC42,665.14,-0.21956,0.084508,0.42644
WRAP73,238.92,-0.10114,0.59266,0.86651
NPHS2,0,NA,NA,NA
MRPL37,1247.7,-0.21894,0.088583,0.43486
ICMT,3737.9,0.036035,0.7721,0.93591
RPL22,11316,-0.1504,0.31844,0.71809
CHD5,8.6604,0.67978,0.5201,NA
QSOX1,18381,-0.19402,0.091608,0.44275
STXBP3,855.39,-0.032832,0.78224,0.93989
PHF13,976.82,-0.19936,0.092762,0.44489
ERRFI1,2276,0.28167,0.51052,0.82745
PARK7,2896.2,-0.14605,0.30767,0.70966
ELAPOR1,27.744,0.29229,0.54057,0.84314
OPRD1,26.821,0.2115,0.69653,0.90709
AMPD2,1397.1,-0.16553,0.19885,0.61195
SRSF4,1987.2,0.17128,0.1016,0.46337
MECR,339.62,-0.036601,0.82055,0.95144
KCNC4,416.73,0.41586,0.058518,0.35815
EDEM3,2186.8,0.36806,0.042538,0.31306
WDR77,470.93,-0.29636,0.044846,0.32028
ATP5PB,1827.6,-0.18851,0.17814,0.5849
RAP1A,1405.6,0.0048063,0.97067,0.99259
HDAC1,1566.4,0.0059992,0.95401,0.98999
CAPZA1,3355.6,-0.17278,0.16811,0.57118
S100PBP,502.61,-0.19271,0.26025,0.67518
RNF19B,258.8,-0.056105,0.76974,0.93533
SCAMP3,802.32,0.14957,0.24526,0.65977
TRIM62,149.16,0.27236,0.20573,0.6206
ASH1L,2277.4,0.39236,0.0087769,0.14219
DLGAP3,5.6588,0.1108,0.90993,NA
SFPQ,2979.3,0.35513,0.0060233,0.11646
RHOU,82.907,-0.95581,0.0042462,0.098921
GON4L,1057.2,0.28213,0.047521,0.32837
ARHGEF2,4098.6,-0.17964,0.20114,0.61579
LAMTOR2,446.43,-0.090921,0.58037,0.86163
MEF2D,2002.4,0.188,0.092347,0.44436
DOCK7,3112.9,0.24234,0.081981,0.42021
SRM,1553.7,-0.12094,0.40545,0.7776
FBXO2,13.939,-0.20402,0.78041,NA
FBXO6,65.208,-0.18316,0.57124,0.8573
C1orf21,917.44,-0.40814,8.509e-4,0.037594
SWT1,100.18,0.17662,0.50897,0.82626
MAD2L2,505.35,-0.14036,0.33609,0.73124
DNAJC6,176.06,-0.027447,0.91695,0.98099
LEPR,436.25,0.096751,0.54711,0.84664
IVNS1ABP,932.41,0.040287,0.77534,0.93727
KIAA2013,1658.6,-0.13208,0.32111,0.71965
MFN2,2114.1,0.002343,0.98318,0.99542
PRG4,125.84,-0.11689,0.7434,0.92604
MIIP,222.77,-2.6071e-4,0.99884,0.99963
SMG7,1138.9,0.33226,0.01278,0.17289
NCF2,5.3439,0.58374,0.62217,NA
PDC,4.3628,-2.3557,0.0972,NA
SLC35D1,404.92,0.091673,0.53561,0.84028
PLA2G4A,127.36,0.29759,0.38084,0.76121
GADD45A,1290.6,0.35978,0.014367,0.18447
PRAMEF1,0.15778,-0.83332,0.83818,NA
PRAMEF12,0,NA,NA,NA
WLS,1027.3,0.41333,0.022658,0.23213
PRDM2,1302,0.23096,0.047036,0.3265
RGS2,211.59,0.74121,0.0054295,0.10982
RPE65,0,NA,NA,NA
RO60,921.5,0.1716,0.22259,0.63763
AMPD1,0,NA,NA,NA
UCHL5,553.51,0.035076,0.7927,0.94243
BCAS2,404.08,0.14579,0.32835,0.72488
SRSF11,2960.8,0.3361,0.021478,0.22475
CTH,84.155,-0.54885,0.072473,0.39537
AGMAT,24.334,0.51963,0.28689,0.69509
OLFML3,2202.2,-0.85268,4.2135e-6,8.3773e-4
TNNI3K,1.2641,-0.77217,0.75782,NA
CFHR3,2.3917,-0.43512,0.7925,NA
PLEKHM2,2913.6,0.072563,0.47629,0.81389
CRYZ,692.49,0.18348,0.16978,0.57317
PHTF1,454.88,-0.011809,0.95018,0.98999
ZBTB17,548.44,-0.025017,0.85707,0.9633
CD58,161.8,-0.12818,0.54174,0.84396
TFAP2E,24.353,0.46853,0.3206,0.71907
CD2,0.13204,-0.74483,0.85516,NA
TTF2,409.51,-0.15156,0.42975,0.79124
NR5A2,5.2902,1.9313,0.074853,NA
KIF21B,2.4725,-1.1743,0.43382,NA
TMEM9,787.22,-0.19264,0.2553,0.66972
ADPRS,647.77,-0.16692,0.27931,0.69128
MAP7D1,4282.4,-0.20112,0.067985,0.38569
WARS2,336.56,-0.24126,0.13615,0.52284
HAO2,1.3682,-1.4088,0.51672,NA
OSCP1,75.831,-0.2677,0.3331,0.72954
MRPS15,601.06,-0.11321,0.54083,0.84325
EXOC8,390.48,0.26658,0.082085,0.42028
GNPAT,942.67,0.12997,0.34137,0.73487
TSNAX,683.53,0.14502,0.26073,0.67575
C1orf109,313.34,-0.090794,0.56259,0.85404
RRAGC,1151,0.24991,0.041253,0.30933
NID1,10006,0.026006,0.77006,0.93544
LGALS8,1212.5,0.094224,0.44184,0.79618
NT5C1A,5.2821,-0.049525,0.96072,NA
HPCAL4,0.15905,-0.83794,0.83729,NA
MTR,1605.2,0.08437,0.56247,0.85404
BMP8B,12.779,-0.16174,0.82887,NA
MYCL,4.0506,0.79023,0.51417,NA
SIPA1L2,770.95,-0.26775,0.13742,0.52469
ZP4,0,NA,NA,NA
RLF,669.89,0.17931,0.25431,0.66829
KMO,5.42,0.47628,0.66516,NA
ZNF684,62.132,-0.26022,0.50206,0.82355
KCNQ4,3.6319,0.37684,0.77587,NA
RIMS3,10.965,-0.33633,0.68565,NA
AKT3,1885.8,-0.0078135,0.94755,0.98908
ETV3,528.88,0.070292,0.66243,0.89419
ACADM,426.43,-0.08281,0.58577,0.86303
ST6GALNAC5,54.99,-0.87645,0.02472,0.24085
SLAMF1,0,NA,NA,NA
CD48,0,NA,NA,NA
ADGRL2,1886.7,-0.14347,0.40807,0.77912
PADI2,2.6448,-2.1526,0.16047,NA
SDHB,679.13,-0.14189,0.31092,0.71209
MFAP2,997.09,-0.48655,1.7785e-4,0.013728
RPF1,515.85,0.16047,0.32918,0.72546
KDM5B,2097.5,0.064491,0.55775,0.85172
UAP1,2665.4,-0.066848,0.64877,0.88985
ACTL8,0.31803,-1.7288,0.66858,NA
CTBS,580.41,-0.027137,0.84885,0.9608
RGS4,278.38,-0.75412,4.1527e-4,0.0239
KLHL12,743.19,-0.013689,0.91735,0.98099
IGSF21,0,NA,NA,NA
SSX2IP,661.95,0.13642,0.5053,0.82533
ZNHIT6,684.04,0.17195,0.27391,0.68674
PLA2G2D,10.044,0.92209,0.23712,NA
RBBP5,456.91,0.042687,0.76381,0.93312
GBP3,933.59,-0.11305,0.48884,0.8186
GBP1,229.17,-0.37805,0.18302,0.59151
KIF17,10.541,0.56282,0.46119,NA
GPR89A,293.7,-0.033012,0.85602,0.9632
CDK18,33.961,-0.39095,0.42205,0.78672
RAB29,496.64,0.2117,0.22032,0.63663
CD160,24.159,0.79806,0.19064,0.60062
ECE1,6211.5,0.29508,0.017365,0.20291
HMGCL,472.48,0.012185,0.94214,0.98753
GALE,151.62,-0.18994,0.39027,0.76836
ID3,95.294,0.19605,0.52302,0.83488
CR2,0,NA,NA,NA
CD46,2861.4,0.10244,0.29858,0.7034
PRPF3,605.59,0.21288,0.14847,0.54021
APH1A,2165.1,-0.16654,0.22521,0.64077
P3H1,2390.9,-0.4169,6.7718e-4,0.032313
SLC2A1,2446.6,-0.045878,0.7967,0.94344
EBNA1BP2,1015.5,0.0767,0.64318,0.88797
CDC20,615.48,-0.3372,0.016861,0.19928
MPL,11.564,-0.21602,0.82804,NA
ARTN,18.654,0.75841,0.26708,0.68043
IPO13,679.37,0.090045,0.48646,0.81691
ATP6V0B,633.97,0.19259,0.19701,0.60956
B4GALT2,2163,-0.45215,2.5571e-4,0.017567
ERI3,836.88,-0.10783,0.48036,0.81587
PTCH2,48.871,-0.30616,0.49614,0.82078
AKR1A1,775.77,-0.22071,0.078872,0.41201
PRDX1,5528.2,-0.018586,0.88872,0.97246
PIK3R3,24.849,0.51394,0.34145,0.73487
TSPAN1,8.4112,0.82975,0.29116,NA
BLZF1,664.28,-0.067231,0.60848,0.87348
CCDC181,5.2754,-1.2186,0.25369,NA
SLC19A2,86.754,0.15846,0.54153,0.84391
FAAH,58.068,-0.23822,0.45955,0.80404
NSUN4,316.64,0.1256,0.42655,0.78957
TMED5,1598.6,0.62083,3.1438e-7,1.0313e-4
MROH9,0,NA,NA,NA
DR1,1554.2,0.0027435,0.98233,0.99542
CNN3,2260.6,-0.30865,0.028261,0.25879
PRRC2C,4109.7,0.51511,7.1063e-4,0.033067
F3,1132.3,0.098862,0.64693,0.88955
ABCD3,836.32,0.20909,0.15043,0.54423
VAMP4,681.6,-0.19755,0.19609,0.60872
DPH5,446.45,0.016887,0.91217,0.97935
FASLG,0,NA,NA,NA
PTBP2,295.98,0.38391,0.10837,0.47649
TNFSF4,93.578,-0.70413,0.02271,0.23213
PRDX6,4362,-0.44105,0.0030432,0.082165
DARS2,428.46,-0.09636,0.50045,0.82321
HSD11B1,9.8162,-0.46075,0.57876,NA
IRF6,43.492,0.87716,0.16732,0.56997
UTP25,734.31,-0.15071,0.2963,0.70134
PLPPR5,0,NA,NA,NA
PLPPR4,6.3756,-0.86613,0.3716,NA
SERPINC1,1.3494,0.9343,0.69969,NA
RCAN3,455.53,0.073247,0.68985,0.90418
SYF2,1112.7,-0.21462,0.0693,0.38928
RSRP1,834.89,0.15859,0.39841,0.77246
SLC35A3,693.52,0.097222,0.50908,0.82631
RCOR3,606.34,0.072635,0.6686,0.89607
STMN1,1982.6,-0.25827,0.031878,0.27385
MTFR1L,1185.4,-0.005716,0.96069,0.99062
MAN1C1,210.09,-0.50453,0.18039,0.58722
NEK2,218.89,-0.063321,0.76466,0.93352
RPS6KA1,43.243,0.10212,0.78321,0.93992
DHDDS,625.48,0.085687,0.64581,0.88895
NENF,912.41,-0.13864,0.41788,0.78499
NSL1,455.64,-0.17289,0.25492,0.66955
PROX1,10.727,1.6517,0.027907,NA
ARID1A,1460.2,0.1758,0.22376,0.63857
CENPF,2191,0.17862,0.21615,0.63296
RPA2,514.05,-0.18989,0.19763,0.61022
PPP1R8,800.79,-0.1315,0.44811,0.79938
STX12,1151.3,0.0094018,0.933,0.9843
MTARC2,122.28,-0.030867,0.89918,0.9761
SLC5A9,10.409,1.1972,0.17592,NA
OSBPL9,753.25,0.094321,0.53141,0.8383
TXNDC12,979.25,-0.11394,0.39576,0.77146
ESYT2,5456.4,-0.066813,0.53354,0.83917
POLR1G,164.13,0.23711,0.2915,0.69877
MESD,966.95,-0.033937,0.80479,0.94676
RCN2,1281.5,0.21517,0.07275,0.39627
CHRNB4,1.5314,0.49394,0.78887,NA
MUC5B,6.727,0.20382,0.88726,NA
CTSD,10412,-0.08105,0.47794,0.81462
COLEC11,8.0084,0.71457,0.48603,NA
STAG1,2192.4,-0.022031,0.82844,0.95435
A4GNT,10.295,0.049456,0.94798,NA
STK11,1789.2,-0.19638,0.11237,0.48313
KMT2A,2630.9,0.35063,0.022763,0.2322
TREH,4.7346,-0.15229,0.90575,NA
IFT46,420.63,0.22035,0.13727,0.52469
MMP8,2.3476,4.0123,0.061096,NA
APOA1,2.6614,-0.2161,0.8862,NA
ZNF541,5.5165,-0.2934,0.80832,NA
SLC8A2,1.6126,1.9688,0.29443,NA
KPTN,151.87,0.14297,0.58626,0.86312
RPS25,9769.7,-0.15602,0.22037,0.63663
KIF14,349.64,-0.2169,0.21132,0.6268
TNNT2,1.365,1.4812,0.46112,NA
DDX59,293.69,-0.26346,0.09875,0.45869
CAMSAP2,2099.7,0.3289,0.019928,0.21789
ATF6,1188.2,0.007924,0.94786,0.98917
CRYGD,0,NA,NA,NA
MREG,132.13,-0.17652,0.52602,0.83581
TNP1,0,NA,NA,NA
FASTKD2,616.3,-0.07186,0.60449,0.87192
NRP2,411.67,-0.3174,0.049155,0.33337
CREB1,841.99,-0.071236,0.60487,0.8721
KLF7,1216.1,0.18029,0.26543,0.67987
TTR,6.1476,-0.77532,0.42324,NA
B4GALT6,195.01,0.14523,0.67697,0.89853
C1orf54,52.279,-0.87228000000000006,0.021677,0.22573
CA14,6.2572,-0.35497,0.73059,NA
CFAP94,7.7366,-1.9757,0.024167,NA
IRAG2,0.26127,-0.34602,0.93221,NA
ATP10B,1.6413,0.50687,0.82475,NA
SPCS2,1361.1,-0.087974,0.50808,0.82626
USP35,337,0.26436,0.11978,0.49661
ELOVL4,159.54,0.38895,0.065852,0.3795
FILIP1,15.183,-0.077781,0.90091,0.97613
CASP8AP2,541.37,-0.30009,0.11952,0.49641
HMGN3,291.18,0.040168,0.82518,0.95296
UBE3D,79.11,0.20319,0.46274,0.80587
CNR1,0,NA,NA,NA
SPACA1,0,NA,NA,NA
ANKRD13C,809.05,0.020994,0.87266,0.96797
SGIP1,589.17,0.089647,0.53101,0.8383
PHF3,2033.7,0.18314,0.13988,0.52636
ZC2HC1B,0.6693,0.12594,0.96729,NA
ADGB,0,NA,NA,NA
PLAGL1,1512.3,0.015412,0.89857,0.9758
FBXO30,742.24,0.052903,0.74744,0.92797
TNFAIP3,544.41,0.55793,0.0087616,0.14211
AKAP7,113.08,0.36389,0.16176,0.5624
RAB32,757.34,-0.24787,0.14069,0.52671
MYB,8.272,-0.29067,0.74311,NA
ALDH8A1,10.463,0.67508,0.49093,NA
SGK1,4174.8,0.45147,3.7409e-4,0.022408
RNF146,660.34,0.32038,0.030962,0.27063
ARG1,2.0377,-0.15665,0.93393,NA
CCN2,8908.3,-0.9077,4.5064e-6,8.57e-4
TCF21,0.97944,0.1259,0.95811,NA
PMFBP1,10.789,1.8707,0.052704,NA
FBXL5,1022.7,0.10713,0.35425,0.74455
MED28,851.76,0.073268,0.56658,0.85588
SLC16A7,971.73,-0.21589,0.38373,0.76301
RXYLT1,371.68,0.023058,0.87784,0.96911
ZNF430,211.09,0.14621,0.57862,0.86079
VAMP8,10.742,0.72334,0.42313,NA
DCLRE1B,347.36,-0.23019,0.20153,0.61579
MYL12B,4616.2,-0.22506,0.069617,0.38943
FOXO3,1867.5,0.17452,0.082743,0.42271
ARMC2,40.149,-0.097197,0.80443,0.94676
GHRH,0,NA,NA,NA
RPN2,4472.6,-0.21953,0.028533,0.26037
TGIF2,169.73,-0.63477,0.012264,0.17022
CASQ2,0,NA,NA,NA
OLFM3,0,NA,NA,NA
PKD2,1964.2,0.25072,0.063646,0.37125
ABCG2,5.3519,-0.69222,0.55565,NA
SPP1,6.6978,0.43344,0.69046,NA
STBD1,318.98,-0.19168,0.25408,0.66805
CCNI,7890.3,0.011535,0.90486,0.97672
RARRES1,5.5934,-0.35547,0.72193,NA
MFSD1,1668.5,0.21766,0.19273,0.60373
RAB3GAP2,1206.1,0.06353,0.62656,0.88434
EEF2KMT,471.61,-0.23471,0.1156,0.48885
PPL,11097,0.09178,0.58195,0.86163
UBN1,2245.1,0.11454,0.28495,0.69371
KLF12,1046.8,0.22639,0.20009,0.61403
UCHL3,341.55,0.11029,0.56128,0.85373
PCDH17,1.6084,2.1757,0.26625,NA
HS1BP3,467.8,0.28049,0.15253,0.54762
LDAH,336.27,0.011301,0.95758,0.98999
WDR35,420.52,0.20133,0.20895,0.62471
CCND2,75.286,0.36002,0.25033,0.66588
FGF23,64.825,0.065457,0.85872,0.96352
ELL2,1608.9,0.29431,0.012617,0.17139
DNAH7,23.74,-0.51893,0.37323,0.75624
CYP20A1,578.29,0.12139,0.36616,0.75275
NDUFB3,353.78,-0.031037,0.84324,0.9585
GTF3C3,604.79,0.43462,0.024262,0.23937
SATB2,678.14,0.50401,0.013951,0.18202
UBE2B,1295.2,-0.034766,0.77044,0.93544
TRPM6,4.1991,1.445,0.22591,NA
GDA,2.1957,-1.7465,0.36422,NA
KLF9,475.51,-0.57142,0.0031383,0.083193
TJP2,576.68,0.1513,0.42696,0.7897
ECRG4,0,NA,NA,NA
ITGB1BP1,1972.4,-0.13746,0.29307,0.69944
CPSF3,727.55,-0.096052,0.4376,0.79467
PIGZ,281.55,0.084684,0.6132,0.87648
SENP5,627.32,-0.042106,0.82085,0.95144
CCDC92,1422.1,0.059192,0.59796,0.86941
C1orf198,1748.7,-0.34251,0.040547,0.30836
TRIM67,1.7616,-1.2622,0.49128,NA
HEATR1,1577.5,0.18301,0.16623,0.5679
PTBP3,945.59,0.15056,0.22564,0.64111
RAD23B,5933.4,-0.42292,0.0014989,0.053015
FKBP15,1303.7,0.038887,0.73998,0.92453
CTNNAL1,1143.1,-0.21859,0.089304,0.43774
ABITRAM,410.27,-0.1497,0.34471,0.73656
DYNC2I2,943.02,-0.33281,0.0094455,0.14762
SET,5943.6,-0.20811,0.053707,0.34336
PTPA,2583.4,-0.32035,0.0033958,0.087544
GLE1,795.76,0.088405,0.48341,0.81691
RAB14,2211.4,-0.12811,0.2644,0.67855
CNTRL,279.28,-0.08926,0.63001,0.88575
TRIM32,658.31,0.039726,0.76301,0.93289
FBXW2,1702.5,-0.02583,0.8318,0.95449
PHF19,763.14,-0.52771,1.0329e-5,0.0016942
NEK6,1617.1,0.055396,0.65521,0.89178
BSPRY,2.834,0.6577,0.61866,NA
PPP6C,891.52,-0.14055,0.25102,0.66646
NDUFA8,516.34,-0.11684,0.50481,0.82533
HDHD3,159.11,0.27851,0.20401,0.61913
RBM18,582.95,-0.0082691,0.95214,0.98999
SLC46A2,8.9089,0.14899,0.86457,NA
HSDL2,1057.1,-0.079297,0.48439,0.81691
MAPKAP1,2264.4,-0.0061695,0.96156,0.99125
NR4A3,62.568,1.8338,1.2331e-8,6.7422e-6
INVS,428.24,0.1039,0.5071,0.82592
GALNT12,358.36,0.1412,0.37802,0.75975
DENND1A,932.23,-0.0060499,0.95919,0.99019
ALG2,733.98,0.011365,0.93675,0.98547
CSF3R,0,NA,NA,NA
KDSR,1669.5,0.25123,0.050234,0.33563
VPS4B,1357.6,0.072937,0.50063,0.82321
ONECUT2,4.0966,0.023093,0.98467,NA
C19orf25,350.36,-0.11062,0.46969,0.81021
ZBTB45,392.73,-0.12092,0.45167,0.80112
YLPM1,2018.4,0.31736,0.0095176,0.1478
DCAF4,376.76,0.052928,0.7518,0.92973
PROX2,11.1,0.90747,0.36039,NA
VSX2,0,NA,NA,NA
FCF1,839.77,0.025754,0.84527,0.95868
PGF,317.73,0.19894,0.44644,0.79903
IFI27L2,496.21,-0.16384,0.29235,0.69916
BBOF1,134.04,0.17411,0.52846,0.83739
NEK9,2539.1,0.22216,0.042063,0.31131
ACYP1,205.78,0.17247,0.49488,0.82043
IFT43,261.72,0.095843,0.66821,0.89573
NPC2,1125.7,0.15064,0.32273,0.72119
DNAL1,282.87,0.40015,0.13477,0.52182
IRF2BPL,2145.6,0.18852,0.1829,0.59134
ACOT2,392.98,-0.11542,0.4355,0.79425
LTBP2,42083,0.087732,0.44323,0.79716
AREL1,784.99,-0.0082977,0.95194,0.98999
MLH3,303.19,0.075563,0.695,0.90582
TTLL5,524.37,0.15147,0.27471,0.68742
FLVCR2,30.524,0.72748,0.12379,0.50303
ABCD4,606.38,0.064799,0.67701,0.89853
DLST,3980.4,-0.11191,0.2774,0.68993
PPP4R4,5.0071,0.19065,0.87464,NA
TGFB3,71.735,-0.23634,0.4362,0.79431
ZC2HC1C,47.824,1.0206,0.042848,0.31367
SLIRP,284.92,-0.20325,0.27502,0.68749
RBM25,2170.5,0.33812,0.040932,0.30838
ALDH6A1,459.33,-0.25889,0.17757,0.58369
GPR68,461.86,0.437,0.4918,0.81985
ESRRB,3.9963,1.5985,0.27014,NA
EIF2B2,495.67,-0.0036811,0.98076,0.99534
NRDE2,383.83,-0.084143,0.73907,0.92453
COQ6,198.79,-0.054217,0.77294,0.93644
ZNF410,791.15,-0.16425,0.16587,0.56709
RHOQ,2267.6,0.22321,0.038467,0.30046
GPR75,25.938,0.47183,0.39475,0.77085
SUPT7L,779.82,0.14066,0.25835,0.67353
KLHL29,403.77,0.18478,0.3683,0.75366
DNMT3A,486.23,-0.087141,0.54224000000000006,0.84404
TMEM214,1947.5,-0.10223,0.35248,0.74374
ATAD2B,180.46,0.37207,0.16184,0.5624
FKBP1B,76.142,-0.16016,0.57484,0.85862
ATL2,549.43,0.099669,0.55124,0.84896
YPEL5,1998.5,-0.066737,0.57577,0.85915
FAM98A,1209.1,-0.19206,0.65677,0.89289
YIPF4,1570.8,0.1203,0.28674,0.69488
AFTPH,536.65,-0.02502,0.86606,0.96539
LGALSL,55.939,-1.1663,0.0035416000000000002,0.089717
CNRIP1,847.16,-0.11666,0.424,0.78782
BCL11A,57.462,-0.052848,0.89992,0.97613
CRIPT,491.74,-0.039598,0.78586,0.9402
EPCAM,1.7294,3.5254,0.12871,NA
SLC17A5,556.73,0.19028,0.16331,0.56436
OGFRL1,896,0.15373,0.38022,0.7609
SLF2,876.93,0.20218,0.15181,0.54608
IDE,833.94,0.053822,0.68807,0.90319
TECTB,0.16402,-0.85568,0.8339,NA
ELOVL3,3.3443,0.39291,0.75434,NA
IFIT3,390.22,0.056606,0.75683,0.93128
NKX2-3,0,NA,NA,NA
IFIT2,169.13,0.088212,0.78794,0.94061
GPAM,353.81,-0.094098,0.55424,0.85022
CUTC,267.78,-0.21591,0.29977,0.70401
PPP1R3C,1695,-0.44062,0.0074614,0.13086
PYROXD2,552.9,-0.26396,0.10766,0.47542
CNNM1,39.227,0.10375,0.80006,0.94529
MXI1,1717,-0.15502,0.19644,0.60886
SMNDC1,556.54,0.19396,0.18156,0.58956
C10orf88,200.74,-0.074245,0.70205,0.90942
HELLS,317.74,-0.037998,0.83974,0.95674
PRLHR,1.8182,0.95166,0.59021,NA
TCTN3,757.49,-0.066602,0.58503,0.86303
DENND10,1128.2,0.038395,0.73697,0.92417
AVPI1,471.62,-0.23199,0.21956,0.63663
WDR11,1426.1,0.031159,0.76593,0.93352
ARMH3,728.13,0.11357,0.41815,0.78499
KCNIP2,39.838,-0.12465,0.80435,0.94676
CFAP58,20.417,0.67364,0.24025,0.65407
GOT1,602.96,-0.10672,0.50996,0.82687
CPN1,0,NA,NA,NA
C10orf95,5.7898,0.21199,0.83914,NA
SFRP5,0.33511,-1.791,0.65692,NA
GNA13,1584.7,-0.072151,0.53934,0.84216
HOXB8,451.78,-0.023686,0.87603,0.96882
KANSL1,892.33,0.19856,0.1312,0.51497
HOXB5,360.61,0.11104,0.49744,0.8215
CRHR1,0,NA,NA,NA
HOXB3,1526.8,0.024421000000000002,0.87678,0.96911
HOXB1,0,NA,NA,NA
DUSP1,2395,-0.78009,6.9544e-5,0.0069357
PANK3,1313.4,0.131,0.45263,0.80124
MSX2,45.821,0.36672,0.29595,0.70124
TEK,140.96,-0.75464,6.9078e-4,0.032723
RCL1,174.62,-0.018958,0.93066,0.98389
CAAP1,305.27,0.063464,0.7338,0.92317
EQTN,0,NA,NA,NA
MOB3B,3.2206,0.91423,0.54127,NA
INSL6,11.102,-0.037605,0.95826,NA
INSL4,1.672,0.75523,0.67699,NA
MLANA,17.949,0.42476,0.53685,0.84028
CD274,44.887,-0.040309,0.92491,0.98234
IFNA6,0,NA,NA,NA
IFNA8,0,NA,NA,NA
GRIA2,0.45378,-1.5992,0.6937,NA
NUP43,610.47,-0.040421,0.80625,0.94676
MTHFD1L,1847.7,-0.3318,0.013359,0.17742
LRP11,1546.1,0.065994,0.56959,0.8573
CCDC170,14.178,-0.40487,0.5234,NA
PCMT1,1380.5,0.051372,0.70431,0.90942
PLEKHG1,49.5,-0.44753,0.24953,0.66501999999999994
MYCT1,0.94862,-0.31614,0.89929,NA
TASL,0.62869,-1.2994,0.71243,NA
MAGEB4,0,NA,NA,NA
CYSTM1,310.91,0.038524,0.81855,0.95064
WDR55,572.08,0.034669,0.79825,0.94434
ARAP3,232.81,-0.14055,0.48018,0.81587
PCDHB8,18.451,0.8407,0.17728,0.5831
PCDHB10,73.639,-0.18147,0.5355,0.84024
PCDHB14,115.14,-0.013106,0.96468,0.99224
PCDHB12,27.843,0.17117,0.72291,0.9183
SLC25A2,0.33625,0.12456,0.97565,NA
TNN,0.14305,0.97454,0.81124,NA
MRPS14,309.9,-0.16271,0.33516,0.73044
CENPL,222.56,-0.18469,0.2939,0.69992
TNFSF18,41.168,-1.0416,0.020493,0.22023
SEC16B,179.72,-0.25765,0.29999,0.70405
GORAB,310.64,0.57611,0.010124,0.15292
GPR31,0,NA,NA,NA
ACAT2,204.02,-0.19673,0.28036,0.69191
TCP1,3920.7,-0.049473,0.64548,0.88886
TTLL2,0,NA,NA,NA
SNX19,2393.9,0.2656,0.022651,0.23213
KCNJ5,14.18,0.58482,0.3397,NA
MSANTD2,190.27,0.20353,0.32017,0.71892
TP53AIP1,0.83794,2.9797,0.28493,NA
TEX11,0.15679,-0.79326,0.84586,NA
ARR3,12.4,0.40857,0.5546,NA
PDZD11,512.17,-0.19218,0.2627,0.67703
SLC10A7,127.51,0.0016714,0.99439,0.99899
NUDCD1,495.01,-0.007322,0.96647,0.99243
ENY2,839.29,0.077835,0.63353,0.88575
MASTL,469.69,0.02054,0.91445,0.97986
KIAA1217,744.19,0.35235,0.059314,0.36051
LYZL1,0,NA,NA,NA
PLXDC2,157.6,-0.39421,0.25008,0.66557
EPC1,570.34,-0.24088,0.11159,0.48159
IQSEC3,2.0089,0.31504,0.84969,NA
CCDC77,188.99,-0.12452,0.52921,0.8378
TAF12,398.35,0.066005,0.72641,0.91939
ENOX1,568.9,0.18377,0.17021,0.5738
TNFSF11,0.5501,-0.97624,0.76608,NA
MTRF1,147.37,-0.10943,0.66546,0.89529
SOHLH2,1.2223,3.8128,0.11362,NA
DNAJC15,344.27,-0.20523,0.19231,0.60284
PROSER1,435.1,0.12682,0.42898,0.79077
UFM1,2040,0.055585,0.62817,0.88519
WBP4,410.7,-0.13412,0.39828,0.77246
ELF1,1170.8,0.21813,0.072145,0.39485
SMAD9,284.66,-0.22431,0.30121,0.70511
HSPH1,1695.6,0.28639,0.09872,0.45869
KBTBD7,114.49,-0.20823,0.41608,0.78435
ALG5,386.33,-0.20947,0.23017,0.64409
EXOSC8,345.06,-0.28009,0.080449,0.41594
ETF1,2470.8,0.10206,0.34061,0.73487
TGFBI,79493,-0.50334,1.703e-5,0.0024759
FAM53C,1141.6,0.13363,0.3691,0.7537
SIL1,787.33,-0.18414,0.20094,0.61577
PAIP2,888.89,-0.3421,0.010197,0.1532
MYOT,0.90704,3.4315,0.19562,NA
KDM3B,1567.1,0.038053,0.76619,0.93352
EGR1,22965,0.10728,0.86537,0.96539
SERP1,2306,-0.022911,0.85075,0.96124
PLS1,10.025,1.4033,0.10348,NA
ZFP30,222.75,0.0027158,0.99058,0.9983
NR2C1,357.88,-0.015215,0.93422,0.98441
UTP20,696.48,0.29307,0.075688,0.40188
TMPO,1761.6,-0.096895,0.39599,0.77146
ARL1,1868.2,0.014429,0.90964,0.97885
GLT8D2,776.71,-0.43921,0.025932,0.24676
MTERF2,150.26,0.04302,0.85793,0.9633
SOCS2,105.99,0.33853,0.22282,0.63763
NFYB,484.8,-0.31797,0.028434,0.25983
WASHC3,521.22,-0.077493,0.58118,0.86163
APAF1,658.05,-0.34894,0.049812,0.33468
DUSP4,687.29,-0.40033,0.0056506,0.1129
CLU,6011.7,0.012672,0.94433,0.9877
TNFRSF10B,2254.7,-0.13171,0.28105,0.6924
SORBS3,2714.4,-0.114,0.25257,0.66725
PTK2B,174.14,-0.10457,0.6747,0.89782
CHRNA2,1.9748000000000001,-0.76156,0.6567,NA
ADRA1A,0.96922,-0.81675,0.78856,NA
PPP3CC,425.17,0.32691,0.028043,0.25769
PDLIM2,1951.2,-0.49447,4.6615e-4,0.026366
EPHX2,53.476,-0.41193,0.26568,0.68026
RNF170,524.46,0.21403,0.17841,0.585
NPPB,0.174,1.0876,0.78983,NA
UBIAD1,419.18,-0.085268,0.61433,0.87698
TARDBP,2262.4,-0.11216,0.2911,0.69877
TNFRSF8,0.84103000000000006,-3.1358,0.24994,NA
PRAMEF2,0,NA,NA,NA
ZNF706,740.2,-0.024024,0.88295,0.97006
LYPLA1,815,0.11954,0.4428,0.7969
CRISPLD1,0,NA,NA,NA
COPS5,846.9,-0.076135,0.57187,0.85731
RDH10,323.12,-0.47451,0.12686,0.5094
EPX,3.0837,-0.96211,0.46965,NA
AKAP1,557.61,-0.35189,0.022696,0.23213
COIL,339.34,0.039655,0.7943,0.94282
TRIM25,2175.6,0.38789,5.5407e-4,0.029317
SCPEP1,858.92,-0.064227,0.69375,0.9057
SPOP,1085.4,-0.14572,0.23425,0.64719
TBX2,385.69,-0.26281,0.27261,0.68554
SLC35B1,406.06,-0.10739,0.47362,0.81218
TBX4,1.7195,2.0339,0.31824,NA
TEX14,3.7398,-1.6971,0.19223,NA
FAM117A,89.357,0.20178,0.57834,0.86052
NCAPH,352.68,-0.4505,0.0093638,0.1468
LRAT,14.11,-0.044576,0.94526,NA
TMEM131L,295.9,0.16378,0.30604,0.70844
MND1,51.542,-0.62716,0.065728,0.37916
TRIM6,80.651,-0.012529,0.96568,0.99243
ABCC11,6.9744,-0.43941,0.62302,NA
TENT4B,593.88,0.07661,0.58703,0.86347
ADCY7,2485.6,-0.33372,0.014306,0.18421
CEP89,885.13,-0.059745,0.671,0.89717
TSHZ3,1261.8,0.15004,0.48283,0.81691
ECHDC2,277.98,0.28261,0.1892,0.5989
TAS2R8,0,NA,NA,NA
PLBD1,6.0668,0.60132,0.60507,NA
TAS2R10,2.4511,0.34682,0.83261,NA
PRB2,0,NA,NA,NA
PYROXD1,447.12,-0.12072,0.39866,0.77258
IAPP,2.1105,-1.0003,0.58346,NA
KCNJ8,15.614,-0.56046,0.38888,0.76781
TAS2R7,0,NA,NA,NA
BCL2L14,1.6789,3.1151,0.13099,NA
TAS2R9,0,NA,NA,NA
PSPC1,497.2,-0.15958,0.27924,0.69121
ZNF549,185.15,0.050858,0.7872,0.94061
A1BG,307.22,-0.080288,0.6812,0.90012
ZSCAN18,572.3,0.034312,0.88155,0.97005
ZNF211,172.37,-0.17066,0.46776,0.80877
PDZRN3,2205.1,-0.055814,0.56996,0.8573
RGSL1,0,NA,NA,NA
LHX4,42.406,0.41239,0.4008,0.77365
RNF2,398.06,0.089442,0.60244,0.87126
TRMT1L,460.84,0.3227,0.085805,0.42844
SEC22A,329.87,-0.25946,0.11822,0.49513
CSTA,88.538,0.51205,0.29917,0.70355
DPPA4,2.4547,1.1361,0.53142,NA
POPDC2,9.7635,-0.27931,0.74157,NA
B4GALT4,659.3,-0.11191,0.45631,0.80345
NAA50,2893,0.071859,0.57121,0.8573
CD80,0.097505,-0.54953,0.89279,NA
KIF18A,158.87,-0.31626,0.11288,0.48359
GJA8,0,NA,NA,NA
DESI2,1310.3,-0.01195,0.91978,0.98156
MAPK8IP1,568.46,0.17685,0.22089,0.63663
CRY2,752.86,-0.057578,0.77647,0.9377
PEX16,258.9,-0.01372,0.94052,0.98689
DEPDC7,132.36,-0.21589,0.32481,0.72267
CAT,1948.8,0.36938,3.3695e-4,0.021026
PILRB,489.95,0.36659,0.060385,0.36292
ZMYM2,878.25,-0.10723,0.408,0.77912
GJB6,13.16,2.3199,0.033228,NA
GJA3,94.593,1.006,1.8913e-4,0.014429
TBC1D15,909.28,-0.0091041,0.94168,0.98749
ADGRB2,351.03,0.14441,0.3908,0.76866
HCRTR1,1.3434,1.5208,0.48094,NA
ZCCHC17,473.73,0.11742,0.4364,0.79433
FABP3,23.036,0.12122,0.81414,0.9491
KHDRBS1,2625,-0.070786,0.4685,0.80943
TMEM39B,344.34,-0.36272,0.020615,0.22105
CCRL2,0.63154,-1.6151,0.60826,NA
CCR2,0,NA,NA,NA
POLR3GL,391.18,-0.21551,0.18316,0.59154
GHSR,0.13245,-0.73234,0.85756,NA
TNFSF10,10.075,-0.37864,0.64532,NA
ZNF639,550.74,-0.025318,0.84692,0.95962
SLITRK3,1.3283,-0.62614,0.75306,NA
PIK3CA,1219.2,0.24173,0.13961,0.52614
PDS5A,2715.9,0.036105,0.75476,0.92995
TMEM156,1.9715,-1.0672,0.57069,NA
LIAS,154.57,-0.152,0.51703,0.83265
CPXM2,744.98,-0.29933,0.020381,0.22023
TMEM54,375.95,-0.26925,0.11654,0.49092
ZSCAN20,231.52,-8.0302e-4,0.99688,0.99957
CSMD2,380.34,0.44609,0.061421,0.36502
HPCA,2.5169,-0.46733,0.76181,NA
LRIF1,349.47,-0.19876,0.19584,0.60839
TMIGD3,0.15208,0.99777,0.80683,NA
CLCC1,949.31,0.062166,0.59499,0.86834
GPSM2,1140.3,-0.055375,0.75021,0.92893
GTDC1,413.08,-0.4871,0.012386,0.17073
CXCR4,0,NA,NA,NA
ZRANB3,164.05,0.13091,0.55102,0.84896
ACVR2A,528.05,-0.70552,0.0041956,0.098466
POLK,764.26,0.074613,0.63329,0.88575
SV2C,2.5232,-2.0315,0.20501,NA
FLT3,0,NA,NA,NA
RPL21,12165,-0.03405,0.78327,0.93992
MTIF3,464.63,-0.041467,0.81007,0.94756
GTF3A,1376,-0.1162,0.3756,0.75834
RASL11A,60.27,-0.37168,0.2556,0.66997
UBL3,2515.7,-0.17916,0.060645,0.36336
FYTTD1,1540.1,0.11656999999999999,0.34886,0.7398
MTERF4,430.12,-0.0728,0.65515,0.89178
XPNPEP2,81.288,-0.37578,0.33534,0.73044
SASH3,0,NA,NA,NA
OCRL,1019.6,0.043859,0.70815,0.91147
PAEP,1.5094,1.1769,0.57569,NA
OBP2A,0,NA,NA,NA
MRPS2,704.49,-0.13595,0.31726,0.71725
TBX22,0,NA,NA,NA
FMOD,883.12,-0.12237,0.37055,0.75424
MYOG,0.32043,-1.7329,0.66774,NA
LAX1,16.224,0.71218,0.24638,0.66079
PLG,0.4164,-0.49695,0.90298,NA
KIAA1191,2661.8,-0.089998,0.47057,0.81099
COPA,6203.9,6.2396e-4,0.99442,0.99899
CD244,0,NA,NA,NA
LY9,0,NA,NA,NA
HS3ST2,0.17513,1.0913,0.78912,NA
RBBP6,1515.8,0.10474,0.45121,0.80112
ZC3H7A,1240.7,-0.122,0.29897,0.70355
PRM2,0,NA,NA,NA
SERAC1,470.77,-0.48607,0.023372,0.23465
ANXA11,6378.6,-0.16257,0.075628,0.40178
LDB3,18.242,1.0873,0.13022,0.51309
OPN4,0,NA,NA,NA
SHLD2,576.71,-0.1249,0.41914,0.78511
PRXL2A,28.4,0.57199,0.29684,0.70138
ZNF205,270,-0.090875,0.65515,0.89178
NAA60,897,-0.15809,0.28788,0.69638
RPL5,19334,-0.081959,0.5217,0.83453
ODF2L,642.36,0.038387,0.8058,0.94676
PTGFR,3229.6,-0.10393,0.6083,0.87348
SPATA1,8.6464,0.93803,0.32442,NA
TRMT13,290.2,0.020574,0.90797,0.97802
LRRC39,10.949,1.0195,0.19136,NA
RWDD3,167.44,-0.0059302,0.97604,0.99359
ZNF644,625.99,0.1895,0.24182,0.65572
CCDC18,208.96,0.24747,0.2987,0.70345
RPAP2,969.5,0.35519,0.041598,0.30981
SLC66A2,1112.2,-0.20273,0.10728,0.47536
BBS9,447.79,0.13976,0.37612,0.75834
PMS2,811.74,0.0098853,0.93457,0.98462
ZMIZ2,1298.1,0.38273,0.019062,0.2127
OCM,0.6757,0.17866,0.95861,NA
SEPTIN7,4813.1,-0.098003,0.4313,0.7916
EEPD1,90.045,0.45401,0.31095,0.71209
KLHL7,931.49,0.33789,0.025549,0.24561
HERPUD2,768.41,-0.021796,0.85503,0.96313
CBX3,3023.8,-0.093986,0.43365,0.79301
HNRNPA2B1,9723.2,-0.038901,0.70257,0.90942
WIPF3,13.499,0.46365,0.48588,NA
NXPH1,0,NA,NA,NA
NPY,0,NA,NA,NA
FAM126A,3634.9,0.1583,0.29906,0.70355
HOXA7,73.149,0.15314,0.64286,0.88797
INHBA,451.74,-0.14711,0.43329,0.79263
FKBP9,15430,-0.33535,0.0032827,0.085467
NT5C3A,790.35,-0.39471,0.0079054,0.13437
ARL4A,165.24,-0.010379,0.95824,0.99015
CCZ1,334.77,0.33315,0.041002,0.3085
POLM,318.3,0.23186,0.19114,0.6012
RAMP3,0.2342,1.4278,0.72519,NA
MRM2,487.14,-0.1727,0.20628,0.62153
TWIST1,2384.1,-0.36435,0.028852,0.26146
SMU1,1207.1,-0.072478,0.5045,0.82533
GLIPR2,1028.9,-0.62666,4.1212e-5,0.0049162
SLC25A51,185.48,0.1862,0.35696,0.74608
CLTA,2368.6,-0.1022,0.4573,0.80345
RECK,4871.4,-0.8673,1.4749e-7,5.8647e-5
SPINK4,0.18847,-0.93589,0.81859,NA
TAF1L,1.3253,0.88123,0.65747,NA
ACO1,1875.5,0.1172,0.28378,0.69371
PHF24,3.6882,0.68254,0.63137,NA
DNAI1,2.801,0.069088,0.95946,NA
DCAF10,1168.7,0.14153,0.21487,0.63066
CNTFR,2.6377,0.30568,0.82185,NA
KIAA1549,437.91,0.083554,0.63596,0.88597
TRIM24,364.73,0.12752,0.42319,0.78732
CYREN,532.71,0.037887,0.77856,0.93854
CALD1,13614,-0.32215,0.0093502,0.14676
AKR1D1,1.1063,-1.2356,0.56509,NA
NUDT10,12.812,0.3297,0.66783,NA
SFTPA1,0.12323,-0.6907,0.86558,NA
NEUROG3,0,NA,NA,NA
PLAU,1908.5,-0.022665,0.91009,0.97885
SRGN,83.943,0.022932,0.93183,0.98398
CHST3,1642.3,-0.15256,0.13964,0.52614
BICC1,3272.8,-0.16987,0.14289,0.53071
CISD1,355.65,-0.2036,0.2135,0.62838
EGR2,292.22,-0.23261,0.68368,0.90112
ECD,432.2,0.025944,0.85662,0.9633
P4HA1,5706.3,-0.49683,6.8174e-7,2.0331e-4
SLC25A16,309.69,0.42226,0.063226,0.36991
ZWINT,496.75,-0.25823,0.060775,0.36349
VPS26A,1456,-0.054175,0.63493,0.88595
RBM19,568.26,0.44855,0.0013131,0.048537
CIT,1446.6,-0.14912,0.4175,0.78499
IFT81,336.05,-0.19223,0.21278,0.62816
ACADS,262.01,0.049089,0.79702,0.94353
HVCN1,17.214,-0.30843,0.62109,0.88081
DDX54,1461,0.13979,0.37795,0.75972
MED13L,4396.5,0.082518,0.4803,0.81587
CDKN2C,810.01,-0.40494,0.022401,0.23073
RNF11,2854.9,-0.016557,0.88765,0.97216
RASSF8,4429,0.45766,0.023069,0.23334
BHLHE41,41.645,-0.2419,0.5799,0.86163
SSPN,255.35,0.014326,0.95121,0.98999
ITPR2,490.63,0.46286,0.052544,0.34251
CCDC91,378.97,0.17354,0.25729,0.67205
NECAB1,63.099,0.14982,0.6304,0.88575
WWP1,813.91,0.25874,0.050169,0.33539
ACOT9,1172.9,-0.093931,0.53478,0.83951
PRDX4,2015.8,-0.41501,0.0010416,0.042317
DDX39A,711.78,0.20989,0.18481,0.59364
PKN1,3806.6,-0.31421,0.0053651,0.10966
TRIR,2975.2,-0.028152,0.8354,0.95609
ADGRE5,2183.8,-0.0019756,0.9863,0.99679
WDR83,212.97,0.21124,0.31754,0.71725
GIPC1,1762.8,-0.15621,0.19582,0.60839
ACTRT1,0,NA,NA,NA
CCDC70,0,NA,NA,NA
SPRYD7,246.16,-0.044443,0.80382,0.94676
EBPL,502.55,0.0083681,0.95486,0.98999
ATP7B,173.32,0.20063,0.38248,0.76203
ZC3H13,2698.3,0.25775,0.038992,0.30379
NLN,897.16,-0.054493,0.73237,0.92254
CENPK,247.71,-0.14774,0.47645,0.81389
OPTN,4464.3,-0.15478,0.18746,0.59694
ITIH5,1403.9,-0.44818,0.021894,0.22675
ATF1,569.13,0.096163,0.45351,0.80168
TSFM,344.62,-0.22503,0.15036,0.54423
NEUROD4,0,NA,NA,NA
ARHGAP9,1.942,-1.3487,0.45114,NA
NCKAP1L,3.6456,0.68996,0.59597,NA
MMP19,625.2,-0.24837,0.069549,0.38943
PFDN5,3244.8,-0.16818,0.22101,0.63663
SPATS2,520.25,0.055659,0.69215,0.90554
ORMDL2,220.19,-0.27676,0.15935,0.55985
NR4A1,294.65,-1.163,8.4978e-5,0.0079715
PDE1B,0.51731,1.3139,0.72853,NA
HOXC13,0.86173,2.0209,0.47166,NA
CDK2,639.26,-0.40425,0.015566,0.19251
LRP1,69114,0.50008,0.0020619,0.063962
HOXC11,17.217,0.2749,0.63781,0.8863
ATG101,881.32,0.068291,0.58019,0.86163
NFE2,2.7584,0.42467,0.77564,NA
HOXC12,0.78218,-1.715,0.60085,NA
IKZF4,180,0.12904,0.65343,0.89102
SMUG1,274.7,-0.37979,0.030969,0.27063
TUBA1B,19991,-0.15857,0.11705,0.49246
EEF1AKMT3,230.65,0.023645,0.90967,0.97885
KBTBD4,403.31,-0.24455,0.084318,0.4262
SARDH,25.14,0.38491,0.42421,0.78798
DBH,2.1818,0.3367,0.81897,NA
ATPAF1,829.3,-0.061348,0.68236,0.90079
STIL,296.53,-0.077199,0.70519,0.90979
HJURP,584.91,-0.08284,0.62228000000000006,0.88171
IL13RA2,371.76,0.27542,0.26179,0.67585
COL10A1,43.507,-1.5497,0.0017706,0.057796
AMD1,1671.7,0.061646,0.72335,0.91845
NDUFAF4,195.56,0.058566,0.7879,0.94061
USP45,283.07,0.38986,0.10601,0.47268
PLP1,2.1767,3.3591,0.071253,NA
SERPINA7,0,NA,NA,NA
MORF4L2,3774.6,6.0888e-4,0.99537,0.999
H2BW1,0.16915,1.0932,0.78878,NA
RAB9B,24.582,-0.31411,0.56292,0.8541
NRK,40.711,-1.3434,0.0085825,0.14077
FAM199X,708.43,0.093285,0.55786,0.85178
ESX1,0,NA,NA,NA
MAGEA9,0,NA,NA,NA
ATXN3L,0,NA,NA,NA
RAB9A,437.73,0.088174,0.54997,0.84847
METTL8,326.31,0.11461,0.51801,0.83344
TTC21B,496.25,0.21048,0.14124,0.52698
NMI,254.6,-0.39568,0.12386,0.50303
TNFAIP6,122.35,0.1268,0.63256,0.88575
ACVR1C,45.953,0.38629,0.3814,0.76122
BAZ2B,465.59,0.2882,0.15745,0.55688
SLC36A1,557.77,0.19442,0.24793,0.66261
LPGAT1,1434.7,0.14497,0.2873,0.69546
BATF3,6.1748,0.37869,0.72419,NA
G0S2,4.9388,2.3978,0.076326,NA
KCNJ2,89.867,-0.045961,0.87438,0.96844
RAP2C,780.21,0.085444,0.52055,0.83379
EXOSC9,436.3,-0.34667,0.013435,0.17807
PLA2G12A,679.45,0.060088,0.71937,0.91742
B9D2,84.558,-0.079456,0.76119,0.93235
COQ8B,454.21,0.16967,0.36386,0.75104
PFKFB2,98.204,-0.034653,0.91572,0.98051
C4BPA,0,NA,NA,NA
C4BPB,0,NA,NA,NA
RAB38,41.544,0.19031,0.663,0.89425
GPR83,11.772,0.93022,0.29348,NA
AGO2,1635.8,0.19833,0.34472,0.73656
MXD4,3444.7,-0.11714,0.29938,0.70355
CKS2,321.1,-0.10287,0.50196,0.82355
DAW1,1.8669,0.45859,0.81867,NA
ACSL3,1215.4,0.28805,0.037025,0.29594
CHPF,1666.3,0.14372,0.26301,0.67723
DNPEP,1106.7,0.097192,0.50307,0.82414
INHA,19.913,0.93248,0.094574,0.44829
MOGAT1,0,NA,NA,NA
OBSL1,1355.8,-0.22846,0.037289,0.29685
FAM124B,1.845,-0.67568,0.71355,NA
SLC12A4,2450.4,-0.13245,0.25922,0.67464
ENKD1,290.99,-0.28183,0.14567,0.53486
MC3R,0,NA,NA,NA
GCNT7,3.6133,1.9319,0.14011,NA
CTCFL,13.865,0.84102,0.21824,NA
FAM210B,1989.3,-0.076335,0.50712,0.82592
PI3,13.948,0.49253,0.61366,NA
FAM209A,1.5333,1.9233,0.36761,NA
SNX21,2135.5,0.054637,0.59919,0.87017
SLPI,10.57,1.1348,0.30578,NA
WFDC3,87.827,-0.089564,0.75812,0.93199
TTPAL,627.18,0.1413,0.39335,0.7705
PREX1,924.04,0.52499,0.037954,0.2993
KCNS1,19.18,-0.68844,0.27475,0.68742
SLC12A5,5.1424,0.083286,0.9583,NA
ARHGAP40,0.24419,1.2711,0.75542,NA
SDC4,7846,0.39145,0.012823,0.17317
NCOA3,2844.9,0.16675,0.23759,0.65065
PIGT,3036.1,-0.10337,0.38709,0.76567
SEMG2,0,NA,NA,NA
MATN4,3.5211,0.87728,0.48246,NA
NCOA5,719.85,-0.031619,0.82467,0.95258
VAPB,1283.6,-0.13721,0.23735,0.65049
PARD6B,16.2,0.59066,0.34132,0.73487
ATP5F1E,1635.3,-0.096786,0.48973,0.81887
CHD6,1262.3,0.26515,0.10562,0.47206
PLCG1,1597.8,0.25653,0.042311,0.31252
TOX2,144.81,-0.13623,0.66875,0.89615
SRSF6,4436.7,0.15624,0.12792,0.50985
GDAP1L1,2.5053,-1.8865,0.29735,NA
GTSF1L,0,NA,NA,NA
ARFGEF2,1424.6,0.24537,0.028901,0.26155
ZNFX1,2614.2,0.0096835,0.92813,0.98311
ZNF831,0,NA,NA,NA
EDN3,0,NA,NA,NA
CSE1L,2272.1,-0.14317,0.22579,0.64116
PEDS1-UBE2V1,176.35,0.20802,0.56082,0.85352
RAB22A,1407.9,0.20288,0.15992,0.55995
PTGIS,3399,-0.50148,0.006263,0.11876
STAU1,3436.9,0.13341,0.17824,0.5849
CDH26,10.024,-0.99826,0.39113,NA
SNAI1,140.38,-0.54941,0.025888,0.24676
MOCS3,208.68,0.11992,0.52681,0.83633
STX16,2041.7,0.27468,0.049051,0.33315
PMEPA1,697.57,-0.42355,0.017885,0.20568
RNF114,1408.4,-0.13343,0.32702,0.72394
ANKRD60,0,NA,NA,NA
DDX27,975.79,0.16836,0.17946,0.58637
RBPJL,0.16023,1.0619,0.79468,NA
SEMG1,0,NA,NA,NA
C20orf85,0,NA,NA,NA
BCAS4,205.79,0.48468,0.016285,0.19754
KCNK15,135.83,-0.57914,0.077425,0.40688
TP53TG5,11.819,0.3273,0.63075,NA
PCK1,0.79269,-1.7275,0.54848,NA
ZBP1,7.9174,0.85808,0.33594,NA
NEURL2,21.731,-0.18088,0.75711,0.93145
MAGEA10,4.7348,-0.34845,0.75583,NA
MTRR,670.19,-0.12816,0.39676,0.77146
FASTKD3,101.99,0.024486,0.92394,0.98234
PEPD,936.19,-0.13399,0.3336,0.72994
CHST8,2.3755,0.86476,0.57891,NA
IQSEC2,689.29,0.041882,0.7841,0.93992
VAMP7,976.33,-0.27242,0.086144,0.42934
IL9R,11.008,-0.3151,0.65414,NA
XG,987.68,-0.32639,0.0050343,0.10566
STAMBP,218.11,-0.36633,0.12699,0.50959
NAGK,1339.1,0.018531,0.85898,0.96352
MCEE,84.426,-0.24563,0.37176,0.75479
PAIP2B,45.437,0.0097987,0.98082,0.99534
SNRNP27,492.81,-0.089063,0.52224,0.8347
MPHOSPH10,602.85,-0.10414,0.48247,0.81691
IL17C,0.49758,0.99073,0.79605,NA
ATP8A1,71.549,0.25913,0.3615,0.74975
USP22,4966.4,0.08343,0.42286,0.78718
POF1B,9.3565,1.6387,0.082374,NA
HIF3A,11.797,-0.10509,0.89102,NA
ZNF576,230.48,0.10691,0.54214,0.84404
IRGC,0,NA,NA,NA
ZNF45,304.99,0.19059,0.30181,0.70569
LYPD3,154.4,0.046175,0.90469,0.97672
PSG8,0.83559,-1.736,0.58767,NA
CEACAM8,3.6413,2.1702,0.087024,NA
NDP,19.118,-0.6908,0.22262,0.63763
USP9X,3769.5,0.29215,0.018041,0.20657
CRISP2,0,NA,NA,NA
F13A1,0.3002,-1.5981,0.69248,NA
GRM4,6.4368,0.99755,0.35663,NA
TRERF1,963.32,-0.044124,0.79561,0.94314
PACSIN1,3.116,-0.26542,0.87865,NA
BTN2A2,233.28,-0.016916,0.93348,0.98433
SIRT5,222.27,-0.019314,0.92127,0.98198
MRS2,295.51,-0.042584,0.79348,0.94253
WRNIP1,1059.6,-0.16198,0.20207,0.61626
RRP36,591.09,0.0062401999999999996,0.96973,0.99258
BTN1A1,0.83497,1.988,0.53532,NA
SNRPC,698.4,-0.21782,0.14718,0.5387
SLC17A3,0,NA,NA,NA
SLC17A1,0,NA,NA,NA
SERPINB6,1577.7,-0.16586,0.1133,0.48443
XPO5,1000,0.29365,0.049755,0.33447
ABCC10,586.55,0.034752,0.80566,0.94676
H1-3,4.5696,-0.72095,0.59647,NA
PEX6,759.69,-0.072333,0.61581,0.87776
NQO2,706.77,0.0063706,0.96642,0.99243
OARD1,273.79,-0.06612,0.75023,0.92893
UNC5CL,8.9463,0.39424,0.63939,NA
AARS2,344.82,-0.17059,0.25839,0.67353
H1-1,0.32881,0.12782,0.97501,NA
ZNF391,54.383,0.19191,0.69732,0.90736000000000006
RPS10,10941,-0.21684,0.076599,0.40415
MOCS1,311.9,0.020179,0.92003,0.98175
H2BC11,30.005,1.1486,0.077193,0.40598
MED20,351.05,-0.14406,0.42182,0.78672
OR2B6,0,NA,NA,NA
TBCC,348.7,-0.13404,0.45763,0.80345
SPDEF,1.3405,0.91621,0.66918,NA
TCP11,2.9978,-0.22536,0.87091,NA
MAD2L1BP,264.68,0.0015011,0.99306,0.99899
APOBEC2,1.1225,-1.1998,0.60398,NA
KLHDC3,1139.4,-0.33999,0.016914,0.19928
GNMT,7.1363,0.064132,0.94116,NA
DNAH8,0,NA,NA,NA
TREM1,7.4114,-0.41257,0.68147,NA
MEA1,1048.3,-0.16374,0.22487,0.63992
KLHL31,0,NA,NA,NA
COL21A1,5.4934,-0.65536,0.57057,NA
CDKN1A,6386.1,-0.5211,0.010452,0.15567
SOX4,680.82,-0.0027323,0.98374,0.99561
GLO1,2151.1,-0.041717,0.69776,0.90758
CPNE5,3.2395,1.215,0.43103,NA
KCNK17,0.34388,1.9697,0.6258,NA
RREB1,743.81,0.28419,0.10644,0.47379
SSR1,3301,0.01356,0.90537,0.97684
RIOK1,443.62,-0.016499,0.92299,0.98234
NRN1,2065.7,-0.50633,6.3446e-5,0.0068241
SLC35B3,661.18,-0.12491,0.32563,0.72311
RPP40,117.31,-0.066478,0.78331,0.93992
ATXN1,1335.9,-0.078909000000000007,0.64511,0.88886
NUP153,1387.3,0.030712,0.81677,0.95042
DEK,4596.9,-0.20135,0.053681,0.34336
EEF1E1,234.74,-0.22747,0.33388,0.73006
CRISP1,0,NA,NA,NA
RUNX2,327.8,-0.037939,0.863,0.9649
OPN5,0,NA,NA,NA
GCM2,0.16927,1.0936,0.7887,NA
LRRFIP1,3303.7,0.17671,0.17053,0.5738
RAB17,9.6905,1.6233,0.11736,NA
CXCL6,68.976,0.72312,0.075888,0.40202
EREG,12.026,1.2897,0.059455,NA
TRIM51,0,NA,NA,NA
MYRF,29.528,-0.62163,0.15861,0.55874
SCGB1D2,0,NA,NA,NA
SCGB2A1,0,NA,NA,NA
AHNAK,110410,0.49919,0.0017253,0.056883
EMC3,920.88,0.019632,0.88274,0.97005
SSUH2,49.975,-0.21866,0.56483,0.85504
WNT1,0.91362,-1.3777,0.58276,NA
SH3TC1,24.979,-0.10016,0.88317,0.97019
CNOT1,3652.8,0.042386,0.72429,0.91866
BBS2,1189.8,0.042147,0.72942,0.92078
MT1G,3.9305,2.3425,0.077871,NA
MT2A,13277,0.87722,0.028658,0.26108
C16orf70,321.69,0.015903,0.92048,0.98184
GOT2,1197.5,0.038181,0.7534,0.92978
DOK4,778.69,-0.17277,0.1723,0.57619
PIWIL1,0.11238,0.84956,0.83503,NA
GPR18,0.61969,0.30381,0.92302,NA
CLYBL,18.554,1.1682,0.039062,0.30402
TMTC4,227.37,-0.063834,0.76547,0.93352
RAP2A,986.89,0.11863,0.3337,0.73006
SLC10A2,0.52653,2.5812,0.48387,NA
ABCC4,538.6,0.17156,0.29232,0.69916
EFNB2,437.33,-0.592,0.027155,0.25379
SOX21,0,NA,NA,NA
TM9SF2,3762.2,-0.0085904,0.92757,0.98292
HROB,91.199,-0.2801,0.28487,0.69371
KIF25,3.3958,1.4029,0.32437,NA
IRF1,678.67,0.10409,0.54631,0.8463
UPF3B,248.38,0.38337,0.022623,0.23213
RNF113A,205.06,-0.015947,0.93982,0.98684
SEPTIN6,485.25,0.037081,0.7853,0.94004
TMEM255A,6.1527,1.0163,0.29224,NA
NDUFA1,476.34,-0.18085,0.31631,0.71673
AMELX,0,NA,NA,NA
DMAC2L,116.61,0.16674,0.47779,0.81462
BMP4,54.039,-0.40915,0.33854,0.73343
PTGER2,292.55,0.13451,0.57922,0.86125
FAM193A,1003.1,0.28084,0.043788,0.31666
GRK4,166.73,-0.088654,0.66602,0.89529
SOX9,165.03,0.0033422,0.98863,0.9976
TEKT3,5.3423,-0.86071,0.41462,NA
MYH2,1.4083,-0.61672,0.76992,NA
HS3ST3B1,627.7,-0.27893,0.040619,0.30838
SLC25A35,51.704,0.33916,0.34136,0.73487
MRPS7,416.58,-0.20629,0.18374,0.59211
GGA3,741.98,-0.021894,0.85793,0.9633
ARMC7,193.98,0.2396,0.20329,0.6185
NUP85,608.37,-0.17493,0.2184,0.63585
SLC25A19,166.76,-0.10592,0.6581,0.8929
MIF4GD,188.18,-0.086337,0.71041,0.91297
NT5C,345.05,-0.20455,0.20478,0.62001
MSTO1,513.57,0.082170000000000007,0.57284,0.85788
TTF1,370.04,0.1244,0.45241,0.80124
GTF3C4,1407.5,-0.024257,0.84507,0.95868
DDX31,282.81,-0.27807,0.09415,0.44722
BARHL1,0,NA,NA,NA
KIR2DL1,0,NA,NA,NA
PPP1R12C,2122.9,0.13038,0.24258,0.65685
MBOAT7,1830.6,-0.10794,0.35391,0.74455
SRMS,8.8688,-0.27911,0.74497,NA
OPRL1,67.115,-0.13179,0.66709,0.89547
SLC2A4RG,2702.5,-0.2248,0.041334,0.30952
NPBWR2,0.35811,-1.9251,0.63275,NA
FNDC11,24.575,-0.47194,0.36854,0.7537
BHLHE23,0,NA,NA,NA
PPDPF,3804.5,-7.4695e-4,0.99471,0.99899
IL1B,5.1214,2.1167,0.052711,NA
PLGLB2,42.875,-0.035316,0.93217,0.984
IL37,1.3592,0.59777,0.76331,NA
CHCHD5,194.94,-0.096839,0.62777,0.88489
PAX8,234.36,0.10316,0.66501,0.89505
INSIG2,589.92,0.07703,0.56974,0.8573
POLR1B,480.47,0.23806,0.14574,0.53486
CCDC93,1458.1,0.17961,0.094645,0.44829
PSD4,77.355,-0.74984,0.083508,0.42407
SLC25A23,960.62,-0.26378,0.10071,0.46221
PSPN,54.119,0.41457,0.21674,0.63327
GTF2F1,2097.8,-0.035025,0.77703,0.93779
ALKBH7,570.76,-0.2376,0.093772,0.44631
CLPP,680.68,-0.23034,0.073442,0.39771
TNFSF9,160.83,-0.22093,0.44121,0.79605
GRIA3,574.29,-0.36609,0.023916,0.23685
THOC2,1383.5,-0.094571,0.44004,0.79603
MED1,1626.9,0.16359,0.12284,0.50183
RPL23,14959,-0.01909,0.90069,0.97613
ATG4C,243.3,-0.047454,0.86166,0.9644
CD70,3.7014,-0.33924,0.79652,NA
C3,652.09,-0.032327,0.82707,0.954
SH2D3A,24.805,0.057812,0.90545,0.97684
TRIP10,1426.1,-0.13455,0.21272,0.62816
GPR108,970.6,-0.048908,0.70105,0.90913
TNFSF14,3.6312,0.44554,0.72071,NA
FOSB,137.58,0.11464,0.76043,0.93235
OPA3,513.24,-0.031979,0.83705,0.95617
SNRPD2,2023.3,-0.07235,0.66253,0.8942
RTN2,192.28,-0.33757,0.13085,0.51408
EML2,452.54,-0.21799,0.11539,0.48854
VASP,1210.4,-0.2221,0.085001,0.4267
SYMPK,1619.3,0.027214,0.81153,0.94808
GPCPD1,587.03,0.20464,0.20658,0.62217
SDCBP2,58.075,0.25443,0.43616,0.79431
PANK2,1174.1,0.15711,0.14944,0.54216
TGM3,0.33845,1.9513,0.6292,NA
GNRH2,2.9357,-1.9574,0.17784,NA
DEFB126,0,NA,NA,NA
FOXA2,0,NA,NA,NA
CD93,2.1636,0.37521,0.80362,NA
GZF1,318.01,0.24159,0.1362,0.5229
PAX1,0.51735,1.0723,0.77683,NA
NAPB,251.5,0.10583,0.5669,0.85588
CST8,0,NA,NA,NA
NKX2-4,0,NA,NA,NA
CENPB,3132.6,-0.11493,0.30721,0.70966
PSMF1,1742.2,-0.18094,0.21784,0.63481
NKX2-2,0.35741,2.0182,0.61695,NA
DTD1,519.55,-0.037754,0.83201,0.9545
CSTL1,0,NA,NA,NA
RBCK1,2567.6,-0.10929,0.40649,0.77842
TMX4,1656.3,0.28629,0.018525,0.20919
CST11,0,NA,NA,NA
STK35,769.55,-0.015934,0.90848,0.97834
SNRPB,1772.5,-0.034142,0.7775,0.93779
NRSN2,942.22,-0.35926,0.010664,0.15829
AP5S1,302.82,-0.13928,0.48669,0.81708
RRBP1,10663,0.28062,0.02041,0.22023
BMP2,24.687,1.3631,0.026452,0.2494
ZNF133,279.1,-0.26278,0.16147,0.5622
FLRT3,14.597,-0.6249,0.3372,NA
OVOL2,0,NA,NA,NA
PCSK2,4.0783,-0.50986,0.65921,NA
GFRA4,0,NA,NA,NA
MKKS,464.28,-0.21876,0.14097,0.52671
BFSP1,43.21,-0.36487000000000003,0.43463,0.79333
DSTN,6310.4,-0.13193,0.2864,0.69456
LAMP5,0.86341,0.24044,0.93944,NA
SNRPB2,708.49,-0.071084,0.65053,0.89003
MGME1,386.08,-0.14478,0.35999,0.74806
LRRN4,1.8199,-0.087131,0.96336,NA
TBC1D20,1802.6,-0.13622,0.17825,0.5849
ITPA,602.61,0.0072612,0.96247,0.99139
TCF15,0,NA,NA,NA
OTOR,0,NA,NA,NA
MCM8,476.84,-0.18863,0.29123,0.69877
BANF2,0,NA,NA,NA
TMEM74B,8.236,-0.36346,0.65593,NA
FAM110A,177.46,-0.24571,0.22884,0.64352
SIRPD,0,NA,NA,NA
MRPS26,440.35,0.090264,0.58126,0.86163
DEFB129,0,NA,NA,NA
S1PR4,0.50633,0.99281,0.79435,NA
NCLN,1821.7,-0.085013,0.53047,0.83815
CITED1,1.6038,-0.27739,0.89052,NA
HNRNPR,2876.1,0.13932,0.19561,0.60794
ZNF436,468.18,-0.61736,0.012257,0.17022
MAX,1048.9,-0.046555,0.78971,0.94112
CHURC1-FNTB,21.322,0.13184,0.88513,0.97105
ARMCX5,181.89,-0.10317,0.59425,0.86767
GDF5,202.52,-1.0486,0.0017474,0.057323
MMP24,106.74,-0.065283,0.82923,0.95435
NECAB3,255.81,0.056391,0.78722,0.94061
ID1,309.44,0.53407,0.053378,0.34336
RALY,2126.4,-0.081014,0.50139,0.82355
DYNLRB1,1467.9,-0.089377,0.51349,0.82993
C20orf173,0.61752,-1.272,0.72007,NA
EIF2S2,4241.3,-0.25075,0.052082,0.34212
ERGIC3,5094.4,-0.11334,0.3861,0.76508
ROMO1,555.8,-0.16662,0.43704,0.79465
FAM83C,3.9701,4.4744,0.0061583,NA
BPIFB1,0.93237,-0.80887,0.76623,NA
CEP250,1515.5,0.1911,0.22916,0.64352
PLAGL2,326.92,0.074646,0.66595,0.89529
MMP24OS,1680.4,-0.2264,0.052395,0.34222
GRPR,69.461,-1.0635,4.0052e-4,0.023463
KDM5C,3495.1,0.15384,0.15587,0.55414
AMOT,588.96,-0.017964,0.91921,0.98156
TMEM115,1318.6,-0.12769,0.32893,0.72529
PSMB2,1109.2,-0.11774,0.28186,0.69303
AGO3,585.17,0.25066,0.23329,0.64652
UROD,1077,-0.12596,0.38165,0.76122
ST3GAL3,473.96,0.04434,0.81864,0.95064
TMEM53,115.53,0.26997,0.26981,0.68255999999999994
HECTD3,1229.7,0.13087,0.28051,0.69214
KLC1,3931.3,0.091887,0.49937,0.82261
XRCC3,329.27,-0.10855,0.57169,0.8573
TUBGCP3,671.4,-0.0059861,0.96575,0.99243
MCF2L,9.7978,-0.40184,0.65469,NA
F10,291.6,-0.32297,0.15498,0.55293
PCID2,959.29,-0.27071,0.030372,0.26799
PROZ,2.5685,-1.9798,0.23138,NA
SLURP1,0.15222,-0.82691,0.83941,NA
LRFN3,427.05,-0.011843,0.9378,0.98581
IGFLR1,42.021,1.051,0.0070089,0.12561
CAPNS1,5634.7,-0.20176,0.049285,0.33358
PDCD2L,48.165,0.18214,0.60928,0.87418
GPR42,0,NA,NA,NA
RBM42,952.22,-0.094742,0.51587,0.8316
KIRREL2,1.5629,0.85937,0.75042,NA
UBA2,1955.7,0.0029506,0.98263,0.99542
FFAR2,3.7744,-0.0039035,0.99764,NA
HCST,6.6792,-0.23252,0.81435,NA
FFAR1,2.2267,0.79152,0.66387,NA
COX6B1,1303.4,-0.18782,0.21995,0.63663
KRT36,0,NA,NA,NA
THRA,1723.1,-0.32813,0.0016123,0.054712
CCR7,52.576,0.25306,0.44917,0.79962
NR1D1,2292.5,0.13557,0.41981,0.78528
FRMD8,760.22,-0.043193,0.73765,0.92417
PRDX5,2750.1,-0.17291,0.22584,0.64116
BCL2L12,280.5,-0.063221,0.71705,0.91617
IRF3,966.16,0.093494,0.47288,0.81209
PRMT1,1766.1,-0.20746,0.13501,0.52214
RRAS,1712.1,-0.36426,0.0044347,0.10016
PRRG2,5.1627,1.0317,0.33597,NA
SCAF1,2300.7,0.11205,0.41572,0.78423
PRR12,1190.9,0.29913,0.074409,0.39937
TSKS,9.3418,-0.56994,0.55907,NA
FLRT1,17.896,-0.17732,0.75908,0.93222
ASL,702.22,-0.41858,0.008472,0.13943
SBDS,2816.4,-0.26744,0.023415,0.2349
CSN1S1,0,NA,NA,NA
STATH,0,NA,NA,NA
HTN1,1.3634,1.7087,0.47556,NA
STAT5A,350.18,-0.065818,0.69464,0.90576
WNK4,54.886,-0.72426,0.19949,0.61304
BECN1,1239.9,0.055252,0.66289,0.89425
PRKCG,1.9506,0.86089,0.64638,NA
TRAP1,1045.2,-0.10733,0.37038,0.75424
GLIS2,1135.5,-0.13472,0.38388,0.76301
NSRP1,885.58,0.20988,0.071491,0.39415
DNAJC8,1497.3,-0.10055,0.41975,0.78528
AHDC1,1363.6,0.13259,0.34666,0.73809
IFI6,280.4,-0.33948,0.10331,0.46729
DACH2,0,NA,NA,NA
ZNF384,1018.8,-0.14086,0.30037,0.70423
EMG1,546.22,-0.10199,0.59671,0.86904
SSX1,0.67782,2.951,0.44734,NA
UXT,680.87,-0.10316,0.53476,0.83951
CFP,5.0867000000000004,-0.23723,0.82801,NA
ELK1,858.36,0.0064135,0.96472,0.99224
TIMM17B,274.58,-0.14466,0.47338,0.81209
PCNX4,1634.2,0.018837,0.88459,0.9707
ATG14,409.54,0.17724,0.28611,0.69423
KTN1,7752.6,0.066717,0.57385,0.85848
SIX1,125.81,-0.078172,0.75266,0.92973
RHOJ,54.285,-0.79838,0.03249,0.27613
DLGAP5,499.87,-0.11534,0.417,0.7849
L3HYPDH,235.85,0.21171,0.32196,0.72019
HSPA2,705.84,-0.23686,0.16815,0.57118
ZBTB1,1041.7,0.0012222,0.99147,0.99847
TRMT5,406.36,-0.36032,0.026429,0.2494
SGPP1,801.05,0.25741000000000003,0.095914,0.45192
PLEKHG3,286.02,-0.062049,0.70566,0.91013
PZP,0.16747,-0.83129,0.83857,NA
PRDM7,1.4861,-1.7035,0.38619,NA
RHOT1,699.65,0.028054,0.82086,0.95144
EVI2A,133.2,-0.61621,0.041593,0.30981
OMG,1.0332,2.3586,0.32564,NA
DYNC2I1,722.54,0.16556,0.30133,0.70511
AIF1L,9.204,-0.88437,0.42099,NA
FAM78A,41.531,-0.05844,0.88624,0.9716
NUP214,1024.7,0.41986,0.045831,0.32333
CTAG2,0,NA,NA,NA
AVPR2,0.29294,1.7055,0.67397,NA
SLC10A3,734.46,-0.054153,0.67916,0.89919
MAP2K2,3650.5,-0.18297,0.15809,0.55797
HNRNPH2,1626.8,0.052949,0.6314,0.88575
ARMCX1,767.03,0.14343,0.34584,0.73743
TMEM35A,70.025,-0.65561,0.065475,0.37816
TIMM8A,103.46,-0.037695,0.88891,0.97256
ZC4H2,184.93,-0.47446,0.039663,0.30615
CANX,13341,0.057885,0.51889,0.83349
INTS11,1479.5,0.081844,0.4882,0.81858
RGS13,0.16752,-0.83145,0.83854,NA
IPPK,231.02,-0.19187,0.38148,0.76122
ZNF484,88.467,-0.049526,0.84963,0.96108
OMD,100.29,-1.2455,0.13162,0.51561
FGD3,1.8449,-0.66878,0.70541,NA
HIVEP3,66.476,0.17329,0.62241,0.88171
PPCS,425.85,-0.10469,0.59765,0.86941
EDN2,1.0235,3.5449,0.22594,NA
BCL11B,15.058,0.181,0.78069,0.93951
COX7C,1600.1,-0.17629,0.30752,0.70966
TRAF2,263.32,-0.14955,0.44884,0.79962
ABHD8,280.28,-0.06759,0.74016,0.92453
MASP1,3383.5,-0.77727,5.8646e-4,0.029994
ATP13A4,8.1363,1.2697,0.20999,NA
PLAAT1,0.35134,2.0055,0.61939,NA
HELB,37.261,0.12341,0.78631,0.94047
RAP1B,3767.8,0.098715,0.37346,0.75624
IL22,0,NA,NA,NA
TSPAN8,0,NA,NA,NA
BEST3,7.8957,0.52732,0.50528,NA
RAB3IP,62.69,0.46344,0.40109,0.77377
PTPRB,9.5174,-0.91421,0.31674,NA
DYRK2,980.18,0.11396,0.37363,0.75624
YEATS4,200.48,-0.3129,0.097579,0.45599
TAS2R3,1.0375,2.3636,0.36719,NA
TAS2R4,14.152,1.0685,0.12517,NA
TAS2R5,5.9827,0.48271,0.66272,NA
CRYGN,0.27037,-1.1077,0.78604,NA
LRRC61,0.3573,0.21078,0.9588,NA
TRPV5,0,NA,NA,NA
IDUA,1029.9,0.14127,0.34969,0.74075
FGFRL1,1373.6,0.11793,0.34564,0.73717
TMEM175,323.33,0.10411,0.6186,0.87935
AUNIP,30.715,-0.28379,0.54332,0.84491
PIN1,877.8,-0.11033,0.46054,0.80466
FBXL12,403.98,-0.12064,0.4352,0.79391
EMC1,2538.7,0.14822,0.19527,0.60772
PLA2G5,0.50005,-0.79156,0.81489,NA
UBR4,5121.9,0.5037,0.0030881,0.082698
HP1BP3,5462.9,0.1344,0.15053,0.54423
ADGRE2,36.884,1.0465,0.045348,0.32148
SIN3B,1321.8,0.32572,0.01932,0.2138
OR7A10,0,NA,NA,NA
SLC35E1,1531.9,0.057242,0.62338,0.88232
EPS15L1,662.74,0.14474,0.43171,0.7916
KLF2,789.73,-0.42111,0.015194,0.19042
OR7C2,0,NA,NA,NA
OR7C1,28.886,0.18952,0.7611,0.93235
F2RL3,25.683,0.85414,0.097675,0.456
UQCR11,1285.4,-0.16562,0.23355,0.64682
GFER,391.16,-0.078145,0.65918,0.8929
SYNGR3,42.036,-0.34749,0.39203,0.76965
PKMYT1,363.67,0.0050064,0.98151,0.99542
WFIKKN1,3.3448,0.4245,0.72413,NA
WDR24,321.24,-0.17798,0.33543,0.73044
FBXL16,43.823,0.30367,0.43416,0.79333
CHTF18,424.42,-0.052267,0.78253,0.93992
GNG13,3.7134,2.3082,0.10564,NA
MACF1,10359,0.12815,0.43223,0.79169
SMARCA4,2052.5,0.019214,0.89381,0.97414
KDM4B,2036.8,-0.060754,0.6014,0.87068
TICAM1,625.12,-0.12321,0.33771,0.73288
METTL25,84.815,0.2596,0.3471,0.73854
IL17B,1.9771,0.14352,0.9278,NA
EMC6,289.88,0.069425,0.69096,0.90487
OR1E2,0,NA,NA,NA
METTL16,586.48,0.35107,0.019346,0.2138
TUBA4A,91.406,-0.092509,0.805,0.94676
VIL1,1.3306,-0.3296,0.88519,NA
AAMP,1702.1,0.088009,0.4884,0.8186
PNKD,394.09,-0.022734,0.90448,0.97672
TNFRSF19,2729.6,-0.26532,0.092581,0.44489
RNF6,1112.1,0.19086,0.1164,0.49053
ECHS1,1410.4,0.048451,0.72258,0.91806
ZNF835,9.5308,0.035056,0.96926,NA
AKAP9,1431.2,0.41085,0.0042728,0.099059
GNG11,1224.3,0.35868,0.096643,0.45389
SEM1,1068,-0.042507,0.81845,0.95064
GNGT1,0.66591,1.5834,0.60335,NA
HIP1,1191.8,0.23922,0.12162,0.49931
PTPN12,2107.6,-0.033092,0.77458,0.93695
POR,1083.6,0.10339,0.45923,0.80404
FGL2,15.793,0.24847,0.69337,0.9057
STYXL1,263.97,-0.17677,0.36766,0.75321
STEAP4,24.946,0.49073,0.33511,0.73044
GNAI1,435.86,-0.030542,0.86025,0.96415
PEX1,413.44,0.087931,0.57035,0.8573
MTERF1,178.23,-0.10027,0.67484,0.89792
SGCE,1577.8,-0.29824,0.033842,0.28067
RBM48,247.58,0.17242,0.34235,0.73501
CASD1,372.66,0.14133,0.34732,0.73854
ZNF780B,274.35,-0.15775,0.45741,0.80345
LRFN1,36.243,-0.62909,0.12577,0.5073
ZFP36,2547.4,-0.18866,0.73921,0.92453
SRD5A3,327.94,0.25764,0.21027,0.62581
SPINK2,0,NA,NA,NA
RASL11B,5.7117000000000004,0.8219,0.39579,NA
PAICS,2111.5,-0.18404,0.10171,0.46337
KDR,2.2048,0.38759,0.83697,NA
PPAT,346.55,-0.012372,0.95147,0.98999
TUBGCP6,1491.9,0.37114,0.019365,0.2138
ADM2,829.39,-0.41345,0.01015,0.15292
DGCR6L,682.78,-0.11885,0.4374,0.79465
DGCR8,1224.4,0.10475,0.4489,0.79962
ASPHD2,68.376,-0.23562,0.46173,0.80567
VPREB3,1.0324,-2.1292,0.42649,NA
SDF2L1,233.08,-0.22591,0.24059,0.65447
GAL3ST1,1.2586,1.394,0.49812,NA
YWHAH,2252.6,-0.15322,0.16923,0.57298
RFPL1,2.0163,0.62142,0.73558,NA
RFPL2,0.36576,2.0974,0.60327,NA
GNAZ,180.82,-0.086102,0.72148,0.91806
MGAT3,4.8892,-1.931,0.18962,NA
ADORA2A,19.745,0.59361,0.33406,0.73034
ATF4,10278,-0.15923,0.22025,0.63663
A4GALT,922.32,-0.16771,0.19493,0.60744
RFPL3,1.1883,1.454,0.52342,NA
CDC42EP1,1732,-0.32749,0.0071595,0.12755
APOL3,436.45,-0.29149,0.1623,0.5624
MCHR1,8.7726,-0.63052,0.4393,NA
TPST2,653.2,-0.07712,0.66759,0.89554
BAIAP2L2,53.405,-0.95754,0.0042022,0.098466
MPST,846.88,-0.36973,0.0077756,0.13337
GALR3,0.65408,0.17415,0.95509,NA
TST,242.92,-0.045236,0.8319,0.95449
APOL5,0,NA,NA,NA
IGLL1,14.917,0.56096,0.38925,0.76796
APOL2,736.64,0.0039987,0.98098,0.99534
RAC2,467.49,-0.28958,0.047197,0.32652
LIF,94.887,0.94483,0.039408,0.30545
C22orf23,357.78,0.21194,0.2673,0.68043
APOBEC3A,3.8067,0.30544,0.80866,NA
APOBEC3F,131.97,-0.086482,0.75434,0.92978
RIBC2,24.092,-0.34252,0.51541,0.83105
KRT17,852.68,1.9707,0.20168,0.61589
EMC4,1084.2,-0.10447,0.44456,0.79841
RNF112,86.161,-0.057461,0.83934,0.95674
SPECC1,120.33,-0.12076,0.64624,0.88926
CPA4,251.98,-0.61029,0.31974,0.71892
DOCK4,607.27,0.20562,0.66139,0.8934
POT1,282.36,0.031607,0.87038,0.96719
TAS2R16,0,NA,NA,NA
ATP6V1F,892.75,0.063436,0.64863,0.88985
LSM8,573.81,0.35176,0.097206,0.45504
CDHR3,151.46,0.27916,0.35314,0.74416
PRKRIP1,705.25,0.082966,0.55946,0.85232
VGF,2.2206,0.42938,0.79001,NA
PODXL,2472,-0.20178,0.67273,0.89761
FOXP2,49.182,-0.03088,0.931,0.98393
STRIP2,127.32,0.31641,0.24957,0.66501999999999994
IFT22,526.55,-0.19541,0.22717,0.64231
MKLN1,1772.7,0.033643,0.76719,0.93439
DNAJB9,318.94,-0.19226,0.26647,0.68027
FLNC,9763.9,-0.047401,0.71255,0.91398
LRRC4,9.8629,0.82001,0.32532,NA
CALU,24992,-0.017468,0.88511,0.97105
CCDC136,221.37,0.3292,0.20872,0.62471
SMO,580.82,-0.026712,0.87078,0.96719
IRF5,3.8754,0.064267,0.95516,NA
LRRC17,36.073,-0.84561,0.031581,0.27318
KLHDC10,948.16,-0.24126,0.16529,0.56608
NDUFA5,670.68,0.14304,0.28023,0.69186
FEZF1,0,NA,NA,NA
OPN1SW,65.751,-0.21349,0.53173,0.8383
MRPS12,317.77,-0.13395,0.41404,0.78254
MYO1B,7435,-0.15861,0.097411,0.45552
HOXD1,2.6431,-1.4652,0.35622,NA
HOXD3,57.686,-0.39099,0.29721,0.70138
MTX2,542.45,-0.10706,0.43317,0.79263
PDE11A,19.358,0.137,0.7928,0.94243
CHN1,566.65,-0.92729,1.8285e-5,0.00258
GAD1,35.571,0.25259,0.60434,0.87183
OSGEPL1,96.665,-0.034989,0.88896,0.97256
ORMDL1,743.5,-0.057183,0.67555,0.89808
HAT1,732.45,-0.18259,0.14452,0.53316
HOXD9,89.744,-0.13444,0.64665,0.88944
HOXD10,0.32512,-1.7536,0.6639,NA
HOXD11,0.50114,1.0243,0.76167,NA
HOXD13,1.0581,3.5865,0.20844,NA
HERC2,4564,-0.029616,0.8275,0.95402
SNRPN,783.18,-0.21621,0.20221,0.61651
PSMG2,839.87,-0.14293,0.30215,0.70599
TWSG1,2010,0.088067,0.45063,0.80056
ARHGAP22,2763.5,0.32177,0.45943,0.80404
WDFY4,8.6809,-0.83598,0.33537,NA
EIF2AK4,2261.9,0.05344,0.59115,0.86555
MYO5C,5.9302,-0.63465,0.55254,NA
CGNL1,120.01,-0.11012,0.65564,0.89207
TMOD2,597.32,0.26432,0.22569,0.64111
TTBK2,751.2,0.3999,0.0074337,0.13076
ELL3,14.964,0.81676,0.22656,0.64195
CCDC32,249.07,0.19496,0.27477,0.68742
INO80,1117.9,0.014907,0.90232,0.97636
ICE2,790.01,0.077502,0.61615,0.87778
DLL4,1.3552,1.7355,0.43987,NA
ALDH1A2,7.0401,0.46193,0.65102,NA
MINDY2,1289.6,0.23203,0.12344,0.50289
IVD,1155,0.011779,0.9334,0.98433
KNSTRN,286.71,-0.1626,0.3445,0.7365
DUT,1538.6,-0.022237,0.85441,0.96312
CHAC1,297.07,-0.77635,8.7498e-4,0.037918
CLN6,443.45,-0.10759,0.49092,0.81971
ARPP19,2012.7,0.037771,0.73972,0.92453
VPS13C,1751.4,0.33769,0.033736,0.28051
CALML4,40.01,0.3021,0.51359,0.82993
ISLR,6683.9,-0.68426,1.0388e-8,5.9263e-6
THAP10,81.885,-0.014265,0.96496,0.99242
LOXL1,10702,-0.2351,0.05318,0.34336
ACKR4,424.91,-1.0859,1.1579e-7,5.0645e-5
ANAPC13,617.33,-0.37324,0.029724,0.26444
MBD4,484.41,0.0068976,0.96077,0.99062
COPB1,4129.4,0.018076,0.8545,0.96312
PSMA1,1382.6,-0.029403,0.80901,0.94735
SUMF2,2562.5,-0.23353,0.069399,0.38943
PALLD,1066,-0.022516,0.88232,0.97005
SPCS3,2015.6,0.068047,0.69392,0.90576
BBOX1,1.0641,1.7842,0.50777,NA
MYOD1,0,NA,NA,NA
SERGEF,223.65,-0.17371,0.38662,0.76512
KCNC1,4.7555,2.6458,0.021455,NA
TPH1,6.3433,1.0568,0.33997,NA
CSRP3,0,NA,NA,NA
E2F8,103.55,-0.68606,0.016243,0.19735
DCTD,2370.7,-0.006302,0.96327,0.99153
SOX15,22.407,-0.80275,0.16217,0.5624
PIMREG,254.57,-0.24885,0.16289,0.56381
RPAIN,336.12,0.05913,0.72245,0.91806
USP6,105.71,0.35957,0.29352,0.69978
SHBG,19.584,0.22015,0.70271,0.90942
PLD2,779.2,0.21446,0.11809,0.49513
AIPL1,4.0961,0.62008,0.6116,NA
CD68,2125.6,-0.17066,0.15634,0.55489
TXNDC17,552.51,0.11298,0.50101,0.82343
ATP1B2,5.7121,3.2177,0.01583,NA
FXR2,1084.9,-0.0099597,0.93328,0.98433
KIF1C,4806.1,-0.20114,0.1084,0.47649
MPDU1,720.76,-0.082033,0.58228,0.86163
PHF20L1,1291.3,0.19976,0.067901,0.3855
LRRC6,84.632,0.12893,0.6891,0.90378
CCNT1,826.86,-0.038371,0.84837,0.96043
PUS7L,755.9,0.22266,0.23029,0.64409
KRI1,810.02,0.15909,0.28635,0.69456
ILF3,5105.6,0.18452,0.093436,0.4458
SLC44A2,1894.1,-0.13278,0.31648,0.71676
AP1M2,5.9756,0.96538,0.44605,NA
CDKN2D,301.84,-0.010463,0.94773,0.98911
MTUS1,65.011,-0.0034397,0.99274,0.99899
KLK14,2.728,1.2467,0.39955,NA
SIGLEC9,0.63139,1.4715,0.63475,NA
KLK10,22.728,2.092,0.023548,0.2353
KLK8,1.5818,1.5144,0.50012,NA
NGDN,308.47,-0.042092,0.81917,0.95117
RIPK3,55.086,-0.13025,0.73522,0.92375
ADCY4,42.779,0.4275,0.37124,0.75462
RAB2B,344.34,0.33483,0.037656,0.29784
BCL2L2,1294.9,0.35476,0.0059397,0.11595
AJUBA,730.79,-0.0030716,0.98748,0.99728000000000006
DTD2,234.06,-0.061394,0.72256,0.91806
PARP2,320.12,-0.11518,0.4772,0.81449
HEATR5A,1004,0.048441,0.74954,0.92893
FOXA1,2.3951,2.0248,0.20366,NA
SNX6,3085.4,-0.10485,0.3646,0.75173
EAPP,465.71,0.048197,0.75801,0.93199
EGLN3,12.542,0.33689,0.63485,NA
MIS18BP1,651.26,-0.16325,0.25516,0.6697
NRL,31.38,0.64624,0.12374,0.50303
RNASE1,0,NA,NA,NA
NEDD8,1505.2,0.056935,0.67987,0.89941
DAD1,1588.2,-0.1469,0.26621,0.68027
TEP1,897.71,0.84927,7.067e-5,0.0069357
EPB41L4A,134.72,-0.10152,0.66757,0.89554
CDO1,9.1854,-0.030724,0.96957,NA
REEP5,2409,0.1088,0.36728,0.75316
ITFG1,1245.2,0.079159,0.50574,0.82541
QRICH2,157.59,1.0597,8.8812e-7,2.394e-4
FOXJ1,0.16753,-0.83149,0.83853,NA
SEC14L1,1818,-0.16024,0.12973,0.51265
RHBDF2,150.14,-0.029941,0.90995,0.97885
AANAT,1.9011,-0.27865,0.89558,NA
ARHGEF6,353.12,-0.036445,0.81759,0.95063
MAP7D3,697.48,-0.048875,0.73648,0.92417
FGF13,146.33,-0.4984,0.090792,0.44114
ASH2L,826.69,0.034629,0.78471,0.93992
TTI2,144.87,-0.33468,0.13587,0.52263
ART1,0.15808,-0.83442,0.83797,NA
CHRNA10,8.6132,0.31302,0.71359,NA
CDKN1C,105.45,-0.71794,0.090467,0.44046
SGO1,111.04,-0.34244,0.18551,0.59427
RPS4Y1,7.464,1.1539,0.40154,NA
VCY1B,0,NA,NA,NA
VCY,0,NA,NA,NA
CDY2B,0,NA,NA,NA
CDH15,5.0215,-0.24802,0.83316,NA
KLF16,851.11,-0.040129,0.79407,0.94273
PGAP6,1179.7,0.092226,0.40271,0.77473
DOHH,273.25,-0.09612,0.584,0.86269
MAU2,1101.1,0.064983,0.63357,0.88575
SHC2,31.451,0.1376,0.78014,0.9395
PLPPR3,12.761,0.19903,0.78301,NA
INS-IGF2,0,NA,NA,NA
ABHD17A,1533.3,-0.016359,0.87943,0.96958
LBP,0,NA,NA,NA
SYT5,24.287,0.83185,0.16531,0.56608
TNNI3,0.45504,0.87912,0.82415,NA
CBFA2T3,6.1809,-0.8957,0.48665,NA
GAMT,536.79,-0.38554,0.029368,0.26357
PUDP,354.69,-0.17709,0.27834,0.69004
ERMARD,276.13,0.32039,0.10066,0.46221
PHF10,966.56,-0.14008,0.23014,0.64409
PRRG3,26.916,-0.78635,0.15171,0.54608
GALNT8,0.64432,-2.7573,0.48655,NA
KCNA5,0,NA,NA,NA
CRACR2A,45.675,0.047889,0.91218,0.97935
NXNL2,43.456,0.38431,0.31748,0.71725
STARD8,59.558,0.148,0.65104,0.89018
FAM155B,0.34648,0.12981,0.97462,NA
GDPD2,2.43,-0.51148,0.72841,NA
SAT1,853.48,0.30178,0.097444,0.45552
GNL3L,542,0.33465,0.016921,0.19928
SH3BP4,4266.5,-0.022706,0.84098,0.95752
MOSPD2,477.07,-0.17717,0.28769,0.69626
DOCK6,1025.4,0.41555,0.056565,0.35038
ECSIT,585.62,-0.41719,0.0086176,0.14082
LDLR,784.57,0.52143,3.0716e-4,0.01991
ELOF1,787.72,0.036108,0.78024,0.9395
TSPAN16,0.51183,0.98041,0.77005,NA
ANGPTL8,3.0156,1.8723,0.19739,NA
PRKCSH,8801.9,-0.021208,0.83265,0.9549
CNN1,82.829,-0.98092,3.6124e-4,0.021869
CDC16,1767.4,-0.081391,0.43444,0.79333
ZSCAN10,3.2451,1.4337,0.32149,NA
THEM6,283.23,-0.043497,0.78606,0.94026
NECTIN2,1115.2,-0.11287,0.47447,0.81269
APOE,52.387,-0.020955,0.95344,0.98999
TOMM40,936.4,-0.33148,0.017392,0.20297
APOC1,2.1424,-2.0192,0.24476,NA
GADD45G,16.839,-0.061285,0.92639,0.98258
LRCH2,119.06,0.10785,0.67858,0.89895
DPP6,2.0243,1.1165,0.49503,NA
XPO7,1990.3,0.13543,0.17703,0.5831
ACE2,7.9393,-0.74367,0.37732,NA
FAM98C,227.83,-0.1067,0.57156,0.8573
SAFB2,1015.8,0.17724,0.1843,0.59317
RPL36,4348.7,-0.065198999999999993,0.58245,0.86163
ATP8B3,126.37,0.013823,0.95656,0.98999
GDF1,23.44,-0.31704,0.51451,0.83044
NCAN,0.45026,-0.62532,0.8749,NA
KIF1A,4.701,-3.7878,0.28668,NA
GTPBP3,256.46,0.117,0.53222,0.8388
PLVAP,0,NA,NA,NA
BST2,574.21,-0.28435,0.056083,0.34961
SLC27A1,798.77,-0.13304,0.48278,0.81691
NSUN5,406.62,-0.053674,0.72354,0.91845
USHBP1,9.9118,0.68507,0.39253,NA
COLGALT1,3087.3,-0.057353,0.58214,0.86163
DDA1,782.09,-0.023144,0.85603,0.9632
MRPL34,403.57,0.042914,0.79537,0.94314
PGLS,1567,-0.3199,0.030448,0.26832
LSM7,583.8,-0.29764,0.084801,0.42644
TULP4,561.51,0.13736,0.51343,0.82993
SNX9,7490,0.16969,0.1123,0.48308
RTN4IP1,61.051,0.018929,0.95769,0.98999
QRSL1,338.39,0.055721,0.71323,0.9145
MTRES1,208.57,0.050015,0.78715,0.94061
RSPH3,534.17,0.58563,1.2421e-5,0.0019403
MAS1,12.639,0.21075,0.74308,NA
ACSBG2,3.2207,1.1167,0.37076,NA
MLLT1,2311.1,-0.048384,0.6454,0.88886
FUT5,0.91982,-3.2602,0.35006,NA
BMP15,0,NA,NA,NA
AFDN,1097.4,0.51915,0.027536,0.2557
ACTN4,8941.1,-0.086066,0.33342,0.72982
STK33,2.5297,1.7142,0.3393,NA
NDUFA10,1290.5,-0.053542,0.66398,0.89445
EPO,0,NA,NA,NA
ARPC1B,3616.8,0.11098,0.38333,0.7625
CACNG6,0,NA,NA,NA
ZSWIM6,519.61,0.61313,1.361e-5,0.0020527
FCHO1,20.32,-0.86532,0.1691,0.57279
UNC13A,8.4268,0.7225,0.3784,NA
MAP1S,1119.8,0.18542,0.29356,0.69978
KLHDC7B,8.0784,-0.27204,0.77459,NA
PXDN,13430,-0.0051,0.95767,0.98999
SSBP4,1843.1,-0.18253,0.21184,0.6272
GDF15,222.24,-0.67775,0.052718,0.34291
PGPEP1,759.58,0.037445,0.82287,0.95231
IQCN,24.392,0.58658,0.40336,0.77539
LSM4,836.38,-0.24671,0.12418,0.50355
JUND,1504.2,-0.24851,0.078943,0.41221
HRC,10.724,0.48839,0.48045,NA
TRPM4,725.96,0.57097,0.0012348,0.047101
OR11H1,0,NA,NA,NA
SULT4A1,7.7906,0.070034,0.9339,NA
ZNF557,163.62,0.18324,0.39364,0.77055
CRB3,3.8764,2.1445,0.087447,NA
OLFM1,470.26,-0.10129,0.45824,0.80354
CAMSAP1,1019.5,0.2455,0.072282,0.3952
UBAC1,646.64,-0.022648,0.88819,0.97229
SAG,0,NA,NA,NA
ZBTB46,62.669,0.070844,0.83801,0.9565
HELZ2,1046,0.6078,5.0528e-5,0.0058675
SAMD10,49.333,-0.078969,0.82319,0.95231
LSP1,399.56,-0.429,0.012371,0.17073
TNNT3,0,NA,NA,NA
TNNI2,0.35891,2.0582,0.61016,NA
COL5A1,47116,-0.39706,0.0046926,0.10332
ATXN10,1716.3,-0.14685,0.29091,0.69877
TUBGCP2,2088.5,-0.018897,0.8842,0.97059
CALY,0.89431,-0.84436,0.78973,NA
CYP2E1,21.965,-0.45936,0.36169,0.74975
PNPLA7,215.38,0.39738,0.06616,0.3806
HBZ,0.12752,-0.72474,0.85903,NA
PAK4,879.66,0.10196,0.39634,0.77146
MNX1,0.17515,1.0914,0.78911,NA
ZNF337,442.37,-0.23388,0.12555,0.50688
CEP85,283.71,0.1609,0.31689,0.71725
TAF4,411.37,0.28659,0.083876,0.42525
GATA5,0,NA,NA,NA
RBBP8NL,0.1692,1.0933,0.78875,NA
LAMA5,1340,0.2927,0.1109,0.48056
OSBPL2,708.76,-0.0032563,0.97863,0.99439
ADRM1,1254.2,-0.020795,0.87975,0.96969
ASS1,3811.1,-0.4084,0.014178,0.18325
PRDM12,4.3822,-0.15744,0.89072,NA
EXOSC2,381.1,-0.032027,0.85873,0.96352
POMT1,807.58,0.15511,0.34837,0.7391
UCK1,598.69,-0.2537,0.10715,0.47535
FIBCD1,48.399,-0.43053,0.20654,0.62217
CHMP2A,1112.2,-0.22146,0.067922,0.3855
UBE2M,1200.5,0.0035569,0.97942,0.99469
TRIM28,5356.9,-0.11209,0.28537,0.69371
METTL26,647.17,-0.20336,0.14201,0.52856
YIPF2,843.43,-0.28624,0.041999,0.31112
ATG4D,202.56,0.50865,0.005422,0.10982
EIF2S3,4471,-0.16092,0.12371,0.50303
TMEM160,168.12,-0.19261,0.43674,0.79442
ZC3H4,884.28,-0.13066,0.36534,0.75199
NPAS1,49.953,-8.6083e-4,0.99825,0.99963
GMFG,13.754,-0.28617,0.68888,NA
MAP3K10,386.26,-0.0097147,0.95158,0.98999
ARHGEF16,15.83,-0.31211,0.65664,0.89289
LRRC47,868.37,0.02995,0.81252,0.94882
SESN2,1734.3,0.013396,0.94209,0.98753
SMPDL3B,0.82425,-0.418,0.88412,NA
ATP5IF1,582.44,-0.040096,0.78808,0.94061
MED18,229.48,0.086605,0.61648,0.87796
THEMIS2,92.286,0.58599,0.066621,0.38158
CLIP1,3681.4,-0.095995,0.41032,0.77988
CCDC62,8.3853,0.57798,0.51392,NA
HIP1R,345.66,-0.0041604,0.98264,0.99542
ZNF317,563.46,0.073465,0.58865,0.86462
PPAN,474.56,-0.16181,0.35802,0.74698
EIF3G,2482.1,-0.2749,0.059504,0.36068
ANGPTL6,6.7138,0.24409,0.79874,NA
SHFL,799.4,0.1409,0.26373,0.67829
DNMT1,2245.1,-0.0069997,0.95435,0.98999
ZNF426,507.31,0.18365,0.18922,0.5989
SLC6A8,1187.7,-0.058721,0.60465,0.87198
PNCK,4.2645,-1.0449,0.39361,NA
DKC1,921.78,0.010412,0.94081,0.98689
PLXNA3,3645.1,0.33395,0.053538,0.34336
DUSP9,0.86326,-0.49505,0.85979,NA
MPP1,276.67,-0.082423,0.66129,0.8934
ZNF331,324.19,-0.22934,0.21321,0.62816
ZNF236,347.37,-0.19889,0.39818,0.77246
SLC7A10,0.17492,1.0906,0.78926,NA
LRP3,1545.4,-0.14301,0.26096,0.67585
C12orf65,532.93,-0.19283,0.20087,0.6157
NOL11,626.4,0.0044182,0.97671,0.99365
UBE4B,1745.2,0.064957,0.59437,0.86775
CASZ1,28.362,-0.066568,0.87723,0.96911
PKDREJ,24.99,-0.10523,0.84525,0.95868
HSD17B3,0.64458,2.9127,0.4631,NA
NUTM2F,0,NA,NA,NA
HABP4,583.76,0.14587,0.34732,0.73854
FBP2,1.0116,2.3304,0.37681,NA
SLC35D2,330.87,0.19567,0.21059,0.62596
PRRG1,370.99,0.31421,0.062072,0.36691
UBA1,7397.3,0.1158,0.24393,0.65833
RGN,58.487,-0.28446,0.3923,0.76965
POLN,62.862,0.54972,0.15088,0.54495
PPIL4,734.4,-0.11009,0.41322,0.78224
ULBP2,85.467,0.045978,0.86817,0.96621
AKAP12,2212.1,0.22616,0.042602,0.31318
SYNE1,2802.4,-0.13104,0.55193,0.84919
ULBP3,96.864,0.049226,0.87442,0.96844
LATS1,951.42,0.11365,0.46294,0.80609
EPS8L1,37.646,0.36068,0.41882,0.78511
LILRB2,0,NA,NA,NA
AAR2,660.95,-0.10119,0.43763,0.79467
TTLL9,1.6082,0.15052,0.93915,NA
BPIFA2,0,NA,NA,NA
RBM39,3518.5,0.1133,0.28545,0.69371
COX4I2,0,NA,NA,NA
BPIFA3,0,NA,NA,NA
ZNF341,89.125,0.13959,0.63209,0.88575
GGT7,737.16,0.15744,0.27404,0.68674
DEFB118,0,NA,NA,NA
ACSS2,728.03,0.065793,0.67952,0.89941
EDA2R,806.15,-0.22806,0.10913,0.47704
ARHGEF9,423.69,0.02921,0.86054,0.96422
C1QL1,45.389,0.40088,0.2968,0.70138
GFAP,7.5084,0.79064,0.37502,NA
PYY,4.6447,0.06071,0.95814,NA
HIGD1B,1.8255,-0.78487,0.65038,NA
ATP6V1E1,1176.2,0.0039799,0.97663,0.99365
ZNF227,291.43,0.070594,0.71873,0.91742
ZNF428,571.68,-0.19297,0.29373,0.69989
TEX101,6.8689,-1.1785,0.29743000000000003,NA
ZNF141,176.82,0.14306,0.5978,0.86941
CCL25,0.54074,-2.4572,0.49949,NA
COX4I1,3636.6,-0.021655,0.87757,0.96911
EMC8,455.8,-0.066169,0.65832,0.8929
GSE1,2331.2,0.029341,0.84635,0.95938
GINS2,260.87,-0.44186,0.01978,0.21706
CHMP1A,1850.5,-0.079125,0.50516,0.82533
SH3BGRL,1973.7,-0.17814,0.12639,0.50857
COX7B,540.74,-0.12024,0.44445,0.79841
SLC34A1,0,NA,NA,NA
F12,16.611,0.57455,0.32564,0.72311
PRR7,187.92,-0.2669,0.1977,0.61027
NFATC1,441.18,-0.11539,0.45125,0.80112
IDO1,4.8357,3.5225,0.0090112,NA
GJA9,5.6327,1.2261,0.2689,NA
CAP1,6324.1,-0.013146,0.91563,0.98049
PPT1,700.71,-0.14772,0.24294,0.65743
RAB11FIP4,21.605,0.58914,0.37635,0.75834
RLIM,1193.1,0.17067,0.27883,0.69073
CDX4,0,NA,NA,NA
ABCB7,352.75,0.048272,0.79724,0.94366
TRAF3,1178.3,-0.074252,0.5823,0.86163
HAUS8,125.71,-0.41705,0.081302,0.41853
ADGRE3,0,NA,NA,NA
MRPS25,548.24,0.064496,0.65718,0.8929
SH3BP5,1435.1,0.33484,0.0038502,0.094789
HACL1,222.93,0.11454,0.5471,0.84664
TBC1D5,2362.9,0.13418,0.23101,0.64497
CAPN7,698.13,0.1751,0.21448,0.63033
RFTN1,1376.1,-0.26419,0.044015,0.31707
C3orf20,4.1997,0.44581,0.69314,NA
RBSN,825.72,0.3528,0.016489,0.19793
GALNT15,3200.2,-0.012798,0.9447,0.98791
SLC6A6,4104.4,0.76482000000000006,7.5071e-7,2.1755e-4
KCNC3,25.947,0.86561,0.059422,0.36068
NAPSA,12.486,-0.88548,0.24973,NA
NR1H2,1725.5,-0.063796,0.60772,0.87321
LRRC4B,6.9186,0.25008,0.77072,NA
PDLIM4,543.66,-0.31063,0.13537,0.52234
KIF3A,406.81,0.33996,0.019934,0.21789
MGAT1,4330.3,-0.11198,0.37558,0.75834
GFPT2,1441.1,0.55717,4.3614e-6,8.4163e-4
TUBG1,895.77,-0.087751,0.48981,0.81887
PSME3,1944.4,-0.018986,0.92388,0.98234
RPL27,8681.6,0.0072341,0.96194,0.99139
PSMC3IP,221.26,-0.01773,0.94078,0.98689
AOC3,10.443,1.5354,0.041604,NA
ACLY,4602.8,0.07794,0.54061,0.84314
VPS25,593.73,-0.16552,0.29504,0.70053
RAMP2,5.5791,-1.506,0.13275,NA
AOC2,17.428,-0.057759,0.9204,0.98183
G6PC1,4.5859,1.4047,0.21454,NA
NDUFA2,379.18,0.084199,0.6154,0.87762
ANKHD1,1419.3,0.56722,4.1211e-4,0.023823
DIAPH1,2034.6,0.046745,0.73992,0.92453
NDFIP1,2012.2,-0.02451,0.83852,0.95656
UBE2D2,1751.9,0.013799,0.91756,0.98099
EXOC4,1586.6,0.013938,0.91754,0.98099
ACAP3,2130.7,-0.0011158,0.9942,0.99899
C1orf159,175.64,0.007623,0.96789,0.99243
ANO1,1.4477,-4.1279,0.18185,NA
PPFIA1,1333.4,0.13292,0.39026,0.76836
TMEM204,593.18,-0.27413,0.04116,0.30911
KREMEN2,15.093,-0.02014,0.97393,0.99287
THOC6,394.58,-0.44942,0.031801,0.27381
TRAF7,2609.7,-0.16693,0.1047,0.47042
BARX1,6.0136,-1.1369,0.24219,NA
NINJ1,257.65,-0.11927,0.48806,0.81844
CA6,7.4615,0.60208,0.55823,NA
NPHP4,586.6,0.20867,0.19048,0.60041
MAP1B,7479.3,0.18116,0.35239,0.74366
RHOXF2,0.48548,-0.71882,0.85254,NA
IL13RA1,1592.4,0.043762,0.69577,0.9063
WDR44,444.68,-0.078895,0.60083,0.87049
CKMT2,5.2082,0.86035,0.44086,NA
ZCCHC9,397.92,-0.24549,0.10889,0.47702
KRT34,149.63,-0.84409,0.0012508,0.047431
KRT33B,7.5887,-1.758,0.046884,NA
TNS4,37.361,1.675,0.0048056,0.1044
TOP2A,3630.4,0.10041,0.47235,0.81207
STARD3,913.12,0.14913,0.26174,0.67585
RARA,677.2,-0.20087,0.30262,0.70632
PPP1R1B,0.4924,0.029035,0.99403,NA
KHDRBS3,688.08,-0.045457,0.79685,0.94347
CHD1L,966.71,-0.010751,0.93172,0.98398
PEX11B,369.16,-0.10129,0.52039,0.83379
FMO5,27.66,0.19467,0.68883,0.90361
PIAS3,1146.5,0.20379,0.13439,0.52127
PRKAB2,804.9,-0.34297,0.02331,0.23438
FSHB,0,NA,NA,NA
PDHA1,830.25,-0.080411,0.59124,0.86558
RAI2,17.556,-0.19827,0.71936,0.91742
MCCC2,557.11,5.3243e-4,0.9972,0.99957
ZNF304,282.89,0.14165,0.43954,0.79603
ZSCAN5A,62.039,0.22831,0.54378,0.8451
ZNF132,112.61,-0.15735,0.54874,0.84817
USP29,1.5576,0.97008,0.67396,NA
SELENOS,880.84,0.14719,0.31659,0.71688
CHSY1,1337.2,-0.15091,0.21917,0.63663
SNRPA1,404.43,0.12193,0.43185,0.7916
LLGL1,1170.3,-0.040197,0.70938,0.91259
NR0B2,0,NA,NA,NA
LIN28A,6.6944,0.27539,0.75971,NA
THAP1,204.62,0.12425,0.48558,0.81691
RHPN2,181.89,0.19472,0.33998,0.73471
C19orf12,699.27,-0.085323,0.48268,0.81691
FAAP24,69.101,-0.44,0.21972,0.63663
LRRC9,0.1392,-0.72457,0.85906,NA
ACTR10,1013,-0.15248,0.23448,0.64737
ABHD12B,18.527,0.53085,0.34141,0.73487
GCH1,16.16,0.13515,0.82058,0.95144
LGALS3,6909.5,0.12209,0.36381,0.75104
PODNL1,243.38,-0.50909,0.017466,0.20297
DNAJB1,2223.8,-0.101,0.37871,0.75983
ZSWIM4,254.3,-0.56547,0.0023009,0.068294
FBXW9,187.14,-0.044975,0.8179,0.95064
RFX1,393.32,0.20091,0.30059,0.70429
ZNF20,107.97,0.2113,0.54446,0.84529
BRME1,33.503,-0.58691,0.19063,0.60062
DCAF15,445.23,-0.0095722,0.95617,0.98999
CC2D1A,819.42,0.084697,0.53941,0.84216
RTBDN,1.4615,1.7914,0.50655,NA
MATN3,34.895,0.092582,0.86336,0.9649
TRIM21,350.45,-0.07597,0.64656,0.88942
SPATA6,177.49,0.57254,0.0061845,0.11783
LRRC41,1661.3,-0.11545,0.25598,0.67023
CCT6B,26.789,-0.5421,0.29044,0.6987
DHX30,1362.8,0.11052,0.30657,0.70912
RAF1,2005.6,-0.13792,0.22429,0.63899
SLC6A11,3.6293,-1.6464,0.21166,NA
PPARG,20.711,-0.31482,0.58158,0.86163
NUP210,3.8618,0.25803,0.83926,NA
FCRLA,15.117,-0.80484,0.24531,0.65977
HSD17B7,80.481,0.20114,0.47562,0.81338
ENOSF1,411.34,0.18403,0.45648,0.80345
EMILIN2,862.56,-0.26475,0.05658,0.35038
SLX1A,345.15,0.35106,0.047617,0.32884
ARFIP2,729.08,-0.062197,0.61346,0.87648
TRIM5,463.79,-0.074931,0.67895,0.89901
CNGA4,1.101,-1.1557,0.62475,NA
TRIM22,1463.8,-0.48784,0.033835,0.28067
RRP8,326.5,-0.10146,0.51499,0.83086
TIMM10B,427.49,0.075505,0.64199,0.88731
EFR3A,1844.5,0.1009,0.36486,0.7518
HHLA1,0,NA,NA,NA
PTCD3,820.02,0.0066823,0.96288,0.99139
IMMT,1500.7,-0.069637,0.55892,0.85202
MRPL35,469.05,0.11386,0.45549,0.80292
IQCA1,6.3665,0.64991,0.51239,NA
ILKAP,402.06,0.17168,0.32201,0.72019
PER2,285.57,-0.42134,0.016943,0.19928
RAMP1,3.4568,-1.5751,0.23229,NA
SCLY,161.51,-0.075816,0.76157,0.93251
PTPRE,126.21,0.72997,0.021718,0.22573
RAN,5720.8,-0.045784,0.71009,0.91297
PRKAA1,1572.6,0.14858,0.25303,0.66725
CARD6,306.56,-0.091082,0.67093,0.89717
RAP1GAP2,348.17,0.27153,0.26514,0.67953
CLUH,1509.3,0.20805,0.13276,0.51806
INPP5K,637.17,-0.04597,0.74029,0.92453
MYBBP1A,1117,0.076124,0.61783,0.87886
RPA1,2193.4,-0.14446,0.22854,0.64352
SERPINF1,3991.6,-0.44023,5.5316e-4,0.029317
UBE2G1,1244.5,-0.10744,0.4174,0.78499
EEFSEC,327.86,0.15217,0.34779,0.73882
TBC1D14,1225.8,0.066479,0.54506,0.84563
TMEM128,267.14,0.35685,0.036953,0.29589
COQ3,69.62,-0.12982,0.6697,0.89672
PNISR,2268.3,0.29321,0.059829,0.36129
POPDC3,304.24,0.55789,0.0024244,0.070695
SEC61G,1024.1,-0.12049,0.48325,0.81691
LANCL2,432.01,-0.31797,0.025263,0.2449
FIGNL1,322.84,-0.15606,0.4363,0.79433
DDC,0,NA,NA,NA
FTHL17,0,NA,NA,NA
GRSF1,2213.5,-0.088668,0.51218,0.82901
ENAM,0,NA,NA,NA
JCHAIN,45.691,-0.87163,0.04934,0.33373
ANKRD17,2325.4,0.24905,0.035976,0.29087
UTP3,709.48,0.30002,0.030839,0.27032
ITGB4,50.736,0.011332,0.98339,0.99553
WBP2,1316.7,0.17095,0.20743,0.62285
H3-3B,8322.7,0.33093,0.0031813,0.083825
UNK,423.6,-0.11406,0.49348,0.81999
TRIM47,243.07,-0.28703,0.089179,0.43732
ZRANB2,1624.3,0.20831,0.066719,0.38164
EIF5A,7036.1,-0.27409,0.027864,0.25676
KDM6B,890.14,-0.053705,0.72674,0.91942
CLEC10A,0,NA,NA,NA
SLC52A1,11.177,0.12123,0.86339,NA
GUCY2D,0.16754,-0.83151,0.83853,NA
GPS2,763.75,0.11277,0.40888,0.77938
XAF1,702.23,-0.18705,0.39541,0.7713
DLG4,1065.4,0.032688,0.81473,0.94934
RIDA,262.85,-0.13227,0.48273,0.81691
VPS13B,1825.8,0.36913,0.018292,0.20777
RGS22,2.2495,-3.0014,0.1839,NA
MATN2,693.48,-0.34001,0.031188,0.27135
REEP2,258.81,0.031968,0.87781,0.96911
PCBD2,177.8,0.042318,0.8313,0.95449
SDF2,782.09,0.042971,0.77388,0.93692
FLOT2,1419.8,-0.16429,0.22534,0.64088
ERAL1,583.45,-0.063328,0.61523,0.87762
PRMT7,451.9,0.087692,0.62314,0.88218
NIP7,602.08,-0.010183,0.94826,0.98935
TERF2,476.27,-0.031567,0.84448,0.95868
VPS4A,1609.2,0.06356,0.56948,0.8573
MTSS2,4214.2,-0.17269,0.22263,0.63763
HSPA12B,11.502,-0.11757,0.85906,NA
ANKEF1,34.381,0.12001,0.76788,0.93471
SCP2D1,0,NA,NA,NA
PCED1A,755.07,-0.067637,0.64297,0.88797
SNAP25,0.50619,-2.3614,0.55357,NA
BTBD3,676.94,-0.023438,0.85268,0.96176
PCNA,1634.6,-0.30681,0.021808,0.22603
NXT1,187.7,-0.070322,0.74311,0.92593
POLR3F,187.89,0.062376,0.77184,0.93591
RIN2,1662.9,0.26016,0.063974,0.37227
PTPRA,2584.7,0.068124,0.51473,0.83068
SSTR4,0,NA,NA,NA
DAP3,1258.8,-0.13709,0.24292,0.65743
RHBG,0,NA,NA,NA
KHDC4,633.98,0.63309,2.3515e-4,0.01677
ATP1A4,0.86897,-2.3797,0.45816,NA
NES,1220.3,-0.043792,0.84532,0.95868
BCAN,5.4652,0.82689,0.52605,NA
CRP,0.19553,-1.1095,0.78461,NA
ARHGEF11,1469.7,0.24207,0.025513,0.24561
RAB25,7.5272,2.479,0.043149,NA
HAPLN2,1.8031,4.5968,0.027493,NA
APCS,0,NA,NA,NA
FCRL2,8.4049,-0.38424,0.63745,NA
DCAF8,2165.9,0.11629,0.29024,0.6987
SYT11,1215.5,-0.034856,0.74404,0.92664
IGHMBP2,419.52,-0.078721,0.58903,0.86462
ACY3,0,NA,NA,NA
ALDH3B2,6.2086,3.2489,0.0069608,NA
TESMIN,28.959,-0.75117,0.11017,0.47873
MMACHC,133.23,-0.19192,0.39226,0.76965
DPH2,230.64,-0.30141,0.11345,0.48461
TOE1,180.61,0.19891,0.29942,0.70355
NASP,1452.5,0.05581,0.65828,0.8929
MUTYH,166.42,-0.087951,0.68904,0.90378
CTNNBL1,694.4,0.032284,0.80516,0.94676
LPIN3,1142,-0.13093,0.36519,0.7518
ZSWIM3,71.704,-0.90198,0.0054016,0.10982
RBM38,181.74,-0.057002,0.7682,0.93482
VSTM2L,8.3576,-1.027,0.26409,NA
OSER1,822.12,2.0454e-4,0.99882,0.99963
SERINC3,4503,0.040489,0.65903,0.8929
PPP1R3D,204.37,-0.0026249,0.98913,0.99795
DMGDH,19.106,0.030749,0.96066,0.99062
BHMT2,65.326,0.12126,0.71095,0.91327
AP3B1,1426.7,0.1289,0.27053,0.68285
ZBED3,119.04,-0.65861,0.011666,0.16646
PATJ,266.4,-0.21337,0.39762,0.7721
KANK4,2.5692,0.79838,0.61001,NA
ANGPTL3,0.98915,0.18763,0.9439,NA
SYT4,0,NA,NA,NA
SLC14A2,9.9849,-0.10623,0.8905,NA
FBXO44,573.32,-0.020019,0.89545,0.9746
CPLANE2,77.671,-0.0063809,0.98321,0.99542
CASP9,286,0.3478,0.059564,0.36068
NMUR2,0,NA,NA,NA
DCTN4,1616.5,0.24173,0.095021,0.44948
PDE6A,29.167,0.91256,0.043048,0.31411
ATP8A2,1.3085,-0.51665,0.79581,NA
MTUS2,4.3479,0.49111,0.67061,NA
ZMYM5,270.49,0.14252,0.54511,0.84563
USPL1,234.43,-0.35542,0.084973,0.4267
XPO4,566.79,0.13858,0.38641,0.76512
TPTE2,4.6809,-0.23229,0.83314,NA
POMP,1050.8,-0.014695,0.92143,0.98198
CDK8,299.83,-0.0091235,0.95507,0.98999
ALOX5AP,1.4658,-1.6581,0.43222,NA
WASF3,1267,0.1583,0.18115,0.5891
RNF17,3.786,0.42979,0.73917,NA
GPR12,0.82257,-0.46731,0.85592,NA
CHRM3,3.0608,-0.60509,0.65985,NA
MYH8,0.35412,2.0066,0.61907,NA
MYH10,2546.6,0.18358,0.092036,0.44368
PEMT,252.98,-0.22906,0.19207,0.60238
SCO1,699.56,0.084939,0.55263,0.84926
MPRIP,8122.4,-0.0095196,0.92601,0.98258
CHI3L1,98.292,1.1867,7.704e-4,0.03474
MYBPH,7.5819,0.84282,0.3144,NA
PIK3C2B,51.253,-0.01392,0.97291,0.99285
DSTYK,1531.8,0.092595,0.4514,0.80112
CHIT1,0,NA,NA,NA
SLC41A1,1108.3,0.041008,0.72248,0.91806
LGR6,1.2439,-2.4657,0.2724,NA
TMCC2,141.52,-0.13392,0.54008,0.84258
DCLK1,52.416,-1.1309,0.0016195,0.054712
CCNA1,1.6612,0.13215,0.93809,NA
COG6,562.35,-0.19376,0.16958,0.57298
SPART,1749.5,-0.058171,0.63652,0.88597
RXFP2,0.65324,-1.3598,0.69618,NA
EPSTI1,200.3,-0.37379,0.1616,0.56225
TRPC4,64.786,-0.61415,0.063776,0.37159
POSTN,16698,-0.74134,2.2963e-8,1.1589e-5
RFXAP,131.41,-0.076307,0.73434,0.92317
TPT1,56874,0.014572,0.90333,0.97663
GPALPP1,342.51,0.14561,0.35274,0.74393
STOML3,0,NA,NA,NA
KL,0.66277,0.072929,0.98111,NA
RFC3,274.66,-0.33446,0.06659,0.38157
STARD13,971.03,-0.14782,0.31032,0.71206
IRS4,7.1535,0.36812,0.73396,NA
MORC4,782.93,0.017652,0.89316,0.97407
BEX2,0.43874,2.3643,0.55641,NA
RNF128,0.50403,2.5114,0.50237,NA
GNG5P2,0.66742,0.17866,0.95365,NA
TBC1D8B,625.92,0.18352,0.17015,0.5738
TCEAL4,1234.2,0.093892,0.52276,0.83488
BEX1,7.1811,-0.49822,0.57729,NA
FAM104A,751.3,-0.11336,0.40359,0.77562
SLC39A11,328.33,0.15676,0.33205,0.72816
EPHB2,230.57,0.015509,0.93407,0.98437
SRRM1,1577.9,0.0061945,0.95927,0.99019
BTBD2,3647.7,-0.17334,0.09038,0.44022
PRAM1,4.1386,0.37393,0.78274,NA
KMT5C,145.39,-0.46098,0.059744,0.36103
ZNF414,272.33,-0.31884,0.057237,0.353
PDE6B,9.387,1.2104,0.20055,NA
HSPBP1,515.43,-0.12159,0.38422,0.76325
CSNK1G2,1881.9,0.012142,0.92435,0.98234
SLF1,136.49,-0.38704,0.14832,0.54021
CNDP2,1000.5,0.069157,0.68762,0.90305
MACROD1,221.09,-0.17128,0.33307,0.72954
WDR74,412.53,0.096212,0.56318,0.85411
LGALS12,1.4552,-0.81249,0.70434,NA
RTN3,5160.5,-0.18061,0.12126,0.49878
PLAAT4,51.342,0.078015,0.87078,0.96719
PLAAT2,0,NA,NA,NA
MYH11,15.525,0.30036,0.68855,0.90333
CEP20,756.81,-0.15062,0.27335,0.68584
MED10,713.02,0.0043166,0.97429,0.99291
PDZD2,13.716,1.7716,0.038727,NA
MORC2,1073.1,0.056008,0.68361,0.90112
LARGE1,544.32,0.17316,0.24389,0.65833
GSTT2B,217.24,0.15981,0.36905,0.7537
MYO18B,0,NA,NA,NA
SLC2A11,146.45,0.3465,0.19647,0.60886
C1QTNF6,301.11,-0.37591,0.10502,0.47098
GGT2,0.16301,-0.86644,0.83184,NA
FAM83F,30.303,0.68286,0.15178,0.54608
SEC14L4,13.511,0.098109,0.88474,NA
GIMAP6,0.23847,-1.1612,0.77421,NA
GIMAP4,0,NA,NA,NA
ADCK2,482.67,-0.1282,0.33846,0.73343
MKRN1,1983.5,0.17887,0.26728,0.68043
AGAP3,1401.6,-0.11845,0.2616,0.67585
KRBA1,292.11,-0.20991,0.28842,0.69669
ACTR3B,85.761,0.018951,0.94547,0.98809
NTS,0,NA,NA,NA
BTG1,3449.6,0.070927,0.45033,0.8003
LRRIQ1,6.2179,2.5559,0.047342,NA
C12orf29,425.32,0.044327,0.80037,0.94541
ATP13A3,4066,0.029588,0.87799,0.96911
SFTPD,0.25337,-1.3754,0.7348,NA
DYDC2,12.124,-0.060177,0.93124,NA
TMEM254,366,-0.2307,0.28675,0.69488
TMTC1,699.05,-0.12775,0.43643,0.79433
KRAS,754.89,0.034398,0.8079,0.94714
IPO8,1531.7,0.1423,0.35983,0.74806
LARS1,3197.9,-0.035281,0.72747,0.91976
SPINK5,17.17,1.9562,0.37571,0.75834
IMPA1,383.34,-0.079463,0.62346,0.88233
LRRCC1,159.48,0.060685,0.78457,0.93992
E2F5,37.454,0.23537,0.55589,0.85112
CA1,2.0645,1.8048,0.28786,NA
CCDC59,352.47,-0.092737,0.68406,0.90132
SWAP70,2489.2,-0.42034,0.0020545,0.063884
ARNTL,155.04,-0.10059,0.69098,0.90487
LYVE1,0,NA,NA,NA
AMPD3,180.78,-0.24881,0.35715,0.74608
SBF2,1758.1,-0.26884,0.025454,0.24559
MICAL2,1621.5,-0.21505,0.22923,0.64352
RRAS2,4237.9,-0.56202,1.9037e-5,0.0026021
HSD17B4,1473.4,0.29536,0.010288,0.15376
ZFC3H1,937.09,-0.018276,0.90065,0.97613
TEX15,0.85697,2.04,0.4684,NA
SARAF,3674.4,0.14506,0.20136,0.61579
RNF122,91.262,-0.31195,0.22681,0.64224
DUSP26,0.48685,-2.3076,0.54373,NA
DPF2,967.07,0.083251,0.60315,0.87152
MEN1,838.77,0.0053345,0.96883,0.99243
ERG28,251.9,-0.29558,0.11512,0.48806
GSC,32.931,-0.072736,0.86657,0.96544
DGLUCY,529.66,0.22829,0.12608,0.50782
UNC79,13.731,1.1862,0.15568,NA
NUMB,2020.5,0.17301,0.29136,0.69877
CATSPERB,3.2728,6.0646,8.4733e-4,NA
VRTN,1.5061,4.0612,0.074657,NA
COX16,428.66,-0.25515,0.28641,0.69456
TTC9,34.892,-0.2602,0.53798,0.84091
MED6,370.74,0.04755,0.78862,0.94075
EIF2S1,1545.5,0.0096636,0.95194,0.98999
ADAM20,1.8336,0.94256,0.62559,NA
LOXL2,30966,-0.084556,0.3622,0.75
ELP3,522.69,0.34752,0.03277,0.27707
PEBP4,1.8252,0.58457,0.76198,NA
ADAMDEC1,1.0965,-3.4889,0.21359,NA
CTIF,2379.1,-0.09993,0.44781,0.79919
MRO,5.2033,0.19159,0.84904,NA
MBD2,1928.5,-0.20476,0.052684,0.34291
IER3IP1,923.46,-0.078648,0.60268,0.87129
MRPS36,232.84,-0.025724,0.90022,0.97613
CCNB1,833.42,-0.1734,0.17951,0.58638
CDK7,406.73,-0.11649,0.47243,0.81207
CD180,5.8717,0.54401,0.60562,NA
IRAK2,191.14,0.091048,0.67879,0.899
CAMK1,485.34,-0.12655,0.35152,0.74326
THUMPD3,742.29,0.16017,0.25644,0.67088
VHL,1031.5,0.061713,0.60359,0.87152
BHLHE40,997.94,0.34157,0.0026247,0.073907
ARL8B,1474.1,0.067242,0.53172,0.8383
EDEM1,1588.8,0.083446,0.52014,0.83379
CNTN6,0.50081,-0.79219,0.81466,NA
CHL1,0,NA,NA,NA
MEIS2,1211.5,-0.53003,0.0016046,0.054712
DPH6,63.732,0.22807,0.49566,0.82064
KATNBL1,545.28,0.26414,0.22875,0.64352
EMC7,959.29,-0.011868,0.93754,0.98569
TRPM1,3.0557,0.0063325,0.99662,NA
GNAT2,20.697,0.10549,0.87508,0.96873
GSTM1,552.8,-0.28636,0.050721,0.33699
PRPF38B,1136.4,0.2886,0.01819,0.20737
REG4,0,NA,NA,NA
TSPAN2,51.297,-0.3091,0.5369,0.84028
TSHB,0,NA,NA,NA
GSTM5,51.171,-0.26191,0.44687,0.79903
GSTM3,791.94,-0.50674,6.7274e-4,0.032218
SYT6,0,NA,NA,NA
VAV3,2.6379,2.2904,0.18088,NA
CHIA,0.15859,-0.83629,0.83761,NA
PSRC1,226.26,-0.34647,0.11998,0.49683
HMGCS2,0,NA,NA,NA
PTPN22,113.79,-0.017311,0.96428,0.99203
SORT1,240.96,-0.071757,0.78822,0.94061
WNT2B,70.949,0.16771,0.62405,0.88279
PTGFRN,1042.3,0.18042,0.13897,0.52597
LAMTOR5,822.7,-0.19639,0.17094,0.57413
ADAM30,0,NA,NA,NA
NOTCH2,9306,0.38962,0.019942,0.21789
TRIM45,86.962,-0.50171,0.23474,0.64754
CEPT1,478.06,0.034729,0.8078,0.9471
CD101,4.9571,0.28083,0.78909,NA
VTCN1,0.85726,-3.3225,0.35941,NA
NGF,477.26,-0.45974,0.014461,0.18477
AP4B1,233.61,0.144,0.47495,0.81298
NAPG,490.44,0.11659,0.4449,0.79862
SPIRE1,1020.7,0.28892,0.029604,0.26444
PPHLN1,772.13,0.20459,0.10843,0.47649
FKBP11,382.24,-0.33167,0.05247,0.34237
ARF3,2852.4,0.098913,0.39829,0.77246
TMEM106C,866.41,-0.16204,0.19317,0.60477
SLC38A2,9372.8,-0.0077161,0.94398,0.98762
YWHAQ,9059.1,-0.13183,0.17718,0.5831
KIDINS220,2761.3,0.12058,0.28528,0.69371
GRHL1,29.611,0.39827,0.37144,0.75462
ROCK2,3152.4,0.05764,0.55495,0.85072
RSAD2,8.1614,1.194,0.18299,NA
MYCN,0,NA,NA,NA
LPIN1,1215,0.28603,0.016412,0.19761
CMPK2,2.0051,-0.15654,0.91817,NA
IAH1,810.96,-0.15006,0.28487,0.69371
LDHA,49055,-0.072608,0.65011,0.89003
SAA2,4.3835,0.72715,0.52706,NA
ANO3,16.906,0.0023175,0.99742,0.99957
IL6ST,12423,0.067267,0.47163,0.81164
FST,2951.5,-0.58889,2.1362e-7,7.5761e-5
CFHR4,0,NA,NA,NA
NAV1,7711,0.15991,0.21381,0.62863
CDC73,1051.6,0.018404,0.87801,0.96911
TIMM17A,811.41,0.10028,0.50531,0.82533
CRB1,3.2428,1.1965,0.3831,NA
CFHR5,0,NA,NA,NA
ERN2,5.6741,3.451,0.015228,NA
RPS15A,9521.8,-0.052876,0.71369,0.91487
RAX,0.15761,-0.83268,0.8383,NA
NARS1,3502.2,-0.094356,0.38208,0.76171
GRP,0.91117,-1.7772,0.56805,NA
RELCH,780.47,0.18913,0.13887,0.52597
FBH1,1727.6,-0.061849,0.57268,0.85785
RBM17,1145.9,-0.063904,0.6114,0.87528
IL2RA,7.2161,0.91501999999999994,0.34174,NA
ANKRD16,152.35,0.10405,0.64899,0.88985
ECHDC3,77.057,0.049994,0.88172,0.97005
IL15RA,185.8,0.0056809,0.9771,0.99365
CCNH,269.83,0.013854,0.94435,0.9877
HRH4,8.3947,0.3593,0.67193,NA
TMEM241,117.65,-0.2437,0.31044,0.71208
KCTD1,236.95,0.14464,0.47916,0.81587
CABLES1,158.2,0.26661,0.33384,0.73006
DOCK2,44.652,0.050293,0.93118,0.98393
EMP1,24982,0.1658,0.37366,0.75624
SOX5,0.064536,0.39179,0.92316,NA
RERG,2.4426,-0.71071,0.66128,NA
SLCO1B1,0,NA,NA,NA
KLRD1,109.85,0.48464,0.24088,0.65451
KLRC1,1.6421,-1.0936,0.5497,NA
SPX,3.3114,-1.4611,0.27665,NA
PRH2,1.6989,-3.0726,0.15184,NA
LRP4,471.21,0.25385,0.11219,0.483
MYBPC3,0.15765,-0.83284,0.83827,NA
DDB2,643.65,-0.41375,0.016722,0.19928
ACP2,440.9,0.13834,0.35234,0.74366
USP26,2.8293,0.65154,0.62391,NA
RTL8C,3021.7,-0.14132,0.14725,0.53881
RAB33A,5.5009,-0.51588,0.61949,NA
SOX3,0.16928,1.0936,0.78869,NA
RBMX2,400.24,-0.022571,0.89148,0.97388
STK26,64.375,0.52121,0.13846,0.52553
PIWIL4,74.101,-0.29342,0.43463,0.79333
MTNR1B,0,NA,NA,NA
PUM1,1857.7,0.24152,0.024228,0.23922
SPOCD1,282.2,-0.31661,0.095785,0.45147
YARS1,3285.2,-0.24439,0.05014,0.33539
PHC2,2820.6,0.31839,0.09958,0.4601
CDCA8,401.45,-0.25887,0.11259,0.48337
GNL2,1165.1,0.029239,0.84253,0.95806
AGO4,586.96,0.13086,0.43654,0.79433
HOOK1,2.8604,3.9422,0.02759,NA
CYP2J2,0.68061,1.6078,0.55683,NA
BTF3L4,922.86,-0.22075,0.17269,0.57667
TUT4,847.26,0.33215,0.033952,0.28091
PRPF38A,641.87,0.055616,0.69041,0.90469
DSC2,45.349,2.1366,0.13231,0.51735
DSG3,60.893,1.5945,0.24545,0.65987
RNF138,331.26,-0.16043,0.48,0.81587
ELP2,1614.4,0.16988,0.1452,0.53486
DSG1,38.478,2.0822,0.3134,0.71408
DSC3,50.857,1.4502,0.32325,0.72144
DSC1,15.41,3.8726,5.4354e-4,0.029317
DTNA,387.48,0.16415,0.35493,0.74476
FHOD3,468.29,0.039406,0.8359,0.95609
TPGS2,1828.7,-0.23767,0.041703,0.3099
DAGLA,236.87,-0.11997,0.51028,0.82717
SLC43A3,410.34,-0.24926,0.086061,0.42922
TIMM10,247.62,-0.17008,0.38858,0.76746
CBLIF,0,NA,NA,NA
DHX34,343.43,0.47906,0.0049753,0.10566
APLNR,1.0331,2.3525,0.43377,NA
FADS2,354.65,-0.05927,0.72915,0.92064
TMEM258,878.38,-0.14478,0.31137,0.71247
TCN1,0.68157,1.5911,0.59873,NA
C5AR2,45.804,0.25404,0.5642,0.8546
TMEM165,1503.4,0.086026,0.58511,0.86303
CLOCK,964.66,0.090096,0.57075,0.8573
PDGFRA,37869,0.27217,0.068858,0.38833
GGACT,80.013,-0.9237,0.0041843,0.098399
COL4A2,6658.5,0.27772,0.0028799,0.078966
CLDN10,1.8094,-0.097969,0.95913,NA
DZIP1,1174,0.25683,0.023792,0.23669
UBAC2,778.19,0.009498,0.94805,0.98921
ARGLU1,1663.7,0.17892,0.17462,0.57905
BIVM,897.95,0.031465,0.80959,0.94735
ERCC5,1374.2,0.062564,0.64803,0.88985
TPP2,1189.5,0.10208,0.4092,0.77942
POGLUT2,337.48,-0.011438,0.94375,0.98762
CARS2,1026.7,0.084979,0.51143,0.82831
ARHGAP32,636.13,0.058983,0.74599,0.92741
STT3A,3470.4,-0.2701,0.014062,0.18234
ADAMTS8,184.88,0.19106,0.59301,0.86651
ACRV1,3.7015,-0.98121,0.43891,NA
ETS1,2262.8,-0.029912,0.77123,0.93544
SLC37A2,135.68,0.27778,0.32491,0.72267
KLB,5.8946,-0.68119,0.46604,NA
TMED7,2600.5,0.15968,0.17088,0.57413
APC,989.53,0.39498,0.01596,0.19572
NREP,3979.9,-0.83329,2.5001e-6,5.6563e-4
WDR36,670.65,0.17155,0.22108,0.63663
OSTF1,574.95,0.0084651,0.95712,0.98999
RFK,385.92,-0.035471,0.82851,0.95435
UBQLN1,2745.7,-0.13582,0.24569,0.66013
NAA35,573.15,0.23574,0.095442,0.45066
C9orf40,227.93,-0.259,0.14427,0.53283
ANXA1,13301,-0.24322,0.011053,0.16133
CTSL,9614.9,0.66067,3.7912e-4,0.022511
CEMIP2,1057.7,0.10432,0.53252,0.83887
AGTPBP1,379.92,0.053873,0.74555,0.92704
GOLM1,2420.3,-0.0024946,0.98082,0.99534
FAM189A2,0.71512,-1.483,0.66121,NA
PSAT1,5087.4,-0.27255,0.040124,0.30754
ISCA1,637.19,-0.013197,0.9224,0.98234
ADAM19,278.37,-0.58647,5.381e-4,0.029298
HAVCR2,11.692,0.68617,0.37707,NA
CCNJL,14.449,0.8585,0.17173,NA
TAOK3,1163.1,0.099065,0.49588,0.82064
USP30,289.7,0.14216,0.48343,0.81691
SDS,2.6768,1.2364,0.50332,NA
MSI1,2.1462,1.2632,0.43045,NA
HNF1A,0,NA,NA,NA
FBXO21,1052.4,0.051247,0.64985,0.88989
TBX3,4522.7,0.31501,0.13601,0.52277
OASL,22.235,0.12234,0.8211,0.95164
HRK,3.3557,1.7318,0.21581,NA
RNFT2,24.628,-0.11721,0.85543,0.96313
P2RX4,242.08,-0.25227,0.24792,0.66261
BICDL1,3.0617,4.5741,0.0085999,NA
DTX1,0.32663,0.12984,0.97462,NA
TRAFD1,759.26,-0.16169,0.26166,0.67585
DMTF1,972.22,0.23672,0.28848,0.69669
OCM2,0,NA,NA,NA
TMEM243,349.35,-0.036635,0.82501,0.95289
CCDC146,66.846,0.37266,0.25518,0.6697
TMEM60,186.13,-0.10926,0.59018,0.865
CD36,13.82,-0.33051,0.59693,NA
UGT2A3,0,NA,NA,NA
CSN2,0,NA,NA,NA
UGT2B28,0,NA,NA,NA
PNPLA8,651.2,0.29912,0.021103,0.22285
HILPDA,202.27,-0.28951,0.12546,0.50686
FAM71F1,1.9797,2.4295,0.21057,NA
RINT1,416.28,0.11621,0.41905,0.78511
SRPK2,1245.6,-0.05452,0.65675,0.89289
KCP,0,NA,NA,NA
TES,1257.9,-0.45749,1.7501e-4,0.013589
MDFIC,2150.3,-0.21358,0.11009,0.47873
MTO1,412.47,-0.09143,0.5827,0.86163
ADGRB3,0.39463,-2.1202,0.59855,NA
ANKRD6,60.058,-0.19884,0.57071,0.8573
HTR1B,0.70044,2.9932,0.43558,NA
KHDC1,48.206,-0.017955,0.9585,0.99015
CEP162,212.72,-0.086017,0.70405,0.90942
SYNCRIP,4007.4,0.040186,0.77233,0.93595
SNX14,1554.6,0.1556,0.15579,0.55414
NT5E,19702,0.26873,0.11851,0.49589
MRAP2,46.659,-0.21715,0.53694,0.84028
EPHA7,0.89372,3.4925,0.25017,NA
AKIRIN2,696.93,-0.0032917,0.98054,0.99534
ORC3,441.03,-0.068176,0.64121,0.88731
LCA5,183.28,0.087831,0.65929,0.8929
MAP3K7,1400.3,-0.039241,0.71181,0.91348
CGA,0.84814,-0.40811,0.89797,NA
GJA10,0,NA,NA,NA
PRR5L,119.69,-0.20048,0.4898,0.81887
LMO2,13.861,1.2369,0.060912,NA
PHF21A,1249.1,0.43229,0.006513,0.12037
NAT10,891.15,0.038725,0.81762,0.95063
EHF,15.344,1.3718,0.12922,0.51265
ELF5,1.9045,-0.35558,0.85326,NA
PRRG4,31.285,0.30061,0.47995,0.81587
CAPRIN1,5923.2,0.067519,0.50192,0.82355
ATP5MC2,1820.8,-0.30843,0.041963,0.31109
DNAJC14,859.89,-0.1387,0.25776,0.67296
CD63,18666,0.093105,0.44537,0.7987
PRPH,0.80824,-1.0841,0.70962,NA
AVIL,57.894,0.27006,0.456,0.80339
AMHR2,0,NA,NA,NA
LACRT,0,NA,NA,NA
GDF11,559.86,0.46553,0.0023145,0.068294
GLS2,2.9737,-0.36493,0.79819,NA
ITGA7,300.1,-0.025278,0.91945,0.98156
TESPA1,25.024,-0.19487,0.69429,0.90576
FAM186B,14.909,0.87066,0.21367,0.62863
RDH5,354.89,-0.0096713,0.956,0.98999
AGAP2,436.17,-0.41965,0.0067262,0.12224
BLOC1S1,570.16,-0.22559,0.20793,0.62348
KRT85,0,NA,NA,NA
CDK4,1720.2,-0.29797,0.020477,0.22023
PPP1R1A,0,NA,NA,NA
TROAP,215.69,-0.064798,0.72821,0.92004
TSPAN31,493.83,-0.25576,0.17964,0.58642
B4GALNT1,95.87,0.18701,0.54195,0.844
TFCP2,730.47,0.16218,0.19967,0.6132
COQ10A,115.13,-0.037544,0.87935,0.96958
FAIM2,63.409,-0.17575,0.64734,0.88968
PAN2,516.24,0.1116,0.48283,0.81691
ESPL1,428.09,-0.10016,0.55918,0.8521
KRT7,714.32,-1.4712,4.4259e-9,3.0566e-6
ZC3H10,219.24,-0.080744,0.75262,0.92973
HNRNPA1,23359,-0.088475,0.38018,0.7609
ACVR1B,642.08,0.15482,0.24321,0.65762
OS9,7707.2,-0.088623,0.41449,0.78281
MIP,0,NA,NA,NA
KCNH3,4.4072,0.80393,0.45391,NA
LTV1,519.85,0.11855,0.44111,0.79605
MAP7,86.919,0.25943,0.38562,0.76448
CD164,6692.9,0.046391,0.64624,0.88926
AFG1L,111.72,0.53559,0.056154,0.34964
NHSL1,145.86,-0.038317,0.89826,0.9758
AHI1,507.45,0.39789,0.0042703,0.099059
HEY2,0,NA,NA,NA
PKIB,3.1885,-1.7522,0.21026,NA
TAAR5,0,NA,NA,NA
NMBR,2.2169,0.80289,0.62541,NA
SMPD2,114.89,-0.20655,0.38918,0.76796
MICAL1,1618.4,0.06602,0.64123,0.88731
REPS1,616.62,0.095752,0.48169,0.81683
STX11,60.699,-0.3041,0.39687,0.77146
TEC,23.976,0.80644,0.11265,0.48337
PRADC1,193.99,-0.032071,0.87821,0.96911
SEMA4F,453.82,0.14106,0.38797,0.76687
CCT7,4029.6,-0.096276,0.48536,0.81691
EGR4,1.6931,2.0308,0.31297,NA
RAB11FIP5,2878.4,-0.16116,0.13455,0.5216
SMYD5,609.23,0.11909,0.36507,0.7518
DYSF,13.997,-0.51846,0.40379,NA
CCDC142,196.5,0.45724,0.016602,0.1984
EMX1,0.34381,0.1292,0.97474,NA
KCNMB4,4.4807,0.67596,0.55019,NA
USP15,932.81,0.17933,0.18517,0.59393
GNS,3527.1,0.14043,0.1435,0.53193
CPM,175.69,-0.69711,0.025309,0.2449
MDM2,1671.7,0.021563,0.88135,0.97005
KLHL36,1833.6,0.19147,0.10901,0.47702
BCO1,0.63441,-2.7807,0.48467,NA
MPHOSPH6,327.26,0.016582,0.93904,0.98648
CHST5,8.296,-0.19152,0.84032,NA
KIAA0513,384.97,0.17272,0.35434,0.74455
DYNC1LI2,3145.5,0.072946,0.46199,0.80567
FBXL8,250.39,0.11163,0.60967,0.87429
FHOD1,1303.5,0.23485,0.12394,0.50303
CCDC102A,359.04,-0.57354,0.010852,0.15963
SLC9A5,172.07,0.095687,0.62589,0.88388
AGT,10.305,0.56477,0.5107,NA
PCNX2,602.7,0.32469,0.037978,0.29931
KCNK1,111.34,0.33054,0.17195,0.57587
URB2,269.88,0.32034,0.17292,0.57667
EGLN1,2248.9,0.04536,0.73633,0.92417
CAPN9,1.6911,1.2603,0.52809,NA
COG2,355.82,0.036282,0.80814,0.94733
ABCB10,620.5,0.10252,0.57067,0.8573
NTPCR,585.39,-0.031747,0.81589,0.95016
TAF5L,445.31,0.15306,0.32752,0.72472
GLUL,2796.4,-0.080379,0.50175,0.82355
STX6,1049.2,0.0021605,0.98735,0.99728000000000006
RGS8,0,NA,NA,NA
RNASEL,382.32,-0.070449,0.71154,0.91327
DHX9,3548.8,0.19882,0.12062,0.49748
KIAA1614,463.84,-0.094986,0.55006,0.84847
CEP350,1607,0.27123,0.16131,0.5622
NPL,13.585,-0.85976,0.16431,NA
NIBAN1,4434.2,0.056225,0.60928,0.87418
PIGC,412.02,0.0034331,0.98212,0.99542
LAMC1,34093,0.10917,0.44045,0.79603
RC3H1,581.55,-0.015661,0.93372,0.98436
GPR55,14.719,0.18795,0.75603,0.93047
SP110,404.44,0.0025241,0.98823,0.9976
MRPL44,360.08,-0.014749,0.93241,0.984
CHRND,0,NA,NA,NA
PAX3,311.74,0.028419,0.88257,0.97005
DOCK10,1430.6,0.019736,0.91192,0.97932
TTLL4,305.85,0.062339,0.74767,0.92797
USP37,331.5,-0.0064493,0.97474,0.99298
HTR2B,4.061,-1.8983,0.14888,NA
ITM2C,3283.3,-0.15859,0.16208,0.5624
SLC19A3,22.934,0.82862,0.13069,0.51375
SERPINE2,162550,-0.031345,0.775,0.93725
DNAJB2,1128.5,-0.22123,0.1059,0.47261
WNT10A,2.1229,3.5747,0.057533,NA
TMBIM1,3840.2,-0.062164,0.52517,0.83551
CYP27A1,104.23,-0.49624,0.087179,0.43201
EIF4E2,1664.6,0.037295,0.74278,0.92579
ARMC9,538.5,-0.025114,0.89278,0.97407
CAB39,1923.8,0.05371,0.60789,0.8733
COX5B,1027.4,-0.074802,0.64104,0.88731
REV1,585.11,-0.1367,0.30329,0.70666
TSGA10,6.2905,-0.39453,0.68192,NA
MFSD9,128.88,-0.024546,0.91077,0.97888
TMEM127,1906.5,0.10298,0.32022,0.71892
EDAR,0,NA,NA,NA
TGFBRAP1,876.05,0.091585,0.46992,0.81051
GCC2,1074.5,0.15858,0.2608,0.67578
MRPS9,276.88,0.033084,0.85601,0.9632
GPR45,0.49932,-0.77324,0.81916,NA
C2orf49,429.63,0.017092,0.9058,0.9769
ANKRD36,361.67,0.60262,0.046443,0.32451
EPC2,700.92,0.10843,0.42292,0.78718
ARHGEF4,97.942,-0.022079,0.94363,0.98762
ISCU,1349,-0.068897,0.65928,0.8929
ALDH1L2,5022,-0.1043,0.36001,0.74806
STAB2,4.6891,2.1306,0.13695,NA
USP44,9.0919,-0.35501,0.67425,NA
SCYL2,1267.4,0.20564,0.11986,0.4968
CKAP4,7291.2,-0.28291,0.018561,0.20942
PLXNC1,227.77,0.73543,0.0040602,0.097046
APPL2,2586.1,-0.15344,0.15732,0.55671
PWP1,1252.3,0.098622,0.55148,0.84896
DRAM1,2530.9,-0.47668,0.0010109,0.041721
WASHC4,2214.7,0.19812,0.13637,0.52338
SLC41A2,401.55,0.16054,0.4023,0.77461
VILL,199.06,-2.2869e-4,0.99924,0.99963
FLNB,9047.6,0.32731,0.021113,0.22285
NEK3,144.27,0.16853,0.41359,0.78224
PCDH8,0,NA,NA,NA
VPS36,951.14,0.0069812,0.95391,0.98999
RNASEH2B,382.17,0.17957,0.34036,0.73487
CKAP2,1399.9,0.016797,0.91293,0.97936
CNMD,0,NA,NA,NA
TBC1D4,523.12,0.44119,0.014815,0.18729
THSD1,529.05,-0.029798,0.84927,0.96106
BORA,100.8,-0.46333,0.075933,0.40209
LRCH1,468.05,0.050397,0.74152,0.92501
SUCLA2,785.07,-0.02135,0.86663,0.96544
RCBTB1,607.05,0.51179,9.8704e-5,0.0088712
MED4,576.62,0.035195,0.78829,0.94061
PHF11,449.83,-0.089176,0.54544,0.84572
COG3,673.72,-0.01275,0.92288,0.98234
LMO7,5064.3,-0.38925,2.9592e-4,0.019513
SCEL,13.737,1.3407,0.54698,NA
ITM2B,4780,-0.20243,0.052409,0.34222
SPRY2,2629.6,0.40063,0.080771,0.41694
NUDT15,335.34,0.037765,0.82245,0.95217
EDNRB,3.7204,0.56208,0.6836,NA
RCBTB2,299.36,0.15973,0.35299,0.74405
LCP1,0.81385,0.099557,0.97534,NA
SETDB2,309.24,0.11624,0.58192,0.86163
SCRN1,2007.9,-0.39329,1.1218e-4,0.0098791
C7orf25,268.24,-0.073523,0.70801,0.91146
TNS3,3634.4,0.43324,0.0074185,0.13066
SPDYE1,20.188,0.97747,0.24503,0.65956
CHST12,757.46,-0.0095548,0.94311,0.98762
IGF2BP3,448.08,0.96141,0.0479,0.32914
GPNMB,2748.1,0.035099,0.8063,0.94676
RAPGEF5,3.0268,0.50037,0.69197,NA
RAC1,6122.1,-0.03743,0.73732,0.92417
KDELR2,6726,-0.27775,0.0080022,0.13532
NUP42,260.99,0.060014,0.73626,0.92417
IL6,160.28,0.94131,5.3005e-4,0.029083
ZDHHC4,475.91,-0.11908,0.46331,0.8062
AOAH,0.30405,-1.6371,0.68538,NA
BZW2,826.2,-0.072133,0.58955,0.86485
DGKB,10.848,-1.8285,0.040291,NA
TBRG4,701.4,0.097057,0.47292,0.81209
DDX56,908.77,-0.01042,0.93691,0.98547
HUS1,303.04,0.16439,0.39861,0.77258
NACAD,341.12,0.097766,0.55195,0.84919
DBNL,2527.2,-0.35987,8.4128e-4,0.037295
CCM2,1270.2,-0.050074,0.72221,0.91806
MYO1G,0.49399,-0.76339,0.84261,NA
TTYH3,4071.8,-0.093422,0.45547,0.80292
MMD2,0,NA,NA,NA
CIDEB,17.305,1.4354,0.12993,0.51293
TTC5,328.59,0.097802,0.53113,0.8383
NKX2-8,0.15788,-0.8337,0.83811,NA
NKX2-1,0,NA,NA,NA
ZFHX2,39.845,0.56992,0.22717,0.64231
MTHFS,111.41,-0.3424,0.2645,0.67867
ADAMTS7,350.77,-0.11916,0.47679,0.81421
ABHD17C,294.68,0.084485,0.6873,0.90305
IREB2,1283.5,-0.20789,0.13804,0.52484
ALPK3,19.856,1.0575,0.074478,0.39938
TM6SF1,0.7997,2.0791,0.52753,NA
CIB2,105.29,-0.49903,0.1232,0.50255
CALCOCO2,2133.5,-0.078639,0.57051,0.8573
RSAD1,661.19,0.34979,0.015575,0.19251
NMT1,2492.3,-0.16497,0.089183,0.43732
MYCBPAP,19.167,-0.41283,0.53649,0.84028
SRSF1,3948.3,0.054351,0.57024,0.8573
VEZF1,1663.1,-0.043567,0.67295,0.89761
CHAD,13.131,1.2613,0.060635,NA
TACO1,327.88,0.081858,0.66392,0.89445
TEX2,1274.8,0.15548,0.1943,0.60637
DCAF7,1556.4,0.009275,0.93695,0.98547
GH2,0,NA,NA,NA
CSH1,0,NA,NA,NA
LIMD2,54.027,-0.21737,0.52743,0.83678
BRIP1,225.68,-0.5889,0.0012459,0.047387
KAT7,844.46,0.12369,0.37687,0.75865
RTP4,30.786,-0.29788,0.55185,0.84919
ACTL6A,742.3,-0.14247,0.30062,0.70429
NDUFB5,729.45,-0.08672,0.56697,0.85588
MRPL47,351.11,0.0095475,0.95667,0.98999
TRA2B,2004.5,0.20413,0.10125,0.46311
SCN2A,2.5733,-3.7891,0.058977,NA
TBR1,0.35248,-1.7015,0.67139,NA
MARCHF7,2399.3,0.087052,0.39318,0.7705
ERMN,13.809,0.98865,0.18355,NA
GALNT5,3751.7,-0.40671,6.727e-5,0.0069357
SCN7A,4.3211,3.6628,0.014543,NA
TANK,901.6,0.16317,0.32143,0.71969
BLK,3.4651,0.29983,0.8281,NA
GATA4,0,NA,NA,NA
SKIL,955.32,0.16951,0.18279,0.59134
EPRS1,5668.6,-0.11214,0.21205,0.62754
HLX,241.2,-0.15203,0.40413,0.77609
VPS45,556.12,0.056553,0.67863,0.89895
IL10,1.6567,-1.1121,0.52046,NA
KCTD3,1822.9,-0.024123,0.83821,0.95656
RPS6KC1,788.67,0.094446,0.46939,0.8099
CBWD2,391.5,0.14019,0.3864,0.76512
IL36G,3.2634,-2.6652,0.19625,NA
IL1RN,17.023,1.7223,0.075297,0.401
IL36A,0,NA,NA,NA
IL36RN,6.2502,2.0434,0.16595,NA
IL36B,0,NA,NA,NA
IL1F10,0,NA,NA,NA
CFC1,0,NA,NA,NA
SMPD4,2069,0.079953,0.53156,0.8383
WDR33,1221.4,-0.11289,0.45688,0.80345
CCDC115,379.99,0.13315,0.42769,0.78997
SAP130,519.99,0.21183,0.17983,0.58642
BIN1,911.82,-0.29248,0.048654,0.33235
IMP4,673.34,-0.12837,0.44296,0.7969
HS6ST1,1434.3,-0.26285,0.013416,0.178
UGGT1,2757.5,0.31552,0.025416,0.24541
GYPC,749.21,-0.13174,0.36255,0.75023
STAM,636.35,0.026096,0.88226,0.97005
GAD2,3.1353,0.29249000000000003,0.81988,NA
ABI1,1467.1,-0.0035923,0.97363,0.99285
YME1L1,3312.9,-0.086595,0.42191,0.78672
DNAJC1,781.67,-0.031641,0.83461,0.95603
NIPSNAP3A,408.89,-0.17895,0.30023,0.70423
LRRC8A,1820.3,-0.14563,0.26116,0.67585
CDK9,970.64,0.12146,0.32131,0.71969
TXN,2623.4,0.13931,0.3175,0.71725
ODF2,1111.1,0.2234,0.09397,0.44693
ECPAS,3342,0.022482,0.8273,0.95402
TOR1B,964.03,0.20098,0.12124,0.49878
C9orf78,1045,0.11061,0.45443,0.80266
SMC2,1078.5,-0.1269,0.36677,0.75308
KLF4,2801.1,-0.40012,0.020465,0.22023
TOR1A,1043.3,0.045056,0.75473,0.92995
RALGPS1,124.84,-0.034145,0.88975,0.97302
NIBAN2,24994,0.25171,0.19147,0.60156
OR1J1,1.3456,0.86434,0.69076,NA
OR13C9,0,NA,NA,NA
ST6GALNAC4,725.12,0.06671,0.68116,0.90012
TMOD1,10.52,0.37694,0.59361,NA
DAB2IP,1007,-0.077787,0.58565,0.86303
STXBP1,1584.1,0.3867,6.4881e-4,0.031649
SLC2A8,114.16,-0.1922,0.41989,0.78531
ANGPTL2,3880.3,-0.62129,0.20494,0.62008
CDK5RAP2,1764.1,-0.040773,0.69743,0.90736000000000006
ZFP37,119.36,0.064622,0.8063,0.94676
SLC31A2,92.906,-0.28358,0.28271,0.69371
SLC31A1,973.83,0.075836,0.55924,0.8521
TLR4,466.19,-0.18923,0.24085,0.65451
ZNF189,284.88,-0.20855,0.23116,0.64502
ALDOB,2.1221,1.4069,0.45743,NA
STX17,641.6,0.10945,0.55863,0.85202
PRPF4,702.2,0.11078,0.42863,0.7906
FPGS,946.19,0.019351,0.87229,0.96789
USP20,612.28,-0.013534,0.9165,0.9807
BAAT,11.246,0.14367,0.84975,NA
KIF12,0.57448,-2.436,0.43542,NA
ATP6V1G1,889.53,0.044877,0.70005,0.90881
TEX10,565.35,0.052695,0.73313,0.92312
GARNL3,48.777,-0.9886,0.035876,0.29052
MRPL50,266.26,-0.2073,0.27833,0.69004
DPM2,446.2,-0.11375,0.43461,0.79333
WDR38,0.61066,-2.6688,0.50201,NA
TSTD2,345.53,-0.056252,0.71129,0.91327
GABBR2,195.79,-0.93789,5.46e-5,0.0061237
HEMGN,2.6525,0.14132,0.91695,NA
PSMB7,2045.6,-0.056907,0.64969,0.88989
NR5A1,0,NA,NA,NA
TRMO,116.52,-0.04269,0.87147,0.96747
RABEPK,384.97,-0.1988,0.21559,0.63175
GOLGA1,663.43,0.020155,0.8807,0.97005
XPA,218.1,0.062595,0.73557,0.92405
NCBP1,968.49,0.13554,0.36586,0.75252
ANP32B,4000.7,-0.18442,0.13979,0.52636
OR1L4,0.96317,-0.83571,0.73309,NA
PDCL,506.03,0.0067356,0.96958,0.99257
RPL35,6587.7,-0.071068,0.57865,0.86079
CTSV,23.045,0.66562,0.2703,0.6828
LMX1B,16.89,-0.065975,0.92834,0.98311
ARPC5L,605.14,-0.024088,0.88146,0.97005
ENPP2,5943.3,-0.46739000000000003,1.7405e-4,0.013589
DSCC1,108.35,-0.2386,0.34077,0.73487
DERL1,1379.4,-0.17099,0.20427,0.61913
MYC,3224,0.0093897,0.92368,0.98234
CCN3,113.27,-0.74635,0.012152,0.16928
IL33,663.17,1.1206,0.075735,0.40188
DMAC1,427.04,0.049575,0.74123000000000006,0.92501
RANBP6,600.45,0.40557,0.011974,0.16836
POLR1E,672.94,-0.32542,0.027832,0.25664
PLAA,723.75,0.027122,0.83668,0.95617
IL11RA,431.69,-0.16892,0.40619,0.77813
UBAP2,554.91,0.23616,0.097237,0.45504
APTX,401.21,-0.047995,0.77086,0.93544
RNF38,669.81,0.059846,0.68788,0.90309
TLN1,15338,0.24125,0.032794,0.27709
CCL21,0,NA,NA,NA
SIT1,0,NA,NA,NA
IFNA21,0,NA,NA,NA
DMRT1,0,NA,NA,NA
DNAJB5,287.17,-0.054425,0.77095,0.93544
SPAG8,25.218,0.28498,0.58151,0.86163
DCTN3,995.1,-0.0742,0.63662,0.88597
CD72,20.466,-0.25546,0.69442,0.90576
TMEM8B,594.87,0.34006,0.018845,0.21153
GRHPR,1241.5,-0.12607,0.36791,0.75336
ALDH1B1,449.42,-0.31974,0.080858,0.4172
HINT2,169.28,-0.083957,0.72455,0.91866
ARHGEF39,74.303,-0.32487,0.36126,0.7496
IGFBPL1,14.012,0.064752,0.91651,NA
DENND4C,1367.8,0.1383,0.26592,0.68027
RPS6,27763,-0.073883,0.56417,0.8546
CNPY3,721.95,-0.24407,0.096898,0.45427
FOXP4,649.61,0.13177,0.42742,0.78994
PPIL1,256.01,-0.30496,0.18677,0.59571
KLC4,282.07,-0.012889,0.95729,0.98999
KIF13A,3419.4,-0.004325,0.96704,0.99243
ZSCAN9,108.15,-0.16423,0.53178,0.8383
PIM1,408.41,-0.56841,0.31033,0.71206
GMPR,115.11,-0.024869,0.92378,0.98234
CMTR1,1195.2,0.032659,0.80208,0.94598
TFAP2A,174.63,0.14915,0.45892,0.80404
SLC22A7,0,NA,NA,NA
YIPF3,2250.4,0.042408,0.71158,0.91327
TMEM14B,705.39,0.11077,0.41955,0.78523
TMEM63B,895.46,0.30561,0.020065,0.21886
FRS3,102.53,0.23825,0.38574,0.76461
TJAP1,794.81,0.088457,0.51965,0.8337
CAPN11,1.93,-1.434,0.38485,NA
TINAG,0.26541,-1.1334,0.78119,NA
HCRTR2,0.19412,1.1386,0.78021,NA
KIAA0319,5.074,-0.32055,0.7661,NA
IRF4,0.67058,1.5874,0.60147,NA
SLC22A23,1249.5,0.65218,0.0014562,0.052208
TUBB2A,878.4,0.2182,0.147,0.53835
LRRC1,37.54,0.19715,0.65925,0.8929
GCM1,3.1251,0.28128,0.86355,NA
FOXF2,437.68,-0.37966,0.033024,0.2772
BPHL,159.96,0.13719,0.57469,0.8586
RIPK1,1095,0.19641,0.11673,0.49143
TUBB2B,77.131,-0.14855,0.65053,0.89003
UQCC2,312.87,-0.25194,0.26151,0.67585
HMGA1,30178,0.34102,0.04715,0.32652
TCF19,962.82,-0.41402,0.0061148,0.11731
FLOT1,2908.1,-0.20807,0.075786,0.40197
IER3,1567.1,-0.33391,0.044978,0.3205
MDC1,725.69,0.082618,0.64725,0.88968
PGBD1,194.83,0.29394,0.13613,0.52284
ATAT1,185.48,0.24226,0.26599,0.68027
TPMT,573.14,0.056877,0.70217,0.90942
CLPS,0.16986,1.0956,0.78832,NA
RNF144B,102.81,-0.34472,0.19833,0.61172
NRM,288.06,-0.35455,0.046915,0.32624
MTCH1,3744.9,-0.14985,0.22054,0.63663
VARS2,483.12,0.10681,0.44503,0.79862
TAF8,297.73,0.34981,0.046247,0.32397
FAM8A1,1367.8,0.14266,0.19932,0.61295
C6orf52,2.6383,0.7486,0.5864,NA
FGFBP1,60.127,1.5225,0.37503,0.75791
FGFBP2,0.49012,-0.76795,0.82146,NA
CPEB2,909.51,0.4887,0.036157,0.29161
FHDC1,32.786,0.85206,0.05869,0.35887
TLR2,7.216,0.30379,0.73976,NA
MGARP,60.649,-0.77566,0.10392,0.46941
TTC29,0,NA,NA,NA
MYO7A,3.4267,0.49821,0.72705,NA
FCHSD2,817.46,0.059166,0.65386,0.89133
ARRB1,372.75,-0.057295,0.70698,0.91067
SLCO2B1,0.17772,-0.86556,0.83201,NA
THAP12,1171,-0.0075881,0.95654,0.98999
ANKRD42,424.85,0.34659,0.050703,0.33699
IL18BP,79.188,0.052924,0.8998,0.97613
NUMA1,7139.6,0.069016,0.62621,0.88404
CCDC90B,936.71,0.033636,0.83544,0.95609
SYTL2,1346.3,-0.27602,0.12787,0.50985
RAB30,670.74,0.013783,0.94911,0.98969
CREBZF,1130.4,0.20048,0.28194,0.69303
LRRC32,793.51,-0.37505,0.092016,0.44368
PRCP,1815.2,-0.15724,0.18471,0.59361
NARS2,207.11,0.263,0.19673,0.60913
RNF121,411.75,-0.027863,0.85733,0.9633
MRPL15,638.14,0.018013,0.90494,0.97672
PI15,0.10812,0.81792,0.84104,NA
TTPA,4.7872,-0.38784,0.71693,NA
GGH,312.83,-0.1367,0.3779,0.75972
SLCO5A1,14.074,-0.69974,0.26567,NA
SULF1,11039,-0.62737,5.9494e-5,0.0065056
TGS1,451.4,-0.16366,0.25368,0.66795
SDCBP,3531,-0.0038336,0.97092,0.99259
NEK1,696.89,0.30983,0.01121,0.16307
DDX60,324.27,0.058854,0.76895,0.93515
NXPE4,0.62115,-2.6514,0.4412,NA
SORL1,167.04,0.10958,0.596,0.86859
TMPRSS4,12.362,1.262,0.094483,NA
BUD13,251.84,-0.13906,0.47645,0.81389
TRPC6,57.637,-0.80223,0.05253,0.34251
MMP7,0,NA,NA,NA
MMP20,0,NA,NA,NA
MMP27,2.8319,-0.4006,0.77013,NA
CFAP300,77.56,-0.16039,0.60692,0.87264
DCUN1D5,603.54,0.058807,0.73562,0.92405
YAP1,5701.4,-0.15138,0.21291,0.62816
TRIM29,61.656,2.0326,0.051582,0.33927
SLC37A4,225.36,-0.31592,0.068895,0.38833
BTG4,0.14889,-0.79987,0.84459,NA
POU2F3,6.2589,0.76751,0.43839,NA
RDX,2601.4,-0.11253,0.25481,0.66938
PPP2R1B,485.36,0.048305,0.72917,0.92064
FDX1,323.7,-0.039171,0.80502,0.94676
C11orf1,79.344,-0.15714,0.5834,0.86238
FXYD6,1.3456,-2.1381,0.39124,NA
ARHGAP20,109.29,-0.83862,0.012019,0.16845
FXYD2,0,NA,NA,NA
MMP13,4.0064,2.2814,0.073629,NA
TMPRSS13,5.955,0.38486,0.69689,NA
CASP1,195.23,-0.3998,0.19713,0.60963
CASP5,0.39904,0.35248,0.93116,NA
ALKBH8,197.17,0.023092,0.90713,0.97761
MAP2K5,610.93,0.0064477,0.97174,0.99259
UNC13C,0,NA,NA,NA
SQOR,1205.1,0.27761,0.076588,0.40415
CTDSPL2,717.46,0.073677,0.59741,0.86941
SLTM,1417.6,0.16119,0.2618,0.67585
THBS1,69068,-0.083697,0.63111,0.88575
MAPKBP1,891.69,0.2681,0.28253,0.6936
NUSAP1,775.44,-0.11004,0.49406,0.81999
NDUFAF1,246.57,-0.0081274,0.96683,0.99243
KIF23,816.66,-0.34241,0.01329,0.17669
ITGA11,7719.1,-0.4141,0.051566,0.33927
KNL1,628.86,0.019527,0.91852,0.98129
HAUS2,535.57,-0.091039,0.58581,0.86303
RTF1,1822.6,-0.11223,0.37196,0.75485
PARP6,929.04,0.055644,0.71823,0.91699
RPLP1,23298,-0.23769,0.035274,0.28748
PAQR5,272.22,0.053194,0.85881,0.96352
LRRC49,167.24,0.1293,0.54906,0.84818
TUBGCP4,742.73,0.0693,0.56315,0.85411
RMDN3,607.69,0.050901,0.69743,0.90736000000000006
ITPKA,60.472,-0.44438,0.17839,0.585
UACA,5280.4,0.13117,0.29149,0.69877
SMAD6,900.61,-0.3586,0.046055,0.32382
PLCB2,11.045,0.70924,0.32272,NA
TMEM62,180.91,0.090802,0.66526,0.89515
PAK6,5.9422,-0.27312,0.86435,NA
ADAM10,4557.7,-0.018154,0.87601,0.96882
DUOX1,49.523,0.28905,0.48503,0.81691
SLC28A2,8.9894,1.0804,0.20795,NA
STRA6,2.5255,-1.974,0.26357,NA
CYP19A1,32.612,0.28166,0.67399,0.89761
ZNF280D,518.91,-0.0046726,0.98277,0.99542
SEMA6D,250.58,-0.49189,0.085042,0.42674
BCL2L10,0.39637,-0.12227,0.97609,NA
RSL24D1,1994.9,-0.096972,0.43062,0.7916
SPTBN5,21.593,0.56989,0.29456,0.70011
GCOM1,5.9791,1.025,0.41602,NA
GCHFR,12.267,0.49663,0.44559,NA
BCAR3,1860.9,-0.096338,0.58816,0.86462
TTLL7,376.53,0.070541,0.63399,0.88587
FNBP1L,516.77,0.10047,0.48194,0.81683
KYAT3,610.97,0.041651,0.78187,0.93988
GTF2B,258.71,-0.13057,0.4651,0.80738
BRDT,2.029,0.3222,0.8612,NA
RABGGTB,893.29,0.34552,0.0044803,0.10033
IFI44L,60.824,-0.74474,0.03985,0.30661
GIPC2,4.096,-1.5333,0.22616,NA
ARHGAP29,2895,-0.16273,0.16449,0.56489
IFI44,327.72,0.045235,0.8066,0.94676
SLC44A5,8.2074,0.28621,0.72429,NA
CLCA2,39.403,-0.39239,0.34303,0.73574
DNASE2B,0,NA,NA,NA
DBT,630.71,0.04129,0.77737,0.93779
RTCA,665.99,0.072556,0.60686,0.87264
IFT172,675.21,0.39327,0.029332,0.26357
SELENOI,525.36,0.59733,0.002188,0.066307
CGREF1,171.35,-0.46777,0.06146,0.36509
HADHB,2447.1,0.2068,0.049185,0.33337
KHK,33.13,-0.61129,0.14297,0.53071
ADCY3,2133.1,-0.12195,0.22136,0.63673
PPM1B,649.5,0.027894,0.8267,0.95383
PNPT1,424.67,0.51375,0.016137,0.19689
DYNC2LI1,250.03,-0.014691,0.94802,0.98921
LHCGR,0.167,1.0518,0.79659,NA
THUMPD2,122.74,0.27075,0.28903,0.69708
CYP1B1,4407.4,0.13444,0.72626,0.91939
SULT6B1,0,NA,NA,NA
RAB1A,3243.3,-0.047608,0.67836,0.89895
ACTR2,7368.4,-0.049076,0.671,0.89717
PREB,626.81,-0.021204,0.87567,0.96873
SLC5A6,294.02,0.25741000000000003,0.16409,0.56478
ABCG5,0,NA,NA,NA
PREPL,1904.2,0.1434,0.18475,0.59362
SLC3A1,8.1617,0.2775,0.76965,NA
EMILIN1,5349.7,-0.14529,0.1732,0.57667
FBXO11,1809.7,0.21508,0.074597,0.39986
SIX3,1.5324,0.46885,0.8206,NA
ATRAID,1071.5,-0.37589,0.019388,0.2138
CENPO,575.37,-0.20024,0.2432,0.65762
LRPPRC,2705.2,0.1018,0.31744,0.71725
TRIM54,0.49474,-0.72795,0.83009,NA
DTNB,85.35,0.15031,0.62473,0.88338
ACTR1A,2487.1,-0.088793,0.47637,0.81389
CYP2C9,1.9987,0.65984,0.70169,NA
MFSD13A,43.658,-0.59707,0.19547,0.60772
CYP2C8,0,NA,NA,NA
MYOF,15219,0.025833,0.78765,0.94061
LOXL4,5005.2,0.018536,0.85033,0.96116
STAMBPL1,309.2,-0.40141,0.023727,0.23623
CH25H,310.04,-0.55316,0.011779,0.16746
LBX1,0.15311,-0.83027,0.83876,NA
ATAD1,1022.9,0.022314,0.8867,0.97163
BTBD16,0.15325,-0.83082,0.83866,NA
KIF11,1096.1,-0.1395,0.3298,0.7261
CUZD1,11.054,-1.0168,0.16521,NA
TACC2,350.14,-0.075522,0.74418,0.92664
DUSP5,803.29,-0.22073,0.088254,0.43479
CALHM2,1568,-0.40067,0.0015683,0.054198
ARL3,666.5,-0.11229,0.39055,0.76857
CEP55,637.83,-0.36312,0.008984,0.14394
KIF20B,645.05,-0.099859,0.53995,0.84258
ENTPD1,465.31,0.18219,0.29191,0.69908
EXOC6,71.017,0.46149,0.15673,0.55563
PLCE1,146.6,-0.13518,0.53531,0.84003
RBP4,5.2301,0.060951,0.95147,NA
DBR1,301.04,0.082719,0.62894,0.88529
DNAJC13,2630.3,0.1871,0.13965,0.52614
GPR87,6.3314,1.2993,0.34076,NA
ANXA7,2291.9,-0.022577,0.83463,0.95603
FAM149B1,638.99,-0.013138,0.93365,0.98436
ASCC1,508.65,0.12752,0.49399,0.81999
PLA2G12B,0.17846,1.0901,0.78936,NA
ZNF365,8.5303,0.28771,0.74357,NA
OIT3,1.0005,2.2389,0.46204,NA
ADAMTS14,482.47,0.66983,0.0024679,0.071646
RPS24,14568,-0.18295,0.13872,0.52594
TET1,64.591,-0.31673,0.31273,0.71319
DNA2,101,0.21646,0.40696,0.77856
MYPN,128.18,0.039477,0.86202,0.96453
AOX1,1573.9,-1.0972,1.0896e-18,2.8595e-15
ATIC,1033.5,-0.073809,0.6302,0.88575
SMARCAL1,624.24,-0.31089,0.017681,0.20411
BARD1,189.39,-0.21513,0.46897,0.80981
STAT4,27.81,0.37023,0.4799,0.81587
MSTN,17.228,-1.1288,0.13753,0.52469
CARF,168.13,0.14586,0.55647,0.85127
ASNSD1,1087.9,-0.013119,0.92612,0.98258
METTL5,441.74,-0.21305,0.29379,0.69992
SSB,2064.9,0.015545,0.90926,0.97885
NAB1,619.9,0.39175,0.019096,0.21289
CDK15,61.984,-0.98549,0.0054873,0.1101
PPIG,1448.2,0.010716,0.92537,0.98238
FASTKD1,349.78,0.14753,0.33062,0.72731
MDH1B,6.2632,-0.41967,0.65293,NA
HECW2,286.1,-0.38292,0.090345,0.44022
IDH1,1260.6,0.14269,0.33542,0.73044
OLA1,2097.1,-0.069194,0.51938,0.83349
CIR1,730.75,-0.062662,0.71033,0.91297
ITPRID2,1931.5,-0.11305,0.35758,0.74658
CHRNA1,0.33197,-1.8047,0.65469,NA
FAM117B,134.25,0.32769,0.164,0.56478
WDR12,451.19,0.20686,0.19037,0.60019
ABI2,1269.5,0.12968,0.31831,0.71796
ITGAV,5451.4,0.21878,0.038724,0.30192
SLC40A1,15.149,-0.6275,0.38203,0.76171
SLC35A5,765.12,0.0043448,0.97143,0.99259
SLC49A4,247.27,0.28596,0.1097,0.4784
SENP7,290.05,0.26329,0.29724,0.70138
GUCA1C,0,NA,NA,NA
CCDC54,0.63655,-1.2988,0.71132,NA
COX17,146.32,-0.24888,0.28446,0.69371
PARP9,559.53,-0.18394,0.26727,0.68043
MNS1,143.64,-0.63006,0.0057107,0.11354
USP8,1484,0.025031,0.85164,0.96136
SECISBP2L,1544.1,0.12877,0.30757,0.70966
TMOD3,2471.9,-0.080036,0.50784,0.826
SPPL2A,1741.1,0.0038762,0.97498,0.99307
GLCE,609.8,0.46024,0.0048215,0.10458
SHF,142.7,-0.12743,0.63052,0.88575
APH1B,473.22,-0.39853,0.033139,0.2774
INTS14,645.15,-0.25495,0.058852,0.35956
CILP,17.657,-0.65157,0.33832,0.73343
PARP16,139.64,-0.15567,0.5236,0.83493
PPCDC,80.565,0.11147,0.8048,0.94676
HCN4,0,NA,NA,NA
SEMA7A,894.91,-0.062051,0.78768,0.94061
UBL7,606.7,-0.036496,0.82048,0.95144
ARHGAP24,921.43,-0.10103,0.51523,0.83099
FAM13A,458.57,0.19797,0.26723,0.68043
HERC3,924.92,-0.044551,0.75408,0.92978
HERC6,76.516,0.35219,0.28446,0.69371
HERC5,18.447,0.48482,0.4302,0.79147
PCDH10,18.541,-1.0934,0.072742,0.39627
NDST4,0.17455,1.0894,0.78948,NA
ZGRF1,161.24,0.010074,0.9689,0.99243
AP1AR,338.1,0.33529,0.044418,0.3182
COPS4,682.29,-0.063301,0.67182,0.89743
HNRNPD,3729.2,-0.18914,0.10768,0.47542
PRKG2,107.62,-0.019942,0.9605,0.99062
RASGEF1B,9.879,0.6875,0.36997,NA
SEC31A,6760.8,-0.093574,0.34126,0.73487
FGF5,1790.1,0.45684,0.030896,0.27063
GPAT3,51.173,0.4707,0.28194,0.69303
IL21,0.76995,-3.1344,0.40443,NA
FGF2,2516.4,-0.4593,0.0012579,0.047431
BBS7,609.32,0.23047,0.069188,0.38882
KIAA1109,2788.8,0.42951,0.0057014,0.11353
BMPR1B,9.0083,-0.14029,0.86334,NA
RAP1GDS1,1114.6,-0.10791,0.38321,0.7625
LARP1B,366.66,0.17572,0.24791,0.66261
MMRN1,0,NA,NA,NA
PDE5A,204.66,0.23588,0.3909,0.76867
PRDM5,163.41,-0.33053,0.1369,0.52389
TRPC3,34.762,-0.39799,0.44384,0.79764
NAAA,225.48,0.080718,0.69072,0.90482
NUP54,656.4,-0.25265,0.040723,0.30838
CXCL9,0,NA,NA,NA
BMP2K,602.09,-0.09238,0.49552,0.82063
G3BP2,2502.1,0.024535,0.80533,0.94676
SEPTIN11,16146,-0.40573,6.1162e-4,0.030233
FRAS1,160.03,0.1759,0.44759,0.79903
SCARB2,4767.2,0.10494,0.31853,0.71817
CCNG2,1745.5,-0.040374,0.79276,0.94243
CNOT6L,627.59,0.082191,0.63981,0.88731
USO1,2979.3,0.057848,0.60515,0.87223
CDKL2,0.88754,-1.7451,0.57883,NA
SHROOM3,1314.6,-0.58947,1.7273e-4,0.013572
ANXA3,18.31,-0.74422,0.26824,0.68163
PPA2,398.6,0.14985,0.32671,0.72393
CENPE,763.13,0.024183,0.89198,0.97407
GSTCD,262.89,-0.22167,0.3354,0.73044
INTS12,275.21,-0.084175,0.63,0.88575
ENPEP,26.024,-0.41706,0.38059,0.76094
CASP6,222.96,0.025045,0.90181,0.97626
LEF1,6.0931,-0.32926,0.79284,NA
HADH,466.42,-0.15421,0.34338,0.73589
EGF,3.4314,-0.17327,0.90116,NA
PAPSS1,1196.2,-0.0089226,0.94295,0.98762
SEC24B,1023.9,0.20625,0.079728,0.41466
C4orf17,0,NA,NA,NA
PPP3CA,1425.3,0.28222,0.034937,0.28545
SLC39A8,55.023,-0.57609,0.13676,0.52389
MTTP,0.3026,-1.6584,0.68169,NA
FBN2,982.04,-0.040513,0.80669,0.94676
MAPK8IP3,2083.3,0.33624,0.10042,0.46184
RGS3,963.05,0.51169,0.014336,0.18425
GUCD1,1542.4,-0.31463,0.0031605,0.083613
TTLL8,0,NA,NA,NA
RNF185,1093.7,-0.005528,0.96326,0.99153
SHISAL1,1842.3,-0.19204,0.14532,0.53486
PARVG,0.80982,-0.7516,0.77646,NA
B4GALNT3,7.488,1.5679,0.16574,NA
PDE6H,0,NA,NA,NA
ERP27,0.18456,-0.92377,0.8209,NA
ETV6,383.19,0.016478,0.9139,0.97966
GABARAPL1,1202.8,-0.043673,0.8334,0.95519
KIF21A,114.18,0.020344,0.93651,0.98547
CPNE8,333.12,0.33125,0.12776,0.50985
YARS2,303.42,0.11209,0.49954,0.82263
FGD4,287.38,-0.37115,0.045642,0.32264
ALG10,76.55,-0.202,0.54923,0.84818
PIK3C2G,1.1817,-2.4562,0.3332,NA
SINHCAF,104.77,-0.21657,0.39483,0.77085
PLCZ1,0.37761,1.5379,0.70623,NA
AEBP2,670.92,0.16472,0.23228,0.64596
SLCO1C1,0,NA,NA,NA
ETFBKMT,86.228,-0.13607,0.68463,0.90171
ETNK1,830.05,0.26668,0.16459,0.56493
ZCRB1,668.37,-0.042095,0.77405,0.93692
TMEM117,218.56,-0.17017,0.36225,0.75
PRICKLE1,221.53,0.06034,0.83785,0.9565
C1RL,711.18,-0.38609,0.06181,0.36606
NDUFA9,372.22,0.010962,0.95558,0.98999
CLSTN3,389.72,0.05487,0.83956,0.95674
KLRG1,15.056,-0.21689,0.72154,0.91806
VAMP1,270.89,0.36238,0.084002,0.42542
TAPBPL,207.01,-0.45597,0.023,0.23334
CD27,72.312,-0.51552,0.082995,0.42327
RBP5,65.479,0.50192,0.14559,0.53486
PEX5,1063.9,-0.023486,0.87018,0.96718
PIANP,45.992,0.53689,0.14377,0.53229
SLC38A4,19.971,-0.21753,0.7333,0.92312
AMIGO2,103.16,-0.32588,0.25976,0.67473
SCAF11,2447.2,0.27544,0.0078617,0.13415
COL2A1,1.4479,1.8243,0.36401,NA
PPFIA2,0.58368,3.0378,0.39857,NA
ANP32D,0,NA,NA,NA
LLPH,761.78,0.13398,0.3411,0.73487
LRIG3,1330.9,-0.6151,0.21184,0.6272
MARCHF9,132.21,-0.12626,0.56163,0.85378
INHBE,31.779,-1.4377,0.0025413,0.07255
GLIPR1,1848.9,-0.68826,2.8895000000000002e-08,1.4043e-5
TPH2,0,NA,NA,NA
PHLDA1,5536,0.80621,2.4135e-4,0.016936
TMEM19,574.33,-0.077163,0.67382,0.89761
LGR5,0,NA,NA,NA
PTPRQ,46.239,-1.2869,0.0020029,0.062863
DUSP6,2743.5,0.69473,9.2616e-4,0.038952
POC1B,289,0.16915,0.34091,0.73487
TMTC3,1437.3,0.43074,0.0054603,0.10983
LUM,11894,-0.53,0.002128,0.06509
KERA,0.16906,1.0928,0.78884,NA
SNRPF,429.54,0.1066,0.53683,0.84028
AMDHD1,22.483,0.092994,0.86904,0.96673
NEDD1,609.35,-0.12963,0.30553,0.70826
SYCP3,6.7786,-0.24158,0.80597,NA
ASCL1,0.3537,2.0041,0.61951,NA
GAS2L3,245.36,0.26237,0.29319,0.69949
TMEM132B,199.28,-0.02761,0.93311,0.98433
SLC15A4,460.97,-0.33055,0.030201,0.26704
TDG,356.28,-0.24695,0.12735,0.50985
RITA1,305.39,-0.26652,0.21326,0.62816
SDSL,56.958,-0.55611,0.21964,0.63663
MMAB,188.43,-0.21989,0.31197,0.71249
GLTP,1412.6,-0.25679,0.05459,0.34557
GIT2,1354.9,0.11638,0.31372,0.71421
TCHP,502.21,-0.084407,0.56724,0.85599
FAM222A,32.33,0.44293,0.29614,0.70134
FOXN4,0,NA,NA,NA
NUP58,879.85,-0.11297,0.41008,0.77988
MTMR6,946.4,-0.040251,0.74927,0.92893
SLC46A3,102.53,-0.52244,0.12974,0.51265
SLC7A1,4156.1,-0.048102,0.68587,0.90237
PDX1,0,NA,NA,NA
LNX2,161.37,-0.0605,0.77369,0.93692
SUOX,221.64,0.30365,0.14898,0.54137
CCDC65,22.012,0.7396,0.23419,0.64719
SLC39A5,2.5766,0.30291,0.82893,NA
TARBP2,300.13,-0.21383,0.19321,0.60477
RDH16,1.3465,0.82841,0.69891,NA
DHH,3.8141,0.29847,0.82868,NA
ACVRL1,700.29,-0.34517,0.085716,0.42844
GPR84,0,NA,NA,NA
NPFF,23.452,0.29751,0.57393,0.85848
NABP2,553.68,-0.050141,0.77630999999999994,0.93766
N4BP2L1,138.02,-0.060199,0.79179,0.94197
CELA1,0,NA,NA,NA
SMARCC2,2982.7,0.20713,0.080435,0.41594
BRCA2,303.91,-0.093869,0.72249,0.91806
KANSL2,404.15,0.26809,0.068234,0.38648
CERS5,759.48,0.10473,0.4171,0.7849
MAP3K12,982.55,0.085769,0.70324,0.90942
ITGB7,16.444,-0.40317,0.47626,0.81389
GALNT6,243.9,0.18187999999999999,0.46217,0.80567
CSAD,291.6,0.66084,0.015048,0.18932
LMBR1L,483.81,-0.095195,0.57993,0.86163
MYG1,553.18,-0.12166,0.40243,0.77464
ESYT1,4778.3,0.030762,0.75398,0.92978
TMBIM6,10646,-0.060074,0.55205,0.84921
ANKRD52,2724.3,0.28069,0.060404,0.36292
KRT71,0,NA,NA,NA
ZNF740,877.55,-0.07544,0.52612,0.83581
SMIM2,0.1613,1.0317,0.80038,NA
WDFY2,1131.3,0.1965,0.37568,0.75834
HNRNPA1L2,88.582,-0.012188,0.96466,0.99224
LPAR6,121.24,-0.42131,0.11078,0.48056
ESD,1846,-0.14811,0.20507,0.62019
RB1,1155.7,-0.068931,0.59563,0.86842
SBNO1,1250.5,0.24711,0.07363,0.39776
MORN3,24.629,-0.26624,0.59955,0.87037
SETD1B,924.55,0.16283,0.26237,0.67665
VPS33A,469.98,0.30587,0.045688,0.32267
VPS37B,963.87,0.046587,0.70001,0.90881
RHOF,143.49,0.29839,0.27161,0.68381
DENR,1508.2,0.12352,0.29288,0.69936
DIAPH3,559.29,-0.08236,0.56206,0.85381
SLAIN1,0.70218,0.084186,0.98009,NA
RBM26,1069.3,0.13947,0.39945,0.77325
SRRM4,6.6215,0.31929,0.7508,NA
METTL21C,1.8985,-2.172,0.24414,NA
MBNL2,958.03,-0.080621,0.67668,0.89844
RNF113B,1.0035,0.17449,0.94764,NA
ZIC5,3.1184,-0.018526,0.98882,NA
ABHD13,394.86,0.078279,0.60287,0.87133
RAB20,68.503,0.16314,0.60242,0.87126
GRTP1,51.342,-0.41528,0.21336,0.62816
CUL4A,2434.1,0.085074,0.39111,0.76887
TTC6,1.2123,-1.146,0.65685,NA
SSTR1,661.98,-0.4151,0.0020138,0.062908
CDH24,191.34,0.37712,0.22629,0.64152
REM2,2.0632,-0.14321,0.92774,NA
CBLN3,571.69,0.10982,0.57744,0.85997
TSSK4,36.448,-0.12386,0.77712,0.93779
NOVA1,128.79,0.083536,0.77047,0.93544
FITM1,2.8631,-0.51481,0.69921,NA
MDGA2,0.12879,0.93582,0.8186,NA
TMX1,1433.5,-0.030008,0.79952,0.945
FRMD6,6522.2,-0.12919,0.20325,0.6185
PELI2,182.41,0.32053,0.20075,0.61549
RTN1,2.4322,0.19659,0.90054,NA
ARMH4,463.2,0.42949,0.0038866,0.095021
SYT16,7.7193,0.9131,0.27834,NA
SLC38A6,183.07,0.16979,0.45336,0.80168
NAA30,661.73,0.26714,0.062196,0.36691
ADAM21,7.8494,-0.55723,0.49899,NA
RDH12,2.842,-0.41233,0.75753,NA
DCAF5,1411.8,0.0071081,0.95734,0.98999
RAB15,241.19,-0.25275,0.1614,0.5622
WDR89,172.47,-0.40952,0.042808,0.31367
ESR2,19.352,1.0535,0.071635,0.39432
KCNH5,0.19445,1.2469,0.75863,NA
STON2,11.886,0.54135,0.58256,NA
EFCAB11,175.03,0.17189,0.3769,0.75865
GPR65,2.2982,-0.7204,0.61777,NA
PTGR2,102.25,-0.47185,0.075177,0.401
JDP2,1763.7,-0.5147,0.0049382,0.10566
AK7,16.232,0.19401,0.75246,0.92973
FAM181A,0,NA,NA,NA
SLC24A4,14.733,0.091193,0.89936,0.97613
FBLN5,2937.2,-0.42271,0.0090647,0.14453
SERPINA10,27.061,0.5334,0.30887,0.71058
CLBA1,255.43,0.11513,0.49581,0.82064
WARS1,3842.7,-0.38283,0.0045943,0.10169
SLC25A47,1.0249,0.20664,0.94473,NA
WDR20,442.71,0.35052,0.043842,0.31666
NIPA2,1074.9,-9.1688e-4,0.99493,0.99899
SLC12A6,1272.5,0.3321,0.031205,0.27135
DUOXA1,6.2272,0.51279,0.67596,NA
MFAP1,820.07,-0.066789,0.5716,0.8573
TCF12,2491.6,-0.17139,0.13799,0.52484
SORD,479.29,-0.066866,0.63868,0.88679
SERF2,6661.6,-0.26509,0.076936,0.40522
ZSCAN29,499.93,0.10274,0.49797,0.82165
DUOXA2,0,NA,NA,NA
DUOX2,1.3417,0.14479,0.9417,NA
LYSMD2,84.525,0.0523,0.85881,0.96352
SLC27A2,2.448,1.4944,0.35231,NA
FGF7,5386.6,0.22278,0.15174,0.54608
HDC,0,NA,NA,NA
GCNT3,11.283,1.4333,0.053841,NA
BNIP2,1572.7,0.11276,0.292,0.69908
GTF2A2,598.66,0.043075,0.82054,0.95144
SRP14,2724,-0.06917,0.52778,0.83708
BAHD1,678.47,-0.094238,0.50635,0.8256
DISP2,44.427,0.28417,0.47096,0.81133
CDAN1,433.15,0.13492,0.3688,0.7537
TLE3,883.09,-0.025299,0.89727,0.97569
ANP32A,1142.3,-0.18769,0.11288,0.48359
COMMD4,602.21,-0.15307,0.33518,0.73044
UBE2Q2,1325.4,-0.083724,0.43154,0.7916
PSTPIP1,1.1423,-0.17062,0.94351,NA
ETFA,1281.8,-0.030867,0.81599,0.95016
BCL2A1,2.909,0.34367,0.83308,NA
HMG20A,584.87,-0.047636,0.79985,0.94527
SCAPER,256.38,0.23645,0.26297,0.67723
TSPAN3,2531.9,-0.004695,0.973,0.99285
WDR61,416.35,0.021012,0.89465,0.97423
NCOA2,1024.9,0.060572,0.72139,0.91806
NEIL1,167.34,0.0047766,0.98629,0.99679
MAN2C1,1220,0.42193,0.0065794,0.12092
DNAJA4,30.148,-0.29034,0.51089,0.82794
TLNRD1,483.1,-0.065253,0.63077,0.88575
TPM1,3009.5,-0.34669,0.058209,0.35709
IGF1R,2583,-0.026956,0.86145,0.9644
ARRDC4,595.06,-0.28786,0.02348,0.2353
PIF1,210.77,0.068607,0.73077,0.92145
USP3,618.31,-0.058476,0.65763,0.8929
CYP11A1,9.4583,-1.2613,0.15065,NA
BBS4,300.36,0.1385,0.5853,0.86303
PML,1974.3,-0.11606,0.33078,0.72741
CYP1A1,1.9126,-0.58953,0.75637,NA
ADAMTS17,4.675,0.39796,0.70797,NA
LINS1,159.86,-0.095156,0.69311,0.9057
ULK3,358.72,-0.79355,0.0096697,0.14925
GOLGA6D,0.66624,2.9096,0.38934,NA
PCSK6,28.068,0.19865,0.66709,0.89547
CCDC33,0,NA,NA,NA
CELF6,17.529,-0.04613,0.93499,0.98464
SCAMP2,1126,-0.14776,0.24473,0.65926
CYP1A2,17.957,0.94052,0.11116,0.48071
LMAN1L,0.69083,0.74783,0.80395,NA
HAPLN3,87.562,-0.33853,0.22886,0.64352
RHCG,19.607,1.0243,0.574,0.85848
POLG,1345.6,0.45482,0.027525,0.2557
RLBP1,1.15,2.674,0.31239,NA
FANCI,863.21,-0.27323,0.043143,0.31411
ABHD2,3135.6,0.2557,0.18334,0.59181
WDR93,7.4107,0.54278,0.54277,NA
TICRR,211.02,-0.13762,0.5202,0.83379
NTRK3,15.121,0.14025,0.8316,0.95449
DET1,111.81,-0.24466,0.35592,0.74522
MFGE8,5536.8,-0.18808,0.11886,0.49599
ZNF710,456.71,-0.30971,0.12061,0.49748
UNC45A,2016.2,0.14734,0.20414,0.61913
ST8SIA2,46.358,-0.85347,0.04678,0.32623
MCTP2,39.329,0.18195,0.70222,0.90942
FURIN,2460.7,0.057139,0.6367,0.88597
IQGAP1,8681.8,0.19064,0.119,0.49599
CRTC3,1024.1,0.046546,0.69682,0.90711
EFL1,1383,0.30811,0.12212,0.50071
SH3GL3,5.171,-2.0016,0.076016,NA
SEC11A,2609.9,0.016347,0.88956,0.97292
SEPTIN12,0.17744,1.0868,0.78998,NA
GLYR1,1750.1,0.13372,0.25403,0.66805
PMM2,808.96,-0.0095288,0.94597,0.98829
SLC5A2,1.9613,0.20349,0.92593,NA
ITGAX,5.5906,-0.070487,0.95484,NA
TGFB1I1,1492.7,-0.43669,2.3877e-4,0.016845
RUSF1,1410.1,-0.053357,0.63126,0.88575
ARMC5,370.09,0.11135,0.47211,0.81204
PARN,808.48,-0.0408,0.76274,0.93278
FTO,1084,-0.021022,0.87308,0.96819
UQCRC2,1659.3,-0.1094,0.41365,0.78224
CDR2,735.04,0.09994,0.41652,0.78483
IGSF6,11.824,1.1729,0.089655,NA
ARHGAP17,1436.7,-0.085911,0.46603,0.8077
MYLK3,22.051,0.72397,0.1641,0.56478
ABCC12,1.4023,-3.8689,0.096023,NA
NKD1,5.9366,1.2784,0.21475,NA
DHX38,1632.2,0.31708,0.0064128,0.11978
TXNL4B,160.76,0.06652,0.79584,0.94319
MARVELD3,15.393,0.49971,0.46511,0.80738
CHST4,0.51201,1.0594,0.78023,NA
ZFHX3,2754.7,-0.14255,0.75541,0.93001
CLEC18B,9.4784,1.6231,0.135,NA
CPNE2,832.04,-0.18889,0.14515,0.53486
NLRC5,598.35,0.26198,0.23179,0.64542
KATNB1,508.32,0.0086145,0.95028,0.98999
KIFC3,1046.4,-0.027596,0.85919,0.96352
ADAMTS18,0.16635,1.0616,0.79473,NA
NUDT7,55.521,-0.62721,0.062553,0.36781
GCSH,374.25,-0.069142,0.69204,0.90554
CMTM3,1033.8,-0.34635,0.0027407,0.07668
CMTM2,1.0357,1.0136,0.7011,NA
CDH11,9629.2,-0.2666,0.038468,0.30046
NOL3,356.22,-0.093187,0.55501,0.85072
MAP1LC3B,1944.5,0.16935,0.10145,0.46335
MBTPS1,5014.4,-0.089152,0.36188,0.74983
CDH13,6157.9,0.011523,0.90957,0.97885
ZCCHC14,1537.8,0.1592,0.26974,0.68255999999999994
MEAK7,873.89,-0.158,0.31217,0.71249
ADAD2,0,NA,NA,NA
OSGIN1,161.13,0.52842,0.012853,0.17334
IRF8,0,NA,NA,NA
RHOT2,1492.9,0.086813,0.44108,0.79605
RPL3L,18.936,-1.6142,0.0089356,0.14352
ZSCAN32,286.3,0.16752,0.40937,0.77942
RPS2,46111,-0.23495,0.048696,0.33241
NDUFB10,1044.3,-0.071718,0.65459,0.89178
PDPK1,1829.9,0.13616,0.25287,0.66725
TIGD7,101.96,-0.30945,0.28574,0.69371
DEF8,1085.6,0.077954,0.48746,0.81785
TCF25,2285.4,0.045561,0.6437,0.88828
GALNS,668.66,-0.013431,0.91779,0.98112
GAS8,346.45,0.3263,0.10378,0.46909
MED9,184.06,0.13522,0.47095,0.81133
NCOR1,2698.5,0.14211,0.17322,0.57667
COPS3,837.6,-0.055712,0.65904,0.8929
GID4,662.66,-0.056857,0.67436,0.89762
ZNF287,195.58,0.26708,0.31496,0.71584
MYOCD,1.5717,-1.0294,0.57889,NA
KSR1,387.65,-0.26255,0.21504,0.63087
UTP4,809.54,-0.14299,0.38632,0.76512
RANBP10,448.11,0.20012,0.20177,0.61599
CTRL,9.1675,0.5462,0.57027,NA
DPEP3,0,NA,NA,NA
GFOD2,440.27,0.030664,0.82988,0.95435
NOB1,1238.1,-0.35305,0.0081139,0.1365
PRPSAP2,218.48,0.098781,0.59292,0.86651
UNC45B,2.0127,1.1473,0.50163,NA
PCTP,161.06,-0.21229,0.31985,0.71892
OR4D1,16.305,0.71915,0.24087,0.65451
TOM1L1,425.03,-0.13166,0.39353,0.7705
KIF2B,0,NA,NA,NA
C17orf80,451.2,-0.1281,0.41518,0.78354
TOB1,687.47,-0.24146,0.086351,0.42962
VPS53,937.04,0.30164,0.015343,0.19102
SPATA22,12.828,1.2749,0.060906,NA
SGSM2,1724.2,0.011263,0.93888,0.98639
NPEPPS,3246.9,0.18273,0.20791,0.62348
SKAP1,2.2604,3.605,0.057436,NA
LRRC46,22.778,0.1558,0.76895,0.93515
SCRN2,514.54,-0.17063,0.27285,0.68581
SSH2,355.92,-0.054723,0.76256,0.93276
RHBDL3,41.489,0.33362000000000003,0.41162,0.78077
SPACA3,0.16138,1.066,0.7939,NA
ARSG,220.73,0.52068,0.030613,0.2687
ABCA8,192.85,-0.24933,0.20584,0.62079
G6PC3,667.94,-0.19208,0.13681,0.52389
CLTC,15171,0.40612,0.0050887,0.10566
C17orf64,0,NA,NA,NA
BCAS3,399.01,0.22838,0.17916,0.58622
PTRH2,242.09,0.077038,0.75273,0.92973
SS18,1417.7,0.051101,0.66577,0.89529
TAF4B,174.79,-0.11229,0.63665,0.88597
AFG3L2,1187.7,-0.0089986,0.94281,0.98762
PRELID3A,158.34,0.18517,0.37639,0.75834
IMPA2,221.82,0.52803,0.016943,0.19928
GNAL,38.814,0.71887,0.082527,0.42203
SLC39A6,2598.2,0.10897,0.33866,0.73356
RPRD1A,889.97,0.14915,0.36208,0.74987
C18orf21,191.73,-0.085126,0.6765,0.8983
GALNT1,1098.8,0.13427,0.47353,0.81218
ASXL3,3.1317,1.1938,0.33971,NA
ADCYAP1,0,NA,NA,NA
MEP1B,1.0076,-0.87067,0.74101,NA
SLC25A52,2.0089,-0.37032,0.81222,NA
GAREM1,106.39,-0.069566,0.79369,0.94255
ESCO1,346.34,-0.011399,0.94174,0.98749
OSBPL1A,1054.9,0.14529,0.26967,0.68255999999999994
GATA6,71.689,-0.18354,0.58894,0.86462
GREB1L,509.72,0.077219,0.73681,0.92417
RMC1,358.1,0.29109,0.08173,0.41954
PELP1,885.8,0.13208,0.31898,0.71849
NPC1,965.04,0.58574,1.7462e-5,0.0024907
SLC14A1,70.133,-1.0411,0.0010388,0.042317
ARRB2,285.42,-0.15635,0.34632,0.73786
SLC13A5,0,NA,NA,NA
ZMYND15,10.354,0.93539,0.22757,NA
WRAP53,202.56,-0.009474,0.95854,0.99015
MINK1,2812.4,0.13485,0.17042,0.5738
SAT2,727.2,0.012027,0.93949,0.9868
ASGR1,21.684,0.5891,0.28138,0.69272
PIK3R5,1.2323,0.70946,0.76188,NA
TP53,902.41,-0.53609,2.0487e-4,0.015362
CCDC40,80.435,0.62896,0.027596,0.25573
ARHGDIA,8876.3,-0.074754,0.55541,0.85072
TMC6,14.506,0.1692,0.77596,NA
SLC16A3,6270.2,-0.19006,0.23168,0.64542
CARD14,46.703,0.37122,0.44411,0.79798
TTYH2,33.81,-0.48267,0.25269,0.66725
RAB40B,381.76,0.033444,0.84837,0.96043
EIF4A3,1371.2,-0.1257,0.32484,0.72267
CSNK1D,2890.6,0.02311,0.81952,0.95131
ANAPC11,1076.3,-0.079214,0.63252,0.88575
TBCD,1930.5,0.22466,0.063657,0.37125
FN3KRP,653.89,-0.060339,0.64198,0.88731
NARF,770.8,-0.27177,0.041889,0.3109
RPTOR,1014.7,0.14374,0.26429,0.67842
FOXK2,1192.1,-0.14608,0.30447,0.70739
TRIM65,471.16,-0.26102,0.11921,0.49599
CBX8,174.43,0.056941,0.83623,0.95609
SECTM1,487.7,-0.48811,0.0097188,0.14951
RNF157,131.64,0.10215,0.73743,0.92417
CEP131,392.86,0.073477,0.65694,0.8929
ZNF750,8.7372,1.7087,0.084522,NA
WDR45B,2299.2,-0.15509,0.14535,0.53486
CBX4,515.5,0.055381,0.7297,0.92103
RNF165,4.0091,0.71417,0.56304,NA
DYM,1482.7,-0.23703,0.085896,0.42867
MAPK4,0.47961,2.4097,0.53206,NA
ELAC1,142.11,0.15997,0.45711,0.80345
MBD1,1189.9,-0.026486,0.8226,0.95217
SMAD4,1619.1,-0.037474,0.75913,0.93222
TNFRSF11A,7.2117000000000004,-0.28302,0.77971,NA
ZCCHC2,239.12,0.057695,0.8023,0.94604
FBXO15,3.6033,0.71997,0.53647,NA
CBLN2,0,NA,NA,NA
PMAIP1,225.44,-0.37935,0.062833,0.36865
P3H4,1096.7,-0.17701,0.20384,0.61913
NT5C3B,958.52,-0.21157,0.18766,0.5971
RETREG3,1011.5,-0.030619,0.80452,0.94676
ERBB2,1969.5,0.11023,0.35467,0.74476
GRB7,3.2841,-0.19104,0.89251,NA
MIEN1,470.28,-0.0098734,0.95132,0.98999
PNMT,0,NA,NA,NA
ARL5C,0.15283,-0.82922,0.83897,NA
STAC2,9.3681,1.4128,0.080062,NA
IGFBP4,23610,-0.071252,0.63624,0.88597
FKBP10,14175,-0.17109,0.072043,0.3947
TXNL4A,1007.3,-0.1171,0.44699,0.79903
CACNA1A,301.63,0.43224,0.044862,0.32028
MISP3,26.939,-0.03076,0.9503,0.98999
SAMD1,941.12,-0.29058,0.052224,0.34212
BRD4,2085.8,0.18999,0.11922,0.49599
SLC39A3,384.11,-0.12254,0.49376,0.81999
NFIC,5499.3,0.079333,0.50663,0.82564
TPGS1,322.47,0.094952,0.59159,0.86591
PLPP2,16.646,0.11277,0.83979,0.95674
ZIM3,0.50116,1.0237,0.7618,NA
PRDM15,160.52,-0.10907,0.66055,0.89312
PFKL,6760.2,-0.151,0.18549,0.59427
FEM1A,694.14,-0.10873,0.38506,0.76394
VAV1,1.0015,2.3029,0.39123,NA
MVB12A,454.61,-0.11703,0.44519,0.79862
CIB3,0,NA,NA,NA
SH3GL1,3612.4,-0.11677,0.24097,0.65451
DUS3L,339.45,0.11699,0.48624,0.81691
DPP9,2272.4,-0.060434,0.67684,0.89853
DMRTC2,1.9242,-0.81752,0.68032,NA
CCDC97,518.29,0.28719,0.080051,0.41538
TMEM91,102.87,-0.12653,0.67407,0.89761
ZFP14,116.18,0.066025,0.79356,0.94253
SIRT3,347.58,0.17673,0.30281,0.70641
IFITM3,4809.2,-0.3513,0.0068071,0.12286
PGGHG,982.2,-0.041135,0.80308,0.94628
HUNK,410.71,-0.13625,0.58516,0.86303
COL6A1,252620,0.073774,0.43012,0.79147
IFNAR1,2470.3,0.27447,0.029666,0.26444
SOD1,2665.4,-0.045429,0.71784,0.91691
COL6A2,264800,-0.072169,0.40259,0.77472
SIK1,4.7175,0.32697,0.77419,NA
DNMT3L,0.16718,1.0645,0.79419,NA
TRPM2,0.58831,-1.0592,0.74165,NA
SCYL1,1855.6,-0.18529,0.11877,0.49599
TMEM50B,598.55,0.042467,0.75225,0.92973
APP,20043,0.0092337,0.91703,0.98099
DOP1B,642.94,0.29257,0.16414,0.56478
URB1,967.38,0.29361,0.047204,0.32652
AKT1,4287.5,-0.088772,0.49078,0.81966
IL19,3.5291,-0.84277,0.48332,NA
EMP3,3934.1,-0.25831,0.028872,0.26146
SAE1,2420.6,-0.23336,0.034776,0.28503
NTN5,7.9117,0.86553,0.3078,NA
LMTK3,16.375,0.84176,0.17932,0.58622
GEMIN7,228.38,-0.15914,0.3911,0.76887
CBLC,3.2486,2.0121000000000002,0.19949,NA
WTIP,1051,-0.085361,0.49791,0.82165
ADAMTS10,449.86,-0.59992,0.0059466,0.11595
SLC6A3,1.4676,-0.82293,0.70031,NA
RNPEPL1,1609.9,-0.22115,0.028345,0.25938
CAPN10,460.06,0.040823,0.82315,0.95231
MYO1F,30.039,-0.28845,0.51381,0.83002
ERVK3-1,447.54,0.16564,0.28552,0.69371
NLRP12,0.49983,1.0102,0.79183,NA
CACNG8,23.341,0.1775,0.70996,0.91297
ZNF787,615.97,-0.063764,0.64471,0.88879
TIMM29,249,0.18915,0.31021,0.71206
FBN3,0.26862,1.4937,0.71212,NA
CARM1,2420.4,-0.04755,0.64895,0.88985
EVI5L,775,-0.14048,0.37689,0.75865
TM4SF5,0,NA,NA,NA
SLC47A1,46.362,0.46871,0.22572,0.64111
PSMB6,989.96,-0.13271,0.3761,0.75834
GPR32,0,NA,NA,NA
SIGLEC10,30.946,0.45763,0.33788,0.73296
ACP4,3.4632,0.034159,0.98066,NA
KLK3,0,NA,NA,NA
ZNF473,252.39,0.049886,0.79277,0.94243
FAM71E1,7.6857,-0.63703,0.45048,NA
RPS11,18163,-0.23077,0.12884,0.51199
PTH2,0,NA,NA,NA
RPL13A,49333,-0.19461,0.1637,0.56478
CTU1,186.48,-0.18017,0.35904,0.74782
NOSIP,570.85,-0.0091379,0.95422,0.98999
IGLON5,4.2821,-0.7782,0.52593,NA
RCN3,5573.1,-0.19365,0.047742,0.32884
ZNF614,226.35,0.26928,0.13905,0.52597
SLC2A5,74.439,0.052186,0.88745,0.97216
RERE,1701.6,0.40765,0.031803,0.27381
MMEL1,0.50165,0.42726,0.89877,NA
CFAP74,4.9206,-1.0369,0.42606,NA
PRDM16,5.153,-1.0036,0.41004,NA
CELA2A,0.1699,1.0957,0.7883,NA
PADI3,0.33503,-1.7906,0.65699,NA
FHAD1,18.829,-0.8783,0.18832,0.5982
PADI1,3.9822,0.11066,0.92598,NA
EPHA2,362.81,-0.53584,9.0732e-4,0.038406
ARHGEF19,126.87,-0.19749,0.39641,0.77146
EFHD2,1578.3,-0.085203,0.52564,0.83565
PEX14,392.3,0.088949,0.56513,0.85508
PGD,2335.5,0.43956,0.0020824,0.064295
MYOM3,11.219,-0.25503,0.70969,NA
SH3BGRL3,10436,-0.082901,0.45662,0.80345
CNKSR1,9.9516,0.6169,0.47185,NA
RPL11,17186,-0.22731,0.13772,0.52474
IL22RA1,13.326,-0.014248,0.98299,NA
ZNF593,144.23,-0.029808,0.89302,0.97407
C1orf216,716.16,0.028518,0.85236,0.96174
KIAA0319L,1059.6,0.31957,0.039693,0.30620000000000003
EVA1B,2034.9,-0.026035,0.86225,0.96453
C1orf94,0.16177,-0.84774,0.83542,NA
DMRTA2,0.32335,0.13196,0.9742,NA
PLK4,325.16,-0.52196,0.021247,0.22304
MAP3K6,784.7,0.061378,0.68222,0.90079
FCN3,3.4801,-0.58722,0.71282,NA
GPN2,490.38,0.047957,0.73796,0.92417
SYTL1,8.5912,2.365,0.019982,NA
WDTC1,1732.3,-0.0040001,0.97143,0.99259
CELA3A,0,NA,NA,NA
NBPF3,426.02,0.10259,0.55311,0.84949
HSPG2,31981,0.28713,0.053118,0.34336
ITGB3BP,193.69,-0.12659,0.53731,0.84055
SERBP1,7173.6,-0.066714,0.50671,0.82567
BCL10,659.66,-0.04696,0.75369,0.92978
CCN1,27559,0.0063796,0.96384,0.99183
PRKACB,945.47,-0.064762,0.65892,0.8929
PIGK,1168.7,-0.089668,0.4297,0.79124
TINAGL1,12.639,-0.35816,0.58883,NA
AZIN2,65.944,0.20797,0.49495,0.82043
RPS8,22574,-0.10211,0.45715,0.80345
KIF2C,570.18,-0.28697,0.055601,0.34803
PTPRF,3723.1,-0.10986,0.36902,0.7537
BEST4,16.919,-0.52624,0.36297,0.75039
MOB3C,392.49,-0.29712,0.085688,0.42844
CYP4B1,0.21625,1.213,0.76625,NA
TMEM61,0,NA,NA,NA
DMRTB1,0,NA,NA,NA
LMO4,1452.1,-0.12322,0.47265,0.81209
SYPL2,8.2183,0.78991,0.31974,NA
BARHL2,0,NA,NA,NA
MTF2,215.05,-0.31284,0.08637,0.42962
SLC44A3,13.661,-0.36011,0.59985,NA
IGSF3,103.09,-0.5765,0.055337,0.34753
ZNF697,269.43,0.043912,0.80912,0.94735
CTTNBP2NL,1143.2,0.20367,0.081461,0.41874
STRIP1,894.49,0.22845,0.043994,0.31707
KCNA10,0,NA,NA,NA
PSMA5,871.69,0.025736,0.85517,0.96313
FNDC7,1.6058,-0.20694,0.91077,NA
C1orf162,2.913,0.30318,0.82226,NA
CD53,0.15336,-0.83121,0.83858,NA
PROK1,0,NA,NA,NA
CELSR2,44.682,1.0487,0.015826,0.19463
ITGA10,190.14,0.1328,0.70969,0.91281
GPR161,1176,0.021629,0.88924,0.97279
ALDH9A1,1712.2,-0.046523,0.75552,0.93001
ATP1B1,470.16,-1.3008,9.1334e-6,0.0015365
TIPRL,926.3,0.093831,0.55694,0.85127
NME7,194.55,-0.045101,0.83619,0.95609
POGK,1080.9,0.24297,0.037663,0.29784
MPC2,708.47,0.056292,0.68649,0.90271
CREG1,1087,0.17039,0.17428,0.57892
DCAF6,2422.9,-0.021385,0.85159,0.96136
GPA33,0,NA,NA,NA
RXRG,0,NA,NA,NA
TBX19,42.855,0.17916,0.64803,0.88985
UCK2,1006.8,-0.43222,6.0931e-4,0.030233
TMCO1,1126.9,-0.03204,0.78269,0.93992
XCL1,0,NA,NA,NA
XCL2,0.50286,-0.81342,0.8315,NA
POU2F1,246.1,0.13994,0.58562,0.86303
MAEL,0,NA,NA,NA
ILDR2,4.2262,0.45265,0.70776,NA
DPT,15276,-0.61896,2.5503e-4,0.017567
MGST3,1449.5,-0.089852,0.52358,0.83493
ADCY10,4.265,0.36405,0.77518,NA
COP1,679.1,-0.086366,0.55678,0.85127
NECTIN4,14.451,0.74292,0.37892,NA
UFC1,1038.8,-0.26957,0.060229,0.36237
PPOX,231.86,-0.06681,0.7247,0.9187
FCGR2A,2.2064,-0.29567,0.8606,NA
NUF2,237.68,-0.29642,0.12307,0.50233
RGS5,49.933,1.0434,0.0208,0.22245
SDHC,1371.1,-0.051507,0.66673,0.89547
PFDN2,590.85,-0.047406,0.79543,0.94314
NR1I3,2.1432,0.2546,0.87847,NA
USP21,346.82,0.013663,0.93126,0.98393
F13B,0,NA,NA,NA
PRCC,1034.6,0.066451,0.58415,0.86272
FCRL5,0,NA,NA,NA
RRNAD1,272.23,-0.066619,0.72321,0.91845
MRPL24,690.94,-0.15664,0.23046,0.6441
PIGM,454.96,0.22078,0.1635,0.56436
CASQ1,4.4443,-1.7894,0.2636,NA
ISG20L2,557.82,0.034678,0.79990000000000006,0.94527
CRABP2,1938.7,-1.4168,6.2468e-27,8.197e-23
HDGF,5391.3,-0.45642,3.5162e-4,0.021764
ABL2,1986.3,0.82699,1.673e-5,0.0024666000000000002
XPR1,781.25,0.37306,0.004466,0.10033
RGS16,5.774,1.5791,0.15026,NA
TOR1AIP1,1914.5,0.06767,0.54556,0.8458
FAM163A,2.8141,-0.37013,0.78151,NA
HMCN1,3404.5,0.1119,0.43845,0.79531
RGL1,759.97,-0.094491,0.4851,0.81691
LYPLAL1,148.59,0.3088,0.16401,0.56478
LHX9,149.77,-0.71903,0.049285,0.33358
PRUNE1,201.77,-0.3847,0.048058,0.32965
RORC,0.15684,1.0277,0.80116,NA
TUFT1,145.12,-0.50057,0.16231,0.5624
SF3B4,1026.1,-0.013236,0.91052,0.97885
ECM1,3849.7,-0.17621,0.059645,0.36084
ZNF687,720.62,0.2793,0.024423,0.24006
TARS2,293.38,0.20519,0.25287,0.66725
CGN,6.5299,0.43373,0.66887,NA
SNX27,666.05,0.10349,0.48425,0.81691
SETDB1,530.21,0.05424,0.74747,0.92797
ADAMTSL4,716.41,-0.031171,0.82992,0.95435
MCL1,10477,0.2225,0.10947,0.47784
CTSK,3530.1,-0.37768,0.0030836,0.082698
RFX5,439.16,0.20928,0.15318,0.54919
PI4KB,1668.6,0.080165,0.4703,0.81087
PIP5K1A,1356.2,-0.10719,0.37168,0.75475
ANP32E,884.67,0.11629,0.33508,0.73044
MINDY1,282.91,-0.0062351,0.97604,0.99359
ANXA9,64.137,0.071592,0.82901,0.95435
SELENBP1,234.38,-0.15578,0.55495,0.85072
CERS2,3388.3,0.027514,0.79635,0.9432
ENSA,1639.7,-0.04852,0.6935,0.9057
SEMA6C,253.84,0.34096,0.11731,0.4932
MRPL9,607.93,-0.079436,0.58155,0.86163
ARNT,1144.7,-0.12453,0.31876,0.71833
POGZ,1160.5,0.10962,0.79605,0.94319
C1orf56,91.876,0.053533,0.83965,0.95674
OAZ3,25.758,-0.24028,0.61942,0.87975
HORMAD1,5.4315,-1.4902,0.18502,NA
GOLPH3L,491.73,-0.12427,0.49094,0.81971
GABPB2,541,0.13441,0.36427,0.75144
SYT14,40.865,0.097034,0.84253,0.95806
KCNH1,35.233,-0.81816,0.066042,0.38024
DTL,528.51,-0.29901,0.12957,0.51265
DYRK3,540.41,0.18449,0.21246,0.62816
EIF2D,1456.8,-0.19084,0.17049,0.5738
INTS7,405.03,0.063213,0.71517,0.9156
VASH2,3.9903,0.0016659,0.99885,NA
TAF1A,122.4,0.012595,0.95766,0.98999
SMYD2,520.53,-0.33817,0.01483,0.18729
SUSD4,1.361,1.0107,0.64311,NA
DUSP10,547.04,-0.48212,3.5948e-4,0.021869
HHIPL2,10.456,-0.67539,0.36357,NA
TP53BP2,882.38,0.14971,0.25138,0.66667
ATP8B2,4812.9,-0.30598,8.8436e-4,0.038048
FLG2,4.0646,0.79836,0.59087,NA
CRNN,0,NA,NA,NA
ADAM15,2498.6,-0.042221,0.68361,0.90112
JTB,1646,-0.19449,0.17392,0.57849
RAB13,4517.8,-0.14617,0.2222,0.63763
S100A8,27.673,1.5971,0.37068,0.75424
TPM3,6279.3,0.0018192,0.98841,0.9976
NUP210L,3.3481,-2.9668,0.046343,NA
SNAPIN,398.75,-0.071524,0.68249,0.90079
SLC27A3,274.99,-0.19453,0.32734,0.72446
S100A7,0.84066,-3.123,0.38631,NA
UBAP2L,3016.7,0.20005,0.040697,0.30838
SLC39A1,1545.9,-0.2862,0.0235,0.2353
HAX1,1056.1,-0.23031,0.098198,0.4571
CREB3L4,97.803,-0.39319,0.17087,0.57413
EFNA3,34.388,-0.43622,0.30104,0.70503
AQP10,0.35045,0.13232,0.97413,NA
KCNN3,3.686,1.1391,0.36482,NA
C1orf43,2415.8,-0.132,0.31922,0.71849
GATAD2B,733.73,0.18501,0.1972,0.60963
ILF2,1769.4,-0.10774,0.42291,0.78718
RIT1,451.45,0.08306,0.58069,0.86163
INTS3,2294.3,0.014964,0.91075,0.97888
PKLR,0.6035,-1.2676,0.72291,NA
HCN3,188.73,0.20311,0.32821,0.72488
FLG,13.869,2.0044,0.041444,NA
ACTA1,1.8402,-1.0653,0.58713,NA
C1orf131,195.63,-0.36198,0.053864,0.34344
GALNT2,4784.5,0.11286,0.2355,0.64819
TTC13,294.28,0.07055,0.67103,0.89717
SCCPDH,1249.8,-0.24679,0.07574,0.40188
LYST,850.64,0.47415,0.0047604,0.10427
MAP3K21,14.801,0.05861,0.92541,0.98238
CEP170,4573.7,0.16198,0.72093,0.9179
ACP1,1068.3,-0.0032513,0.97748,0.99365
SNAP47,607.18,0.070918,0.61476,0.87742
SRP9,2964.5,0.023321,0.81943,0.9513
NVL,319.39,0.0012357,0.99384,0.99899
SDE2,408.58,0.13057,0.39185,0.76965
DEGS1,2544,-0.024602,0.86315,0.9649
FBXO28,900.82,-0.034222,0.81419,0.9491
ARF1,6471.1,-0.12265,0.29119,0.69877
LEFTY2,2.2373,1.8879,0.31188,NA
CNIH4,879.16,-0.12453,0.45499,0.80272
ITPKB,221.42,0.30494,0.13734,0.52469
GUK1,2351.2,-0.10418,0.41926,0.78511
CDC42BPA,3052.7,0.19116,0.094168,0.44722
CNIH3,157.73,0.051822,0.89598,0.97477
C1orf35,323.87,0.099058,0.56143,0.85378
MBOAT2,1123.3,-0.22145,0.053661,0.34336
PARP1,2432.4,-0.10967,0.28287,0.69371
PSEN2,248.45,0.22724,0.37041,0.75424
PYCR2,801.08,-0.17606,0.19437,0.60642
LBR,551.2,0.08981,0.49183,0.81985
WNT9A,369.34,0.5146,0.0061725,0.11783
EPHX1,1335.6,-1.1148e-4,0.99952,0.9997
REN,0.1534,-0.83137,0.83855,NA
SOX13,318.39,-0.0010893,0.99452,0.99899
ETNK2,125.58,-0.31237,0.25713,0.67192
PPFIA4,782.24,-0.11673,0.64547,0.88886
PLEKHA6,49.187,-0.64649,0.074693,0.40021
PTPN7,1.3256,-3.9753,0.20573,NA
SYT2,6.2639,-1.0061,0.39485,NA
ARL8A,731.06,0.080268,0.52237,0.8347
OSR1,861.34,0.32974,0.023723,0.23623
GDF7,5.8565,0.56596,0.55513,NA
PDIA6,6473,-0.18725,0.060615,0.36336
RHOB,1782.1,-0.27839,0.033754,0.28051
ATP6V1C2,34.11,-0.0098438,0.98276,0.99542
HNRNPLL,881.03,0.17238,0.1435,0.53193
GALM,276.51,-0.048202,0.81798,0.95064
CAMKMT,60.607,-0.13353,0.72664,0.91939
ABCG8,12.565,0.79675,0.22829,NA
EML4,866.53,0.30626,0.039492,0.30545
CALM2,10778,-0.091189,0.4922,0.81987
CHAC2,27.807,-0.17351,0.70664,0.91067
RPS27A,11679,-0.11398,0.42112,0.78605
WDPCP,224.62,0.34009,0.056562,0.35038
VPS54,602.4,0.16538,0.23562,0.64819
REG3G,0,NA,NA,NA
ASXL2,1375.8,0.36091,0.0344,0.28248
ETAA1,361.12,-0.19318,0.27297,0.68581
SNRPG,469.18,0.17184,0.38099,0.76122
ABHD1,0.69962,3.0157,0.30196,NA
MEIS1,596.87,-0.087926,0.59077,0.86547
TRIM43B,0.17855,1.0904,0.7893,NA
TRIM43,0,NA,NA,NA
CIAO1,1698.8,0.07153,0.50621,0.8256
ZNF514,561.88,0.023252,0.9033,0.97663
SNRNP200,4345.4,0.2132,0.031043,0.27066
MRPS5,689.32,-0.037923,0.80002,0.94529
ANKRD53,16.866,-0.22106,0.72368,0.91845
TPRKB,247.4,0.049066,0.8114,0.94808
NAT8,0.85007,0.74185,0.81546,NA
EXOC6B,1146.9,0.34362,0.0023487,0.068949
SFXN5,267.2,0.27373,0.19947,0.61304
TEX261,2103.8,-0.15282,0.13163,0.51561
DQX1,2.0883,-0.57028,0.76859,NA
DUSP11,413.22,-0.07634,0.63719,0.88614
ST6GAL2,7.2067,0.079976,0.92992,NA
NPHP1,167.97,0.012852,0.95356,0.98999
MALL,311.92,-0.49057,0.0047756,0.10427
THNSL2,139.24,-0.042729,0.88141,0.97005
RALB,1943.5,-0.049489,0.66718,0.89547
C1QL2,0,NA,NA,NA
TMEM177,89.325,-0.20838,0.50497,0.82533
NT5DC4,4.5591,0.63979,0.5678,NA
RABL2A,186.03,0.4452,0.03096,0.27063
SLC20A1,4501.3,0.55771,0.26789,0.6813
FBLN7,384.36,-0.62013,4.3623e-5,0.005157
ZC3H8,200.14,0.10468,0.62619,0.88404
LIPT1,76.344,0.029751,0.91725,0.98099
CNGA3,15.494,0.67227,0.31218,0.71249
FAHD2B,90.264,-0.14323,0.65284,0.89083
LYG1,8.4793,0.037414,0.96371,NA
AFF3,235.58,-1.0927,0.0028035,0.078078
UBXN4,3071.7,0.031561,0.74439,0.92665
NXPH2,0.34427,1.972,0.62539,NA
SPOPL,552.97,0.1299,0.45289,0.80124
THSD7B,0,NA,NA,NA
GPR17,5.9157,-1.1116,0.2566,NA
POLR2D,701.19,-0.20153,0.1954,0.60772
AMMECR1L,906.01,-0.0034976,0.97678,0.99365
GALNT13,8.1552,-2.2843,0.14658,NA
PKP4,1138,-0.35627,0.018411,0.20863
SCN1A,5.0711,0.26615,0.7922,NA
SLC4A10,0.19634,1.1791,0.7726,NA
SCRN3,521.57,-0.0071433,0.95864,0.99015
LNPK,1627.4,-0.17048,0.12006,0.49683
ZNF385B,0.60611,-1.2093,0.69996,NA
TMEFF2,2.3015,-2.4928,0.15845,NA
CDCA7,249.57,-0.67977,0.014458,0.18477
DLX1,86.166,-0.49871,0.10229,0.46461
UBR3,1149.1,0.21828,0.074222,0.39937
PHOSPHO2,22.826,-0.0016999,0.99735,0.99957
GULP1,42.406,0.48909,0.23877,0.65203
FAM171B,641.16,0.26899,0.058329,0.35749
HSPD1,5087.3,0.083872,0.46355,0.80641
CCDC150,39.677,0.23315,0.59647,0.86904
METTL21A,502.61,0.0017198,0.99221,0.99889
UNC80,0.12605,-0.66732,0.87009,NA
PTH2R,0,NA,NA,NA
CPO,2.5779,1.5561,0.31506,NA
NBEAL1,765.84,0.25132,0.31231,0.71249
KANSL1L,205.19,0.17601,0.34426,0.73646
SPAG16,221.79,-0.0084256,0.96329,0.99153
ABCA12,11.498,1.9206,0.013591,NA
SUMF1,1173,-0.16079,0.22032,0.63663
NYAP2,2.8716,0.013515,0.99207,NA
RHBDD1,760.92,-0.37538,0.020422,0.22023
ACKR3,257.59,-0.42893,0.15731,0.55671
TRPM8,21.781,0.57671,0.43191,0.7916
HES6,28.948,0.31532,0.48143,0.8167
ESPNL,91.055,-0.56407,0.067871,0.3855
ANKMY1,154.39,0.3245,0.25278,0.66725
COPS7B,586.49,0.2814,0.11453,0.48619
DIS3L2,382.64,0.35872,0.072002,0.3947
CPNE9,0.90244,0.98639,0.73459,NA
FANCD2,282.05,-0.42911,0.16074,0.56162
TAMM41,144.8,0.40395,0.086915,0.43136
VGLL4,822.96,-0.035249,0.78954,0.94112
RAB5A,1319.5,-0.0088855,0.93816,0.98587
RETREG2,2493.4,0.098335,0.37138,0.75462
CTDSP1,2805.5,-0.36329,9.5933e-4,0.04008
CNOT9,924.68,-0.11893,0.36898,0.7537
MARCHF4,873.28,-0.42215,0.0065499,0.12054
STK11IP,407.5,0.41677,0.033748,0.28051
GMPPA,686.01,-0.09897,0.47877,0.81568
GRIP2,10.464,-1.219,0.20726,NA
EAF1,431.28,0.10147,0.48016,0.81587
CNTN4,2.1126,1.0267,0.54197,NA
DYNC1LI1,860.87,0.1648,0.24131,0.65515
RBMS3,1033.8,-0.18812,0.23871,0.65203
GADL1,65.517,0.50311,0.17308,0.57667
OSBPL10,91.337,0.037702,0.89008,0.97304
POMGNT2,277.89,-0.30061,0.15976,0.55995
ACKR2,9.3877,0.32926,0.66806,NA
GASK1A,11.844,0.77325,0.31032,NA
CSRNP1,678.65,0.051772,0.70726,0.91067
SLC25A38,543.65,-0.18669,0.27489,0.68747
ITGA9,46.167,-0.72705,0.097753,0.456
SLC22A14,2.1727,2.1669,0.2339,NA
GOLGA4,3294.9,0.13955,0.21096,0.62653
CTDSPL,1213.5,0.17004,0.15585,0.55414
STAC,327.67,-0.74376,0.011582,0.16617
IQSEC1,2206,0.060349,0.64879,0.88985
CAND2,24.223,-0.596,0.28519,0.69371
RPL32,11267,-0.14295,0.27341,0.68584
PTPRG,3177.7,0.24439,0.017404,0.20297
IL17RD,403.05,0.29811,0.17512,0.57925
SHQ1,446.2,-0.076687,0.6614,0.8934
SLC25A26,299.87,-0.067508,0.7037,0.90942
UBA3,1011.8,0.084744,0.66421,0.89447
ARL6IP5,2593.8,-0.045807,0.6487,0.88985
TMF1,1598.9,0.04539,0.68774,0.90305
LRIG1,1475.4,-0.083162,0.53949,0.84216
LRTM1,1.0069,1.1279,0.6717,NA
LIMD1,1365.1,0.49363,0.016814,0.19928
ZNF660,28.713,-1.3662,0.01917,0.21318
NFKBIZ,764.77,-0.030884000000000002,0.8974,0.97569
COL8A1,13014,-0.54737,5.6325e-5,0.0062635
NXPE3,667.28,0.077558,0.60278,0.8713
ADGRG7,0,NA,NA,NA
MYH15,17.755,-0.63958,0.27778,0.68995
PHLDB2,522.94,0.10547,0.63434,0.88594
ABHD10,359.28,0.01983,0.92793,0.98311
TAGLN3,0.88874,3.764,0.16341,NA
PLA1A,0,NA,NA,NA
RABL3,477.58,-0.25585,0.23152,0.64542
ADPRH,61.51,-0.54814,0.081151,0.41808
IGSF11,1.4296,0.55893,0.78956,NA
ATG3,883.2,-0.0061064,0.96527,0.99243
NR1I2,0,NA,NA,NA
BOC,1158,-0.2062,0.10067,0.46221
SRPRB,783.13,0.14408,0.38407,0.76314
TMEM108,2.8604,-0.33698,0.83052,NA
AGTR1,35.951,-0.82539,0.056286,0.34971
MED12L,30.383,-0.95807,0.056696,0.35076
EIF2A,1980.7,-0.34591,0.0017201,0.056853
ALDH1L1,3.5463,0.90741,0.54596,NA
OSBPL11,413.57,0.10332,0.57442,0.85859
TRPC1,452.23,0.18575,0.27224,0.68475
NCEH1,836.94,0.02985,0.8498,0.96108
SPATA16,0,NA,NA,NA
FAM86B2,53.896,-0.58495,0.072157,0.39485
LPP,3025.4,0.51847,0.0086699,0.14114
TMEM44,513.8,0.12579,0.48498,0.81691
RUBCN,717.95,0.21971,0.20718,0.62278
AMT,92.967,0.082763,0.79279,0.94243
TCTA,377.3,-0.30705,0.075858,0.40202
NICN1,218.73,-0.17538,0.46372,0.80658
UCN2,43.42,-0.80204,0.10428,0.46942
DCAF1,651.45,0.10152,0.50293,0.82413
MANF,663.24,-0.050982,0.75703,0.93144
STXBP5L,1.0888,2.3092,0.32133,NA
EAF2,6.0404,0.28054,0.76313,NA
ILDR1,2.2204,1.9109,0.296,NA
TM4SF19,6.9475,-0.59138,0.52371,NA
MUC4,1.8014,-0.26528,0.89352,NA
SLIT2,10246,-0.10076,0.58044,0.86163
EIF2B5,672.91,0.16342,0.20901,0.62471
AHSG,0,NA,NA,NA
ECE2,0,NA,NA,NA
VWA5B2,1.9923,1.0378,0.54711,NA
DGKQ,812.9,0.50236,0.0019524,0.062183
FIP1L1,1359.1,0.11314,0.46185,0.80567
SLC26A1,66.194,0.29786,0.39347,0.7705
LYAR,295.53,-0.062079,0.7238,0.91845
CENPC,338.19,0.07836,0.61252,0.87592
EPHA5,1.8234,1.3488,0.47846,NA
CORIN,6.7386,1.3523,0.14511,NA
ATP10D,527.31,0.51406,1.81e-4,0.013889
OCIAD2,49.898,-0.61335,0.083343,0.42372
SLC10A4,1.2054,2.611,0.25738,NA
SLC10A6,2.7565,3.9271,0.026229,NA
SCD5,559.58,0.11546,0.40626,0.77813
PLAC8,30.831,0.35809,0.45942,0.80404
ENOPH1,657.39,-0.0068143,0.96678,0.99243
CABS1,0,NA,NA,NA
GC,0,NA,NA,NA
TRMT10A,99.282,-0.43742,0.12825,0.51046
KLHL8,374.29,-0.026609,0.86944,0.96677
SNCA,1.6252,-2.0491,0.3096,NA
PYURF,513.72,0.0049208,0.97218,0.99261
TBCK,805.36,0.19512,0.25138,0.66667
CAMK2D,3201,0.18744,0.074079,0.3992
CISD2,450.97,-0.012476,0.93809,0.98587
DDIT4L,144.81,-0.91717,6.848e-5,0.0069357
ANK2,1229.1,-0.31435,0.065095,0.37745
TIFA,210.35,-0.32056,0.22043,0.63663
SPATA5,180.75,0.18782,0.50825,0.82626
FABP2,4.9126,-0.24453,0.81937,NA
CCNA2,679.81,-0.26237,0.066512,0.3813
METTL14,440.52,0.01378,0.92754,0.98292
USP53,1186.1,-0.28609,0.1847,0.59361
SETD7,4320.4,0.060569,0.54702,0.84664
NAF1,241.5,0.21563,0.21253,0.62816
MARCHF1,37.937,0.71204,0.086149,0.42934
SFRP2,995.79,-0.76082,0.10699,0.47524
RPS3A,20911,-0.010489,0.93189,0.98398
RNF175,2.439,-0.85598,0.57623,NA
PDGFC,2134,0.12091,0.34408,0.73629
CBR4,231.05,0.30161,0.16076,0.56162
GLRA3,3.6253,0.12932,0.91547,NA
CYP4V2,551.58,0.32878,0.010808,0.15963
ROPN1L,14.317,-0.35658,0.54807,NA
NDUFS6,552.5,-0.048716,0.80505,0.94676
MARCHF6,2515.8,0.28225,0.037075,0.29611
NKD2,0.31398,-1.6916,0.67529,NA
CDH18,3.9465,-0.19275,0.87817,NA
ADAMTS16,8.3009,-0.14434,0.86605,NA
SRD5A1,643.93,0.25785,0.0462,0.32397
MYO10,2024.3,0.41219,0.033477,0.27926
OTULINL,8.393,0.85268,0.31328,NA
RPL37,11173,-0.20046,0.045764,0.32303
SKP2,494.56,-0.27478,0.077897,0.40805
OSMR,5647.8,0.3739,0.006475,0.12025
UGT3A1,0.51068,1.0382,0.75713,NA
PLK2,1076.9,-0.45404,0.043582,0.31626
SHISAL2B,0.17749,1.0869,0.78995,NA
GZMA,0,NA,NA,NA
PIK3R1,2646.2,0.25295,0.12974,0.51265
HAPLN1,94.552,-1.6374,5.8191e-4,0.029944
LHFPL2,1445.4,0.31261,0.021437,0.22468
SSBP2,598.16,0.018352,0.93525,0.9847
BHMT,4.703,-0.50165,0.75094,NA
ANKRD31,2.7763,-0.38557,0.80046,NA
IQGAP2,1.1953,-1.589,0.4936,NA
CRHBP,0,NA,NA,NA
RASA1,2763.2,-0.033588,0.84256,0.95806
LIX1,2.5016,0.36558,0.83037,NA
GIN1,89.514,-0.25234,0.37585,0.75834
PPIP5K2,1176.8,0.28432,0.04341,0.31558
PAM,19360,-0.22756,0.037826,0.29865
BDP1,1185.2,0.23048,0.14101,0.52671
GTF2H2,520.78,0.26453,0.16457,0.56493
SLC30A5,1221.3,0.0072263,0.95748,0.98999
BTF3,7935.2,-0.229,0.074873,0.40037
FBXL17,616.11,0.30808,0.045659,0.32264
SPATA9,1.9588,-0.87072,0.58867,NA
TSLP,13.626,-0.61715,0.33026,NA
TNFAIP8,324.91,-0.10616,0.56348,0.85418
FEM1C,1258,0.36126,0.012523,0.17116
COMMD10,234.1,-0.060719,0.74439,0.92665
ATG12,1308,0.12093,0.37852,0.75983
MEGF10,0.2578,0.12934,0.97471,NA
ADAMTS19,0.17527,1.0918,0.78904,NA
YIPF5,2380.9,-0.19416,0.1258,0.5073
ARHGAP26,141.36,-0.629,0.12842,0.51065
CXCL14,25.264,-0.036176,0.94067,0.98689
LECT2,6.1499,0.54327,0.58564,NA
SLC25A48,2.0517,0.58752,0.72417,NA
DDX46,1193.9,0.26877,0.016566,0.19815
IL9,0,NA,NA,NA
TIMD4,0,NA,NA,NA
RNF145,1369,-0.33063,0.0059746,0.1163
C1QTNF2,39.457,-0.8331,0.065296,0.37807
GABRA6,0,NA,NA,NA
GABRB2,0.47306,0.9686,0.77839,NA
FBXO38,732.82,0.14325,0.31084,0.71209
SPINK7,0.33141,1.8936,0.6394,NA
PCYOX1L,148.26,0.15328,0.50247,0.82375
GLRA1,0.6636,-1.3648,0.69351,NA
TNIP1,2163.3,-0.26001,0.020288,0.2202
G3BP1,3582.7,0.039495,0.72979,0.92106
ZNF300,220.14,0.11368,0.59731,0.86941
N4BP3,29.173,-0.024504,0.95686,0.98999
NHP2,1063.4,-0.17136,0.26972,0.68255999999999994
RMND5B,493.81,-0.16691,0.32314,0.72144
BOD1,900.72,-0.002034,0.98838,0.9976
CPLX2,0,NA,NA,NA
TENM2,1640.9,-0.7013,3.5532e-4,0.021787
KCNMB1,19.835,0.7075,0.23405,0.64719
FAM50B,136.85,-0.34371,0.11737,0.49331
MYLK4,57.78,0.39019,0.23031,0.64409
FAM217A,0,NA,NA,NA
TBC1D7,163.66,0.079763,0.73739,0.92417
FARS2,225.16,-0.11878,0.50378,0.82468
GFOD1,84.715,0.032038,0.91562,0.98049
CDKAL1,184.36,0.2092,0.31212,0.71249
PSD2,11.494,-1.7361,0.042677,NA
LRRTM2,15.851,-0.15211,0.84061,0.95717
ZMAT2,1146.6,-0.024692,0.85499,0.96313
GFRA3,1.1688,-1.378,0.58968,NA
KLHL3,14.674,0.59768,0.40185,0.77419
DCDC2,2.8133,-0.043334,0.97811,NA
SLC17A4,1.4966,0.44987,0.81092,NA
H2BC1,0,NA,NA,NA
KAAG1,0.35696,2.0162,0.61731,NA
TRIM7,100.48,-0.28881,0.29876,0.70345
TRIM41,1012,0.15301,0.25853,0.67364
HIGD2A,683.24,-0.21849,0.083927,0.42525
FAM193B,856.7,0.057752,0.74014,0.92453
PLA2G7,0.69779,0.074228,0.98262,NA
TNFRSF21,253.56,0.2756,0.16201,0.5624
RNF44,548.48,-0.0026191,0.98578,0.99648
MMUT,876.83,-0.023307,0.83875,0.95656
RASGEF1C,0.30676,-1.6718,0.67912,NA
DOK3,39.127,-0.47363,0.30135,0.70511
ABT1,433.01,-0.10523,0.50734,0.826
PPP1R18,3699.9,-0.17305,0.064331,0.37385
DAAM2,717.13,-0.68567,0.0039228,0.095325
PRIM2,488.64,-0.53498,0.0065926,0.12099
MLIP,0.024881,0.40717,0.91973,NA
HMGCLL1,0,NA,NA,NA
LGSN,5.9348,1.2733,0.20972,NA
FGD2,1.7297,1.3513,0.49656,NA
SCUBE3,651.35,-0.34,0.17633,0.58151
ANO7,52.7,0.068793000000000007,0.86538,0.96539
CRIP3,1.6288,-1.8931,0.35991,NA
TTBK1,2.7356,-0.72534,0.6329,NA
TCTE1,24.615,1.0006,0.039867,0.30661
RPL7L1,2995.9,-0.016958,0.8877,0.97216
NFKBIE,121.27,0.50273,0.033858,0.28067
CYP39A1,18.68,-0.65476,0.26939,0.68255999999999994
TPBG,3684.3,0.33383,0.042956,0.31367
IRAK1BP1,166.91,0.19044,0.53891,0.84196
PHIP,2001,0.45428,0.0020822,0.064295
PRSS35,3.7556,0.64964,0.62992,NA
MMS22L,400.76,-0.20709,0.22892,0.64352
FAXC,48.298,0.14957,0.78282,0.93992
GABRR1,0,NA,NA,NA
PNRC1,1306.2,-0.1074,0.37472,0.75775
PM20D2,221.36,0.026029,0.89475,0.97423
RARS2,828.71,-0.18889,0.18243,0.59092
SCML4,14.225,0.45986,0.49559,NA
TBC1D32,119.22,-0.2204,0.3945,0.77085
CLVS2,1.1644,0.18592,0.9499,NA
GPR6,0,NA,NA,NA
RNF217,473.54,0.029395,0.84003,0.95682
RSPO3,14.762,1.3596,0.044937,0.3205
ARHGAP18,1155.2,-0.39593,0.052673,0.34291
TAAR2,0,NA,NA,NA
TAAR6,0,NA,NA,NA
TAAR8,0,NA,NA,NA
ABRACL,106.93,0.19288,0.50636,0.8256
TAAR1,0,NA,NA,NA
SLC18B1,64.685,0.32357,0.28221,0.69316
MTFR2,50.357,0.28853,0.4392,0.79579
SLC2A12,49.161,-0.89025,0.033308,0.27856
SHPRH,431.66,0.014795,0.92947,0.98324
AIG1,483.43,-0.40641,0.0045308,0.1006
DYNLT1,947.77,-0.13741,0.34661,0.73809
TIAM2,190.79,-0.20129,0.38383,0.76301
TMEM181,1525.2,0.30075,0.079178,0.41262
PNLDC1,0.17662,1.0962,0.7882,NA
WTAP,1615.7,0.096902,0.34829,0.7391
ZMYM4,1671.2,0.090929,0.55694,0.85127
VIP,0,NA,NA,NA
ARMT1,542.26,-0.06418,0.62025,0.88027
SLC22A3,3.1759,0.59592,0.63994,NA
VWDE,0.57073,-2.5217,0.4803,NA
GNA12,2695.6,0.041091,0.72044,0.91754
C7orf50,715.18,0.016746,0.92952,0.98324
SDK1,56.665,-0.24524,0.47399,0.81239
CCZ1B,918.03,-0.031504,0.81815,0.95064
C7orf26,452.27,0.19404,0.17869,0.58545
RBAK,391.32,0.12581,0.45501,0.80272
CREB5,504.04,0.44392,0.067275,0.38415
FERD3L,0,NA,NA,NA
EGFR,7603.7,0.48476,0.002533,0.07255
CDCA5,553.94,-0.21921,0.11917,0.49599
IGFBP3,135590,-0.33119,2.907e-4,0.019363
PURB,1586.3,0.37444,0.018956,0.21236
IGFBP1,3.78,0.4976,0.69662,NA
SSC4D,5.578,-1.3652,0.18368,NA
MDH2,2277.6,-0.16151,0.18555,0.59427
POMZP3,159.42,0.28211,0.20551,0.62039
NIPSNAP2,671.76,-0.16113,0.27021,0.6828
CCT6A,3011.1,0.026113,0.83602,0.95609
PSPH,402.95,-0.17915,0.28564,0.69371
TRIM50,0,NA,NA,NA
ZNF92,123.63,0.32288,0.23023,0.64409
ATXN7L1,332.87,0.038308,0.83572,0.95609
TMEM168,602.82,0.35573,0.044733,0.31988
ASB15,0,NA,NA,NA
TRAPPC14,241.55,0.24224,0.18395,0.5925
SLC12A9,796.23,-0.1458,0.28288,0.69371
GIGYF1,2585.2,0.19308,0.27825,0.69004
TRIM4,1005.1,-0.23216,0.22097,0.63663
MEPCE,1507.1,-0.011893,0.90993,0.97885
ZAN,0.1544,-0.82083,0.84057,NA
TMEM209,310.38,0.037868,0.84502,0.95868
AGBL3,6.3842,-0.6226,0.53173,NA
STRA8,0.97048,0.068815,0.97952,NA
ZC3HAV1L,187.72,-0.1154,0.64736,0.88968
TMEM140,346.77,0.078844,0.63712,0.88614
TLK2,1138,0.066956,0.57461,0.8586
EPHA1,10.946,0.30808,0.69653,NA
NOM1,510.61,0.027135,0.86308,0.9649
CNPY1,0.84207,-0.4806,0.85102,NA
NCAPG2,1039.8,-0.34074,0.01327,0.1766
ASB10,0,NA,NA,NA
NLGN4X,20.661,-0.29567,0.58172,0.86163
SHROOM2,43.703,0.47816,0.25108,0.66646
RAB19,14.45,-0.31992,0.6367,NA
LUC7L2,1278.1,-0.04709,0.68174,0.90043
DENND2A,1088.8,-0.053409,0.79036,0.94113
CLTRN,4.2204,1.0848,0.36784,NA
SH3KBP1,2045.4,0.1906,0.13228,0.51735
TMEM47,4556.2,-0.3047,0.010995,0.16103
LANCL3,3.8762,1.4719,0.29941,NA
SYTL5,0.33344,0.1289,0.9748,NA
CASK,1044.2,0.07562,0.56494,0.85504
KDM6A,662.25,0.087798,0.49982,0.8227
SPIN2A,27.282,0.28185,0.62234,0.88171
MSN,11975,0.11805,0.41027,0.77988
AKAP4,0,NA,NA,NA
CCNB3,3.1749,-0.98681,0.45293,NA
HDAC8,338.68,0.3976,0.010829,0.15963
SLC16A2,1663.9,0.10899,0.37189,0.75482
DIPK2B,12.502,-0.35991,0.59094,NA
ZNF157,1.9305,-2.2137,0.23951,NA
ZNF182,118.56,-0.30558,0.20726,0.62278
CHST7,131.88,0.27195,0.26871,0.68187
KRBOX4,238.43,-0.019457,0.92111,0.98198
NDUFB11,753.02,-0.1158,0.48043,0.81587
ZNF41,250.31,-0.13818,0.48581,0.81691
RAB41,7.8693,0.19004,0.81982,NA
ZMYM3,778.86,-0.084387,0.60499,0.8721
TAF1,1214.7,0.13671,0.39764,0.7721
GPR174,6.2929,0.13872,0.88762,NA
NONO,6142.1,-0.10969,0.2945,0.70011
CCDC120,133.6,-0.13881,0.59304,0.86651
LPAR4,12.901,-0.63595,0.40564,NA
EBP,244.33,-0.021092,0.90799,0.97802
AWAT2,0.31556,-1.7164,0.67086,NA
OGT,4356.5,0.35676,0.046884,0.32623
SNX12,1217.1,-0.11148,0.38913,0.76796
ITGB1BP2,4.3238,-0.44575,0.68405,NA
IL2RG,0,NA,NA,NA
GCNA,53.968,-0.16037,0.66289,0.89425
ZNF711,15.125,0.29875,0.6492,0.88985
CPXCR1,0,NA,NA,NA
DIAPH2,765.28,0.10709,0.40932,0.77942
NXF3,1.0281,-3.6064,0.21211,NA
RIPPLY1,0.79423,-1.8914,0.56397,NA
PRPS1,608.95,-0.24735,0.16744,0.57008
RADX,18.163,0.21502,0.69956,0.9087
FRMPD3,7.2896,-0.29639,0.73567,NA
HTR2C,0,NA,NA,NA
DOCK11,1019.4,0.20756,0.11598,0.48939
IGSF1,8.6501,1.5565,0.079804,NA
ARHGAP36,0,NA,NA,NA
GPC3,26.555,-0.41917,0.40016,0.7734
GPR119,8.5521,0.55989,0.53178,NA
RBMX,2612.5,-0.13288,0.23913,0.65249
MCPH1,395.72,0.16085,0.30005,0.70405
MFHAS1,609.79,0.18871,0.3156,0.71656
FBXO25,731.26,0.087509,0.59862,0.86988
FATE1,0.4253,1.6385,0.68754,NA
MAGEA4,0.4206,-2.1095,0.59824,NA
NSDHL,268.71,0.077667,0.68847,0.90331
ZNF185,61.727,0.36825,0.33116,0.72754
CETN2,725.4,-0.037566,0.82422,0.95258
RPL10,33054,-0.15819,0.17983,0.58642
CSGALNACT1,63.483,-0.30964,0.38956,0.76796
ATP6V1B2,1450,0.27314,0.018358,0.20821
CCDC25,870.09,0.083186,0.49213,0.81987
HMBOX1,168.41,0.22932,0.35963,0.74806
CHRNB3,0,NA,NA,NA
CHRNA6,0,NA,NA,NA
GNRH1,37.579,0.027576,0.94941,0.98976
BIN3,602.54,0.024341,0.87073,0.96719
DOK2,0.43216,2.2063,0.58149,NA
SLC25A37,512.06,-0.044407,0.83939,0.95674
CHMP7,1098.9,0.13273,0.24993,0.66537
DOCK5,2239.9,0.25085,0.17249,0.57637
STAR,5.3353,1.0194,0.40216,NA
PLPBP,667.85,-0.10488,0.3961,0.77146
ERLIN2,1716,0.064325,0.55381,0.85005
SNTG1,5.5109,0.62362,0.52304,NA
PXDNL,4.516,-0.29458,0.80195,NA
ST18,0.95677,1.1301,0.71128,NA
RGS20,61.324,-0.10929,0.73847,0.92448
TACC1,2214,0.13614,0.24266,0.65694
GOLGA7,1114.7,-0.15409,0.29361,0.69978
PLPP5,421.03,0.10158,0.48597,0.81691
GINS4,205.89,-0.20389,0.37107,0.75444
NSD3,1940.2,-0.068123,0.58496,0.86303
DNAJC5B,0.50152,1.2501,0.74573,NA
CRH,0.17452,1.0893,0.7895,NA
TRIM55,3.7999,-1.3178,0.25768,NA
ADHFE1,60.777,-0.44046,0.16226,0.5624
MRPS28,232.39,-0.035945,0.84674,0.95955
PMP2,0.64438,-1.3195,0.66821,NA
LACTB2,126.81,0.02391,0.9202,0.98177
PRDM14,4.6379,0.13745,0.90204,NA
TERF1,589.13,0.10255,0.46136,0.80548
RPL7,27750,-0.084852,0.62581,0.88388
SLC26A7,0.21764,1.3839,0.73321,NA
PSKH2,0,NA,NA,NA
ATP6V0D2,9.8023,1.8916,0.015627,NA
SYBU,36.177,-0.25457,0.50862,0.82626
DPYS,0.41101,0.76191,0.85128,NA
MTDH,4103.7,0.094409,0.34194,0.73501
LRP12,760.14,0.19316,0.22768,0.64274
EBAG9,211.1,-0.19051,0.36893,0.7537
RSPO2,2.1399,0.62909,0.71177,NA
POLR2K,458.4,-0.075206,0.66258,0.8942
MAL2,17.258,1.3222,0.1142,0.48543
EIF3H,3770,-0.1731,0.14706,0.53843
UTP23,506.48,0.23534,0.081542,0.41879
NDUFB9,802.04,-0.04919,0.71629,0.91617
TATDN1,358.63,-0.062603,0.73931,0.92453
FAM83A,7.4316,0.77045,0.41339,NA
GSDMC,3.3073,0.52493,0.74738,NA
FAM135B,0,NA,NA,NA
ZNF7,392.01,-0.11178,0.48628,0.81691
ARHGAP39,268.21,0.48428,0.008754,0.14211
SLC39A4,124.58,-0.28927,0.18747,0.59694
NAPRT,269.18,0.052933,0.77429,0.93692
VLDLR,947.42,0.095825,0.59861,0.86988
AK3,1543.3,0.085508,0.46344,0.80632
UHRF2,1905.8,0.049368,0.72334,0.91845
NFIB,267.71,0.22358,0.22762,0.64274
CER1,0,NA,NA,NA
PLIN2,3542.3,1.2798,1.0288e-14,1.6875e-11
IFNA5,0,NA,NA,NA
HAUS6,844.53,0.058977,0.70362,0.90942
CDKN2B,490.77,0.78653,0.0021462,0.065493
IFNA16,0,NA,NA,NA
CDKN2A,530.96,0.11838,0.41822,0.78499
C9orf72,75.609,0.22812,0.40669,0.77842
IFNK,0,NA,NA,NA
ZCCHC7,532.22,0.039381,0.80924,0.94735
FBXO10,199.66,-0.0074101,0.97128,0.99259
SIGMAR1,1260.2,-0.19102,0.175,0.57925
CBWD5,280.2,0.25074,0.17211,0.57587
CEP78,583.11,-0.088861,0.53003,0.83796
NTRK2,35.259,-0.59617,0.13481,0.52182
IDNK,39.875,-0.30701,0.47686,0.81421
SHC3,13.551,-0.3798,0.65424,NA
AUH,247.93,0.30363,0.080146,0.41568
MFSD14B,1323.1,-0.016951,0.89614,0.97481
AOPEP,492.97,-0.2006,0.27373,0.68651
PLPPR1,0,NA,NA,NA
OR13C4,0,NA,NA,NA
ZNF462,145.38,0.40192,0.20676,0.6224
INIP,526.28,-0.043954,0.78041,0.9395
UGCG,1767.2,0.0039728,0.96852,0.99243
ACTL7B,0,NA,NA,NA
SNX30,934.44,0.37134,0.0035083,0.089044
STOM,2205.6,-0.31601,0.028778,0.26108
GSN,8336.1,-0.33336,0.0077387,0.13319
MRRF,473.55,0.013295,0.9294,0.98324
NR6A1,19.776,0.80717,0.19547,0.60772
CRB2,2.0913,1.8632,0.36949,NA
OR5C1,0,NA,NA,NA
ALAD,1214,0.076065,0.5311,0.8383
ASTN2,194.73,-0.33408,0.1538,0.55067
WDR31,167.49,-0.11398,0.6492,0.88985
POLE3,726.38,0.0042748,0.97418,0.99287
SURF4,7181.7,-0.11553,0.27446,0.68725
GBGT1,80.983,-0.31804,0.28358,0.69371
SURF1,342.01,-0.073479,0.75282,0.92973
SURF2,153.67,-0.11228,0.6346,0.88594
SURF6,712.52,0.14752,0.24741,0.662
MED22,767.9,-0.20379,0.13743,0.52469
REXO4,674.11,-0.1611,0.25956,0.67473
RPL7A,33135,-0.26048,0.0268,0.25119
GTF3C5,845.25,-0.0054213,0.967,0.99243
ASB6,652.47,0.15045,0.28549,0.69371
PTGES2,620.85,-0.11229,0.41772,0.78499
NTMT1,440.34,-0.3129,0.069753,0.38943
CIZ1,3155.9,-0.03054,0.77382,0.93692
SLC25A25,376.47,0.46934,0.024929,0.24216
SH3GLB2,1527.7,-0.022783,0.84114,0.95753
MIGA2,459.68,0.18074,0.27729,0.68979
PTGES,350.31,0.7986,0.0034567,0.088236
LCN2,1.6389,-0.32129,0.866,NA
LRSAM1,359.81,-0.18328,0.36203,0.74987
HMCN2,6.4509,0.83797,0.53231,NA
GPR107,2245.4,0.1043,0.32966,0.72592
PAXX,330.23,-0.31302,0.045382,0.32154
IDI2,0,NA,NA,NA
INPP5E,605.46,0.1304,0.36012,0.74818
LCN9,0,NA,NA,NA
SEC16A,2762.1,0.34655,0.0097833,0.1498
DPH7,382.93,-0.012956,0.93037,0.98367
NOTCH1,855.2,0.13841,0.33646,0.73181
CACNA1B,2.0694,2.4913,0.18392,NA
NACC2,1530.5,0.10197,0.46482,0.80738
PROSER2,106.13,0.16533,0.61868,0.87937
USP6NL,456.56,0.04594,0.7654,0.93352
COMMD3,488.13,-0.075929,0.58264,0.86163
MSRB2,317.2,-0.27389,0.18214,0.59038
PDSS1,62.532,-0.28698,0.35627,0.74537
FAM171A1,935.92,-0.091618,0.46657,0.8077
MINDY3,659.69,0.012184,0.93347,0.98433
SLC39A12,0.64822,-1.3501,0.69896,NA
TMEM236,32.443,0.64883,0.14559,0.53486
RSU1,2241.2,-0.18354,0.13534,0.52234
ST8SIA6,11.792,0.41153,0.65447,NA
PARD3,1396.2,0.29621,0.021759,0.22584
ANKRD30A,0.15331,-0.83105,0.83862,NA
ZEB1,4048.3,-0.19402,0.13112,0.51485
FAM13C,16.337,-1.0838,0.19149,0.60156
NRBF2,660.58,-0.12875,0.33016,0.72667
A1CF,5.8968,0.47244,0.66717,NA
CDHR1,3.9348,1.6818,0.20018,NA
LRIT1,0,NA,NA,NA
RGR,3.1676,0.60951,0.63422,NA
POLR3A,771.3,0.21566,0.2628,0.6771
HERC4,2813.8,0.20065,0.091573,0.44275
LRMDA,19.704,-1.1475,0.16726,0.56991
CAMK2G,1073.9,0.16883,0.13935,0.52614
ADIRF,1203.9,-0.24209,0.044026,0.31707
GLUD1,5908.1,0.029594,0.77432,0.93692
ANKRD1,5.8167,-0.8231,0.41559,NA
HTR7,104.14,0.045649,0.88092,0.97005
RPP30,326.42,-0.041218,0.80235,0.94604
FRA10AC1,404.07,-0.025205,0.8711,0.96722
ADD3,3382.6,-0.17972,0.2879,0.69638
HABP2,0.70166,2.9946,0.30527,NA
VAX1,0.30628,1.716,0.67089,NA
DNAJB12,1114.7,-0.060639,0.62974,0.88575
EIF4EBP2,2923.3,-0.047808,0.67403,0.89761
NPFFR1,18.354,0.4939,0.4023,0.77461
PLEKHS1,3.1392,-1.376,0.30455,NA
TCF7L2,603.53,0.10164,0.60677,0.87264
MKI67,3307.5,0.074776,0.6735,0.89761
CYP17A1,1.0363,1.391,0.52712,NA
INA,67.976,0.30675,0.34797,0.73897
FUOM,51.021,-0.96427,0.01264,0.17153
LRRC27,293.86,0.032352,0.85911,0.96352
MTG1,482.88,0.16765,0.21286,0.62816
NKX6-2,0.15768,-0.83293,0.83825,NA
PAOX,94.597,0.033573,0.90105,0.97613
GSTO1,1699.3,0.19884,0.22207,0.63763
TAF5,127.57,-0.047807,0.83898,0.95665
PPRC1,859.29,0.13529,0.36707,0.75308
ITPRIP,1720.6,0.34216,0.053027,0.34336
CNNM2,301.38,0.28701,0.15853,0.55874
PDCD11,1025.7,0.21912,0.11417,0.48543
ADAM12,8655.3,0.24783,0.12476,0.50498
RGS10,744.45,0.05333,0.68065,0.89974
BTBD10,578.04,-0.11495,0.42995,0.79147
ADM,8512.9,-0.49638,0.011308,0.16395
GAS2,4.339,0.77685,0.48116,NA
SLC5A12,15.165,0.39606,0.53837,0.84121
LIN7C,558.11,0.12711,0.50772,0.826
LRRC4C,1.4917,4.2882,0.066813,NA
IMMP1L,34.482,-0.16796,0.71948,0.91742
SAA4,0,NA,NA,NA
PGAP2,322.49,-0.42637,0.0064979,0.12026
TUT1,316.89,-0.037776,0.83155,0.95449
SCGB1A1,0,NA,NA,NA
SYT8,3.3658,0.11553,0.95108,NA
ZNF214,78.898,-0.51833,0.06632,0.38069
ZNF215,75.131,-0.14561,0.70505,0.90979
HSD17B12,1091.6,0.11715,0.30291,0.70651
APIP,346.38,-0.097147,0.55188,0.84919
PAMR1,4712.2,-0.093765,0.3101,0.71206
DGKZ,1283.2,-2.2906e-4,0.99834,0.99963
EIF3M,2251,-0.16859,0.2292,0.64352
TNKS1BP1,7734.2,-0.0090549,0.93549,0.9848
GLYAT,2.1192,2.9684,0.1922,NA
SERPING1,4310.2,-0.32379,0.0034161,0.087742
OR5F1,0,NA,NA,NA
SSRP1,3023.3,-0.17433,0.10426,0.46942
SLC43A1,257.65,-0.28793,0.089428,0.43803
PTPRJ,433.78,-0.087725,0.59308,0.86651
C11orf49,437.49,-0.089644,0.56569,0.85519
ARFGAP2,1157.1,0.095732,0.44176,0.79618
CELF1,1737.1,0.10897,0.46958,0.81012
HIKESHI,413.04,-0.17201,0.33088,0.72741
CCDC81,5.2643,-0.43859,0.71646,NA
SESN3,205.46,0.72969,0.017674,0.20411
ENDOD1,446.99,0.26613,0.088338,0.43479
CCDC82,820.07,0.085909,0.63933,0.88719
KLHL35,41.03,-0.032387,0.93139,0.98395
TENM4,472.86,-0.13471,0.84208,0.95796
SERPINH1,11400,-0.78507,7.7226e-6,0.001316
CAPN5,1066.9,0.13938999999999999,0.30561,0.70826
INTS4,499.22,0.36631,0.0058676,0.11526
PAK1,980.68,0.06012,0.74424,0.92664
RPS3,22859,-0.065833,0.63297,0.88575
ZC3H12C,366.43,-0.079438,0.71501,0.9156
TTC12,110.78,0.1785,0.59371,0.86708
NCAM1,91.244,0.11956,0.69314,0.9057
DRD2,0.55679,-1.165,0.75112,NA
C11orf52,10.496,-0.063709,0.93015,NA
HTR3B,24.937,0.36791,0.47317,0.81209
NPAT,468.52,0.11441,0.45996,0.80422
ATM,1691.6,0.48223,0.0040286,0.096996
AASDHPPT,661.38,-0.11134,0.40445,0.77655
GLB1L2,4.2983,-0.57596,0.61775,NA
SLX4IP,138.42,-0.0048031,0.98392,0.99561
LAMTOR1,1048.2,-0.045692,0.72225,0.91806
P4HA3,392.58,-0.12437,0.43792,0.7949
GRIK4,1.6685,-1.9238,0.31549,NA
ST14,14.056,2.9265,0.0028383,NA
HYOU1,1872.8,0.11762,0.3036,0.70666
GGTLC1,0.47086,-2.2922,0.56619,NA
ADAM33,4995.5,-0.22898,0.26289,0.67719
SLC22A8,0,NA,NA,NA
KAT14,404.5,-0.082522,0.58183,0.86163
TKFC,360.06,0.18702,0.26972,0.68255999999999994
MTA2,1594.4,-0.041369,0.72245,0.91806
TMEM138,356.75,-0.1111,0.50378,0.82468
FADS1,585.04,-0.22949,0.12305,0.50233
TMC2,4.7029,0.99545,0.35257,NA
ROM1,78.901,-0.44754,0.15705,0.55637
EML3,1127.1,0.012269,0.91086,0.9789
INCENP,751.73,0.21096,0.23501,0.64772
ZP1,7.669,-0.50371,0.58871,NA
OOSP2,0,NA,NA,NA
MS4A3,0,NA,NA,NA
PLCH2,17.389,2.1384,5.027e-4,0.027833
CPSF7,1799.9,0.34693,0.0021749,0.066063
MS4A2,1.9931,0.65203,0.69836,NA
B3GAT3,468.76,0.08011,0.57373,0.85848
EI24,1967,-0.17137,0.1639,0.56478
CCDC15,92.147,0.029956,0.90664,0.97742
CHEK1,515.03,-0.092776,0.58548,0.86303
FEZ1,762.27,-0.31558,0.083862,0.42525
ESAM,6.7717,1.1121,0.26603,NA
KIRREL3,244.09,-0.78806,0.0013785,0.049732
MPZL2,12.661,1.0613,0.63548,NA
SCN2B,2.5462,1.1295,0.43012,NA
SIDT2,917.59,0.11011,0.53336,0.83906
TMEM25,48.602,-0.3236,0.4262,0.78951
TAGLN,4041.6,-0.4621,0.0066119,0.12117
JPH2,142.85,-1.3461,3.3172e-6,6.9737e-4
DUSP15,1.5025,-1.7173,0.42465,NA
COMMD7,822.33,-0.040451,0.77512,0.93725
C20orf144,4.311,-0.32178,0.76509,NA
KIAA1755,9.2084,-1.7313,0.048521,NA
SPATA25,11.553,0.13592,0.85369,NA
OCSTAMP,0,NA,NA,NA
DSN1,423.74,-0.21703,0.21163,0.62701
SOGA1,1820.4,0.20593,0.19722,0.60963
CNBD2,12.396,-0.057192,0.94159,NA
SPINT4,0.31075,-1.6959,0.6747,NA
CDH22,2.0752,1.7097,0.3277,NA
LSM14B,1252.2,-0.14386,0.2322,0.64596
YTHDF1,978.88,-0.086388,0.44811,0.79938
CABLES2,293.59,0.35439,0.082633,0.4224
LTO1,366.41,0.037693,0.81937,0.9513
GPHA2,0.35368,-1.8973,0.63771,NA
SLC22A9,1.4046,2.8494,0.23316,NA
TRPT1,251.95,-0.26453,0.17308,0.57667
NUDT22,419.93,-0.16069,0.27682,0.68913
FERMT3,108.19,-0.17377,0.63008,0.88575
PLCB3,1734.1,0.031215,0.80216,0.94598
MRPL49,644.63,-0.19021,0.28385,0.69371
CDC42EP2,968.41,0.10125,0.47075,0.81119
FAU,4121.8,-0.18604,0.19913,0.61251
TM7SF2,52.443,0.19617,0.59961,0.87037
VPS51,1986.2,-0.37879,0.0079764,0.13505
TBX6,17.725,-0.091186,0.87166,0.96751
PPP4C,1502.5,-0.075896,0.5113,0.82825
ALDOA,30559,-0.13692,0.19111,0.6012
TLCD3B,5.519,-0.51397,0.6662,NA
DOC2A,6.3459,0.40424,0.67944,NA
HIRIP3,316.83,-0.17778,0.24985,0.66529
TAOK2,1867.5,0.087146,0.42673,0.78967
TMEM219,869.67,-0.20725,0.1389,0.52597
HMGA2,1152.6,0.799,0.091876,0.44356
MMP3,4892.6,-0.2897,0.0039185,0.095325
CNKSR2,18.487,-1.5194,0.016532,0.19793
CNTN5,0.50666,-2.3348,0.53369,NA
KLRF1,2.4525,-0.63733,0.65395,NA
CLEC1A,3.7286,0.55879,0.65766,NA
MKX,329.43,-1.1245,8.7057e-4,0.037918
MPP7,20.873,-0.36772,0.46313,0.8062
ITGB1,84593,0.092608,0.45724,0.80345
FXYD4,0,NA,NA,NA
TRIM48,0,NA,NA,NA
OR8K1,0,NA,NA,NA
OR5M9,0,NA,NA,NA
PCDH15,8.7036,-0.89406,0.2982,NA
CTF1,214.64,-0.73172,0.0017567,0.057484
CWC15,640.61,-0.12608,0.39994,0.7734
FCGR1A,3.1289,5.1469,0.0035285,NA
ARID5B,4074,0.074554,0.6581,0.8929
KLHL1,0,NA,NA,NA
CDH8,3.8427,-0.45047,0.7297,NA
DCUN1D2,314.03,0.36181,0.035911,0.29052
TMCO3,4475.3,0.025376,0.79409,0.94273
TMEM218,208.58,-0.30857,0.14421,0.53276
TIRAP,145.29,-0.040459,0.8527,0.96176
EEF1AKMT1,122.27,-0.1697,0.50661,0.82564
LATS2,2068.9,-0.057938,0.58387,0.86259
SAP18,2095.4,-0.080132,0.51003,0.82687
ADGRL3,0.54468,0.12398,0.96626,NA
KIAA1328,321.79,0.39885,0.080884,0.4172
FAM124A,26.24,0.59219,0.26865,0.68187
MIA2,305.5,0.13102,0.44709,0.79903
HNMT,219.31,-0.23196,0.4317,0.7916
LYPD1,13.989,0.38926,0.54358,NA
LYPD6B,116.93,-0.6606,0.023024,0.23334
PDCD4,2311.2,0.10091,0.50476,0.82533
ADRA2A,1344.5,-1.3059,0.056624,0.35048
GPM6A,2.4964,-0.066787,0.96156,NA
WDR17,8.655,0.049949,0.94964,NA
SPATA4,3.4872,0.12058,0.92327,NA
VEGFC,1794,0.097129,0.63129,0.88575
CCDC102B,49.063,0.36254,0.3843,0.76325
CD226,17.796,0.8212,0.26831,0.68163
CNDP1,3.363,1.3763,0.30899,NA
FSIP1,42.165,-1.5315,0.02674,0.25099
DLG2,15.247,1.0017,0.11576,0.48929
CCDC83,1.2794,2.6666,0.22943,NA
RGS18,0,NA,NA,NA
PRSS23,12577,-0.97458,2.9466e-10,2.7618e-7
MTMR12,746.17,0.14958,0.29408,0.70011
PPP1R1C,0.36543,0.13421,0.97376,NA
C11orf53,0,NA,NA,NA
CCT5,3518.2,-0.082618,0.55751,0.85146
ATPSCKMT,245.29,-0.3785,0.03901,0.30379
DOCK1,3496.7,0.041015,0.66742,0.89548
DIXDC1,655.79,0.050767,0.72764,0.91976
DLAT,756.85,-0.038399,0.80551,0.94676
PIH1D2,21.691,-1.0425,0.12338,0.50289
NKAPD1,812.68,-0.19266,0.29853,0.7034
TIMM8B,297.29,-0.0083401,0.96796,0.99243
IL18,5.706,1.0974,0.27925,NA
TEX12,1.5216,0.32393,0.86302,NA
PTS,236.34,0.04901,0.78469,0.93992
PIP4K2A,883.91,-0.010117,0.94378,0.98762
C2orf50,31.617,0.17515,0.75806,0.93199
FREM2,1.22,1.4193,0.5732,NA
FOXO1,134.23,0.078158,0.74624,0.92747
CRIM1,6831.4,-0.3143,0.0099301,0.15116
SEC24D,3408,-0.06065,0.53368,0.83925
ABCB9,237.04,0.23954,0.31602,0.71662
RILPL2,396.6,-0.14387,0.4488,0.79962
DHX37,539.13,0.018654,0.9131,0.97936
UBC,26422,-0.13236,0.21093,0.62653
ITPR1,103.49,0.76812,0.014424,0.18477
TKTL2,0,NA,NA,NA
PRSS53,229.15,-0.17037,0.44848,0.79961
SLC7A11,1870.8,0.67164,4.7e-9,3.0837e-6
NOCT,130.02,0.46157,0.069967,0.38961
ENKUR,1.7546,-1.5055,0.49275,NA
GPR158,4.4854,0.01824,0.9862,NA
LYZL2,0,NA,NA,NA
CACNA2D4,9.8507,-0.58769,0.50871,NA
DCP1B,312.78,-0.31039,0.14113,0.52687
CACNA1C,745.28,-0.62323,0.009958,0.15141
KCNA6,0.17522,1.0916,0.78907,NA
THRB,1433.1,-0.72866,0.13839,0.52544
NGLY1,484.87,-0.14461,0.35143,0.74318
OXSM,118.98,-0.04062,0.86219,0.96453
UEVLD,605.79,0.13969,0.32587,0.72311
TMEM86A,39.477,-0.030883,0.94068,0.98689
C12orf45,465.91,0.40471,0.069949,0.38961
TMEM263,2513.8,-0.056064,0.57832,0.86052
BTBD11,47.729,0.89905,0.05588,0.34867
UBE3B,1222.5,0.066933,0.57816,0.86045
ANK3,17.591,-1.0074,0.28071,0.69232
IPMK,380.39,0.088201,0.61901,0.87945
RAD9B,11.761,-0.11406,0.86864,NA
PLBD2,4572,0.0061134,0.95079,0.98999
DLG5,2568.9,0.16773,0.088543,0.43486
MAT1A,0,NA,NA,NA
SLC2A13,341.96,0.43942,0.056803,0.35126
GXYLT1,581.47,0.14794,0.30656,0.70912
TWF1,3318.8,-0.024241,0.85142,0.96136
DIP2C,1588.2,0.090827,0.43564,0.79431
EIF4E,1021.8,-0.003882,0.98071,0.99534
MAGI1,618.88,-0.16887,0.25103,0.66646
TEX30,173.6,-0.17511,0.4418,0.79618
CSNK1G3,1115.1,0.076633,0.51181,0.82851
SRFBP1,185.66,0.1718,0.39834,0.77246
AKAP6,47.127,-0.22084,0.63197,0.88575
NPAS3,11.103,-0.11645,0.87067,NA
FAM177A1,832.82,0.22584,0.13559,0.52236
MBIP,320.45,-0.18381,0.28286,0.69371
MIPOL1,147.73,-0.013132,0.95785,0.98999
EXT2,3289.7,0.012695,0.91479,0.98
TMEM18,472.46,-0.12582,0.42338,0.78735
ALLC,0,NA,NA,NA
KCTD14,9.1985,0.079765,0.91587,NA
THRSP,1.5377,3.0077,0.15424,NA
NDUFC2,1162.2,-0.1438,0.32557,0.72311
ME3,191.27,-0.72333,0.0083431,0.13853
MSGN1,0,NA,NA,NA
ADAMTS12,811.2,-0.13793,0.36116,0.74951
NUBPL,202.84,-0.12145,0.60053,0.87049
NEK7,5353,-0.73883,6.2706e-6,0.0010827
ATP6V1G3,7.5499,-1.1368,0.20035,NA
FER,1356,0.10524,0.6557,0.89207
VIPAS39,486.67,-0.07439,0.69467,0.90576
ANKRD50,1024.9,0.21006,0.15087,0.54495
UPF2,918.54,0.12117,0.31105,0.71221
CDC123,1070.7,-0.20883,0.098148,0.45703
SCLT1,199,0.0142,0.94037,0.98689
CCDC3,5.5288,0.7862,0.43143,NA
C4orf33,95.755,0.10885,0.9019,0.97626
FRMD4A,613.92,-0.15419,0.56585,0.85519
SLC25A31,0,NA,NA,NA
PTPRO,6.368,-0.72876,0.46011,NA
EPS8,2674,-0.31961,0.011841,0.16779
ACAD8,349.48,0.10319,0.51357,0.82993
THYN1,265.62,-0.19043,0.28915,0.69708
VPS26B,1923.8,-0.083996,0.49378,0.81999
NCAPD3,1142.4,8.5905e-4,0.99475,0.99899
VTI1A,491.54,0.14778,0.31628,0.71673
QDPR,416.65,-0.037902,0.84756,0.95981
FAM160B1,1026.5,0.37753,0.016933,0.19928
ANO4,99.141,-0.40243,0.10765,0.47542
TEX9,148.61,0.024140000000000002,0.9254,0.98238
QTRT2,294.56,0.2579,0.26222,0.6764
DRD3,0,NA,NA,NA
MMAA,204.05,0.10467,0.57621,0.85938
ZNF827,355.95,-0.34254,0.059543,0.36068
POU4F2,0,NA,NA,NA
EDNRA,74.692,0.43997000000000003,0.23913,0.65249
NR3C2,7.0241,-0.98063,0.34006,NA
AKR1C2,774.12,-0.48402,0.0063821,0.11947
DPYSL4,175.61,-0.3189,0.14312,0.53111
VENTX,5.208,0.41135,0.68858,NA
ADAM8,48.192,0.30079,0.39512,0.77097
ITIH2,1.3619,1.7039,0.3952,NA
KIN,260.61,0.0020647,0.9911,0.99841
PIGF,479.22,0.035569,0.80901,0.94735
ANKAR,53.389,-0.16581,0.63234,0.88575
INPP1,442.23,-0.12602,0.46082,0.80485
MFSD6,452.85,0.2243,0.31757,0.71725
RNF144A,36.168,0.11516,0.78896,0.94093
ASAP2,1468.2,-0.19581,0.13314,0.51887
ADAM17,986.93,0.10368,0.36303,0.75039
FLI1,203.29,-0.077525,0.76556,0.93352
KCNJ1,0.46676,0.90343,0.81774,NA
TMEM45B,9.2298,1.0391,0.19919,NA
WWC2,1545.9,0.018205,0.88598,0.97149
CENPU,583.01,-0.11074,0.53685,0.84028
ACSL1,900.55,0.18434,0.13034,0.51329
SLC25A4,316.63,-0.082426,0.61493,0.87756
AMN1,72.537,0.54925,0.068518,0.38721
BICD1,587.22,0.37881,0.029473,0.26357
SAV1,1011.1,0.36447,0.010131,0.15292
CCDC122,76.663,0.033508,0.90425,0.97672
SERP2,29.073,-0.34635,0.47946,0.81587
NBAS,1423.6,-0.22098,0.053808,0.3434
ZNF385D,279.57,0.31048,0.36682,0.75308
TDO2,2.0315,-1.132,0.51809,NA
GUF1,416.03,0.25328,0.08548,0.42828
SLC35F4,1.2959,-3.7792,0.10857,NA
GABRA2,2.3408,0.25651,0.87123,NA
SACS,5524,0.2566,0.21637,0.63314
CCDC175,0,NA,NA,NA
PABPC3,0.69408,1.6192,0.59039,NA
CENPJ,314.52,0.030212,0.89237,0.97407
FBXO4,147.56,-0.51945,0.021717,0.22573
TMEM267,270.54,0.014275,0.94741,0.98901
CCL28,32.86,-0.020398,0.96658,0.99243
PARP8,134.51,0.0080189,0.97415,0.99287
GFRA1,571.69,-0.33417,0.088365,0.43479
CACUL1,1022.8,0.11429,0.3102,0.71206
DST,18464,0.32792,0.054756,0.3457
BEND6,1011.4,0.089806,0.51809,0.83344
TIAL1,1629.2,0.06749,0.64123,0.88731
BAG3,1333,0.029244,0.82439,0.95258
GLT1D1,0.91539,2.0472,0.4118,NA
TMEM132D,0,NA,NA,NA
RBM46,0.17192,-0.84643,0.83567,NA
SCHIP1,8.7486,-0.70817,0.8291,NA
MCHR2,2.0204,-3.2886,0.10387,NA
KCNE4,137.19,-0.74421,0.018434,0.20871
AP1S3,63.643,0.50201,0.13561,0.52236
RABGAP1L,557.24,0.087543,0.56283,0.8541
CCDC74B,161.28,-0.30185,0.29984,0.70401
TLCD4,34.763,-0.54761,0.19378,0.60572
MZT2B,1637.6,-0.34767,0.0098678,0.15056
TUBA3E,3.2803,0.12291,0.9402,NA
ASTN1,2.9845,0.1131,0.93405,NA
CFC1B,0,NA,NA,NA
FAM168B,3635,0.056151,0.5497,0.84841
PTPN14,6968.1,0.20955,0.2684,0.68163
MGAT5,1398.9,0.021292,0.89581,0.9747
TMEM163,0.67712,2.9493,0.44778,NA
GPATCH11,330.69,0.034785,0.82903,0.95435
HSPB8,133.66,0.039012,0.85913,0.96352
GEMIN6,200.11,-0.035667,0.85471,0.96313
TMEM178A,13.464,0.2263,0.77079,NA
POU4F1,0,NA,NA,NA
OBI1,311.92,-0.24915,0.11248,0.48329
CYSLTR2,5.7385,1.0049,0.29054,NA
GRID2,0,NA,NA,NA
ARL11,7.5566,0.88676,0.39578,NA
RIT2,0,NA,NA,NA
SETBP1,611.42,-0.0093481,0.95476,0.98999
ARL14EP,526.94,-0.048546,0.78533,0.94004
EPG5,3117.3,-0.20458,0.14755,0.53927
PSTPIP2,171.57,-0.49521,0.01558,0.19251
ATP5F1A,6073.1,-0.11742,0.32689,0.72394
HAUS1,321.83,-0.20164,0.29457,0.70011
C18orf25,443.64,0.26034,0.18307,0.59151
SPC25,188.8,-0.14284,0.46468,0.80738
G6PC2,3.6954,0.70736,0.61605,NA
PDK1,1241.6,-0.20632,0.19642,0.60886
PTH,0,NA,NA,NA
PDE3B,6.4477,0.44764,0.61551,NA
TCF7L1,328.39,0.40798,0.024204,0.23916
TGOLN2,7826.2,0.10766,0.28509,0.69371
SH2D6,3.1643,0.6262,0.69643,NA
KCNK13,0.16752,-0.83144,0.83854,NA
UHMK1,1893.8,0.16244,0.28883,0.69708
ATG10,149.92,0.3735,0.16761,0.57035
POC5,90.083,-0.037868,0.88995,0.97304
SPOCK1,11066,-0.19419,0.027648,0.25603
FAM151B,40.776,-0.073823,0.83867,0.95656
TADA1,144.39,0.11844,0.57179,0.8573
GUCY1A2,54.761,-0.9851,0.0077447,0.13319
CWF19L2,297.79,-0.023661,0.8899,0.97304
JMY,1092.1,0.25462,0.034885,0.28537
HOMER1,180.04,0.0082202,0.97822,0.99409
XRCC4,122.29,-0.18736,0.41696,0.7849
BOLL,0.23302,0.13243,0.97409,NA
ZNF547,36.683,-0.44522,0.31884,0.71837
ZNF773,229.46,-0.074908,0.72594,0.91939
ZNF776,345.2,0.3266,0.035344,0.28771
ZNF256,102.09,0.42558,0.089387,0.43799
SUV39H2,231.68,-0.031751,0.89153,0.97388
DCLRE1C,472.17,0.23803,0.15763,0.55701
OLAH,3.1498,1.1485,0.50648,NA
RPP38,171.84,0.0093811,0.9625,0.99139
NMT2,777.35,-0.065404,0.59559,0.86842
ZSCAN1,0.71926,0.012619,0.9963,NA
ZNF837,43.443,0.38812,0.30385,0.70679
USP12,1158.7,0.079888,0.60575,0.87257
CCDC50,1788.8,-0.10226,0.36921,0.7537
CAMK4,70.393,0.20304,0.48664,0.81708
TRIM36,5.8148,0.88179,0.40748,NA
ZFP36L2,4735.4,-0.46097,0.0017415,0.057273
PAN3,744.53,-0.025063,0.85456,0.96312
PLEKHH2,380.01,0.22383,0.3391,0.73379
PFKM,1415.5,-0.02072,0.87062,0.96719
TMEM123,5199.6,0.044715,0.71042,0.91297
GRIA4,4.1525,-1.1511,0.39048,NA
IGSF10,175.09,-1.4002,0.044427,0.3182
SPEF2,287.12,-0.086412,0.63003,0.88575
SPARCL1,3.1146,4.7977,0.018027,NA
DSPP,0.35041,1.9938,0.62141,NA
DMP1,0,NA,NA,NA
MEPE,0,NA,NA,NA
MBNL1,4210.4,-8.9187e-4,0.99455,0.99899
CAPSL,6.035,-0.39703,0.67624,NA
NADK2,799.73,0.15238,0.28424,0.69371
GPD1L,204.54,0.32319,0.11372,0.48473
GJA1,7543,-0.0035523,0.98319,0.99542
CCNO,4.2158,1.216,0.32679,NA
DDX4,0,NA,NA,NA
CLEC4F,0.17638,-0.86119,0.83285,NA
SLC30A6,786.36,0.23942,0.063551,0.37114
PELO,657.32,-0.11302,0.421,0.78594
RASGRP3,29.652,0.21852,0.68555,0.90237
SAR1B,1020,0.1678,0.13538,0.52234
CATSPER3,4.6976,-0.11386,0.92001,NA
GPR180,419.06,-0.037514,0.83805,0.9565
DYNLT5,52.279,-0.6186,0.085469,0.42828
DNAI4,68.504,0.38596,0.25317,0.66727
ANKRD22,4.7555,0.67391,0.66413,NA
FARP1,4551.6,-0.23427,0.035205,0.28711
IFIT5,479.72,0.17342,0.2442,0.65853
SLC16A12,3.5881,-1.888,0.2464,NA
PANK1,63.402,0.080145,0.79031,0.94113
PRDM8,705.47,0.069851,0.68561,0.90237
BMP3,5.3274,2.2311,0.070321,NA
HNRNPDL,4145.1,-0.13639,0.16959,0.57298
HHEX,2.6444,-0.69169,0.61458,NA
UTRN,4260.3,0.22298,0.10082,0.46241
GRM1,0.81771,3.3216,0.2878,NA
PTPRK,2284.7,-0.022601,0.82857,0.95435
GGPS1,691.29,-0.11844,0.35104,0.74249
CNTNAP4,0,NA,NA,NA
ZNF117,213.39,0.4692,0.069771,0.38943
RAB3C,0.50681,2.5317,0.52648,NA
LMNTD1,2.6665,0.23007,0.89567,NA
MARVELD2,26.878,-0.35221,0.45594,0.80339
RAD17,499.79,-0.0027621,0.98391,0.99561
MED21,373.15,0.015255,0.92144,0.98198
PLOD2,4726.5,0.10636,0.51844,0.83349
STK32B,840.87,-0.05072,0.76993,0.93544
NRSN1,11.547,0.86204,0.26015,NA
JAKMIP1,0.3431,-1.8285,0.65006,NA
ZIC1,22.764,0.70264,0.35949,0.74806
ADGRA3,737.84,0.43184,0.010765,0.15925
CPB1,1.6518,-1.1423,0.57395,NA
SREK1IP1,637.86,0.055867,0.71597,0.91596
LGI2,0.3914,-0.50553,0.901,NA
CWC27,529.62,0.038906,0.78584,0.9402
MR1,618.57,-0.42386,0.024517,0.2403
SRP19,472.15,0.10799,0.48118,0.8165
CENPH,197.98,-0.20821,0.30865,0.71054
CDYL,719.03,0.038014,0.76515,0.93352
CARHSP1,1934.3,-0.17001,0.18342,0.59181
TEKT5,0.38995,2.0911,0.60253,NA
BANK1,0.89174,-2.2199,0.42541,NA
TXNDC11,589.42,-0.045769,0.74204,0.9253
DAB2,8754.8,-0.11853,0.23569,0.64819
ACMSD,7.2388,-0.26118,0.764,NA
ACOXL,88.423,0.43105,0.12782,0.50985
BCL2L11,193.52,0.52572,0.012516,0.17116
ANAPC1,1442.4,0.22164,0.090857,0.44114
CAST,8475.2,0.15329,0.082875,0.42298
SCOC,981.2,-0.14009,0.264,0.67842
CLGN,53.693,-0.1948,0.56295,0.8541
CETN3,319.65,-0.16078,0.32447,0.72261
SMARCA5,2275.6,-0.022929,0.82999,0.95435
SYCP2L,3.9106,1.3308,0.25543,NA
BMP6,116.38,-0.16636,0.5118,0.82851
RGPD3,6.3113,-0.85388,0.36934,NA
RASSF3,220.11,-0.26962,0.25084,0.6663
HNRNPU,8276.2,0.063461,0.55279,0.84939
RANBP2,3044.7,0.33645,0.0086347,0.14093
AHCTF1,1660,0.16874,0.19471,0.60721
MERTK,3.9306,0.94944,0.45574,NA
TMEM87B,1548.5,0.32917,0.060036,0.36182
OR14K1,0,NA,NA,NA
PTPRR,1.3462,0.44972,0.83403,NA
NR4A2,63.921,0.64116,0.030532,0.26859
CCDC148,19.252,-0.61932,0.36419,0.7514
PLA2R1,1838,0.3482,0.0044795,0.10033
RBMS1,4379,0.097212,0.34138,0.73487
SCN3A,1.4494,-2.6474,0.22202,NA
FEZF2,2.319,0.5523,0.72896,NA
CD96,3.6133,-1.9857,0.22188,NA
SLC25A27,173.55,0.21322,0.53604,0.84028
ADGRF1,2.6752,0.31664,0.85397,NA
ADGRF4,1.3563,0.76983,0.77821,NA
FRMD1,0,NA,NA,NA
CYRIB,295.66,0.15899,0.37916,0.75983
ASAP1,2664.5,0.28401,0.031204,0.27135
TRAPPC8,909.7,0.28147,0.027959,0.2571
FAM81B,0,NA,NA,NA
INO80C,87.919,0.03823,0.88958,0.97292
LPCAT1,1618.6,-0.12972,0.267,0.68043
PLEKHG4B,6.0404,1.7607,0.11053,NA
NMRAL1,467.41,-0.11139,0.49769,0.82153
UBALD1,441.22,-0.06158,0.68919,0.90381
C16orf89,2.1431,0.35594,0.84345,NA
TMEM251,202.54,0.26777,0.14919,0.54184
ING1,386.78,0.04465,0.76917,0.93533
TEX29,10.278,-0.43956,0.54804,NA
SPACA7,2.81,-0.029205,0.98294,NA
ADPRHL1,151.01,-0.52267,0.031014,0.27063
CMTM7,166.41,-0.078686,0.7661,0.93352
FBXL2,100.14,0.088133,0.72567,0.91939
UBP1,1566.7,0.13961,0.22203,0.63763
RMND5A,695.15,-0.14414,0.29481,0.7003
CD8A,2.1462,0.83049,0.61903,NA
RPIA,281.27,-0.098017,0.58059,0.86163
GOLGA8F,6.8282,-1.165,0.28715,NA
PTPRD,48.382,0.23243,0.56287,0.8541
LURAP1L,862.04,-0.72255,6.2135e-4,0.030537
CNKSR3,342.81,-0.3853,0.013993,0.18202
GTF2E1,156.67,-0.47609,0.034195,0.28178
CFDP1,982.73,0.058353,0.66174,0.89354
TGIF2LX,0,NA,NA,NA
ZDHHC7,1959.1,-0.082117,0.41422,0.78254
CIBAR2,8.3434,0.69759,0.46478,NA
C7orf31,72.099,-0.74321,0.021114,0.22285
TMPRSS11D,1.9447,0.09667,0.95869,NA
JAZF1,612.25,-0.39271,0.014139,0.18297
CMIP,921.5,-0.09368,0.44895,0.79962
SPHKAP,0,NA,NA,NA
KCNJ16,0.76901,1.7531,0.59554,NA
PID1,533.55,0.30337,0.53416,0.83943
TRIP12,5170.6,0.28121,0.026776,0.25115
FBXO36,65.778,0.26956,0.40909,0.77942
CEBPG,1094.2,-0.51079,3.2579e-4,0.020522
KCTD15,799.3,-0.19749,0.16299,0.56391
ZNF599,116.57,-0.12752,0.66004,0.89303
MCOLN2,5.3608,0.13444,0.89795,NA
LGI4,20.36,1.569,0.010108,0.15292
DDAH1,2838.4,-0.25208,0.079854,0.41499
SREK1,1329.3,0.39543,0.0043381,0.099171
CHD1,769.99,0.20255,0.23993,0.65358
ANKFN1,17.204,-1.4875,0.066256,0.38065
DGKE,177.19,0.53108,0.074433,0.39937
HS2ST1,1218.2,0.42066,0.0046036,0.1017
MSI2,198.1,-0.19928,0.41155,0.78077
CACNA2D1,1299.3,0.36777,0.011829,0.16779
ZUP1,152.21,-0.072763,0.73279,0.92281
HS3ST3A1,741.11,0.12056,0.56123,0.85373
GDPD1,25.806,0.26425,0.57584,0.85915
NUS1,1486.9,0.0798,0.51878,0.83349
SEMA3D,307.16,-1.128,2.8402e-4,0.019112
PPP2R5E,1426.5,0.1289,0.24904,0.66455
ASB17,0,NA,NA,NA
GRAP,1.4203,0.64677,0.75609,NA
SLC5A10,0.40225,2.2864,0.57053,NA
AK5,1835,-0.17288,0.11709,0.49247
CABYR,56.495,-0.23973,0.49059,0.81959
IMPACT,799.04,0.15863,0.24201,0.65598
ANKRD29,95.616,-0.22639,0.40516,0.77727
SDHAF4,93.712,0.1042,0.6781,0.89895
CHST9,2.9615,0.80037,0.58219,NA
THY1,10889,-0.75861,3.2691e-9,2.3832e-6
DNAAF1,2.9375,1.6388,0.29744,NA
C16orf74,29.41,-0.54975,0.21968,0.63663
TBCEL,744.69,-0.028833,0.83773,0.9565
JPH3,10.671,-0.08533,0.92619,NA
ANKH,3279.4,0.30013,0.15406,0.55117
OTULIN,573.96,0.26305,0.21353,0.62838
UBASH3B,771.56,-0.0080023,0.96937,0.99255
ROBO4,28.941,0.29617,0.52494,0.83551
ROBO3,221.53,-0.083604,0.65227,0.89083
PANX3,0,NA,NA,NA
TBRG1,1291.9,0.26395,0.093714,0.44631
NRGN,51.419,0.28132,0.41425,0.78254
RETREG1,47.265,0.58689,0.10516,0.47126
CDH12,30.545,0.37053,0.48883,0.8186
GPR15,0,NA,NA,NA
TOMM70,1569.2,0.0030649,0.97705,0.99365
ABI3BP,5057.3,-0.228,0.12725,0.50985
ANGPT1,280.4,-0.26249,0.23313,0.64652
PITPNC1,286.12,0.26977,0.29248,0.69916
CC2D1B,675.12,-0.17068,0.28333,0.69371
CERS3,3.5387,3.1389,0.051568,NA
PRKCA,5251.5,0.26101,0.12738,0.50985
LRRK1,1671.2,0.082643,0.44686,0.79903
CEP112,346.22,-0.063009,0.71887,0.91742
GAL3ST2,0,NA,NA,NA
ABCA9,981.55,0.30404,0.092797,0.44489
ABCA6,1260.9,0.036855,0.80669,0.94676
ABCA10,117.76,-0.0051139,0.99013,0.9982
ABCA5,238.3,-0.020066,0.94223,0.98753
ENPP3,0.31891,-1.7092,0.67199,NA
C4orf19,6.9787,0.61964,0.55136,NA
UCHL1,137.47,-0.13724,0.51761,0.83306
MIA3,2565.3,0.25805,0.036562,0.2938
DISP1,153.79,0.56624,0.035655,0.28934
TNIK,41.045,-0.37473,0.32916,0.72546
FAM167A,441.64,-0.0065182,0.9732,0.99285
NEIL2,328.53,0.023721,0.89375,0.97414
PGM5,12.792,0.39195,0.65066,NA
WNT3A,0.49764,1.012,0.76496,NA
OBSCN,462.22,0.086548,0.65714,0.8929
LONRF1,388.51,-0.14243,0.33925,0.73399
TRIM11,511.34,-0.15206,0.30587,0.70826
ENAH,3129.8,0.20731,0.076768,0.40472
PPP1R3A,0,NA,NA,NA
CCSAP,309.89,0.072334,0.71043,0.91297
ASZ1,0.79024,-1.7335,0.54335,NA
SH3RF1,1471,0.31529,0.0050694,0.10566
GBP5,31.972,-0.20084,0.67881,0.899
BUB3,2424,-0.17332,0.16484,0.5655
GPR26,5.2536,1.6706,0.14075,NA
CCDC173,5.7036,-1.8896,0.10398,NA
MMP21,3.042,0.73243,0.59864,NA
C10orf90,68.872,0.30135,0.36176,0.74975
DIPK1A,627.64,0.036902,0.81833,0.95064
ATP5MC3,1523.7,-0.093177,0.52325,0.83488
CNTNAP3B,11.461,-0.38594,0.62995,NA
MAGED4,851.22,-0.31906,0.077412,0.40688
SRSF12,6.3953,0.43647,0.64776,NA
PDLIM3,0.61665,-2.8622,0.41236,NA
SORBS2,19.356,-0.48693,0.45846,0.80363
ELOC,758.05,-0.088713,0.5311,0.8383
LY96,230.65,0.05667,0.75293,0.92973
PSMA8,0,NA,NA,NA
TMSB4Y,0,NA,NA,NA
CXADR,7.7298,0.4427,0.67276,NA
BTG3,464.62,-0.14603,0.37161,0.75475
C21orf91,237.3,0.10886,0.64787,0.88985
CHODL,0.93785,0.046199,0.98807,NA
TMPRSS15,2.8869,1.027,0.49431,NA
NCAM2,19.471,-0.2395,0.67346,0.89761
L3MBTL4,3.6044,1.298,0.35412,NA
PDE1C,1007.2,-0.8185,1.0816e-5,0.0017502
RABGEF1,2145.6,-0.036863,0.72044,0.91754
MRPL39,254.14,-0.18819,0.29326,0.69954
JAM2,185.79,-0.0099088,0.9594,0.99019
ATP5PF,869.15,-0.10403,0.48267,0.81691
GABPA,1089.4,0.079109,0.52044,0.83379
ADAMTS1,6733,-0.033338,0.73272,0.92281
ADAMTS5,940.55,-0.1526,0.49426,0.81999
TSEN2,152.12,-0.050954,0.80762,0.9471
SLFN13,37.155,0.1594,0.69575,0.9063
WNT7A,2.2411,2.5871,0.12982,NA
XPC,2563.2,-0.090724,0.35357,0.74455
CCDC174,367.21,0.043284,0.81605,0.95016
FGD5,4.6765,1.1671,0.31173,NA
FLCN,879.86,0.88742,3.6521e-7,1.141e-4
DPH3,632.83,-0.12923,0.39661,0.77146
OXNAD1,133.66,-0.096759,0.68037,0.89974
PLCL2,128.01,-0.22613,0.35235,0.74366
CXXC1,1036.1,0.0050057,0.96561,0.99243
SKA1,218.17,0.024249,0.9065,0.97742
PPP4R1,1688.2,0.147,0.28109,0.6924
APCDD1,808.36,-0.47813,0.0266,0.25021
PIEZO2,682.4,-0.082076,0.71577,0.9158
MPPE1,332.5,0.012494,0.94381,0.98762
USP43,7.0647,-0.68281,0.47336,NA
RAB6B,187.08,0.61261,0.0079672,0.13505
EME1,104.43,-0.80119,0.0050118,0.10566
EPHB1,78.662,0.25927,0.51517,0.83098
ACSS1,76.955,-0.70174,0.028765,0.26108
ANKRD40,1344.5,-0.18231,0.13654,0.52341
ZNF18,145.16,-0.12167,0.62237,0.88171
CA10,0,NA,NA,NA
VOPP1,2940.5,-0.13969,0.23777,0.65069
SEPTIN14,32.669,-0.27132,0.55236,0.84921
APOOL,521.78,0.060449,0.65476,0.89178
DKK2,131.94,-1.1129,0.001076,0.043178
CYP2U1,577.24,0.13052,0.37067,0.75424
RSPH10B,0.77188,-1.6784,0.56306,NA
FBXL18,536.39,0.37943,0.021038,0.22285
CNTNAP5,2.7859,-0.73079,0.58689,NA
PROM2,28.933,0.81111,0.075622,0.40178
AK9,174.81,-0.0033856,0.98997,0.9982
ODF1,0.55431,-2.6315,0.51057,NA
KLF10,1991.6,0.30798,0.025794,0.24676
PTPRN2,37.515,-0.34208,0.39857,0.77258
AZIN1,2741.4,0.020334,0.83751,0.95639
ATP6V1C1,1026.7,0.20389,0.066514,0.3813
PIP4P2,467.78,0.28287,0.066447,0.38125
OTUD6B,273.37,0.060049,0.72662,0.91939
CDK19,1107.4,0.052129,0.72834,0.92004
GTF3C6,484.95,0.067558000000000007,0.65326,0.89102
TTC39B,335.63,-0.083888,0.63288,0.88575
AGPAT5,338.18,-0.11875,0.65727,0.8929
MMS19,1453,-0.053944,0.64094,0.88731
OR4K1,0,NA,NA,NA
PI4K2A,1207.5,0.13034,0.25501,0.6696
MARVELD1,3018.3,-0.12344,0.22249,0.63763
ZFYVE27,524.93,0.12503,0.35545,0.7452
GOLGA7B,4.1789,0.9296,0.43634,NA
GPR78,3.5293,1.1492,0.3743,NA
TRMT44,183.29,0.08614,0.67352,0.89761
SLC25A28,383,0.18654,0.22952,0.64353
HSPA13,1579.2,-0.0056313,0.9661,0.99243
SAMSN1,0,NA,NA,NA
USP25,1699.3,-0.020132,0.85566,0.96313
GRAMD2B,470.54,-0.16437,0.36495,0.7518
ZCCHC10,162.35,-0.1331,0.57534,0.85887
C16orf87,142.15,0.47118,0.070743,0.39185
MOV10,865.73,0.037005,0.78274,0.93992
RHOC,6112.9,-0.044363,0.74319,0.92593
PPM1J,31.4,0.21512,0.63492,0.88595
DBI,953.55,0.030748,0.84467,0.95868
SLC16A1,1837.3,-0.084966,0.44003,0.79603
HEATR3,387.76,0.02248,0.89831,0.9758
TRIM74,9.8205,1.023,0.30646,NA
NIFK,613.27,-0.0031837,0.98232,0.99542
OXA1L,1528.1,-0.23691,0.041177,0.30911
SLC7A7,59.2,-0.092272,0.80164,0.94582
MAGEC1,0,NA,NA,NA
LARP1,6155.8,-0.074419,0.53252,0.83887
CNOT8,1142.8,0.0086036,0.93988,0.98684
GRIA1,546.33,-1.2841,4.0299e-6,8.1354e-4
LRGUK,3.5284,1.0745,0.36432,NA
SETD9,89.371,-0.050821,0.86114,0.96432
MIER3,385.12,0.13568,0.45772,0.8035
NUP205,1246.4,0.075482,0.60862,0.87353
ZKSCAN2,223.51,-0.028693,0.88257,0.97005
C9orf85,231.36,-0.063461,0.75259,0.92973
XAGE2,0,NA,NA,NA
PIK3AP1,6.244,1.3517,0.14995,NA
RBM45,177.02,-0.0711,0.7541,0.92978
TTN,504.66,0.43853,0.065434,0.37815
VSIG4,0,NA,NA,NA
PDIA4,4088.1,-0.19357,0.065787,0.37929
KDM8,65.856,0.045202,0.88207,0.97005
PDZD9,0.68346,1.61,0.63852,NA
OTOA,3.3721,-0.83311,0.51534,NA
KCTD18,565.13,-0.044038,0.74492,0.92678
FAM126B,303.7,0.16584,0.5279,0.83708
FLACC1,13.076,0.74067,0.31136,NA
C2CD6,7.4027,1.1273,0.25074,NA
TMEM237,719.1,-0.41809,9.6213e-4,0.04008
FZD7,1749.7,0.07645,0.55419,0.85022
SPAG17,2.3056,-1.4026,0.40467,NA
DEPTOR,57.705,-0.65504,0.2173,0.63435
FMN2,1876.6,-0.066072,0.67756,0.89889
RNF20,1133.1,0.14408,0.26059,0.67575
CYLC2,1.4441,-1.0095,0.60314,NA
PPARGC1B,21.042,0.26074,0.66116,0.8934
ELMO1,3.4931,-0.55737,0.71229,NA
SLC26A2,470.53,0.14123,0.40887,0.77938
LSM11,137.87,0.10857,0.61268,0.87607
MED7,188.63,0.12412,0.58428,0.86281
SAXO1,30.003,0.05852,0.89114,0.97373
RRAGA,2135.8,-0.10469,0.4214,0.78645
SLC24A2,9.0788,1.051,0.27354,NA
TRIM42,0,NA,NA,NA
PXYLP1,146.79,-0.24221,0.26351,0.678
ADCY8,1.1593,1.0055,0.69475,NA
RASA2,848.99,0.23562,0.1959,0.60843
RMND1,445.41,-0.0056327,0.97023,0.99259
RAET1L,1.3628,2.7757,0.19713,NA
SLA,1.0538,-2.9197,0.22421,NA
TMBIM4,917.74,-0.075997,0.57628,0.85938
VBP1,726.11,-0.060609,0.6761,0.89808
RAB39B,24.452,-0.50255,0.31338,0.71408
CLIC2,36.119,-0.50528,0.31196,0.71249
AFF2,26.108,-1.4343,0.00793,0.13462
MICU3,151.68,0.1882,0.41698,0.7849
GRIP1,1.6238,-0.64063,0.75116,NA
VPS37A,905.93,0.091442,0.44586,0.79882
KIF5A,25.391,0.74651,0.14154,0.52765
NAT2,1.0039,-0.24131,0.91278,NA
MAGEA8,1.6518,1.2588,0.48959,NA
PSD3,4840.8,0.54033,0.0018874,0.060553
CARNMT1,476.44,-0.087596,0.60368,0.87155
MCU,688.59,-0.35003,0.012683,0.17193
MIDEAS,1284.9,0.47929,1.2107e-4,0.010452
CFAP70,42.963,0.044558,0.90763,0.9779
GNA14,5.2163,0.78797,0.46649,NA
FAM161B,179.43,0.1123,0.59735,0.86941
GNAQ,1738.9,0.022563,0.8726,0.96797
WIF1,0.82081,-0.8332,0.76617,NA
UGT2B4,0.21138,1.1878,0.77099,NA
GPR61,0.4679,-0.71002,0.85624,NA
MMP16,133.9,1.0875,0.0094882,0.14769
ADK,726.36,-0.19103,0.16611,0.56763
KCNMA1,4237,-0.036141,0.78241,0.93992
BATF,0,NA,NA,NA
DCK,391.05,-0.02435,0.87577,0.96873
ADAMTS3,23.345,-0.24417,0.70955,0.91272
ALX3,89.812,0.35014,0.22772,0.64274
DPY19L4,1304.3,0.28539,0.080702,0.41675
NDUFAF6,107.29,0.050295,0.83165,0.95449
DRAM2,633.31,-0.26819,0.084135,0.42577
C8orf37,43.646,0.18365,0.60251999999999994,0.87126
PPEF2,1.9752,1.2352,0.49637,NA
CFAP161,0.52562,0.14491,0.96971,NA
ADAMTSL3,2.7861,-0.38893,0.79187,NA
ART3,0.15156,-0.82442,0.83989,NA
SLC28A1,0,NA,NA,NA
WHAMM,567.11,0.3211,0.012056,0.16865
CXCL13,0,NA,NA,NA
N6AMT1,248.57,-0.0348,0.84224,0.95803
RWDD2B,335.5,-0.228,0.26014,0.67518
USP16,1037.1,-0.18643,0.16741,0.57008
CCT8,2596.9,-0.077256,0.50215,0.82355
MAP3K7CL,2283.1,-0.41868,0.0034524,0.088236
NAA11,1.8507,2.2967,0.25589,NA
BACH1,2897.3,0.36678,0.0041095,0.097866
CLDN17,0,NA,NA,NA
CLDN8,0,NA,NA,NA
TSPAN7,0.53051,0.81516,0.82771,NA
TIAM1,48.681,0.33517,0.35255,0.74376
SCAF4,840.37,0.17457,0.17813,0.5849
RPGR,119.43,0.19869,0.52512,0.83551
CDK20,191.7,0.18976,0.33779,0.73288
PCGF6,274.25,0.13665,0.43038,0.79147
ANKRD9,538.32,-0.14044,0.41891,0.78511
SFR1,86.137,-0.16473,0.54619,0.8463
SORCS3,0,NA,NA,NA
SFXN2,93.741,-0.73949,0.013823,0.18084
ATP5MJ,639.74,-0.20064,0.24912,0.66455
FUT6,6.0025,-0.1543,0.89399,NA
TDRD9,21.518,-0.19592,0.74709,0.92789
FGF18,0.69796,2.9881,0.30706,NA
PCDH1,23.466,0.46745,0.46573,0.80762
SH3RF2,16.82,0.51534,0.38064,0.76094
GDF6,222.38,-1.3173,1.2795e-5,0.0019752
UQCRB,2715.9,0.007857,0.96386,0.99183
MTERF3,211.99,-0.13403,0.52924,0.8378
PTDSS1,1411,0.055933,0.66272,0.89423
PPP2R2B,15.932,-0.024322,0.97713,0.99365
RPL30,9513.3,-0.16188,0.26943,0.68255999999999994
KCNS2,47.873,-1.022,0.011389,0.16495
PABIR3,46.478,0.16065,0.67353,0.89761
SUPV3L1,365.29,-0.04044,0.78914,0.94094
PABIR2,759.99,0.22734,0.16143,0.5622
EEF1A1,404190,-0.14759,0.21803,0.63522
FBXO43,30.024,0.26399,0.55022,0.84855
HKDC1,2.4438,-0.43262,0.78312,NA
HK1,3566.6,0.15689,0.27607,0.68831
TYSND1,274.01,0.16819,0.33969,0.73433
PHF6,621.15,-0.047605,0.75089,0.92927
CD109,7881.1,0.11018,0.37044,0.75424
LRFN2,0,NA,NA,NA
NODAL,2.3498,1.5803,0.31689,NA
PRG3,0,NA,NA,NA
UBE2L6,1049.5,0.031311,0.83122,0.95449
ZDHHC5,2243,0.059184,0.61624,0.87778
MED19,232.41,0.039437,0.83802,0.9565
ZFAND3,2600.1,-0.02797,0.81375,0.94882
NPTN,3494.5,-0.046858,0.64606,0.8892
KAT6B,1281.9,0.039907,0.78359,0.93992
SAMD8,1144.6,0.31229,0.01691,0.19928
RAB11FIP1,279.24,0.20631,0.23522,0.64811
UNC5D,0.11024,-0.62644,0.87799,NA
GLYATL2,19.471,0.65407,0.23182,0.64542
UTP14A,580.81,0.10808,0.50961,0.82659
AIFM1,428.85,0.0071654,0.96055,0.99062
MAPK13,112.71,-0.024473,0.91669,0.98082
BAG4,486.06,0.028147,0.84468,0.95868
MS4A1,0.071295,0.4955,0.90297,NA
TBC1D31,200.01,-0.070467,0.72219,0.91806
NTAQ1,188.98,0.12752,0.66164,0.89354
ATAD2,1257.8,-0.23639,0.18943,0.59895
FBXO32,503.86,0.35992,0.078737,0.41147
NSMCE2,239.98,-0.0021864,0.99132,0.99847
ZNF689,175.91,0.15651,0.43648,0.79433
PRR14,638.7,0.0075733,0.9541,0.98999
FBRS,1739.5,0.16089,0.22827,0.64348
FRRS1,89.475,-0.057374,0.83028,0.95445
PHKG2,364.44,-0.016532,0.93355,0.98433
MFSD14A,870.64,0.057803,0.65823,0.8929
SASS6,118.46,-0.26528,0.26272,0.67703
COX6A2,0,NA,NA,NA
ITGAD,0,NA,NA,NA
ADGRG4,0,NA,NA,NA
ZIC3,0.52347,2.5833,0.4843,NA
MALSU1,509.25,0.15449,0.34121,0.73487
VPS8,813.28,0.39852,0.012014,0.16845
GALK2,292.67,0.35936,0.028998,0.26206
LHFPL4,1.9587,-0.31472,0.85394,NA
B3GNT7,18.269,0.53911,0.32787,0.72478
MPV17L,96.947,0.66171,0.049981,0.33539
BUB1B,550.45,-0.26857,0.11959,0.49641
PDE6D,303.98,0.12525,0.44371,0.79758
EIF4A2,5323.6,-0.12579,0.26532,0.67972
BRPF1,544.28,-0.045316,0.77256,0.93615
RPUSD3,363.38,0.076164,0.64429,0.88879
SST,0.79454,-3.0491,0.40653,NA
TATDN2,1542.2,0.15878,0.3048,0.70739
GHRL,4.2856,-0.28022,0.8395,NA
SEC13,1903.6,-0.13418,0.2456,0.66013
EXOG,253.14,-0.050638,0.82428,0.95258
NTAN1,1048,-0.1232,0.28901,0.69708
SHCBP1L,0.30638,-1.6779,0.67806,NA
NMNAT2,44.554,0.34806,0.44734,0.79903
ZFYVE9,1147.2,-0.0081901,0.944,0.98762
ATP2B2,0.20205,1.1738,0.7736,NA
LYZL4,0,NA,NA,NA
SLC6A1,4.3679,0.37601,0.74849,NA
SMG1,4699,0.5285,3.2686e-4,0.020522
FCHO2,929.89,0.14094,0.28488,0.69371
RBPMS,1394.4,-0.026471,0.8133,0.94882
TMEM171,217.89,0.02422,0.92427,0.98234
KLHL40,0,NA,NA,NA
C8A,0,NA,NA,NA
TIMP4,7.0401,-0.0024783,0.99785,NA
SYN2,6.5645,1.4822,0.12285,NA
NRG1,1021.9,-0.34911,0.013003,0.17446
ODR4,464.49,0.33223,0.026532,0.24979
CPT2,257.53,-0.0073591,0.96865,0.99243
NECAP2,1281.5,-0.21632,0.11083,0.48056
LRP8,334.85,0.2081,0.27665,0.68896
CDCP2,0.3786,-1.9857,0.62156,NA
PAXIP1,462.17,-0.14185,0.34651,0.73809
STEAP2,748.04,0.90038,8.8028e-4,0.037997
SSBP3,1280.4,-0.13097,0.30476,0.70739
HTR5A,0.15754,-0.83243,0.83835,NA
CLDN12,457.84,-0.019022,0.90228,0.97636
MMP14,19214,0.50736,0.0057454,0.11371
FZD1,2902.2,0.050599,0.8064,0.94676
GATAD1,895.25,0.067104,0.61285,0.87611000000000006
SUSD3,2.7153,-0.95501,0.55133,NA
TMED6,10.744,-0.4648,0.51513,NA
CLEC18A,3.595,0.1221,0.93701,NA
DHRS4,561.4,-0.0011092,0.99416,0.99899
C1orf158,16.769,-0.55005,0.37701,0.75876
CLEC18C,2.6033,-1.9487,0.39493,NA
ARMC12,5.7824,-0.059453,0.95272,NA
DDX19B,424.22,-0.029495,0.88291,0.97006
ST3GAL2,1297.2,0.0040772,0.97149,0.99259
FCSK,171.62,0.053537,0.82578,0.95331
IL34,3.3354,-0.030908,0.97976,NA
DHRS1,343.49,0.04627,0.79916,0.94496
CACNA1D,3.6423,1.6699,0.19392,NA
ARSL,15.802,-0.033224,0.95572,0.98999
KIT,217.27,-0.73366,6.8009e-4,0.032334
HYDIN,6.1211,-0.22797,0.81221,NA
AASDH,252,0.0036039,0.98537,0.99627
ZNF19,67.652,-0.22313,0.49302,0.81999
CACNA2D3,13.981,-0.56707,0.39426,NA
RNF111,791.05,0.44648,0.0022654,0.067713
CCNB2,408.13,-0.25969,0.11844,0.49575
FAM81A,13.655,-0.27825,0.73482,NA
MYO1E,1656.4,0.45,0.007446,0.1308
APPL1,1409.1,-0.0095021,0.93885,0.98639
PWWP3B,0.18157,1.1001,0.78747,NA
AFAP1L1,116.74,-0.2304,0.42073,0.78594
TSC22D3,232.55,-0.75005,0.015282,0.1908
VPS26C,1125.3,0.0070537,0.95559,0.98999
DYRK1A,1034.7,0.30806,0.036499,0.29347
KCNJ6,63.274,-0.9982,0.011865,0.16796
KCNJ15,332.61,0.29756,0.3733,0.75624
ERG,7.4151,2.0976,0.024124,NA
ETS2,699.07,0.43252,0.008498,0.13956
TSPAN18,149.06,-2.1649,0.0060619,0.11698
LCA5L,27.088,0.51494,0.26508,0.6795
SLC35B2,1520.2,-0.16951,0.17463,0.57905
TMEM164,305.99,0.01494,0.92489,0.98234
MX1,67.222,-0.14627,0.65901,0.8929
CREB3L1,2839.4,-0.50149,0.0094878,0.14769
C2CD2,767.08,0.14097,0.33853,0.73343
TAB3,608.9,0.2667,0.099796,0.46061
SLC38A10,2992.3,0.048017,0.66578,0.89529
C9orf43,8.1147,-0.67395,0.41677,NA
PALM2AKAP2,13603,0.20668,0.13025,0.51309
ZNF618,534.02,-0.059569,0.76103,0.93235
DGKI,205.79,-0.1188,0.61627,0.87778
TMEM268,267.01,-0.32616,0.10187,0.46337
SVOPL,0,NA,NA,NA
SNX22,47.202,0.038794,0.91551,0.98049
UBN2,542.4,0.56467,0.016381,0.19761
BRAF,641.8,0.11711,0.37817,0.75983
SLC34A2,4.7588,-0.38782,0.7306,NA
ACAN,89.975,-0.51757,0.21655,0.63316
PSMG3,299.19,5.9782e-4,0.99735,0.99957
CABP1,22.088,-0.90028,0.13744,0.52469
WDR19,770.02,0.2637,0.089681,0.43845
SLC37A3,874.44,0.088996,0.57172,0.8573
AP3S2,744.64,0.10902,0.38138,0.76122
FMNL2,1723.3,0.61873,0.17982,0.58642
GAREM2,297.52,-0.21954,0.18539,0.59427
SPPL3,1124.5,0.13987,0.29416,0.70011
DPYSL5,1.3122,1.7054,0.47835,NA
DRC1,1.5187,0.45201,0.80673,NA
RAB28,324.17,0.11889,0.47217,0.81204
PRXL2B,580.42,-0.092443,0.56786,0.85619
TNFRSF14,399.43,-0.17389,0.26698,0.68043
PANK4,357.65,0.18771,0.20129,0.61579
CIB4,0,NA,NA,NA
MEGF11,6.0588,2.944,0.045287,NA
C12orf43,337.81,-0.12642,0.42201,0.78672
PEX10,469.01,-0.15855,0.27311,0.68581
RER1,2947.8,-0.10426,0.35051,0.7416
RADIL,131.81,-0.50135,0.19761,0.61022
SKI,4302,0.048393,0.66013,0.89303
WIPI2,1865.9,-0.017846,0.86455,0.96539
LDLRAP1,894.42,-0.10803,0.45949,0.80404
AGAP1,1175.7,0.1976,0.27679,0.68913
KRTCAP3,13.768,0.71156,0.30898,NA
ANKRD61,10.424,0.69998,0.34301,NA
PAFAH2,286.69,-0.17777,0.30721,0.70966
EXTL1,34.118,-0.17154,0.67425,0.89762
SLC30A2,3.3223,-0.49073,0.70559,NA
BABAM2,424.45,-0.018952,0.91121,0.97895
TRIM63,0.17866,1.0907,0.78923,NA
CFAP251,16.24,-0.064224,0.91905,0.98151
MRPL17,886.32,-0.44195,0.035441,0.28832
DUSP2,30.665,-1.103,0.015379,0.19128
GRHL3,9.6901,1.605,0.13965,NA
UBXN11,176.72,-0.015381,0.9397,0.98684
NLRP14,0.17518,1.0915,0.78909,NA
PTPDC1,188.51,0.058905,0.77983,0.9394
GALNT14,79.275,-1.1186,0.0013887,0.049926
NCK1,718.64,-0.1286,0.32641,0.72364
HPD,2.272,2.7126,0.1474,NA
RHPN1,35.402,-0.15871,0.68663,0.9028
TPRG1L,1500.5,0.037963,0.75311,0.92978
LRRC43,6.4589,-0.94765,0.31458,NA
PRXL2C,535.17,-0.1168,0.46508,0.80738
XDH,124.58,-0.1695,0.5059,0.82558
XKR8,521.34,-0.16893,0.24024,0.65407
CNNM4,239.83,0.10739,0.52801,0.83709
EYA3,455.93,-0.11183,0.41315,0.78224
DZIP1L,159.61,-0.077802,0.72414,0.91866
TMSB15A,14.355,-0.36952,0.56803,NA
FANCC,227.77,0.1225,0.50605,0.8256
MRAS,692.3,0.25155,0.22427,0.63899
WASF2,4757.2,0.012186,0.90174,0.97626
ABHD3,97.393,0.062705,0.83835,0.95656
ESYT3,52.145,0.49506,0.24739,0.662
FAIM,78.8,-0.24676,0.44742,0.79903
TENT5B,56.381,-0.80769,0.050096,0.33539
CLSTN2,9.9171,-0.75406,0.35272,NA
COLEC12,4802.5,-0.059408999999999997,0.64744,0.8897
RNF207,56.156,-0.23225,0.52924,0.8378
CUL4B,4794.4,-0.0028681,0.98421,0.99575
GPR153,860.6,-0.2214,0.086609,0.43049
SLC13A3,46.898,0.011356,0.97467,0.99298
GPRASP2,415.42,-0.026398,0.86813,0.96621
RHBDL2,48.383,-0.094788,0.78124,0.93981
AUTS2,649.68,0.2363,0.17478,0.5792
SHROOM4,75.762,-0.059423,0.83587,0.95609
H2BC5,122.09,0.17729,0.44693,0.79903
CDC25C,100.19,-0.065162,0.83472,0.95603
H4C8,32.735,0.69998,0.1803,0.58722
MITD1,189.87,0.014239,0.94353,0.98762
EIF5B,2769.8,0.16465,0.169,0.57258
RIBC1,16.635,0.096959,0.88619,0.9716
TMSB15B,61.295,-0.24181,0.43398,0.79333
CATIP,0.51179,1.0124,0.76274,NA
CNOT11,650.02,0.015849,0.901,0.97613
KCNB1,24.094,-1.565,0.006314,0.11912
TSPAN33,3.7765,-0.80229,0.5306,NA
NRG2,16.307,0.64921,0.32148,0.71969
AHCYL2,439.65,0.56271,2.2394e-4,0.016417
B4GALT5,918.52,-0.087794,0.49274,0.81999
CD1D,0.73445,3.0978,0.33903,NA
CD1A,0,NA,NA,NA
SPATA2,224.06,-0.043317,0.80964,0.94735
CD1C,0,NA,NA,NA
CD1B,0,NA,NA,NA
DNAH3,4.1849,5.573,0.1329,NA
CD1E,0,NA,NA,NA
HMHB1,0.14982,-0.81776,0.84116,NA
CPA2,0.33491,-1.7901,0.65709,NA
NCF1,3.4754,-1.3266,0.38036,NA
CPA5,2.3582,-2.8086,0.088759,NA
TSR2,717.89,0.034306,0.81994,0.95131
PPP1R9A,90.528,-0.24027,0.40062,0.77347
ZC3H18,1199.6,0.12121,0.28884,0.69708
ZFAND2B,345.08,-0.29783,0.092977,0.44541
POM121L2,0,NA,NA,NA
GDPD5,411.81,-0.22133,0.27959,0.69168
DYNC1I1,12.952,0.050267,0.94343,NA
PFKFB1,2.4738,1.0226,0.50538,NA
ALAS2,0.45455,1.8313,0.64269,NA
TMED4,1258.2,0.048246,0.66505,0.89505
PPP1R15B,1028.5,-0.20206,0.16152,0.5622
COPG2,656.64,-0.045756,0.72072,0.91774
EMSY,530.45,0.39325,0.02104,0.22285
PAGE5,0,NA,NA,NA
GPAT4,2134.6,0.055995,0.62927,0.8855
PKD1L1,14.606,-0.37666,0.56409,NA
ZSCAN12,126.11,0.013504,0.95572,0.98999
TAGLN2,7332.4,-0.32041,0.0025976,0.07362
ELK4,1296.3,-0.036742,0.86038,0.96418
SLAMF8,33.117,-0.32895,0.44958,0.7998
SLC45A3,28.043,0.1254,0.77888,0.93869
DUSP23,146.71,-0.081561,0.75511,0.93001
RNF166,230.88,-0.16733,0.34976,0.74075
NBL1,17780,0.25694,0.066068,0.38024
HTR6,9.1175,2.2331,0.011023,NA
ITLN2,0,NA,NA,NA
F11R,23.589,0.90582,0.090955,0.44138
USF1,475.5,-0.064075,0.64471,0.88879
PLA2G2F,0.51793,1.0316,0.7849,NA
SPATA2L,249.15,0.39101,0.040247,0.30776
NIT1,352.44,-0.01258,0.93736,0.98566
DEDD,594.74,-0.15186,0.26887,0.68202
ZNF276,551.97,0.36868,0.081494,0.41874
NPM2,2.1398,4.8272,0.017697,NA
EDA,19.234,0.2002,0.73987,0.92453
FGF17,6.9756,1.5569,0.12678,NA
VWA5B1,0,NA,NA,NA
CDA,69.05,-0.62903,0.038244,0.30012
PINK1,2625,-0.04021,0.72578,0.91939
B4GALT3,392.05,-0.039158,0.78986,0.94112
DMTN,38.079,0.21058,0.6586,0.8929
ADAMTS4,121.78,0.4817,0.18896,0.5989
FAM160B2,1289.5,-0.0018208,0.98851,0.9976
NDUFS2,1212.6,-0.060058,0.59773,0.86941
SLC5A11,0.48335,1.0013,0.7695,NA
FCER1G,2.0302,0.60439,0.69497,NA
APOA2,0,NA,NA,NA
TOMM40L,194.25,-0.096511,0.63515,0.88597
MPZ,29.811,-0.38905,0.41048,0.78006
WFDC8,3.204,1.2441,0.42793,NA
CCAR2,2020.7,0.1925,0.16171,0.5624
WNT9B,5.6944,0.50215,0.59368,NA
CACHD1,551.7,-0.09672,0.49741,0.8215
CDC42SE2,488.46,0.14946,0.35018,0.74102
RAPGEF6,616.79,0.028465,0.86203,0.96453
EPB41,411.27,0.0055914,0.97605,0.99359
MIS18A,209.91,-0.2242,0.22596,0.64122
ALG8,349.39,-0.2764,0.081344,0.41856
FBXW5,2344.1,-0.15777,0.15914,0.55954
CFAP298,458.58,0.15867,0.32593,0.72311
SYNJ1,380.78,0.16298,0.34538,0.73699
PAXBP1,599.58,0.462,0.0020073,0.062863
IFNAR2,353.43,0.054268,0.74135,0.92501
MRPL10,623.09,-0.0088784,0.95608,0.98999
IFNGR2,1372.1,-0.30999,0.0092247,0.14575
GART,1395.7,-0.034586,0.77713,0.93779
SON,6516.9,0.32949,0.012408,0.17083
DONSON,375.33,-0.068911,0.7119,0.91349
SV2A,182.03,0.064672,0.76259,0.93276
LAD1,32.009,2.9425,0.087585,0.43304
STC1,3405.8,0.57433,0.5241,0.83521
TNNI1,0.74977,0.68129,0.81531,NA
CSRP1,2413.9,0.014880000000000001,0.90617,0.97714
PRAC1,0.33984,1.9577,0.62804,NA
HOXB13,9.2976,0.50498,0.53426,NA
C1QC,0,NA,NA,NA
KCNE2,2.029,0.59981,0.71895,NA
ATP5MC1,386.33,-0.10768,0.53268,0.83887
RCAN1,1437.5,0.09372,0.51873,0.83349
UBE2Z,3397.5,0.0082502,0.93815,0.98587
CIART,270.14,-0.14027,0.4896,0.81887
SNF8,895.19,-0.12755,0.3843,0.76325
CLIC6,4.8541,-0.54409,0.62353,NA
CCDC24,68.259,0.30972,0.30883,0.71058
RUNX1,2076.1,0.11645,0.35988,0.74806
IGF2BP1,119.52,-0.015138,0.95965,0.99029
GIP,2.8187,-0.78753,0.60029,NA
CBR1,1310.9,0.0034904,0.98105,0.99534
CBR3,339.64,-0.26968,0.17342,0.57698
GJD2,5.965,0.026225,0.9835,NA
ACTC1,9.9455,-1.3538,0.1137,NA
MORC3,985.06,0.063022,0.6605,0.89312
CHAF1B,300.75,-0.3262,0.050835,0.33699
CLDN14,0.85288,-1.69,0.50665,NA
SIM2,140.02,-0.044764,0.83556,0.95609
HLCS,977.18,0.13417,0.24535,0.65977
GOLGA6A,1.8957,1.5798,0.46543,NA
SCUBE1,4.8926,-0.74553,0.5746,NA
ARHGAP27,184.9,0.71877,0.0011947,0.046244
ADPGK,1046.6,-0.13671,0.21905,0.63663
PTMS,6624.3,0.096504,0.44205,0.79636
PLA2G4D,10.276,0.97028,0.19954,NA
PADI4,1.404,-1.4503,0.51687,NA
ADIPOR1,1403.6,-8.3583e-4,0.99457,0.99899
CYB5R1,698.25,-0.10186,0.51244,0.82928
PSMD4,1805.4,-0.10904,0.34212,0.73501
ATP13A2,655.7,-0.06295,0.64467,0.88879
M1AP,8.2181,0.67291,0.40683,NA
PSMB4,2452.1,-0.097778,0.44958,0.7998
IRX6,0.15764,-0.8328,0.83828,NA
BTG2,141.45,-1.0031,7.3964e-4,0.0337
CES5A,0,NA,NA,NA
HK2,1539.7,0.16392,0.46618,0.8077
C1R,8868.7,-0.46449,0.0050738,0.10566
CELF3,5.2087,1.4087,0.24791,NA
ALDH4A1,252.31,0.08046,0.6689,0.89615
STARD9,394.69,0.2442,0.37864,0.75983
THEM4,262.71,-0.057851,0.74101,0.92493
TCHH,2.8031,0.01296,0.99334,NA
LCE2B,0.68462,2.9674,0.44318,NA
UBR1,955.94,0.93844,8.3576e-7,2.3334e-4
AMFR,2469.9,0.016081,0.8807,0.97005
MED8,572.92,-0.1917,0.16349,0.56436
TGM7,0,NA,NA,NA
RGL4,207.56,0.23679,0.33035,0.72684
SPRR2G,2.0585,4.5525,0.059736,NA
PGLYRP3,5.6534,0.63885,0.53903,NA
ISL2,7.6444,-0.63688,0.48665,NA
RSPRY1,928.04,-0.19435,0.11587,0.48939
CCDC17,4.0653,0.44705,0.70942,NA
GPBP1L1,1379.1,-0.055394,0.62731,0.88445
NAE1,977.21,0.12562,0.36021,0.74824
TMEM69,303.86,-0.32566,0.038265,0.30012
ADGRG5,1.2515,4.0104,0.21169,NA
DRC7,0,NA,NA,NA
ACE,854.9,-0.0067341,0.96425,0.99203
TEPP,0.51487,-0.53516,0.87293,NA
UROC1,0.16071,-0.85825,0.83341,NA
EFCAB14,1820.9,0.073255,0.48916,0.81882
SPON2,428.23,-0.0030007,0.98541,0.99627
CHCHD6,184.74,-0.25524,0.21937,0.63663
CTBP1,2861.5,-0.1213,0.22905,0.64352
LRRC36,0.91833,1.154,0.67292,NA
TPPP3,21.113,-0.40234,0.45197,0.80112
ZDHHC1,361.92,-0.12811,0.42475,0.78828
ATP6V0D1,1195.4,0.08948,0.48328,0.81691
AGRP,0.17584,1.0816,0.79097,NA
ZFYVE28,345.97,0.0010399,0.99474,0.99899
CARMIL2,18.669,0.23603,0.66408,0.89447
C16orf86,73.111,-0.59932,0.052274,0.34212
PIP,0,NA,NA,NA
FAM131B,95.255,-0.34679,0.28474,0.69371
RGS12,610.82,0.28027,0.058282,0.35737
PSKH1,924.54,0.0075521,0.94925,0.98976
ZYX,6534.6,-0.013494,0.92675,0.98258
ABR,3576.3,0.063705,0.62783,0.88489
LYPD5,16.482,0.18307,0.77215,0.93591
CCDC117,503.28,-0.16847,0.26657,0.6804
ZNF230,78.384,-0.62787,0.067767,0.38525
CCDC107,364.12,0.12379,0.44669,0.79903
ZNF222,61.781,-0.90493,0.0073565,0.1301
NPR2,1264.7,0.062418,0.6231,0.88218
ZNF221,70.898,-0.27307,0.47611,0.81389
ZNF233,29.553,0.4618,0.33874,0.73359
ZNF235,45.189,0.27747,0.45901,0.80404
GNE,764.98,0.073778,0.57419,0.85848
TNFRSF13C,17.671,0.13791,0.81368,0.94882
OR3A3,3.2149,0.1444,0.91023,NA
ARHGAP35,6011.7,0.05845,0.5246,0.83522
PTGIR,582.99,-0.19503,0.2524,0.66725
CALM3,7032.8,-0.10879,0.33887,0.73359
DFFA,1162.4,0.072712,0.53115,0.8383
CCDC28B,87.145,-0.58043,0.043133,0.31411
IQCC,84.45,-0.12651,0.66077,0.89332
TMEM234,144.77,-0.16501,0.45523,0.80278
BSDC1,1797.8,-0.058694,0.57036,0.8573
ZBTB8A,293.88,0.1451,0.47861,0.81553
ATAD3B,418.95,0.21073,0.28412,0.69371
SSU72,1970.2,-0.12225,0.36771,0.75321
UBE2J2,984.65,-0.079897,0.52444,0.83522
ZNF362,567.14,-0.083153,0.54833,0.84779
FNDC5,8.5468,-1.1222,0.22016,NA
CPAMD8,70.773,-0.40801,0.26397,0.67842
NR2F6,869.9,-0.35287,0.0081909,0.13733
ANKLE1,63.517,0.4833,0.19112,0.6012
MIX23,134.92,-0.27439,0.25168,0.66704
VMA21,591.37,-0.070039,0.6828,0.90086
KALRN,269.68,-0.32152,0.097162,0.45502
CILP2,27.741,-0.13994,0.76322,0.93289
ABCG1,4.339,0.42296,0.70117,NA
TFF3,0,NA,NA,NA
TFF2,0,NA,NA,NA
TFF1,0,NA,NA,NA
TMPRSS3,2.0662,2.4754,0.16028,NA
UBASH3A,0,NA,NA,NA
RSPH1,10.109,0.42464,0.5883,NA
SLC37A1,31.498,0.1906,0.66814,0.89573
PDE9A,2.2422,0.449,0.78297,NA
WDR4,172.61,0.0053442,0.98106,0.99534
NDUFV3,671.7,0.11697,0.39885,0.77284
PKNOX1,680.16,0.20909,0.11365,0.48473
CBS,63.22,0.03735,0.93233,0.984
U2AF1,448.5,-0.37234,0.60237,0.87126
CRYAA,0,NA,NA,NA
HSF2BP,14.378,-0.018158,0.978,NA
RRP1B,793.48,0.11009,0.38799,0.76687
PDXK,1733.7,0.20029,0.13882,0.52597
G6PD,2045.9,0.26516,0.029303,0.26357
CSTB,1511,-0.01901,0.87804,0.96911
RRP1,534.36,0.0023343,0.98741,0.99728000000000006
AGPAT3,2064,-0.17336,0.13849,0.52553
TRAPPC10,875.64,0.12432,0.27749,0.68995
GAB3,43.037,-0.26687,0.6008,0.87049
GATD3A,53.238,0.3691,0.3389,0.73359
ICOSLG,540.99,0.42214,0.068307,0.38651
AIRE,26.565,-0.19687,0.6966,0.9071
CFAP410,606.67,-0.13342,0.36609,0.75272
ZNF66,221.72,0.75196,0.0093234,0.14669
LRRC3,393.54,-0.041308,0.81072,0.9479
ITGB2,28.9,-0.4396,0.34755,0.73879
FAM207A,315,-0.053664,0.77561,0.93737
RALGDS,1587.8,-0.038776,0.78199,0.93989
FTCD,24.863,0.27472,0.68989,0.90418
SPATC1L,196.71,-0.058227,0.75278,0.92973
LSS,3232.4,0.099802,0.3965,0.77146
VAV2,1211.1,-0.052685,0.70049,0.90894
MCM3AP,2141,0.26287,0.016895,0.19928
C21orf58,245.6,-0.15043,0.46242,0.80587
PCNT,1707.8,0.21529,0.17177,0.57558
DIP2A,1206.4,0.18351,0.21156,0.62701
S100B,0.80625,-0.40715,0.88777,NA
PRMT2,2210,-0.02475,0.82858,0.95435
CLDND2,7.8843,1.6852,0.073176,NA
ZNF208,18.624,0.037573,0.96759,0.99243
ADAMTS13,176.46,0.45466,0.053253,0.34336
CACFD1,253.84,-0.2562,0.23691,0.64967
SLC2A6,166.67,0.078441,0.73405,0.92317
ZNF761,356.58,0.31164,0.06104,0.36424
FCN2,0,NA,NA,NA
C9orf116,62.528,0.17441,0.58153,0.86163
LCN1,0.85998,2.0222,0.47192,NA
ZNF714,93.06,0.47036,0.091307,0.44228
GPSM1,2023,0.059326,0.6817,0.90043
C19orf47,224.88,0.036801,0.85715,0.9633
HIPK4,10.538,0.17563,0.81656,NA
CFAP157,38.706,0.43096,0.33735,0.7328
TOR2A,103.14,-0.11632,0.66723,0.89547
ST6GALNAC6,2507.8,-0.23364,0.047765,0.32884
SHKBP1,852.46,0.0059603,0.96225,0.99139
RDH13,102.82,0.11994,0.63896,0.88696
ZER1,1625.2,-0.03166,0.81122,0.94808
ZDHHC12,327.15,-0.23538,0.18586,0.59466
PKN3,191.23,-0.44722,0.040506,0.30836
SPTBN4,89.655,-0.16544,0.55231,0.84921
BRSK1,215.43,0.20625,0.48128,0.81657
COX6B2,9.0071,0.95316,0.26217,NA
TMEM190,13.684,1.3081,0.13376,NA
NLRP4,0,NA,NA,NA
PLPP7,246.04,-0.1835,0.34194,0.73501
TAOK1,3767.6,0.34475,0.031018,0.27063
MED27,308.79,-0.20362,0.29123,0.69877
DEDD2,405.95,-0.11299,0.46829,0.80926
SIK3,1164.8,0.29599,0.01165,0.16646
MPZL3,8.4968,1.1408,0.1798,NA
JAML,0,NA,NA,NA
NEK8,103.84,0.072762,0.78924,0.94098
TLCD1,57.235,-0.2362,0.45835,0.80354
PCSK7,608.42,-0.057194,0.66994,0.89682
SAFB,1636.7,0.072472,0.50936,0.82639
CD3G,6.6625,0.99601,0.27931,NA
S100A1,36.067,0.47132,0.26168,0.67585
CHTOP,1077.4,0.12643,0.27804,0.69004
CXCR5,0.61318,-2.6756,0.5009,NA
ZBTB7B,765.3,-0.29649,0.061848,0.36606
FLAD1,292.85,-0.0076969,0.9669,0.99243
SHC1,6474.1,0.12985,0.28528,0.69371
VPS11,708.26,-0.041001,0.80909,0.94735
NLRX1,471.04,-0.26874,0.088552,0.43486
ADAR,4307.1,0.010406,0.91028,0.97885
IL6R,209.74,-0.1635,0.385,0.76394
UBE2Q1,1351.9,-0.064182,0.5717,0.8573
CHRNB2,4.5737,1.8183,0.10867,NA
CRTC2,687,0.19091,0.15154,0.54593
ANO10,985.79,0.25941,0.028422,0.25983
FDPS,949.22,-0.038775,0.80886,0.94735
RUSC1,827.03,-0.092683,0.43497,0.79373
FAM189B,1011.5,0.080107,0.4828,0.81691
PAQR6,44.541,0.31738,0.4579,0.80354
PMF1,416.97,-0.18325,0.25537,0.66972
SLC25A44,412.47,0.24271,0.1265,0.50872
LMNA,29069,-0.16895,0.073237,0.39771
CCR5,0,NA,NA,NA
NBEAL2,478.96,0.43866,0.040886,0.30838
CCDC12,445.84,-0.0091356,0.9524,0.98999
PTH1R,65.371,-0.82015,0.023364,0.23465
UBQLN4,1033.9,0.088786,0.54306,0.84472
MYL3,18.943,-0.42285,0.4838,0.81691
PPP1R35,246.71,-0.28028,0.14097,0.52671
GPATCH4,425.2,0.2069,0.24772,0.66248
LRRC71,2.076,-1.6151,0.38515,NA
FCRL3,0,NA,NA,NA
AZGP1,0.67226,1.5848,0.64548,NA
FGFR4,15.251,1.6732,0.0063322,0.11915
CYP3A4,0.57605,1.4215,0.6606,NA
CYP3A7,1.1567,-0.27099,0.92467,NA
NACC1,1542.8,-0.027297,0.84957,0.96108
CYP11B1,0.29325,1.7267,0.67027,NA
HK3,1.1719,2.5646,0.31947,NA
LY6K,921.74,-0.26311,0.061312,0.36487000000000003
IER2,3402.4,-0.61476,0.0036021,0.090598
ZNF394,301.46,-0.074336,0.65408,0.89139
CPSF4,414.23,0.016571,0.92508,0.98234
LY6E,5927.9,-0.12653,0.258,0.67318
VPS28,1295.7,-0.086911,0.4655,0.80755
TONSL,416.68,-0.17797,0.3172,0.71725
PTGER1,22.901,-0.5675,0.24829,0.66329
PWWP3A,1171.1,0.014888,0.90144,0.9762
RECQL4,534.64,-0.21279,0.26338,0.67792
LRRC14,798.17,0.015447,0.91291,0.97936
ZNF333,365.61,0.17576,0.30799,0.71002
COL26A1,6.6454,-0.1679,0.84484,NA
PPP1R16A,820.3,0.056665,0.7195,0.91742
FOXH1,6.9221,1.2535,0.21747,NA
ORAI2,1187.7,-0.026676,0.81462,0.94934
ALKBH4,183.59,-0.13236,0.56482,0.85504
CCDC105,0,NA,NA,NA
SH2B2,72.998,-0.12297,0.68373,0.90112
MRNIP,425.23,0.24521,0.14849,0.54021
SQSTM1,7970.7,0.37936,0.011524,0.16564
MGAT4B,4448.1,0.070103,0.51943,0.83349
RPL8,25540,-0.11399,0.4047,0.77673
MAML1,1262.4,0.18951,0.11806,0.49513
PGLYRP2,0,NA,NA,NA
LRWD1,306.78,0.19839,0.24873,0.66392
FBXL13,8.7815,0.68246,0.40136,NA
NAPEPLD,323.12,0.17555,0.36573,0.75252
SCGB3A1,0,NA,NA,NA
PSMC2,1248.4,0.062192,0.61769,0.87886
CELF5,2.3643,0.52346,0.75207,NA
MFSD12,873.94,0.18826,0.25308,0.66725
USP41,0,NA,NA,NA
YDJC,255.14,-0.13291,0.50663,0.82564
CCDC116,9.2031,0.11558,0.89092,NA
DVL3,2038.8,-0.094937,0.41819,0.78499
AP2M1,8389.8,-0.10906,0.32244,0.72075
ABCF3,989.57,0.035827,0.76959,0.93533
PCYT1A,1713.7,0.22153,0.1187,0.49599
FBXO27,70.027,-0.10664,0.76268,0.93278
DMKN,242.81,0.55544,0.027766,0.25652
U2AF1L4,121.75,-0.21875,0.36792,0.75336
BDH1,57.754,0.093618,0.82168,0.95181
NPHS1,6.9666,0.1614,0.86525,NA
THAP8,114.57,-0.24748,0.35893,0.74772
COX7A1,123.21,-0.4266,0.076139,0.40244
ZNF382,111.26,0.60661,0.022306,0.23002
LRRC56,31.631,0.026989,0.95109,0.98999
PLXDC1,69.168,-0.27254,0.53631,0.84028
PGAP3,348.77,-0.23084,0.16767,0.57035
IKZF3,40.044,0.19366,0.6197,0.87982
GRIN2C,4.4151,1.1357,0.34977,NA
FDXR,427.28,-0.48769,0.036959,0.29589
SAP30BP,877.03,0.26192,0.036192,0.29172
ACOX1,623.65,-0.14998,0.29176,0.69905
PRPSAP1,868.23,0.013513,0.92642,0.98258
CYGB,107.3,-0.53855,0.083936,0.42525
SRSF2,2587.9,-0.019501,0.88171,0.97005
ZNF577,264.32,0.54286,0.012889,0.17364
TMEM143,153.27,-0.24242,0.3565,0.74561
KLHL10,4.3934,-0.62764,0.60993,NA
KASH5,0,NA,NA,NA
HCRT,0,NA,NA,NA
ALDH16A1,416.17,0.0096867,0.9588,0.99019
DCD,0.33413,-1.7864,0.65777,NA
ITGA5,9830.5,-0.062541,0.63455,0.88594
SIGLEC11,5.6469,-0.029552,0.97682,NA
ZNF385A,230.63,0.20853,0.27636,0.68851
MPP3,211.49,0.29033,0.23237,0.64596
CD300LG,0.90029,-2.0025,0.47251,NA
IZUMO2,0,NA,NA,NA
NAGS,61.959,-0.47491,0.19948,0.61304
LSM12,1077.2,-0.11999,0.30057,0.70429
ASB16,86.718,0.39888,0.16634,0.56791
EMC10,1868.2,0.034681,0.79921,0.94496
JOSD2,655.46,-0.089152,0.54756,0.84699
SHANK1,137.4,-0.18906,0.45627,0.80345
FAM171A2,210.18,-0.0028349,0.98887,0.99776
DBF4B,94.212,-0.28722,0.28184,0.69303
PLCD3,2520,-0.39942,0.0043141,0.09913
FMNL3,1056.6,-0.047128,0.75095,0.92927
AQP5,0.17852,1.0903,0.78932,NA
RACGAP1,1114.6,-0.2593,0.061399,0.36502
OR7G1,0.1796,1.0938,0.78866,NA
LARP4,582.36,0.13243,0.33297,0.72954
TAMALIN,104.69,-0.31449,0.28661,0.6948
RAVER1,975.3,0.006723,0.96042,0.99062
KRT84,0,NA,NA,NA
KRT82,0,NA,NA,NA
SYCE2,19.014,-0.52471,0.36204,0.74987
SPC24,249.94,-0.37625,0.043239,0.31451
IP6K3,0,NA,NA,NA
LEMD2,1306.6,-0.055817,0.60251,0.87126
ALOX15,0.9884,2.5407,0.33177,NA
TREML1,0,NA,NA,NA
ZNF653,83.574,-0.29686,0.29524,0.70053
MED11,196.65,-0.26741,0.17861,0.58545
CXCL16,145.11,0.49613,0.02768,0.25615
SCIMP,28.087,-0.1808,0.76936,0.93533
RNASEK-C17orf49,4.451,2.1297,0.21894,NA
BCL6B,1.2502,-3.7622,0.16372,NA
ASGR2,0.66241,0.15313,0.96036,NA
TNFSF13,60.103,0.21689,0.58833,0.86462
SENP3,1046.6,-0.16251,0.21255,0.62816
FGF11,69.777,-0.74749,0.015309,0.19096
EIF4A1,11525,-0.037954,0.74026,0.92453
RPL26,15170,-0.16913,0.15675,0.55563
CCDC42,0.29023,1.7106,0.67325,NA
POLR3K,193.68,0.020374,0.91863,0.98129
SNRNP25,284.79,-0.04765,0.81369,0.94882
PRR35,0,NA,NA,NA
WDR90,621.69,0.23083,0.40015,0.7734
JMJD8,987.2,-0.27671,0.03622,0.29176
CCDC78,54.467,0.10983,0.79113,0.94143
MSLNL,0,NA,NA,NA
SSTR5,0,NA,NA,NA
SPSB3,486.2,0.0044779,0.97719,0.99365
MEIOB,11.129,-0.73545,0.31473,NA
HS3ST6,0.32261,0.13461,0.97368,NA
TEDC2,97.675,-0.3257,0.19836,0.61172
CCNF,358.36,-0.40913,0.008598,0.14082
TBC1D24,590.84,-0.10614,0.50627,0.8256
AMDHD2,589.94,0.18715,0.29445,0.70011
NTN3,7.1821,0.74833,0.38865,NA
BICDL2,10.014,0.68439,0.41155,NA
PAQR4,475.41,-0.27924,0.2554,0.66972
FLYWCH2,316.08,-0.29284,0.10424,0.46942
ZG16B,0.55882,-2.6458,0.46411,NA
ZNF75A,270.81,0.59848,0.0028407,0.07844
ADCY9,1732.4,-0.0019429,0.98537,0.99627
SHANK2,71.957,0.2093,0.57597,0.85915
CLPB,324.87,0.1086,0.62387,0.88264
NEU3,229.85,0.81869,1.1549e-4,0.010102999999999999
CYB561A3,1097,-0.054211,0.72035,0.91754
PPP1R32,43.298,0.0049574,0.99107,0.99841
ASRGL1,27.326,0.48552,0.31902,0.71849
GNG3,4.1226,2.4495,0.084742,NA
UBXN1,1646.9,-0.061857,0.70721,0.91067
LBHD1,66.322,0.097908,0.80136,0.94582
TTC9C,268.33,-0.24624,0.13827,0.52529
TAF6L,234.13,0.26892,0.13406,0.52075
NXF1,1694.5,0.4475,7.2142e-4,0.0331
STX5,907.87,-0.016649,0.90129,0.9762
SLC25A45,73.399,-0.41654,0.22373,0.63857
RPL29,15008,-0.23539,0.056866,0.35148
ITIH3,2.1349,-0.87548,0.59518,NA
SYVN1,872.19,0.2675,0.04432,0.3182
ZFPL1,483.7,-0.051802,0.73716,0.92417
RPS6KA4,1175.6,-0.16957,0.17842,0.585
LRP5,1299.8,0.14429,0.25669,0.67137
TPCN2,583.86,0.28579,0.095579,0.45115
FGF19,0,NA,NA,NA
CYP4A22,2.892,1.8442,0.21135,NA
PDZK1IP1,1.5305,1.0617,0.64136,NA
TAL1,6.0157,0.78634,0.41064,NA
CMPK1,2560.6,-0.13231,0.28023,0.69186
BEND5,21.032,-0.79439,0.15573,0.55409
ELAVL4,0,NA,NA,NA
COA7,382.44,0.19712,0.24243,0.65658
ZYG11B,1569,0.28666,0.015855,0.1948
SLC1A7,8.1444,-1.874,0.044598,NA
CZIB,581.03,-0.19572,0.2324,0.64596
MAGOH,345.28,-0.26405,0.17681,0.58281
ACOT11,207.11,0.017586,0.93694,0.98547
FAM151A,5.9585,-0.13318,0.89486,NA
PARS2,65.385,-0.31811,0.31918,0.71849
LEXM,0,NA,NA,NA
BSND,5.3998,-0.83237,0.47612,NA
USP24,1709.6,0.55311,0.0043141,0.09913
PLPP3,13502,-0.45463,0.0051062,0.10585
NOL9,392.52,0.062205,0.74623,0.92747
PRKAA2,130.2,-0.14268,0.60865,0.87353
KLHL21,2243.4,0.28304,0.028511,0.26035
ZSWIM5,22.773,0.25244,0.67695,0.89853
GMEB1,290.15,0.03348,0.85176,0.96136
SLC45A1,38.794,0.043303,0.91048,0.97885
SELENON,4026.6,0.08552,0.40387,0.77593
AK4,3374,-0.16676,0.20914,0.62471
JAK1,6675.2,0.057835,0.52114,0.83425
RAVER2,207.98,0.14863,0.4466,0.79903
CTRC,8.0902,0.10631,0.90309,NA
LZIC,715.15,0.0092259,0.95081,0.98999
RBP7,0.82568,-0.46671,0.87067,NA
KNCN,0,NA,NA,NA
FBLIM1,762.03,-0.64151,1.5506e-4,0.012717
TMEM82,0,NA,NA,NA
SLC25A34,35.517,0.23237,0.57304,0.85809
AKR7A3,10.507,1.0949,0.12638,NA
DRAXIN,18.663,0.28872,0.64181,0.88731
PDPN,104.27,-0.60102,0.050048,0.33539
LRRC38,1.0258,1.1375,0.63725,NA
DHRS3,380.1,-1.4675,0.025803,0.24676
MATN1,16.237,-0.35159,0.53339,0.83906
LAPTM5,86.26,-0.46726,0.13431,0.52127
SDC3,3686.6,-0.10609,0.34887,0.7398
PEF1,661.66,-0.20204,0.16027,0.56068
SYNC,1545.9,-0.45612,0.0060798,0.11698
RBBP4,1588.8,-0.11914,0.273,0.68581
KIAA1522,1355.9,0.036572,0.77082,0.93544
TSSK3,86.761,0.51554,0.14955,0.54241
TMCO4,246.31,-0.445,0.010957,0.16082
UBXN10,0,NA,NA,NA
CAMK2N1,975.78,-0.30205,0.058467,0.35808
ALPL,13.865,-0.94887,0.12403,NA
WNT4,7.9853,-0.62821,0.54594,NA
TTLL10,0,NA,NA,NA
SCNN1D,191.04,0.53447,0.026336,0.24904
MXRA8,8899.6,-0.32007,0.034904,0.28537
FAAP20,891.62,-0.11234,0.39311,0.7705
MEGF6,5811.2,-0.20703,0.099066,0.45918
CCDC27,0.82029,-1.7739,0.52969,NA
IL23R,1.4718,0.44668,0.8155,NA
DIRAS3,7.6541,0.18126,0.83303,NA
C1orf87,0.82431,0.5898,0.81877,NA
NFIA,183.34,-0.083355,0.75231,0.92973
OMA1,121.26,-0.17653,0.57422,0.85848
MYSM1,901.43,0.16717,0.37875,0.75983
TM2D1,386.96,0.02422,0.87544,0.96873
USP1,1433.9,-0.23657,0.032522,0.27616
FUBP1,1256.7,0.18866,0.1088,0.47702
NEXN,329.21,-0.28168,0.17825,0.5849
DNAJB4,909.17,-0.13509,0.36385,0.75104
ADGRL4,199.5,0.40761,0.22059,0.63663
LRRIQ3,5.7582,0.29189,0.75611,NA
LRRC53,0,NA,NA,NA
TYW3,597.08,-0.060629,0.69286,0.9057
LHX8,0.68172,-1.4158,0.68021,NA
SNX7,1005.9,-0.33769,0.0060263,0.11646
B3GALT2,31.463,-2.1537,2.8143e-5,0.003517
NTNG1,44.194,0.21589,0.57788,0.86038
FAM102B,654.56,0.071205,0.62522,0.88373
HENMT1,40.693,0.071996,0.85502,0.96313
AKNAD1,6.9699,-0.31082,0.73427,NA
C1orf52,377.32,0.15761,0.28412,0.69371
DNAI3,18.371,-2.5458,0.0019875,0.062543
GBP2,465.18,-0.33259,0.21149,0.62701
ATXN7L2,82.194,0.095553,0.73785,0.92417
GBP4,46.979,-0.031565,0.93545,0.9848
ZNF326,695.3,0.25447,0.12244,0.50076
HFM1,4.5518,2.6286,0.082244,NA
BRINP3,0,NA,NA,NA
GFI1,2.6515,0.94243,0.5974,NA
KCNT2,4.0495,-0.79463,0.53492,NA
AGL,615.5,0.15178,0.24934,0.66488
VCAM1,24.205,-1.2111,0.021604,0.2257
EXTL2,594.84,0.076821,0.54788,0.84721
SLC30A7,646.4,0.13908,0.40962,0.77944
ZNF281,1139.9,-0.055578,0.64321,0.88797
ARPC5,3221.7,0.020719,0.88362,0.97031
CADM3,1.3442,-2.7143,0.21076,NA
NLRP3,6.5823,0.66207,0.48677,NA
ZNF496,852.3,-0.1746,0.25715,0.67192
TRIM58,10,0.32609,0.64622,NA
SLAMF9,2.1,1.5003,0.35427,NA
OR2M5,0,NA,NA,NA
KCNJ9,2.0778,-2.2991,0.19724,NA
IGSF8,720.14,0.23251,0.087175,0.43201
DDR2,12578,-0.073593,0.54954,0.84836
PEA15,9600.8,-0.2511,0.040966,0.30841
PEX19,1065.9,-0.0036952,0.97619,0.99361
NCSTN,2626.6,0.0013871,0.99119,0.99842
VANGL2,5.1991,0.79865,0.41965,NA
SLAMF6,3.2567,-0.14426,0.91963,NA
OLFML2B,680.03,-0.17487,0.22645,0.64179
FCRLB,91.414,-0.5056,0.10007,0.46125
FCGR3B,0,NA,NA,NA
SLC9C2,0,NA,NA,NA
KLHDC9,15.832,0.61859,0.29224,0.69916
C1orf74,47.035,-0.70266,0.054418,0.34534
LMX1A,0,NA,NA,NA
LRRC52,0,NA,NA,NA
FLVCR1,111.49,0.4079,0.17774,0.58408
FAM71A,0,NA,NA,NA
ATF3,74.989,1.2672,0.0011702,0.045571
RBM15,173.21,0.40498,0.049727,0.33447
DENND2D,46.525,-0.66427,0.11232,0.48308
AXDND1,1.6425,0.77533,0.74386,NA
TDRD5,0,NA,NA,NA
IER5,2030.2,-0.040802,0.75093,0.92927
SNED1,4573.2,0.093103,0.53925,0.84216
BPNT1,344.64,0.15729,0.3816,0.76122
SPATA17,29.886,0.27236,0.522,0.83453
C1orf115,151.4,0.55442,0.010253,0.1534
BROX,1197.7,-0.033807,0.77745,0.93779
NBPF20,680.57,0.98946,0.025919,0.24676
ACP6,103.69,0.65481,0.13557,0.52236
WDR64,0,NA,NA,NA
KIF26B,278.82,-0.37146,0.26347,0.678
TFB2M,268.5,-0.18448,0.31369,0.71421
CNST,826.24,-0.19908,0.18352,0.59182
PPP1R21,442.83,0.19314,0.17095,0.57413
KLHDC8A,0.31832,-0.44677,0.91221,NA
PM20D1,2.0086,0.60236,0.69847,NA
PKDCC,284.76,-0.79733,0.0036102,0.090598
OXER1,0.61265,-2.6742,0.50114,NA
HAAO,0.97288,1.2171,0.62263,NA
B3GALNT2,659.34,-0.064245,0.60544,0.87253
MAPKAPK2,2445.7,0.12615,0.28374,0.69371
IL20,0,NA,NA,NA
IL24,0.67691,1.7181,0.57083,NA
FCMR,7.9563,-0.37183,0.66497,NA
PIGR,6.114,0.23093,0.83444,NA
FCAMR,0,NA,NA,NA
CAPN2,18064,0.21377,0.13024,0.51309
MRPL55,235.88,-0.03001,0.87789,0.96911
WDR26,4262.7,0.26131,0.027474,0.2557
REL,321.82,0.40973,0.046312,0.32411
PUS10,126.65,0.080956,0.76955,0.93533
PEX13,443.22,0.055523,0.72513,0.91907
KIAA1841,290.6,0.096006,0.60712,0.87267
TRIM17,16.276,-0.32259,0.63549,0.88597
RFTN2,97.767,0.20455,0.50952,0.82655
DISC1,147.41,0.018489,0.93262,0.98415
CAPN13,0,NA,NA,NA
LRRTM1,0.1983,-1.1232,0.78204,NA
MEMO1,678.85,-0.094729,0.49128,0.8198
DPY30,404.96,0.032548,0.83178,0.95449
TYW5,173.77,0.358,0.11554,0.48885
MAIP1,168.73,0.18499,0.42622,0.78951
KCNF1,1.6299,0.1661,0.94119,NA
SLC66A3,666.34,0.012508,0.91933,0.98156
ARL5A,849.3,-0.042004,0.75975,0.93233
LRATD1,74.324,-1.1492,0.0087911,0.14224
KCNJ3,3.0996,0.55048,0.66608,NA
NEUROD1,1.1975,2.6798,0.23588,NA
CLHC1,65.787,0.45555,0.31563,0.71656
FRZB,1.6483,0.71898,0.71567,NA
DUSP19,47.574,-0.30548,0.45796,0.80354
CFAP36,744.21,0.053577,0.73951,0.92453
NUP35,157.37,-0.30196,0.16882,0.57241
CCDC138,51.703,0.16135,0.66421,0.89447
ZSWIM2,0.64111,-2.7341,0.42171,NA
FBXO41,146.09,0.052038,0.82662,0.95383
ACTG2,3.4825,-0.3723,0.80993,NA
WDCP,165.32,-0.13825,0.56333,0.85417
SMC6,941.71,0.094782,0.42521,0.78877
VSNL1,3.5704,0.51088,0.75318,NA
CCDC74A,119.52,-0.34021,0.14041,0.52671
H3-3A,3392.3,-0.14235,0.22426,0.63899
ANKRD30BL,0.34814,1.9865,0.62276,NA
COQ8A,423.07,-0.18693,0.31453,0.71548
SLC16A14,1.2363,-1.2901,0.61514,NA
TEKT4,90.968,0.050219,0.84375,0.95861
EN1,719.82,-0.23914,0.06738,0.38425
SGCB,3910.6,0.15052,0.2664,0.68027
SPATA18,505.78,-0.50633,0.0038294,0.094779
NOSTRIN,18.876,-0.45926,0.42568,0.78922
CFAP221,21.248,0.43738,0.45826,0.80354
SGPP2,29.57,0.88008,0.059546,0.36068
INHBB,1291.4,-0.61864,0.0069035,0.12392
XIRP2,1.5267,-1.4612,0.45762,NA
BBS5,386.97,0.11205,0.45002,0.80016
SMARCAD1,893.99,0.0019697,0.98688,0.99721
HPGDS,0,NA,NA,NA
PDLIM5,1230.4,0.12628,0.38664,0.76512
PDHA2,0,NA,NA,NA
STPG2,0.51465,-1.445,0.66613,NA
NEURL3,0.5535,2.653,0.46412,NA
RPRD2,1082.6,0.27247,0.036681,0.29439
ANKRD23,44.351,0.49331,0.20143,0.61579
CTSS,37.684,0.037415,0.92639,0.98258
MSX1,455.54,0.079818,0.61387,0.87654
PACRGL,260.9,0.29776,0.13363,0.51968
BNIPL,31.831,0.50624,0.25527,0.66972
C1QTNF7,2.0645,-0.055322,0.97244,NA
TNFAIP8L2,2.954,4.0246,0.020159,NA
LYSMD1,100.06,-0.39077,0.15121,0.54529
SCNM1,297.74,0.06219,0.72201,0.91806
TMOD4,4.0053,-0.76589,0.56498,NA
VPS72,493.27,-0.18273,0.32808,0.72488
ERCC3,994.29,0.1239,0.32389,0.72202
RNF149,832.29,0.080127,0.48945,0.81887
IWS1,909.87,-0.092815,0.44161,0.79618
BOLA3,178.89,-0.067686,0.73508,0.92365
CDC42EP3,5550.8,-0.22097,0.01778,0.20483
S100A11,5209.1,-0.11546,0.34513,0.73686
LCE3D,1.7045,0.065191,0.97671,NA
SMCP,1.6391,-1.0985,0.57727,NA
IVL,28.377,1.4352,0.059051,0.35985
SPRR3,12.954,1.8954,0.03194,NA
DHX57,485.92,0.050497,0.70461,0.90953
SPRR2D,22.983,1.504,0.33715,0.7328
BMP10,0,NA,NA,NA
PGLYRP4,1.8943,2.2517,0.24841,NA
ARHGAP25,1.7941,-3.1139,0.16681000000000001,NA
S100A9,56.12,1.2,0.46062,0.80466
S100A12,0.51399,2.5546,0.52266,NA
TGFA,31.51,-1.0274,0.023052,0.23334
TDRD10,1.9087,1.5417,0.43073,NA
CCNYL1,518.5,0.21787,0.19959,0.6132
FZD5,36.967,0.18123,0.65139,0.89037
CRYGC,0,NA,NA,NA
DCAF16,604.14,0.18676,0.22284,0.63763
C1orf189,0.64169,-1.3228,0.66779,NA
NPPC,0.26873,-1.4644,0.71797,NA
GNPDA2,520.5,0.083674,0.52356,0.83493
ALPP,3.7095,1.5612,0.23023,NA
GABRG1,0,NA,NA,NA
ALPG,0,NA,NA,NA
GABRB1,0,NA,NA,NA
PAQR3,395.94,0.18617,0.26124000000000003,0.67585
NIPAL1,8.6595,1.3421,0.10044,NA
ALPI,0,NA,NA,NA
ANTXR2,6645.9,0.32543,0.042155,0.31182
HELQ,212.25,0.073042,0.71429,0.91526
MRPS18C,411.25,0.11292,0.51735,0.83276
CGGBP1,2439.2,0.068059,0.56322,0.85411
ABRAXAS1,410.36,0.17244,0.2414,0.65515
GPR155,296.08,0.45998,0.014785,0.18726
DAPL1,22.728,0.21963,0.70116,0.90913
PMVK,538.08,-0.30463,0.07313,0.39752
PBXIP1,1596.9,0.091536,0.58749,0.86406
CLDN1,22.951,1.678,0.09573,0.45147
PYGO2,711.79,0.04033,0.75492,0.93001
HIPK1,1316.2,-0.0070932,0.96043,0.99062
LENEP,1.0359,3.5613,0.21439,NA
DCST2,11.105,-0.35105,0.60223,NA
DCST1,17.738,0.030134,0.95711,0.98999
COL6A3,165070,0.23026,0.10635,0.47352
INAVA,5.442,-0.34666,0.7671,NA
YY1AP1,1053.4,-0.043113,0.70369,0.90942
KBTBD8,14.645,1.616,0.011133,NA
TAFA4,0,NA,NA,NA
EOGT,331.7,0.11219,0.52835,0.83733
LMOD3,13.405,0.278,0.65467,NA
NAXE,622.43,-0.11964,0.424,0.78782
POGLUT1,441.29,0.4519,0.012028,0.16845
SLC22A15,185.81,-0.011476,0.95264,0.98999
CCKAR,0.52602,2.5797,0.48426,NA
IGFN1,2.6893,0.045007,0.97951,NA
ATP1A1,4532.7,-0.12361,0.20208,0.61626
SLC15A2,12.163,0.26302,0.69771,NA
EIF4E3,452.21,-0.025227,0.87139,0.96746
PROK2,0,NA,NA,NA
TEX55,0,NA,NA,NA
LRRC58,1774.2,0.35306,0.017848,0.20544
FSTL1,74175,-0.32183,0.0028085,0.078078
LMOD1,67.179,-0.8749,0.069502,0.38943
ELF3,5.8353,1.3625,0.19898,NA
PDCL2,0,NA,NA,NA
TMEM183A,1163.9,-0.030888,0.80686,0.94685
TMEM169,10.15,0.63121,0.50767,NA
IGFBP7,2599.4,-0.18088,0.11619,0.48994
TRIM46,54.738,-0.2171,0.53379,0.83925
KRTCAP2,685.71,-0.3983,0.0050877,0.10566
CXCR1,0,NA,NA,NA
ARPC2,5022.2,-0.10372,0.4122,0.78118
TSACC,5.9526,-0.18282,0.84927,NA
CCT3,3677.6,0.0065653,0.95865,0.99015
TMEM79,131.96,0.05259,0.85795,0.9633
SSR2,3400.5,-0.26099,0.03481,0.28513
RNF25,360.64,0.10807,0.51935,0.83349
STK36,465.3,0.026737,0.89999,0.97613
ADORA1,15.859,-0.3559,0.63577,0.88597
NEK10,149.16,0.61717,0.04833,0.33102
CCDC141,9.3875,1.2482,0.18708,NA
FEV,0,NA,NA,NA
CRYBA2,0,NA,NA,NA
IHH,0.68232,1.6238,0.59143,NA
CIP2A,372.36,-0.22885,0.18051,0.58745
EOMES,3.2838,0.83114,0.51214,NA
CWC22,566.85,-0.18579,0.15338,0.54961
AZI2,1089.6,-0.14475,0.37534,0.75834
TGFBR2,7695.9,0.034089,0.73609,0.92417
RETNLB,0,NA,NA,NA
ANKZF1,611.44,-0.17211,0.20202,0.61626
HDAC11,388.09,-0.0023496,0.99158,0.9985
FCRL4,0,NA,NA,NA
TRAT1,0,NA,NA,NA
FBLN2,23524,-0.3105,0.01361,0.17967
GLB1L,104.87,0.197,0.51766,0.83306
STT3B,3018.9,0.041381,0.75195,0.92973
CHCHD4,188.24,0.024697,0.91595,0.98059
DPPA2,0,NA,NA,NA
NFASC,2833.8,0.013963,0.90272,0.97663
FCRL1,2.762,2.2436,0.14029,NA
SGO2,505.12,-0.048119,0.74722,0.92789
SERPINI1,12.574,0.60356,0.36138,NA
CLASP2,681.66,0.049217,0.7246,0.91866
SUCLG1,749.91,-0.048637,0.79082,0.9414
NUAK2,77.297,0.40966,0.22619,0.64152
SPTA1,0.3505,1.9942,0.62135,NA
PRKCI,939.02,0.12501,0.27994,0.69177
MNDA,0,NA,NA,NA
PYHIN1,2.4451,-0.076635,0.96209,NA
IFI16,3507.8,0.094829,0.45634,0.80345
AIM2,0.7133,-1.5394,0.60439,NA
EFHB,4.4327,-0.40638,0.70085,NA
EIF5A2,365.46,0.38437,0.06889,0.38833
SLC2A2,0.76211,-1.667,0.61377,NA
RPL22L1,554.21,0.024431,0.89937,0.97613
FABP1,0,NA,NA,NA
PPM1L,32.868,0.39231,0.39592,0.77146
ICA1L,151.76,0.46757,0.15627,0.55482
CTLA4,0.12783,-0.72617,0.85875,NA
ICOS,0,NA,NA,NA
RYBP,1406.5,0.22365,0.035902,0.29052
PPP4R2,1277.1,0.053283,0.6945,0.90576
CD200R1,0.21086,1.2203,0.76489,NA
GTPBP8,170.92,0.021264,0.91972,0.98156
NEPRO,822.73,0.10732,0.35802,0.74698
SPICE1,218.57,-0.052557,0.83078,0.95449
CCDC191,121.17,0.1122,0.7017,0.90942
CADPS,1.6364,0.074232,0.97011,NA
NKX6-1,59.815,-0.29825,0.47103,0.81135
CDS1,5.6718,2.0011,0.072228,NA
WDFY3,1993.2,0.37098,0.0095769,0.14854
COX18,206.7,0.016552,0.9338,0.98436
PTPN13,2070.5,-0.14555,0.37,0.75424
SYNPR,0,NA,NA,NA
ALB,0.2926,1.6034,0.69202,NA
C3orf49,6.0118,-0.11464,0.91534,NA
C4orf36,7.5695,0.7875,0.53568,NA
THOC7,663.96,-0.11758,0.44221,0.79652
ATXN7,634.35,0.068283,0.65104,0.89018
PSMD6,921.96,0.23315,0.10919,0.47713
PRICKLE2,732.33,0.40233,0.001357,0.049463
ADAMTS9,64.748,0.56647,0.089914,0.43909
PPM1K,185.78,-0.23653,0.3786,0.75983
ERICH6,1.3366,0.20705,0.92596,NA
CLRN1,0.98973,1.0726,0.69255,NA
GMPS,1637,-0.023942,0.85852,0.96352
TIPARP,796.16,0.39667,0.038417,0.30046
CCNL1,1136.1,0.461,0.025886,0.24676
PTX3,10613,-0.67542,1.942e-4,0.01473
HESX1,12.441,0.2234,0.7349,NA
DCLK3,2.1515,-0.13636,0.94137,NA
SLMAP,1181.6,0.22465,0.08326,0.42347
RPL9,17505,-0.09741,0.48442,0.81691
SMIM14,1705.2,0.11076,0.31586,0.71662
RPP14,409.98,0.25306,0.21257,0.62816
ABHD6,156.93,0.43976,0.035794,0.29029
DNASE1L3,2.7262,0.66031,0.672,NA
CFAP20DC,82.402,-0.21565,0.43162,0.7916
RBM47,70.033,-0.3595,0.23293,0.64634
APBB2,1030,0.10132,0.43995,0.79603
IL17RE,90.202,0.093574,0.76563,0.93352
IL17RC,727.31,-0.11013,0.3955,0.77136
CRELD1,366.49,-0.036891,0.82395,0.9525
PRRT3,153.04,0.26625,0.21474,0.63066
FANCD2OS,0.077905,-0.047796,0.99064,NA
PCOLCE2,168,-0.76447,3.1477e-4,0.02005
U2SURP,1643,0.12169,0.37429,0.757
MTMR14,488.67,0.11823,0.38281,0.76214
TTC14,742.14,0.29727,0.040361,0.30798
CXCL3,90.001,0.70237,0.091765,0.44335
CXCL5,19.419,0.93605,0.23454,0.64737
PPBP,0,NA,NA,NA
PF4,0.15274,-0.82888,0.83903,NA
MTHFD2L,49.143,0.51838,0.17276,0.57667
CXCL1,406.19,0.41087,0.10802,0.47631
RCHY1,305.88,-0.088643,0.61249,0.87592
PLSCR2,1.6017,-1.8688,0.33475,NA
CCDC158,5.9765,-0.21106,0.82369,NA
CPA3,2.9024,-2.181,0.15471,NA
GYG1,754.59,-0.24843,0.077754,0.40805
HPS3,592.36,-0.0071602,0.95669,0.98999
TM4SF18,0.80297,1.8069,0.57918,NA
TOPBP1,1028.1,-0.17007,0.21633,0.63314
RYK,1561.7,-0.027406,0.82638,0.95363
SNRK,457.92,0.2553,0.080434,0.41594
TCF23,6.6862,-0.22364,0.82912,NA
DNAJC5G,1.5287,-0.22278,0.90548,NA
UCN,14.211,-0.053573,0.93457,NA
ZNF513,259.67,-0.12689,0.48538,0.81691
SLC4A1AP,535.53,0.051061,0.72694,0.9195
PLB1,5.3429,-0.050863,0.96091,NA
SPDYA,6.6944,0.70096,0.44629,NA
KIAA1143,1176,0.078452,0.50573,0.82541
KIF15,328.03,-0.12644,0.51808,0.83344
TGM4,1.2436,-3.6956,0.16833,NA
WDR43,1005.9,-0.27598,0.08482,0.42644
ZDHHC3,1799.6,-0.31972,0.019702,0.21652
CDCP1,283.97,-0.025168,0.9341,0.98437
CLEC3B,2051.3,-1.1621,1.2008e-7,5.0829e-5
SLC6A20,21.951,0.17062,0.78804,0.94061
LZTFL1,539.05,-0.1752,0.20716,0.62278
FYCO1,2026.3,0.0045871,0.96782,0.99243
CCR1,0.35757,2.019,0.61682,NA
RTP3,0.58682,-2.5811,0.46561,NA
LRRC2,310.5,-0.67891,1.4482e-4,0.012182
ELP6,320.84,-0.050806,0.78391,0.93992
FBXO40,1.1412,-1.145,0.65548,NA
DTX3L,734.18,-0.060963,0.65251,0.89083
ZNF148,1494.3,-0.056329,0.70527,0.90979
NMNAT3,407.5,0.30848,0.11318,0.4842
SMIM12,507.69,0.18741,0.22147,0.63678
ZMYM6,442.77,0.029594,0.86523,0.96539
TPRA1,708.63,-0.067735,0.62984,0.88575
YEATS2,1742,-0.069203,0.60333,0.87152
GRIK3,0,NA,NA,NA
ZC3H12A,152.77,-0.20164,0.42214,0.78672
MEAF6,993.4,0.042832,0.74017,0.92453
SNIP1,379.14,0.06818,0.64452,0.88879
DNALI1,151.11,-0.20977,0.32182,0.72019
POLR2H,615.11,-0.069262,0.66132,0.8934
KLF15,61.366,0.30741,0.58662,0.86326
CFAP100,0.33717,1.9453,0.63029,NA
CAMK2N2,35.505,0.17995,0.66703,0.89547
LIPH,9.7538,1.0055,0.22651,NA
TMEM41A,273.7,0.16077,0.36507,0.7518
RPN1,4198.9,-0.1479,0.15647,0.55507
SENP2,791.91,0.1997,0.32623,0.72337
HEYL,2.4766,-0.035191,0.98069,NA
IFT122,459.26,0.056231,0.78737,0.94061
RHO,0,NA,NA,NA
RFC4,298.25,-0.19682,0.30009,0.70405
RPL39L,171.11,-0.33851,0.084704,0.42644
BAP1,1722.8,-0.02312,0.8677,0.96612
TKT,6635.9,-0.20781,0.1852,0.59393
PRKCD,878.14,0.023032,0.8825,0.97005
RFT1,459.99,0.10523,0.54545,0.84572
SFMBT1,206.16,-0.10737,0.54718,0.84664
GNL3,1566.2,0.15473,0.21046,0.62596
PBRM1,1923.2,0.039874,0.7904,0.94113
UVSSA,567.12,0.26765,0.24853,0.66367
TASOR,1677.8,0.13825,0.28847,0.69669
ARHGEF3,275.57,0.16963,0.57003,0.8573
SLBP,1232.2,-0.18503,0.17921,0.58622
LRPAP1,2387.2,-0.038271,0.75131,0.92963
ZDHHC19,0.83692,-3.1156,0.38815,NA
SLC51A,10.425,0.35532,0.65116,NA
UBXN7,1673.9,0.064713,0.76169,0.93251
RNF168,704.49,-0.082376,0.57237,0.85777
PIGX,420.91,0.146,0.45709,0.80345
MELTF,446.23,-0.48078,8.5788e-4,0.037659
OTOP1,6.4096,-0.69918,0.45109,NA
S100P,1.2029,3.7771,0.17547,NA
ABLIM2,2.8991,0.5974,0.69341,NA
EXO5,161.3,-0.13818,0.50437,0.82533
CLDN19,1.1751,1.4703,0.52726,NA
C1orf50,192.7,0.047879,0.79439,0.94284
ERMAP,474.07,-0.083473,0.54634,0.8463
ZNF691,109.82,-0.40213,0.10889,0.47702
AIMP1,1034,-0.10067,0.41967,0.78524
SGMS2,1297.4,-0.072991,0.56506,0.85508
METAP1,1155.9,-0.040536,0.80944,0.94735
DNAJB14,1054.4,0.074233,0.65651,0.89281
H2AZ1,3269.3,-0.18825,0.062054,0.36691
EMCN,14.502,-0.45576,0.51465,NA
SLC9B1,15.879,0.37239,0.59231,0.86648
SLC9B2,567.15,0.15637,0.29256,0.69916
BDH2,630.87,-0.1921,0.22387,0.6386
PGRMC2,3171.9,-0.4527,0.0015429,0.053704
CDC25A,144,-0.81228,0.016299,0.19754
CAMP,0,NA,NA,NA
ZNF589,285.33,0.060858,0.76239,0.93276
FBXW12,0,NA,NA,NA
PLXNB1,753.51,-0.0017757,0.98948,0.99802
CCDC51,123.33,-0.43442,0.12136,0.4989
ATRIP,263,-0.2669,0.17052,0.5738
SHISA5,2930.4,-0.20003,0.073285,0.39771
SPRY1,202.35,-0.15733,0.44524,0.79862
BSN,18.418,0.40115,0.47454,0.8127
APEH,1257.6,0.079455,0.50481,0.82533
INTU,323.27,0.32031,0.13941,0.52614
RNF123,854.43,0.70159,8.581e-4,0.037659
HSPA4L,157.65,-0.099765,0.67107000000000006,0.89717
MFSD8,268.12,0.19665,0.35714,0.74608
ABHD18,160.5,0.34036,0.16681000000000001,0.56884
CAMKV,0,NA,NA,NA
MON1A,208.88,0.16391,0.42588,0.78932
MST1R,25.812,-0.50139,0.30184,0.70569
RAD54L2,774.93,0.35215,0.020858,0.22266
TEX264,726.33,-7.7991e-4,0.99602,0.99937
GRM2,3.4811,0.99586,0.44232,NA
DUSP7,794.98,-0.41932,0.0067389,0.12231
POC1A,267.19,-0.29367,0.081501,0.41874
PPM1M,837.51,-0.21527,0.14373,0.53229
ETNPPL,0,NA,NA,NA
WDR82,3198.3,-0.035829,0.75548,0.93001
PITX2,299.7,-0.30365,0.14053,0.52671
C4orf3,3613.9,-0.18533,0.1281,0.51014
PRSS12,2279.4,-0.65177,4.0843e-4,0.023714
NDST3,3.8294,0.52634,0.65306,NA
HMGB2,1369.6,-0.2206,0.10404,0.46942
SAP30,263.24,-0.087435,0.64913,0.88985
SCRG1,22.004,0.12485,0.80767,0.9471
HAND2,147.53,-0.14969,0.5491,0.84818
MAD2L1,446.9,-0.031129,0.82714,0.954
ANXA5,23166,-0.051385,0.65285,0.89083
SMIM43,36.068,-0.32455,0.44762,0.79903
ADAD1,0,NA,NA,NA
MAP9,431.97,0.28592,0.0754,0.40122
GUCY1A1,4.2872,-0.70986,0.53538,NA
FBXO8,380.13,-0.26211,0.12553,0.50688
CEP44,304.4,0.42205,0.02462,0.24038
HPGD,0.81696,0.43907,0.89139,NA
ASB5,0.7274,0.64844,0.84992,NA
C4orf45,1.1029,-2.3208,0.36457,NA
TMEM144,36.943,-0.67811,0.15994,0.55995
GASK1B,620.84,-0.47962,0.41932,0.78511
NPY1R,0,NA,NA,NA
NPY5R,0,NA,NA,NA
NAA15,1038.9,0.13974,0.27805,0.69004
IL15,127.63,-0.22793,0.37621,0.75834
FAM160A1,13.128,0.34311,0.59642,NA
ARFIP1,814.21,0.05836,0.63077,0.88575
ICE1,1311.6,0.19773,0.10839,0.47649
HHIP,16.081,-0.2618,0.71881,0.91742
ANAPC10,157.54,0.12325,0.58535,0.86303
ABCE1,1807.3,-0.18193,0.19884,0.61195
OTUD4,1534.5,0.062117,0.66014,0.89303
LSM6,218.31,0.13146,0.4854,0.81691
TMEM184C,949.65,0.11334,0.39557,0.77138
PRMT9,131.28,0.033532,0.87873,0.96921
ITGA2,2176.6,1.0331,0.12111,0.49857
MOCS2,927.31,-0.1838,0.19615,0.60875
SLC45A2,0,NA,NA,NA
EDIL3,246.92,0.36807,0.048767,0.33242
TMEM161B,192.04,0.31343,0.1289,0.512
ELOVL7,6.3315,3.3049,0.0037895,NA
NDUFAF2,378.75,-0.068123,0.72457,0.91866
ZNF474,4.0464,-2.9247,0.033531,NA
LMBRD2,546.87,0.10318,0.51286,0.8295
RANBP3L,2.8555,2.3276,0.14239,NA
NIPBL,1860.4,0.23124,0.062631,0.36804
RNF180,11.8,0.41572,0.5937,NA
ADGRV1,5.2244,1.7765,0.13776,NA
SLC25A46,1231.4,-0.098036,0.39896,0.77294
STARD4,269.47,0.24451,0.27121,0.68362
PGGT1B,404.87,0.11494,0.42868,0.7906
F2RL2,30.466,0.1033,0.81441,0.94926
CCDC112,205.25,0.12239,0.53156,0.8383
ANKRD33B,731.78,-0.58316,0.28083,0.69232
CMBL,447.17,-0.20378,0.2935,0.69978
C5orf63,31.376,-0.49167,0.28135,0.69272
PRRC1,1862.6,0.030521,0.80672,0.94676
F2RL1,49.159,-0.0011051,0.99817,0.99963
AGGF1,820,0.05889,0.63559,0.88597
WDR41,945.64,0.13478,0.42862,0.7906
PRDM9,0.94221,1.9893,0.44125,NA
NDUFS4,669.42,-0.3299,0.053071,0.34336
SCGB3A2,5.027,0.51026,0.60248,NA
SPINK1,0.71625,0.89962,0.76514,NA
HTR4,0,NA,NA,NA
ESM1,1073.2,-0.045328,0.95406,0.98999
GRPEL2,346.21,0.11132,0.4938,0.81999
CDC20B,0.81051,-3.1349,0.39121,NA
ARSK,258.69,0.13119,0.42249,0.78688
RHOBTB3,1409.2,-0.082289,0.49431,0.81999
GPX8,3754.7,-0.24461,0.023014,0.23334
TIGD6,148.9,0.074465,0.74781,0.92797
SPZ1,0.13808,-0.71992,0.85996,NA
SERINC5,659.15,0.37204,0.02299,0.23334
ENPP6,3.7381,-0.47739,0.72166,NA
CAGE1,1.3458,0.85899,0.68853,NA
CASP3,678.93,-0.0301,0.86002,0.96407
PRIMPOL,266.3,-0.12057,0.49934,0.82261
ERAP1,1074.6,0.089817,0.4693,0.8099
ERAP2,848.52,-0.092821,0.43747,0.79465
CMYA5,106.02,0.10849,0.73429,0.92317
EGFLAM,14.404,-0.028864,0.97453,NA
CFAP97,1455.2,0.044851,0.69187,0.90551
TMEM174,0,NA,NA,NA
CARTPT,0,NA,NA,NA
RICTOR,1120.3,0.50876999999999994,0.0011548,0.04537
TENT2,879.77,-0.049253,0.67248,0.89761
EBF1,1514.5,-0.05666,0.81552,0.94996
ANKRA2,297.16,0.1429,0.3632,0.75042
UBLCP1,570.35,0.1114,0.41773,0.78499
FAM170A,0,NA,NA,NA
UTP15,212.7,0.33457,0.070072,0.38961
TLR3,155.25,-0.47027,0.20755,0.623
KLKB1,1.2708,1.7612,0.48107,NA
NSA2,1826.5,0.064941,0.61234,0.87592
GFM2,418.72,0.053457,0.72801,0.92004
TERT,0,NA,NA,NA
SLC6A18,0,NA,NA,NA
CCDC127,1320,-0.035738,0.75923,0.93222
FOXQ1,17.913,0.65751,0.324,0.72207
ADGRF2,0,NA,NA,NA
ACSL6,2.3919,0.72368,0.6196,NA
IL3,0.68528,1.5997,0.5962,NA
CSF2,0.34222,0.12747,0.97508,NA
SEPTIN8,2417.7,-0.13252,0.28329,0.69371
SHROOM1,319.15,-0.10129,0.5585,0.85202
GDF9,2.7757,-0.40116,0.79364,NA
UQCRQ,804.5,0.046822,0.79686,0.94347
LEAP2,5.1583,0.25203,0.81906,NA
GJB7,1.3155,0.18103,0.93102,NA
SLC35A1,356.21,0.17093,0.27768,0.68995
GRIK2,111.75,-0.23773,0.30587,0.70826
CGAS,129.05,-0.32117,0.17969,0.58642
FABP7,6.5141,0.96349,0.3137,NA
TLX3,0,NA,NA,NA
TXLNB,3.6349,0.4185,0.75139,NA
CITED2,9435.5,-0.27337,0.053896,0.34348
CALHM4,0.28353,1.6547,0.68341,NA
TBXT,0,NA,NA,NA
CREBRF,776.29,0.092326,0.52405,0.83521
DCBLD1,569.61,0.073439,0.6402,0.88731
SFXN1,777.59,-0.10195,0.48695,0.81721
SAMD3,22.402,0.71444,0.3175,0.71725
TMEM200A,872.56,0.055573,0.82908,0.95435
IL22RA2,0,NA,NA,NA
DACT2,0,NA,NA,NA
PDSS2,409.53,0.29444,0.060878,0.36385
SPATA48,0,NA,NA,NA
STXBP5,1655.2,0.089145,0.53249,0.83887
H2AC1,0,NA,NA,NA
IL31RA,37.603,-0.32631,0.41915,0.78511
ANKRD55,5.2966,0.038638,0.96915,NA
RAET1E,37.079,0.067216,0.87832,0.96911
PI16,94.862,-0.40025,0.1544,0.55126
TBX20,9.2138,0.17447,0.81796,NA
DAGLB,547.5,0.045586,0.78889,0.94093
KIAA0895,41.942,0.58395,0.12963,0.51265
STK17A,2440.1,-0.15815,0.17328,0.57667
TRA2A,995.42,0.033486,0.78912,0.94094
GALNT10,3285.2,-0.29695,0.0031717,0.083741
SAP30L,1564.3,0.16284,0.13771,0.52474
RPS14,20312,-0.12122,0.41783,0.78499
HCN1,8.8287,0.75508,0.39064,NA
MYOZ3,4.1171,-1.0215,0.37019,NA
COG5,1216.2,0.22508,0.11892,0.49599
NEUROD6,0,NA,NA,NA
BMT2,436.96,0.051695,0.73756,0.92417
GPR85,30.492,0.029760000000000002,0.95765,0.98999
SLU7,915.52,0.13057,0.34621,0.73774
RP9,605,-0.51716,0.0032793,0.085467
PTTG1,392.43,-0.23183,0.13552,0.52236
CAMLG,1198.2,-0.082737,0.53034,0.83815
BMPER,1613.9,-0.56502,6.9965e-5,0.0069357
RELL2,50.827,-0.1654,0.64419,0.88879
KCNK5,0.5331,2.5968,0.47934,NA
KIF6,40.236,-0.052984,0.90408,0.97672
ZNF12,604.75,0.032428,0.80777,0.9471
SLC29A4,112.02,-0.35706,0.1908,0.60082
TEX47,0,NA,NA,NA
STEAP1,671.44,0.39162,0.42612,0.78951
CDCA7L,787.32,-0.40962,0.0021587,0.065724
SP8,6.2274,-1.5967,0.15104,NA
MIOS,696.69,-0.089279,0.59995,0.87037
ELAPOR2,145.36,-0.044242,0.85291,0.96192
USP49,260.85,0.36825,0.097685,0.456
SYTL3,42.74,-0.34675,0.341,0.73487
IQUB,12.478,0.23926,0.73674,NA
HEY1,27.432,0.026747,0.95889,0.99019
ZNF704,97.605,-0.72431,0.02907,0.26217
FABP5,186.86,0.25983,0.41599,0.78428
SHH,0.48078,0.95157,0.78102,NA
TAGAP,2.5403,0.95753,0.51595,NA
COL1A2,515560,-0.21786,0.10562,0.47206
FNDC1,528.06,-0.20931,0.2217,0.63728
CHMP4C,4.6525,3.1339,0.01636,NA
SLC13A4,39.871,0.47519,0.32779,0.72472
PGAM2,0,NA,NA,NA
BRI3,2326.9,0.059441,0.63578,0.88597
LMTK2,558.09,0.36097,0.024554,0.24038
SLC35G3,0,NA,NA,NA
CTSB,46403,0.23687,0.051495,0.33921
SOX17,0,NA,NA,NA
DLC1,3859.6,0.26917,0.024305,0.23944
ADCY1,48.552,0.46288,0.18465,0.59361
C8orf48,60.442,-0.27692,0.43614000000000003,0.79431
SUN3,1.3539,-0.97539,0.67843,NA
C7orf57,1.1592,-0.31545,0.89969,NA
HNF4G,0,NA,NA,NA
PEX2,504.51,-0.047547,0.78797,0.94061
RAD21,3430,-0.059007,0.54542,0.84572
SLC30A8,0.72762,-1.6,0.58156,NA
MED30,159.09,-0.14692,0.51851,0.83349
TNFRSF11B,4151.9,-0.5621,6.3928e-7,1.9508e-4
SBSPON,11.002,0.12992,0.85086,NA
PHKG1,35.433,-0.41373,0.37878,0.75983
EN2,2.1956,0.77684,0.64252,NA
KCNV1,20.713,0.52129,0.34598,0.73761
CSMD3,0.4846,1.0931,0.77763,NA
SPIDR,1054.7,0.28883,0.059483,0.36068
ORC5,238.83,0.015074,0.95032,0.98999
DEFA5,0,NA,NA,NA
DNAAF5,746.77,0.062531,0.65484,0.89178
DEFA4,0,NA,NA,NA
DEFA6,0,NA,NA,NA
OSGIN2,289.68,-0.052482,0.76667,0.93393
DEFB1,0.51003,1.0063,0.79111,NA
SUN1,3189.8,0.016014,0.89483,0.97423
OXR1,866.55,0.023514,0.87771,0.96911
TMEM74,0.15337,-0.83128,0.83857,NA
GPR146,69.595,-0.12242,0.67619,0.89808
GPER1,364.64,-0.53711,0.0024969,0.072168
UNCX,0,NA,NA,NA
TMEM184A,31.016,1.5588,0.020779,0.2224
NOS3,9.1401,0.99893,0.21531,NA
SPAG11B,0,NA,NA,NA
MICALL2,842.82,0.026426,0.87184,0.96763
CA3,0.87829,1.0998000000000001,0.69909,NA
INTS1,2745.5,0.26757,0.0090803,0.1446
CDK5,202.46,0.24011,0.29199,0.69908
SLC4A2,2467.4,-0.041511,0.70257,0.90942
SLC7A13,0,NA,NA,NA
FASTK,1231,-0.19866,0.10317,0.46713
TMUB1,464.31,-0.33773,0.015566,0.19251
FMC1,68.283,0.17453,0.57122,0.8573
GBX1,0.47579,-0.71541,0.8543,NA
PHAX,1225.3,0.09001,0.43328,0.79263
ALDH7A1,1308,-0.13125,0.38219,0.76171
FOXK1,1341.6,0.089946,0.66121,0.8934
COX6C,706.4,-0.12137,0.47491,0.81298
OSR2,1132.9,-1.0682,0.043955,0.31707
YWHAZ,11621,0.0042413,0.96747,0.99243
BAALC,164.67,-0.14863,0.61629,0.87778
FZD6,489.94,-0.19735,0.1715,0.57496
CTHRC1,113.77,-0.90601,6.6433e-4,0.032049
SLC25A32,560.47,-0.091048,0.53424,0.83944
DCAF13,646.54,-0.046493,0.76871,0.93502
DCSTAMP,2.3669,1.3903,0.39785,NA
TP53INP1,760.66,0.16534,0.45722,0.80345
INTS8,852.77,-0.026954,0.87094,0.96722
VIRMA,1538.1,0.14076,0.23336,0.64656
FREM1,5.5722,-0.82062,0.45733,NA
GEM,957.12,0.22681,0.20363,0.61881
PDP1,876.75,-0.075936,0.71223,0.91375
TMEM67,280.29,0.38629,0.037327,0.29685
WASHC5,1595.4,0.02847,0.82079,0.95144
RPP25L,131.13,-0.30667,0.20877,0.62471
FAM219A,828.88,0.18043,0.13286,0.51825
C9orf24,2.5554,0.71711,0.60632,NA
SNAPC3,868.64,0.19172,0.11948,0.49641
MYORG,160.13,0.052419,0.81346,0.94882
NUDT2,324.34,-0.080146,0.703,0.90942
TMEM65,684.15,0.1908,0.23328,0.64652
PSIP1,2460.6,-0.086368,0.4891,0.81882
CCDC171,79.525,0.43096,0.17026,0.5738
UBAP1,1130.3,-0.060522,0.5781,0.86045
DIRAS2,2.785,2.6235,0.15505,NA
SYK,3.8025,-0.25942,0.83535,NA
NIPSNAP3B,33.05,0.066722,0.88376,0.97035
ABCA1,1215.2,0.80104,4.585e-6,8.5948e-4
NFIL3,323.07,0.36728,0.020888,0.22266
LETM2,73.754,0.13117,0.70696,0.91067
METTL2B,399.72,0.2607,0.172,0.57587
PRKACG,0,NA,NA,NA
FXN,134.77,-0.48759,0.029884,0.26463
ZMAT4,1.0513,-1.1046,0.68362,NA
NKX6-3,0,NA,NA,NA
TMEM71,28.096,-0.63931,0.16898,0.57258
MAMDC2,21.814,-0.19878,0.70446,0.90948
PRSS37,0.94623,-1.9709,0.5248,NA
CPA6,0.15799,-0.83409,0.83803,NA
C8orf34,42.104,-0.39385,0.30038,0.70423
TMC1,7.7945,-0.14688,0.86364,NA
ALDH1A1,0.41924,-2.1043,0.59917,NA
KDM1B,493.87,0.32422,0.047654,0.32884
HGSNAT,2827,0.34356,0.0015508,0.053834
RASEF,67.683,0.34814,0.35554,0.74522
GKAP1,36.619,0.31272,0.44475,0.79858
KIF27,181.08,0.51402,0.023056,0.23334
C9orf64,283,-0.19733,0.22365,0.63857
HNRNPK,9037.2,-0.11761,0.26386,0.67842
SSMEM1,0.32302,0.1351,0.97359,NA
SVEP1,2195.4,-0.0013415,0.99481,0.99899
TRPV6,0.2887,-1.5175,0.70742,NA
LLCFC1,0,NA,NA,NA
ANKS6,898.36,0.23966,0.10357,0.46832
FBP1,0.32132,0.32014,0.93746,NA
PGAP4,262.89,-0.012851,0.94541,0.98809
ZHX1,1221.9,-0.20344,0.075886,0.40202
CFAP47,0.17466,-0.98911,0.8074,NA
CYBB,0.3505,1.9942,0.62134,NA
DYNLT3,932.72,0.27601,0.094092,0.44718
METTL27,130.77,0.1106,0.63825,0.88673
MID1IP1,1095.6,-0.24131,0.10113,0.46311
SHOC1,6.9047,2.0676,0.075843,NA
CXorf58,0.43697,-2.1023,0.59477,NA
KIAA1958,201.52,0.25748,0.20556,0.62039
PTCHD1,6.3709,0.93889,0.36799,NA
RNF183,1.8179,1.0326,0.60753,NA
ASB11,1.1277,-0.11781,0.96334,NA
PCDH19,12.709,0.66651,0.31648,NA
PIGA,111.99,-0.11755,0.68617,0.90247
VEGFD,3.1984,-0.35592,0.78559,NA
OR1Q1,8.7667,-0.24927,0.77088,NA
OR1K1,0,NA,NA,NA
STRBP,184.64,-0.12868,0.60071,0.87049
CLDN3,1.89,1.5188,0.3777,NA
GAPVD1,1004.8,0.12381,0.45362,0.80168
CARD19,385.87,0.17453,0.30276,0.7064
WNK2,0.34416,-1.8539,0.64561,NA
ATP7A,411.02,0.24697,0.10024,0.46168
ZNF367,463.47,-0.38263,0.10324,0.46713
NLGN4Y,0.99897,3.3145,0.20373,NA
HDX,70.504,0.49379,0.15407,0.55117
NDUFB6,431.83,0.038578,0.85176,0.96136
AQP7,2.632,0.64544,0.6755,NA
NOL6,731.33,-0.042643,0.74997,0.92893
AQP3,41.489,1.2526,0.051302,0.33846
TRMT10B,194.02,0.40685,0.040747,0.30838
VCP,6154.6,0.16328,0.11558,0.48885
PIGO,326.76,0.18246,0.22747,0.64274
STOML2,1271.9,-0.083493,0.55876,0.85202
BRWD3,290.52,-0.17512,0.40357,0.77562
SLITRK5,12.082,0.53963,0.4104,NA
MELK,525.65,-0.19547,0.20989,0.62537
ARMC3,0.10716,0.81069,0.84241,NA
OTUD1,221.47,-0.010152,0.95806,0.99013
ARHGAP12,1768.1,0.1285,0.25713,0.67192
FAT3,21.559,0.06411,0.8998,0.97613
DEUP1,0.098332,-0.54356,0.89396,NA
HECTD2,239.47,0.12968,0.52954,0.8378
SLC7A3,0,NA,NA,NA
FBXO33,534.84,0.025233,0.85744,0.9633
INTS6L,83.421,-0.136,0.67194,0.89743
GPR101,0,NA,NA,NA
CLDN2,2.2129,-0.736,0.63347,NA
LRFN5,0.12309,-0.70433,0.86296,NA
LRRC18,3.0757,1.5364,0.37004,NA
SPTSSA,598.61,0.12414,0.41708,0.7849
WRN,632.96,0.36832,0.026952,0.25236
MARCHF8,1250.3,-0.014967,0.90562,0.9769
TSHR,23.933,0.43595,0.40087,0.77368
CFL2,1852,-0.5488,1.1061e-4,0.0098065
SUGT1,1092.5,0.030611,0.83971,0.95674
GTF2A1,857.84,-0.0054924,0.97228,0.99263
ZCCHC24,5093.1,-0.090996,0.46327,0.8062
PGM2L1,293.27,0.32392,0.051285,0.33846
PHYHIPL,0.30677,-1.68,0.67769,NA
SLC16A9,1.0103,-0.92028,0.72968,NA
FOLR2,0,NA,NA,NA
INPPL1,2863,0.0010462,0.99381,0.99899
PHOX2A,0,NA,NA,NA
MBL2,0,NA,NA,NA
GJB2,102.86,1.933,0.22104,0.63663
CRYL1,395.91,0.12901,0.38056,0.76094
REEP3,2609.8,0.13379,0.29085,0.69877
HEPACAM,1.1884,1.4625,0.521,NA
SKA3,278.85,-0.3055,0.075255,0.401
MICU2,712.04,-0.033453,0.7873,0.94061
DDIAS,128.43,6.815e-4,0.99846,0.99963
PCF11,807.06,0.043877,0.7758,0.93748
PKNOX2,2.9094,0.58557,0.69921,NA
RPL10L,0,NA,NA,NA
LRR1,178.9,-0.13834,0.48175,0.81683
RPL36AL,2099.5,-0.14144,0.35301,0.74405
DNAAF2,175.89,0.14042,0.49844,0.82177
DEPP1,164.31,-0.49134,0.23114,0.64502
MAGEC3,1.6139,2.108,0.28375,NA
ZNF22,344.24,-0.35978,0.047187,0.32652
KLHDC2,1159.1,-0.070507,0.63657,0.88597
EML5,75.775,-0.18867,0.5358,0.84028
NEMF,1083.8,-0.017469,0.91284,0.97936
RPUSD4,567.48,0.1578,0.31063,0.71209
ARF6,3335,0.012356,0.92216,0.98229
TTC8,316.45,0.091586,0.63722,0.88614
TMEM63C,0.95197,3.4647,0.31459,NA
NGB,0,NA,NA,NA
NOXRED1,10.072,0.39676,0.62985,NA
CDX2,0,NA,NA,NA
AMER2,2.9877,0.1381,0.91531,NA
AKR1E2,78.617,0.096047,0.79113,0.94143
KBTBD6,277.51,-0.089392,0.62704,0.88445
SSX5,0.35696,2.0162,0.61731,NA
SSX3,0.4083,-0.041156,0.99195,NA
OTX2,0,NA,NA,NA
FAAH2,2.0486,0.58553,0.72713,NA
DRGX,0.47412,-2.3015,0.54827,NA
NUDT5,749.23,-0.11223,0.45466,0.80272
DACT1,163.15,0.15317,0.50216,0.82355
OXGR1,0.35003,1.9825,0.62334,NA
UCMA,0,NA,NA,NA
BEND7,312.63,-0.25388,0.15137,0.54553
ATP5F1C,1619,-0.066381,0.61502,0.87759
PRPF18,359.68,-0.10381,0.55627,0.85127
TAF3,421.79,0.31436,0.029869,0.26463
VSTM4,1310.3,0.019038,0.86242,0.96453
VDAC2,2774.9,-0.15076,0.25605,0.67023
SOHLH1,0,NA,NA,NA
COMTD1,70.731,-0.27296,0.38953,0.76796
SLC18A2,12.262,-0.022058,0.97432,NA
PDZD8,2445.3,0.28758,0.071086,0.39325
ZNF503,1329.6,-0.59281,0.0024643,0.071646
ABRAXAS2,415.53,1.4067e-4,0.99921,0.99963
QSOX2,897.14,0.31499,0.070554,0.3913
FAM204A,672.24,-0.0062163,0.96727,0.99243
NSD1,1462.3,0.22738,0.045423,0.32167
PRDX3,2083.7,-0.080348,0.45957,0.80404
ENOX2,321.15,0.1604,0.3234,0.72144
GHITM,2334.3,-0.067202,0.55985,0.85255
CLEC1B,10.242,0.2478,0.7468,NA
SNAPC4,501.68,0.38719,0.068796,0.38833
TMEM52B,2.7232,1.7311,0.24816,NA
PMPCA,915,0.097662,0.4196,0.78523
ENTR1,715.9,-0.083663,0.61379,0.87654
FRMD7,0,NA,NA,NA
AK8,18.633,-0.021274,0.97084,0.99259
SPACA9,159.55,-0.074918,0.73956,0.92453
TSC1,1321.6,0.33024,0.057762,0.35485
GFI1B,1.3425,0.8458,0.69311,NA
HPRT1,539.66,-0.22058,0.14846,0.54021
BORCS5,229.77,-0.14209,0.45968,0.80404
DIPK1B,179.05,-0.066268,0.7378,0.92417
ZMYND19,543.16,-0.12088,0.48978,0.81887
STOX1,2.594,0.80423,0.61323,NA
RET,16.851,-0.63493,0.42725,0.78985
DDX21,2406.9,0.10073,0.56553,0.85519
BMS1,1855.5,0.14583,0.1762,0.58123
STK32C,469.7,-0.17098,0.26684,0.68043
JCAD,5026.6,0.35803,0.06985,0.38943
OR4K2,1.3698,1.7372,0.42884,NA
FUNDC2,725.56,-0.037888,0.80026,0.94536
PIP4P1,440.45,0.4789,0.0043287,0.09913
METTL17,503.33,0.22068,0.15325,0.5493
SLC39A2,1.5107,1.0059,0.59327,NA
NDRG2,16.833,0.39837,0.55178,0.84919
RNASE7,2.0581,1.6573,0.36946,NA
ARHGEF40,3336.1,-0.053355,0.57284,0.85788
NSMF,1343.8,0.017476,0.89553,0.9746
ZNF219,776.07,-0.45488,6.0045e-4,0.030073
C12orf50,0.50279,2.5002,0.53159,NA
CASP7,737.34,-0.095322,0.49284,0.81999
PPP1R36,13.328,-0.4256,0.52454,NA
BTNL9,10.604,0.088091,0.90042,NA
CCDC186,464.22,0.038409,0.8494,0.96108
VWA2,6.8708,0.35027,0.70014,NA
METTL3,649.71,-0.0090886,0.94512,0.98804
SALL2,160.89,-0.014513,0.94677,0.98872
PRAP1,1.4339,-0.16562,0.93661,NA
TRUB1,392.86,-0.1521,0.32581,0.72311
ERICH6B,0,NA,NA,NA
CYP2C19,3.2913,-0.14082,0.9101,NA
ZFYVE1,987.71,0.24761,0.061093,0.36439
C10orf82,0.50466,-0.79087,0.83586,NA
HSPA12A,491.72,0.041247,0.86391,0.96511
FRAT1,91.217,-0.049065,0.86106,0.96431
UBTD1,569.54,-0.17335,0.22355,0.63857
ANKRD2,20.482,-0.53339,0.29606,0.70134
E2F7,321.27,-0.022507,0.93288,0.98426
ARHGAP42,82.351,-0.28048,0.43153,0.7916
ISCA2,217.68,-0.026371,0.89018,0.97304
OTOGL,12.219,0.42424,0.59548,NA
LARGE2,1.9206,2.6404,0.19538,NA
PACSIN3,406.02,-0.533,9.0502e-4,0.038406
TTC7B,704.25,-0.24317,0.15134,0.54553
SLC39A13,2263.2,0.051942,0.71897,0.91742
PSMC3,2048,-0.11585,0.37541,0.75834
RAPSN,5.3165,2.4842,0.02902,NA
AGBL2,20.556,0.15123,0.78686,0.94061
TC2N,7.553,-0.10604,0.91152,NA
CPSF2,1327,0.095443,0.49522,0.82059
SMCO2,2.6304,0.019983,0.98803,NA
MOAP1,439.09,0.058503,0.69681,0.90711
IFI27L1,124.89,-0.050743,0.84492,0.95868
IFI27,59.395,-0.85092,0.0098208,0.1502
SERPINA12,0,NA,NA,NA
CLMN,33.553,-1.0886,0.054249,0.34472
PDZRN4,0.16534,-0.86034,0.83301,NA
SLC6A5,0,NA,NA,NA
CCDC38,6.5461,0.65072,0.48192,NA
NELL1,0.18978,1.1256,0.78267,NA
PTER,301.85,-0.15516,0.3559,0.74522
C1QL3,15.061,0.64946,0.28565,0.69371
CACNB2,35.857,0.12382,0.77399,0.93692
HACD1,136.74,-0.035479,0.88766,0.97216
ARL5B,561.09,0.084635,0.63928,0.88719
SMCO4,78.867,-0.42993,0.12892,0.512
CEP295,491.88,0.1055,0.6332,0.88575
KCNC2,0,NA,NA,NA
TAF1D,831.5,0.19089,0.14772,0.53948
ABTB2,195.25,0.35627,0.071376,0.39402
R3HCC1L,322.67,0.37451,0.044396,0.3182
AMOTL1,3158.7,0.030231,0.80856,0.94735
HTRA1,21886,-0.17049,0.11595,0.48939
LIPC,88.754,-0.38179,0.31374,0.71421
CEP57,986.37,-0.20428,0.12431,0.50362
TCP11L2,319.98,-0.0076993,0.97272,0.99285
PASD1,0.30655,-1.6788,0.6779,NA
SPRED1,2336.2,0.40982,0.065137,0.37753
TMCO5A,0.07249,-0.31719,0.93785,NA
GPR176,2148.2,-0.48107,2.2338e-4,0.016417
JAM3,1776.1,0.18414,0.14732,0.53882
IL25,0,NA,NA,NA
CMTM5,0,NA,NA,NA
GLB1L3,3.4987,0.27718,0.82207,NA
ADAMTS15,104.63,0.13989,0.64716,0.88968
SVOP,5.0531,0.9554,0.42229,NA
SPATA19,0,NA,NA,NA
GPT2,688.09,-0.22082,0.12659,0.50889
AMN,2.1421,1.3649,0.44544,NA
RAB8B,909.56,0.46202,0.0012577,0.047431
IKBIP,1969.4,-0.073287,0.49113,0.8198
RPUSD2,137.05,0.21287,0.37867,0.75983
HIF1AN,1434.5,-0.020656,0.85127,0.96136
NDUFB8,826.28,-0.19042,0.18036,0.58722
ZFYVE19,444.42,-0.079133,0.58633,0.86312
PPP1R14D,0.50588,1.012,0.76374,NA
SPINT1,24.761,1.1937,0.062442,0.36759
FBN1,98793,-0.0010187,0.99386,0.99899
AVPR1A,1.347,0.89355,0.7074,NA
C16orf78,0,NA,NA,NA
DEPDC4,15.654,0.065509,0.91302,0.97936
LRTM2,0.4193,-2.0142,0.6145,NA
OPN1MW2,0,NA,NA,NA
BRD7,1573.7,-0.045554,0.6935,0.9057
CKB,249.95,-0.27994,0.26701,0.68043
TRMT61A,387.28,-0.22226,0.18596,0.59466
BTRC,483.28,-0.22704,0.11923,0.49599
POLL,394.17,-0.087982,0.64185,0.88731
BAG5,970.21,0.017988,0.87578,0.96873
DPCD,393.49,-0.088564,0.6236,0.88243
LARP6,1730.3,-0.15837,0.21049,0.62596
API5,2146,0.13271,0.23557,0.64819
ASPG,2.5339,-0.40561,0.81148,NA
ZNF319,369.7,-0.068423,0.71979,0.91742
HPS6,558.23,-0.071282,0.62183,0.88155
SENP8,70.109,0.076066,0.84387,0.95861
NOLC1,1241.2,-0.078426,0.58998,0.86496
ALKBH3,288.64,0.030339,0.87073,0.96719
COPS2,2274.6,-0.027807,0.82387,0.9525
GABRB3,89.285,0.2059,0.49353,0.81999
SPIC,0,NA,NA,NA
TBATA,0,NA,NA,NA
SGPL1,683.97,-0.24654,0.053262,0.34336
FRS2,700.44,0.01644,0.91137,0.97896
CCT2,2238.2,-0.027081,0.8476,0.95981
PCBD1,440.06,0.016891,0.92737,0.98292
ARIH1,1976.8,0.37105,0.0041587,0.098286
C16orf71,21.554,0.36381,0.56589,0.85519
CLMP,11739,0.19518,0.3396,0.73428
SCN3B,12.648,0.59424,0.36735,NA
COX11,638.58,0.21986,0.17479,0.5792
ZNF202,226.05,-0.24393,0.29589,0.70123
FAM227B,60.498,0.36137,0.28572,0.69371
STXBP4,276.08,0.31129,0.10219,0.46433
CYYR1,7.294,0.27491,0.76201,NA
CUL5,989.96,0.061089,0.5863,0.86312
MYRFL,0.25627,-1.1275,0.7823,NA
WBP1L,1486.9,-0.052783,0.65862,0.8929
BORCS7,372.62,-0.11271,0.47796,0.81462
C2,76.76,-0.31297,0.30408,0.70697
PLEKHF1,395.07,-0.47819,0.042718,0.31367
TMEM100,31.628,-0.18793,0.72763,0.91976
ANAPC16,944.72,0.13615,0.30902,0.71064
SMPD1,1490,0.042839,0.71802,0.91699
APBB1,1516.1,-0.20881,0.053419,0.34336
SYNPO2L,5.3804,0.99705,0.3525,NA
NUDT13,56.536,-0.47193,0.16321,0.56433
C11orf65,10.28,0.74463,0.29873,NA
TRIM44,3154.2,0.10779,0.28846,0.69669
CCDC182,0,NA,NA,NA
ILK,3227.3,-0.25816,0.06845,0.3871
TAF10,944.94,-0.35624,0.0052735,0.10812
TPP1,2397.2,0.17466,0.079107,0.41257
DCHS1,330.16,-0.39817,0.06884,0.38833
NETO1,0.46039,2.2966,0.55352,NA
MSS51,40.645,0.59562,0.15913,0.55954
CYB5A,432.72,-0.35246,0.039423,0.30545
USP54,321.05,0.50635,0.0053315,0.10914
RAG1,13.41,-0.11705,0.85635,NA
POTED,11.753,0.88964,0.19073,NA
IFTAP,243.51,-0.13087,0.51903,0.83349
WDR88,9.3537,-0.3705,0.63626,NA
OR10A5,0.15271,-0.82877,0.83905,NA
OR2D2,0,NA,NA,NA
ATP9B,566.91,0.37173,0.059943,0.36181
PPFIBP2,203.21,-0.2235,0.34998,0.74077
MOGAT2,0,NA,NA,NA
CYB5R2,173.75,-0.47274,0.028984,0.26206
SERPINB7,71.588,-0.43379,0.33505,0.73044
GARRE1,700.05,0.037494,0.78325,0.93992
SERPINB8,846.22,0.10379,0.5368,0.84028
TUB,500.67,0.20352,0.23174,0.64542
RIC3,2.3132,1.0503,0.48802,NA
LMO1,0.89864,2.1896,0.42565,NA
IDH3A,750.6,0.33068,0.061707,0.36589
WDR72,5.2415,-0.026941,0.98156,NA
CRABP1,1.4624,-1.7053,0.42013,NA
PLD4,4.9562,-1.5449,0.1769,NA
ZMAT1,22.144,0.42028,0.43728,0.79465
XRRA1,516.5,0.042393,0.78446,0.93992
TRIM66,283.65,0.68753,0.039311,0.30541
RNF169,875.35,0.42189,0.0049559,0.10566
RPL27A,14026,-0.11602,0.37643,0.75834
DENND2B,1450.2,0.029659,0.87526,0.96873
CDYL2,306.37,0.13606,0.48868,0.8186
TMEM130,35.917,-0.57048,0.17462,0.57905
PRTG,33.444,0.37804,0.4776,0.81454
CENPN,597.98,-0.16666,0.2368,0.64964
AKIP1,400.15,-0.13627,0.39446,0.77085
ATMIN,1452.3,0.083305,0.46827,0.80926
C16orf46,11.727,0.34163,0.61176,NA
TMEM41B,365.31,0.11202,0.49668,0.82107
PKD1L2,17.15,-1.2807,0.0962,0.45277
LEO1,626.12,0.081047,0.57529,0.85887
ZNF143,267.96,0.24624,0.1561,0.55445
TMX3,2878.3,0.096073,0.43841,0.79531
MFAP4,2306.8,-0.47633,0.013653,0.17987
WEE1,954.28,-0.3273,0.09374,0.44631
MAPK7,711.57,-0.06133,0.63646,0.88597
PRKCB,1.6468,0.91231,0.61596,NA
HDGFL3,726.21,-0.01591,0.90442,0.97672
NDST2,822.33,-0.053518,0.67333,0.89761
MCM7,2349.3,-0.29771,0.0057645,0.11392
CLEC3A,0,NA,NA,NA
CCDC68,1.5433,-0.59144,0.79807,NA
CLEC4E,6.8635,0.76307,0.44238,NA
ZNF3,728.62,-0.068869,0.63473,0.88594
CLEC4D,0,NA,NA,NA
ZSCAN21,147.97,-0.32393,0.15045,0.54423
RIMKLB,680.09,0.20173,0.21111,0.62661
A2ML1,39.921,2.0109,0.0054287,0.10982
BEAN1,131.11,-0.19408,0.40465,0.77673
TK2,1319.1,0.10005,0.38017,0.7609
TMED3,1714.3,-0.2941,0.045987,0.3238
SLC38A8,0,NA,NA,NA
SEC11C,162.12,0.21109,0.3347,0.73044
CPLX4,0.70046,2.9988,0.3625,NA
GALR1,25.645,0.28745,0.53814,0.84106
TMEM135,250.4,0.7944,5.0159e-6,9.0946e-4
IQCD,17.695,-0.9228,0.12052,0.49748
NDEL1,1323.4,0.14479,0.23286,0.64634
CENPV,68.823,0.074761,0.81484,0.94934
CDH16,0,NA,NA,NA
RRAD,30.392,-0.082965,0.86931,0.96677
CIAO2B,602.32,-0.032353,0.81693,0.95042
CFAP52,2.1783,0.12152,0.93937,NA
HSP90B1,16222,-0.18925,0.048635,0.33235
MC4R,14.424,-2.7002,9.4852e-4,NA
BLCAP,1064.7,-0.041343,0.73151,0.92181
SERPINB12,3.806,0.26973,0.82797,NA
CHRFAM7A,22.715,-0.60327,0.36307,0.75039
ATF7IP2,6.6022,-0.27177,0.76585,NA
MMP10,55.682,0.84519,0.012119,0.16918
TVP23A,11.153,1.089,0.25967,NA
BEX3,1268.5,-0.029548,0.84956,0.96108
TMPRSS5,4.7801,0.67874,0.59163,NA
COG1,773.9,0.2227,0.12489,0.50517
PLEKHA7,11.499,0.31607,0.69401,NA
ZNF606,179.09,0.25185,0.32136,0.71969
ZCCHC18,17.598,-0.079167,0.88653,0.9716
B2M,14861,-0.081651,0.48617,0.81691
ZNF592,1138.4,0.20096,0.099859,0.46074
GOLM2,2775.3,0.22908,0.023292,0.23438
HTR3A,0,NA,NA,NA
NNMT,2399.3,-0.1975,0.33189,0.72816
ACSM1,0.11875,-0.63288,0.87674,NA
AP1G1,1734,0.071052,0.52953,0.8378
SLFN5,4036.4,0.11677,0.38485,0.76377
CATSPER2,39.602,1.437,0.0013734,0.049732
BMERB1,3155.6,0.1612,0.1465,0.53696
MARF1,1659,0.15913,0.24166,0.65568
SAAL1,196.81,-0.22042,0.30354,0.70666
YPEL4,120.16,-0.27356,0.44882,0.79962
PPIB,9296.3,-0.29099,0.012384,0.17073
LDHC,4.7973,1.2937,0.24588,NA
CIAO2A,353.52,-0.060646,0.72099,0.9179
LDHAL6A,9.4918,0.54471,0.49225,NA
FAM111A,1275.4,-0.15194,0.25844,0.67354
PCLAF,415.96,-0.30778,0.080056,0.41538
KIF7,639.16,0.021476,0.89001,0.97304
LDHD,12.851,-1.1508,0.088868,NA
PLIN1,7.4249,0.80982,0.39526,NA
PEX11A,153.98,-0.41661,0.099134,0.45934
TMEM170A,262.07,-0.36033,0.055054,0.34681
MESP1,13.161,-0.77765,0.29744,NA
ANPEP,44818,0.35842,0.082835,0.42294
SCNN1G,3.6415,0.13238,0.91352,NA
RBPMS2,22.565,-0.28046,0.57983,0.86163
NAV2,1303.1,0.38303,0.021568,0.22551
ANKDD1A,166.26,0.09581,0.68575,0.90237
GLYATL1,7.7853,0.97846,0.31662,NA
C18orf54,309.14,-0.023148,0.88945,0.97292
DCTN5,2177.8,0.067614,0.53489,0.83957
TERF2IP,1067.7,-0.012307,0.9247,0.98234
PLK1,637.61,-0.19011,0.12981,0.51272
CLPX,876.48,0.075674,0.61785,0.87886
GPR182,1.6608,2.5152,0.24004,NA
ZBTB39,183.61,0.17419,0.38858,0.76746
CACNG2,1.7884,-1.2929,0.46186,NA
TAC3,0,NA,NA,NA
MYO1A,1.0399,-3.105,0.30327,NA
CHP2,60.867,0.019814,0.95532,0.98999
NEMP1,711.21,-0.10104,0.5043,0.82532
OR4D6,0,NA,NA,NA
NAB2,1644.1,-0.21262,0.093547,0.4458
VPS39,2289.5,0.066399,0.52712,0.83651
STAT6,4957.6,0.071487,0.55231,0.84921
PATL1,1248.4,0.11147,0.34738,0.73854
ATP23,135.88,-0.36575,0.16063,0.56162
ELFN2,196.94,-0.79516,6.5122e-5,0.0068362
STX3,229.63,0.44768,0.057754,0.35485
MRPL16,417.45,-0.24521,0.10983,0.47849
PIP4K2C,297.58,-0.090548,0.61241,0.87592
MTMR10,466.76,0.048124,0.78217,0.93989
YWHAB,6639.6,-0.16403,0.13857,0.52567
C15orf48,0.85482,0.72155,0.77697,NA
SCG5,55.113,-0.20986,0.57798,0.86038
GREM1,13962,-0.35017,0.0034697,0.088236
NYAP1,14.744,-0.1902,0.79163,0.94186
TSC22D4,1203.5,0.1558,0.22708,0.64231
MS4A6E,0,NA,NA,NA
MS4A7,3.786,0.046164,0.97368,NA
MS4A14,0.27312,-1.4978,0.71175,NA
MS4A5,0,NA,NA,NA
DIS3L,657.45,-0.12247,0.46458,0.80738
CCNDBP1,983.61,-0.088264,0.4411,0.79605
EPB42,0.12512,0.91914,0.82178,NA
TGM6,0,NA,NA,NA
SMAD3,2244.5,0.031324,0.82265,0.95217
MS4A8,0.21489,1.1973,0.7692,NA
CCDC178,0,NA,NA,NA
MS4A15,0.29019,1.4046,0.73067,NA
MAP1A,4432.7,-0.010666,0.94658,0.9887
RCCD1,411.76,-0.26669,0.079102,0.41257
AKTIP,390.92,-0.086912,0.61224,0.87592
MAPRE2,899.21,-0.11341,0.41,0.77988
EVA1C,46.662,-0.15394,0.68749,0.90305
TCP10L2,0,NA,NA,NA
MARS1,3403.3,-0.20996,0.037312,0.29685
MBD6,880.05,0.15101,0.34529,0.73697
CNPY4,647.29,-0.20453,0.16713,0.56966
PDIA3,10205,-0.19682,0.039891,0.30661
NUDT21,1874.6,-0.35938,0.0043581,0.099282
NAT16,1.5205,-4.0555,0.065106,NA
TERB2,0,NA,NA,NA
NKX3-1,152.97,0.35993000000000003,0.18624,0.59524
SGSM1,3.2339,0.97357,0.50037,NA
DUSP18,252.49,0.093364,0.64032,0.88731
TEF,1191.7,-0.38755,0.0050285,0.10566
MEI1,11.187,-0.9191,0.21802,NA
B4GALNT2,187.87,0.36836,0.16851,0.57182
PBX3,610.79,0.076904,0.55516,0.85072
GNGT2,0.13089,-0.72551,0.85888,NA
PHB,1832.8,-0.1133,0.43214,0.79165
SNRPD1,727.07,-0.036663,0.84171,0.95793
TTC16,0.68242,2.9597,0.37728,NA
SUN5,0,NA,NA,NA
SAMD14,273.35,-0.073611,0.72985,0.92106
PIP5KL1,125.59,0.27153,0.2447,0.65926
BPIFB6,0,NA,NA,NA
TMEM92,14.355,-0.18363,0.77179,NA
FAM102A,1496,0.034419,0.76776,0.93465
ACSF2,220.91,0.20734,0.35597,0.74522
GOLGA2,2656.9,0.090685,0.38046,0.76094
TRUB2,509.96,0.16259,0.27454,0.68725
COQ4,438.91,0.099384,0.49267,0.81999
SLC27A4,463.9,0.28766,0.15609,0.55445
ANKRD40CL,10.214,0.38223,0.64402,NA
URM1,1168.4,-0.18446,0.18751,0.59694
CERCAM,5215.8,-0.30738,0.0022242,0.067093
DOLPP1,170.92,-0.14547,0.47127,0.8115
CCDC103,20.893,0.023199,0.9702,0.99259
ENDOG,263.8,-0.2252,0.18838,0.59822
TBC1D21,0.13387,-0.7385,0.85638,NA
PRRX2,1700.5,-0.10968,0.50154,0.82355
UGT1A6,1.321,-1.1771,0.67489,NA
C15orf39,890.37,-0.054434,0.65718,0.8929
ISLR2,4.7089,0.6948,0.54238,NA
SP2,393.27,-0.10914,0.54512,0.84563
PRR15L,2.5017,0.32979,0.8148,NA
COQ7,283.53,-0.097012,0.57992,0.86163
GPRC5B,17.168,-1.5203,0.12302,0.50233
CRK,2704.1,0.036913,0.75382,0.92978
C16orf92,0,NA,NA,NA
GOLGA6C,1.4344,-1.6103,0.50449,NA
FBXO22,526.04,-0.18112,0.30727,0.70966
TBC1D2B,2431.2,0.0061973,0.96288,0.99139
NOD2,4.1602,0.2463,0.83044,NA
SNX20,4.8806,0.43652,0.66805,NA
LOXHD1,0,NA,NA,NA
KATNAL2,92.303,-0.0026324,0.99469,0.99899
HDHD2,350.98,0.14168,0.48927,0.81887
ZNF91,252.22,0.11384,0.57911,0.86119
IGF2,284.46,-0.082463,0.63712,0.88614
RNF214,416.82,-0.047387,0.78857,0.94075
CDK12,1455.4,0.41717,4.8176e-4,0.027132
DPEP2,0.094195,-0.52158,0.89819,NA
DUS2,158.52,0.10272,0.65342,0.89102
POP5,181.21,-0.17316,0.4068,0.77842
ENGASE,708.28,0.33992,0.014561,0.18527
RBFOX3,7.648,0.23169,0.7898,NA
ATP5MG,1451.8,-0.034802,0.80136,0.94582
CD3D,0,NA,NA,NA
TBC1D16,2302.6,0.14104,0.26144,0.67585
TEPSIN,396.69,0.087667,0.67572,0.89808
MYO5B,13.814,0.56991,0.4364,NA
ART5,0,NA,NA,NA
ACAA2,1397.2,0.28347,0.024848,0.24171
STIM1,1659.4,0.022194,0.87383,0.96833
RRM1,1756.1,-0.31658,0.0047141,0.10362
OR51E2,2.6856,1.2801,0.40323,NA
TRIM68,285.05,-0.048577,0.82304,0.95231
MMP26,0,NA,NA,NA
OR51B5,0,NA,NA,NA
OR51I1,0.31835,-1.7303,0.66829,NA
OR51Q1,0,NA,NA,NA
FN3K,104.24,0.27143,0.39478,0.77085
PRRT2,322.9,0.34335,0.27219,0.68475
ZNF23,358.72,-0.32266,0.053079,0.34336
IRGQ,377.16,-0.21396,0.1867,0.59571
ZNF226,301.26,-0.40557,0.059754,0.36103
ZNF180,190.89,0.1455,0.44122,0.79605
PPP2R3B,399.17,-0.082319,0.57649,0.85942
ZNF668,620.87,-0.20627,0.15798,0.55773
ZNF646,708.95,-0.24643,0.14794,0.53986
VKORC1,3358.5,-0.36872,0.0015125,0.053246
GNG8,0.34471,1.9678,0.62608,NA
LPO,0.79639,3.1182,0.32032,NA
CA4,1.7353,-2.8494,0.15179,NA
SMG8,397.48,2.5947e-5,0.99987,0.99987
TPM4,21185,-0.21124,0.071934,0.3947
RAB8A,1197.8,-0.2856,0.0094485,0.14762
GPX4,3266.2,-0.10893,0.53124,0.8383
MIDN,2414.8,-0.067667,0.72424,0.91866
JSRP1,0.69497,2.9825,0.36643,NA
NIBAN3,28.748,0.77512,0.14134,0.52718
KLHL26,196.96,0.13255,0.58558,0.86303
GATAD2A,1732,-0.023065,0.86628,0.96539
MVD,400.02,0.16771,0.27062,0.68285
CDT1,399.88,-0.35552,0.031582,0.27318
TRAPPC2L,501.38,-0.31686,0.20263,0.61744
ANKRD11,6252.2,0.078457,0.52563,0.83565
SPATA33,174.89,0.089097,0.67729,0.89871
RSKR,87.782,0.4949,0.2019,0.61612
PROCA1,23.887,0.59211,0.20997,0.62545
RPL13,27713,-0.22622,0.074029,0.3992
ZNF641,182.29,0.23268,0.33564,0.73063
LALBA,0,NA,NA,NA
CACNB3,640.01,-0.13352,0.2946,0.70011
DHRS13,106.63,-0.17274,0.51159,0.82847
TP53I13,899.56,-0.16343,0.24057,0.65447
KMT2D,2223.7,0.52089,6.974e-4,0.032748
CORO6,86.749,-0.19208,0.59083,0.86547
RHEBL1,28.801,-0.34481,0.48964,0.81887
TUBA1A,6676.1,0.0089782,0.94721,0.9889
TUBA1C,4879.6,0.0174,0.87689,0.96911
ZNF610,69.168,0.076041,0.85129,0.96136
ZNF528,380.42,0.12249,0.49948,0.82263
ZNF701,160.65,0.10671,0.58872,0.86462
SERTAD3,401.65,-0.31273,0.094587,0.44829
NCKAP5L,903.63,-0.019413,0.88447,0.9707
RAB4B,211.51,0.11458,0.53694,0.84028
AQP2,0,NA,NA,NA
GPD1,1.4801,0.087517,0.96596,NA
PROSER3,193.39,0.16576,0.5491,0.84818
CYP2S1,9.1812,0.25049,0.81879,NA
AXL,13915,-0.088824,0.37892,0.75983
NFKBID,52.768,0.38644,0.30579,0.70826
TMC4,20.588,-0.6792,0.25244,0.66725
ANKRD33,1.319,1.9253,0.43429,NA
LAIR1,9.4988,-0.043659,0.96425,NA
TTYH1,7.432,1.6359,0.10522,NA
LENG8,7217.9,0.59531,0.0094499,0.14762
CDC42EP5,793.95,-0.40987,0.012069,0.16866
LAIR2,0.12823,-0.72795,0.85841,NA
TMEM145,14.093,-0.32038,0.64267,NA
ZNF526,302.27,0.1676,0.31237,0.71249
TRAPPC9,487.99,0.22636,0.13786,0.52477
KIR3DL1,0,NA,NA,NA
NLRP7,0,NA,NA,NA
ZNF146,1580.1,-0.12684,0.29965,0.70391
ZNF283,139.86,0.028614,0.90154,0.97624
PPP1R14A,10.803,0.10793,0.87449,NA
SPINT2,52.222,1.1331,0.052421,0.34222
C19orf33,7.5963,1.4332,0.26488,NA
YIF1B,601.28,-0.14109,0.27333,0.68584
DNAAF3,19.052,-0.19124,0.77108,0.93544
PSCA,71.635,0.14535,0.63006,0.88575
ATCAY,24.23,0.19996,0.68449,0.90167
LY6D,7.6853,2.0838,0.075855,NA
DAPK3,1158.5,-0.15757,0.23796,0.65093
EEF2,114240,-0.1964,0.084564,0.42644
TMIGD2,0.67826,1.5952,0.56032,NA
CHAF1A,807.69,-0.21652,0.24035,0.65421
UBXN6,3290.5,-0.30188,0.013996,0.18202
HDGFL2,1628.7,-0.028296,0.81984,0.95131
PLIN4,24.883,0.82919,0.14762,0.53927
SEMA6B,6.2019,-2.2653,0.038151,NA
ZNF444,429.13,-0.094237,0.6186,0.87935
NXN,1519.3,-0.21188,0.1109,0.48056
TLCD3A,789.42,-0.25007,0.23188,0.64547
GLOD4,823.64,0.077219,0.58081,0.86163
MFSD3,208.33,-0.15179,0.42694,0.7897
GPT,31.061,0.079228,0.86348,0.9649
KIFC2,1111.2,0.38065,0.043703,0.31649
SLC43A2,106.25,0.27528,0.36702,0.75308
RILP,102.04,-0.37418,0.12755,0.50985
SERPINF2,4.8425,1.0525,0.34714,NA
WDR81,1078,0.15908,0.22099,0.63663
SRR,285.02,0.20904,0.36981,0.75424
TSR1,1665.3,0.0088261,0.95012,0.98999
TRPV3,37.144,0.13807,0.76582,0.93352
HSD11B1L,217.96,0.11671,0.56781,0.85619
CYB5D2,389,-0.0062698,0.9774,0.99365
GGT6,2.8814,0.70151,0.58506,NA
KLK1,1.8652,0.37561,0.81634,NA
KLK4,11.389,0.92677,0.2244,NA
KLK2,2.0763,-0.19822,0.90807,NA
KLK5,22.704,2.4187,0.0040598,0.097046
KLK6,1.7605,3.308,0.14932,NA
KLK11,4.4333,2.7261,0.056869,NA
KLK13,0.68126,1.606,0.58988,NA
ZNF83,1115.9,0.31854,0.033988,0.28103
KRT80,39.424,-0.58422,0.18927,0.5989
KRT1,19.09,2.873,0.0031297,0.083132
ACER1,1.1449,-0.29293,0.88788,NA
OTUB1,1025.6,-0.18314,0.18706,0.59647
RCOR2,43.154,-0.74137,0.074341,0.39937
ANGPTL4,3606.4,2.0189,3.1209e-5,0.0038273
CD320,669.54,-0.46342,6.4758e-4,0.031649
SPRYD3,986.67,0.1629,0.18598,0.59466
IGFBP6,15084,-0.42357,9.0323e-4,0.038406
SOAT2,10.648,-0.72341,0.38025,NA
ZNF558,457.62,-0.040874,0.76668,0.93393
CABP2,0,NA,NA,NA
NDUFV1,1626.6,-0.071826,0.56559,0.85519
CDK2AP2,387.74,-0.19617,0.19176,0.60212
NUDT8,92.974,-0.38671,0.13711,0.52452
TBX10,1.6117,-1.0554,0.60125,NA
PRDX2,1404.5,-0.28408,0.022595,0.23213
OR8J3,0,NA,NA,NA
OR5I1,0,NA,NA,NA
ZNF232,107.34,-0.43234,0.077866,0.40805
MIS12,270.98,-0.10662,0.54381,0.8451
CD300C,0.83832,0.71849,0.77895,NA
CD300A,0,NA,NA,NA
TEKT1,0.55549,-2.5698,0.51915,NA
HID1,3.5474,0.094834,0.93955,NA
MRPL58,255,0.042058,0.82068,0.95144
ATP5PD,1747.9,-0.035906,0.80066,0.94552
TMEM88,8.6283,-1.6585,0.07343,NA
EVPL,34.533,0.25374,0.556,0.85112
SRP68,1660.8,0.0036062,0.9761,0.99359
MGAT5B,60.855,-0.069895,0.8317,0.95449
TMC8,0.3172,1.771,0.66072,NA
TK1,1003.5,-0.42028,0.0011472,0.045205
TMEM68,253.45,0.17474,0.35881,0.74772
CYP7A1,1.0187,0.10386,0.96512,NA
GSDMA,5.1361,1.6417,0.15612,NA
KRT24,0.33505,-1.7908,0.65697,NA
GHDC,361.07,-0.37286,0.030579,0.26859
FAM234A,2071.6,0.013331,0.90418,0.97672
SOST,0.32079,-1.7353,0.66731,NA
ZNF598,1582.5,-0.02166,0.86342,0.9649
RAB26,13.603,-0.71545,0.28512,NA
MLST8,601.65,-0.24268,0.097373,0.45552
E4F1,513.36,-0.029826,0.83287,0.95495
DNASE1L2,9.5463,-0.57518,0.45874,NA
ECI1,637.85,-0.12419,0.39443,0.77085
CASKIN1,14.351,0.62632,0.40431,NA
ABCA3,384.01,0.31704,0.045996,0.3238
KCTD5,660.46,0.16169,0.27137,0.68362
SRRM2,14599,0.37944,0.045867,0.32337
ZNF597,99.125,0.057104,0.82736,0.95402
NLRC3,22.451,0.41683,0.40722,0.77861
SDHAF2,337.23,-0.27896,0.15047,0.54423
DDB1,5847.8,0.011165,0.90302,0.97663
VPS37C,512.58,-0.085899,0.60644,0.87264
VWCE,78.083,-0.60766,0.10515,0.47126
RAB3IL1,641.68,-0.33731,0.038194,0.30012
BEST1,182.65,0.018749,0.92931,0.98324
FTH1,67955,0.15207,0.27114,0.68362
BSCL2,615.55,-0.29056,0.062258,0.367
POLR2G,534.67,0.020343,0.89864,0.9758
SLC3A2,2936.8,0.051209,0.69264,0.9057
PLAAT5,0.25054,-1.2254,0.7622,NA
SPINDOC,388.29,-0.084709,0.5821,0.86163
ATG16L2,543.25,0.20807,0.37368,0.75624
C2CD3,616.17,0.34302,0.092736,0.44489
TRANK1,997.46,0.14974,0.55421,0.85022
TTC21A,76.773,0.3884,0.21983,0.63663
RPSA,24064,-0.247,0.04499,0.3205
ENTPD3,4.1346,2.561,0.052347,NA
CTNNB1,4770.8,0.079278,0.50058,0.82321
ULK4,52.994,0.1335,0.70584,0.91019
FADD,720.21,-0.23122,0.097157,0.45502
LTBP3,7044.5,0.06,0.59543,0.86842
NAALADL1,155,-0.39824,0.089599,0.43822
SAC3D1,338.52,-0.24425,0.11386,0.48478
BATF2,15.679,0.14084,0.83457,0.95603
SLC22A11,0.43815,-2.1834,0.58527,NA
SF1,3597.2,-0.013061,0.90541,0.97684
MAP4K2,297.96,-0.029445,0.86632,0.96539
MAJIN,0,NA,NA,NA
CCDC88B,17.194,-0.24651,0.71994,0.91746
SCARA3,2148.3,-0.17093,0.26016,0.67518
PBK,463.5,-0.19549,0.2133,0.62816
SCARA5,509.15,-0.018856,0.90567,0.9769
PNOC,0,NA,NA,NA
COPS6,1640.5,-0.14137,0.29991,0.70401
PAFAH1B2,1857.8,0.19685,0.17929,0.58622
ANKS3,358.67,0.017237,0.918,0.98119
NUDT16L1,264.31,-1.7484e-4,0.99925,0.99963
KIAA1586,299.44,0.24274,0.12014,0.49683
RAB4A,924.36,-0.010933,0.93237,0.984
OR1F1,0.48981,-0.76521,0.82212,NA
OR2B2,0,NA,NA,NA
KCNJ4,0,NA,NA,NA
SETD5,2616.5,0.044409,0.70257,0.90942
VASN,6813.1,-0.13995,0.29127,0.69877
FAM83B,7.9285,0.92442,0.29421,NA
H3-4,0.33627,0.11196,0.97811,NA
THAP9,63.385,-0.12998,0.69468,0.90576
OR2C1,0.96004,-0.87021,0.7443,NA
RNF187,3225.5,-0.2174,0.080515,0.41612
HOOK3,1590.7,0.13214,0.58796,0.86455
MAPK1IP1L,1374.8,0.13306,0.23604,0.64865
DDIT4,1633.3,-1.4736,1.9562e-23,1.2835e-19
RBPJ,4443.5,0.12412,0.56376,0.85444
LMBRD1,928.36,-0.072212,0.54667,0.84652
ZCCHC4,198.26,-0.31051,0.093176,0.44558
PTGDR,0.74347,-2.0018,0.45595,NA
TTC39C,334.21,-0.30829,0.17291,0.57667
GLYCTK,77.72,0.12289,0.69002,0.90427
GNG4,11.504,-0.49782,0.55804,NA
UBTD2,1036.5,-0.12535,0.27586,0.68831
POLR2J3,420.66,-0.19414,0.19194,0.60222
NKIRAS2,795.2,-0.024507,0.87045,0.96719
DNAJC7,1385.2,0.1117,0.32376,0.72196
KCNV2,1.8214,-0.67713,0.67957,NA
IRF2BP2,2553.4,0.028587,0.77613,0.93766
PTF1A,0,NA,NA,NA
NT5DC2,2073.3,-0.30888,0.003611,0.090598
FOXI1,0,NA,NA,NA
SMIM4,88.173,-0.046761,0.87999,0.96978
COA6,154.68,-0.38583,0.090048,0.43942
KIF5C,5.5293,0.76766,0.44387,NA
MGAT2,1374.9,0.090441,0.48572,0.81691
BMI1,1392.7,0.06434,0.63946,0.88728
THAP11,477.3,-0.27026,0.11319,0.4842
MMADHC,1566.5,-0.017621,0.88799,0.97222
PDHB,1018.7,-0.12635,0.3202,0.71892
PXK,1306.4,-0.14469,0.4501,0.80016
H1-4,22.59,-0.03446,0.96811,0.99243
PCMTD1,1258.4,0.090792,0.45186,0.80112
KCTD6,162.71,-0.051964,0.81987,0.95131
MPLKIP,349.51,-0.085789,0.58994,0.86496
ACOX2,398.49,0.24601,0.12941,0.51265
FAM107A,3.1129,0.70572,0.61149,NA
IRF2,471.1,-0.018742,0.8938,0.97414
MOBP,3.2548,3.3792,0.042667,NA
CX3CR1,1.9815,1.9275,0.26808,NA
PPDPFL,0,NA,NA,NA
XIRP1,0.26162,1.3448,0.74173,NA
INSM2,0,NA,NA,NA
DEGS2,5.9872,-0.37691,0.76214,NA
SCN11A,3.4765,0.82679,0.53986,NA
ARF4,4056,-0.24001,0.050303,0.33587
SEPTIN2,11636,-5.2835e-5,0.99956,0.9997
FILIP1L,464.59,-0.012918,0.94591,0.98829
MFSD2A,44.067,0.51583,0.2224,0.63763
DTYMK,575.93,-0.25323,0.065428,0.37815
TAP1,644.33,0.12255,0.42205,0.78672
ING5,753.76,0.03561,0.82341,0.95231
ATG4B,824.96,-0.010817,0.93504,0.98464
BDKRB2,2890,0.45717,0.0091894,0.14575
MLKL,172.69,0.066186,0.80734,0.9471
RFWD3,649.25,-0.1351,0.47143,0.8115
MTNR1A,0.47572,-0.71319,0.85475,NA
KCNG4,8.7189,0.45872,0.57356,NA
RHOH,2.4366,1.3186,0.41539,NA
KLHL30,3.711,-0.77917,0.62277,NA
COG7,392.88,-0.062833,0.69069,0.90482
CDC40,574.91,-0.065617,0.61801,0.87898
STIP1,2437.1,0.028156,0.84004,0.95682
SCNN1B,1.4251,4.1628,0.069755,NA
HR,146.41,-1.5659,1.9098e-10,1.9277e-7
TXNDC2,2.1768,0.61174,0.71732,NA
RAB31,1786.9,0.29501,0.0071393,0.12746
REEP4,447.27,-0.20879,0.15887,0.55904
TNXB,16282,0.26258,0.07391,0.39904
LGI3,0.46341,0.9026,0.81838,NA
SFTPC,0,NA,NA,NA
BMP1,3075.4,-0.15926,0.16319,0.56433
ATXN2L,2652.9,0.18462,0.16162,0.56225
PHYHIP,13.673,-0.3895,0.60183,NA
CCDC110,11.27,-0.85653,0.25948,NA
POLR3D,824.31,-0.055221,0.73462,0.92331
FEN1,593.86,-0.31589,0.077614,0.40771
CAVIN2,285.34,-0.98079,4.7896e-5,0.0056116
MTCL1,1688.1,-0.4235,0.007591,0.13211
GBX2,0.86826,-1.8593,0.55842,NA
HJV,0.13807,-0.77061,0.85021,NA
SCGB1D1,0,NA,NA,NA
HEXIM2,114.2,-0.4602,0.10047,0.46184
FNTA,1024.1,0.04281,0.73018,0.92111
SERINC2,140.19,0.50288,0.025508,0.24561
MYL1,0,NA,NA,NA
TRAPPC11,833,0.017111,0.88264,0.97005
CHRM1,0,NA,NA,NA
COL3A1,157590,-0.62701,5.3193e-4,0.029083
GFRA2,301.22,0.32145,0.18867,0.59844
ING2,280.47,-0.0055228,0.97468,0.99298
CDKN2AIP,501.21,0.11312,0.41361,0.78224
SNRNP48,383.56,0.19129,0.26055,0.67575
TMEM223,164.9,-0.064482,0.76563,0.93352
SLC20A2,466.5,-0.11113,0.51917,0.83349
CRYGA,0,NA,NA,NA
DYNLRB2,2.4689,-0.62864,0.6648,NA
TMUB2,856.88,0.0076433,0.95165,0.98999
ADAM29,0,NA,NA,NA
STAT3,3140.1,0.20379,0.05848,0.35808
ZSWIM1,186.93,0.13874,0.53325,0.83906
ADAM9,8916.6,-0.039052,0.66457,0.89478
ADAM18,0,NA,NA,NA
GDNF,738.46,0.62872,0.17718,0.5831
MUCL3,0.16324,1.0387,0.79907,NA
WFDC13,1.6762,0.73035,0.68694,NA
AXIN2,464.03,-0.61983,9.1695e-4,0.038689
NDUFS5,1278.8,0.087577,0.52609,0.83581
VWA3B,0.26202,1.3117,0.74786,NA
ZNF30,54.04,-0.095312,0.79597,0.94319
UGT3A2,0.145,1.0042,0.8056,NA
LRATD2,16.009,-0.31918,0.60993,0.87429
LDLRAD4,15.192,-0.56685,0.55738,0.85136
KCTD19,4.6738,-0.17271,0.86541,NA
SLC16A4,238.36,0.074295,0.67891,0.89901
IL7R,1166.5,-0.81859,3.0716e-5,0.0038024
TMEM208,252.98,0.13859,0.41145,0.78077
LRP1B,0.43443,1.6895,0.67831,NA
WFDC12,10.134,0.18507,0.80695,NA
AHCYL1,2827,0.049033,0.60943,0.87418
DNAJC21,1522.4,0.045389,0.74028,0.92453
PKIG,1493.3,-0.61685,3.5386e-4,0.021787
NPNT,3.7768,-1.2644,0.47716,NA
CA7,1.082,-2.157,0.34857,NA
FAM178B,0.42901,0.3127,0.9381,NA
TSPY2,0,NA,NA,NA
SEMA4C,653.56,-0.12265,0.36742,0.75316
CNNM3,569.54,0.15842,0.24475,0.65926
GSTM4,266.89,-0.011665,0.94874,0.98962
TET2,478.93,0.21899,0.27321,0.68584
CXXC4,4.0436,-0.69173,0.59743,NA
TCTN2,366.36,-0.12341,0.412,0.78102
SHOX2,753.12,-0.23768,0.18281,0.59134
PPIP5K1,391.17,0.34931,0.10048,0.46184
TSPAN5,2852.2,0.037056,0.78041,0.9395
ABHD15,447.54,0.19997,0.19029,0.6001
ZBTB5,213.78,0.090145,0.64328,0.88797
CHTF8,1551.6,-0.12657,0.21488,0.63066
ADAL,158.78,-0.27586,0.29765,0.70194
LCMT2,198.08,-0.095089,0.66585,0.89529
SNTB2,1595.1,0.26761,0.078708,0.41147
IL12A,36.676,-0.28489,0.46834,0.80926
ZNF507,556.5,0.0053531,0.97194,0.99259
STX18,669.62,-0.061384,0.67519,0.89808
NSG1,8.1109000000000009,1.5676,0.12148,NA
ZBTB49,72.273,-0.11131,0.74001,0.92453
GFM1,778.53,0.29203,0.015984,0.19584
OR13J1,0,NA,NA,NA
HTR1E,0,NA,NA,NA
FSTL5,0.74643,-2.9996,0.4252,NA
DDX19A,971.2,-0.001784,0.98781,0.99738
ATOH8,165.5,-0.63761,0.032862,0.2772
SOX14,0,NA,NA,NA
ANKRD49,178.22,-0.036923,0.86554,0.96539
SFTPB,31.567,0.56858,0.2304,0.6441
USP39,907.21,0.10296,0.40146,0.77389
TNIP2,903.03,-0.072221,0.6202,0.88027
C2orf68,430.77,-0.12722,0.45487,0.80272
TMEM150A,298.88,0.10406,0.52914,0.8378
RNF181,619.85,-0.24182,0.096853,0.45422
VAMP5,790.36,-0.17591,0.27168,0.68386
BTNL3,0,NA,NA,NA
LRRC28,281.12,-0.28166,0.12184,0.49992
MAT2A,7247.8,0.13366,0.38453,0.76325
PLA2G4F,10.538,2.3323,0.0050286,NA
ENHO,3.9801,0.13591,0.92023,NA
ZNF608,90.463,0.32491,0.34566,0.73717
SLC35G2,109.02,-0.39738,0.12562,0.50688
INPP5D,10.593,1.2243,0.1546,NA
LETM1,1090.4,-0.023937,0.88045,0.97005
CTRB1,0.86393,-3.0913,0.31104,NA
CTRB2,2.0967,2.3759,0.21687,NA
TRIM49,0,NA,NA,NA
TMEM129,1066.6,0.0015914,0.99065,0.9983
PPIC,885.96,-0.32172,0.032759,0.27707
SPRY3,66.839,0.1845,0.58577,0.86303
CEP120,647.1,-0.10862,0.41145,0.78077
STXBP6,742.12,-0.15022,0.36796,0.75336
TM4SF20,6.4347,0.19956,0.84259,NA
MFF,1020.8,-3.8493e-4,0.99736,0.99957
GRM5,0.53477,1.9666,0.62765,NA
LGALS9,26.041,-0.67959,0.24382,0.65832
JMJD7-PLA2G4B,66.814,-0.39069,0.26592,0.68027
CPLX1,2.6784,0.47352,0.7254,NA
PXDC1,1350.3,-0.39267,0.020205,0.22003
SIGLEC7,0,NA,NA,NA
NTSR2,0,NA,NA,NA
E2F6,264.65,0.17928,0.34245,0.73509
FEM1B,1995.8,0.20816,0.21637,0.63314
COMMD8,260.04,0.13094,0.46266,0.80587
ATP5ME,543.68,-0.058059,0.74078,0.92493
UQCRFS1,1093.9,-0.080196,0.56451,0.85488
SLC49A3,213.51,0.029814,0.87655,0.96908
COL4A3,4.1212,1.7855,0.15416,NA
MAP2K1,2217.4,-0.060871,0.68778,0.90305
KLK7,24.438,1.9392,0.011077,0.16151
HNRNPH1,4474.7,0.45839,0.001986,0.062543
IRS1,2086.9,-0.023534,0.85167,0.96136
MECP2,1548,0.11188,0.44072,0.79603
VCX3A,0,NA,NA,NA
UPF3A,1635.3,0.071352,0.57177,0.8573
ZBBX,1.4949,1.1567,0.58631,NA
ACTBL2,0.16751,-0.83142,0.83855,NA
ROR2,128.09,0.24683,0.46252,0.80587
AR,243.98,0.17687,0.3288,0.72514
DHRSX,530.15,-0.061432,0.71544,0.91568
VXN,19.538,-1.1414,0.055144,0.34681
HSPBAP1,59.736,0.15822,0.61041,0.87443
ASMTL,927.01,-0.092483,0.47159,0.81164
SLC25A6,12711,-0.23398,0.052272,0.34212
CHST14,888.14,-0.151,0.23651,0.64918
PARM1,1.4939,1.2487,0.545,NA
CSNK1G1,711.95,-0.16122,0.29527,0.70053
FAM110B,677.66,-0.013993,0.95214,0.98999
ODAD2,37.487,-0.43736,0.48029,0.81587
AFAP1L2,6.4815,1.3481,0.14184,NA
ZNF354A,227.69,-0.050816,0.79372,0.94255
ATF5,724.41,0.015282,0.93211,0.984
UBE2V2,1012.5,0.01131,0.93396,0.98437
GOT1L1,0,NA,NA,NA
ZBTB43,404.74,0.27114,0.12138,0.4989
CPT1C,549.46,0.013074,0.92653,0.98258
PCSK9,16.412,1.4461,0.049392,0.33391
XPO6,3257.3,-0.06774,0.62579,0.88388
GSG1L,9.6326,-0.30975,0.73091,NA
MN1,1003.7,-0.74899,0.16191,0.5624
APEX2,308.44,0.0055691,0.97186,0.99259
NSMCE1,675.73,-0.15814,0.20697,0.62277
CCDC126,85.946,0.38802,0.23016,0.64409
IL13,0.22953,1.4179,0.72699,NA
NPIPB12,374.97,0.48092,0.36457,0.75173
OR10G3,31.639,0.44291,0.39233,0.76965
RAB3B,5014.2,-0.42339,0.025396,0.24539
OR6F1,0,NA,NA,NA
CD2BP2,1410,0.0028392,0.98386,0.99561
RSPO1,20.265,-0.74438,0.16598,0.56734
RGS14,46.863,-0.81401,0.045117,0.32095
TBC1D10B,1600.5,-0.050848,0.67614,0.89808
LMAN2,2232.6,-0.1695,0.13277,0.51806
GCSAML,14.64,0.20679,0.74811,NA
RAB24,719.9,-0.079573,0.59569,0.86842
PRELID1,1840.6,-0.16641,0.17619,0.58123
THBS3,866.72,0.07186,0.63089,0.88575
CA5B,678.25,0.15228,0.2972,0.70138
SLC50A1,208.34,-0.17525,0.39133,0.76906
EFNA1,4.4014,0.94997,0.47706,NA
CXCL10,0.33513,-1.7911,0.6569,NA
NPIPB3,637.42,0.39385,0.094043,0.44711
SH3TC2,76.063,-0.20451,0.48948,0.81887
CXCL11,0.44924,2.3368,0.55962,NA
ZRSR2,248.17,-0.12505,0.53721,0.8405
NMD3,996.72,-0.083341,0.46306,0.80619
ADRB2,23.715,-0.48274,0.32493,0.72267
B3GALNT1,174.53,-0.26916,0.27161,0.68381
GPRIN1,403.89,0.26678,0.20114,0.61579
HSPB3,23.487,-1.2456,0.038286,0.30012
KCNAB1,38.296,-0.032659,0.94683,0.98872
MRPL1,252.92,-0.090331,0.64089,0.88731
SHE,15.755,-0.55588,0.47198,0.81199
NR0B1,0.30539,1.7705,0.66197,NA
PGM2,451.23,0.14207,0.50885,0.82626
STK32A,18.621,-1.1973,0.036067,0.29106
IL1RAPL1,1.2798,-0.39385,0.85601,NA
P2RY12,0.15775,-0.83321,0.8382,NA
C22orf15,20.094,-0.035757,0.95028,0.98999
OR5AU1,32.901,0.488,0.31051,0.71208
MINAR1,66.341,0.37634,0.23453,0.64737
PDILT,0.53418,2.6053,0.51412,NA
UMOD,0,NA,NA,NA
GP2,3.6645,-0.34994,0.76971,NA
SLC33A1,682.71,0.13013,0.32541,0.72311
SNUPN,555.89,-0.27818,0.062365,0.36731
CRADD,148.51,0.025309,0.91716,0.98099
SIN3A,1576.1,0.11354,0.27623,0.68831
ARL13B,290.72,-0.024572,0.89202,0.97407
RNASE2,0.34111,1.9636,0.62697,NA
ELSPBP1,0,NA,NA,NA
RNASE3,0,NA,NA,NA
PTK2,1816.8,0.098195,0.47958,0.81587
RSPH10B2,0,NA,NA,NA
PTAFR,4.9042,0.81478,0.45428,NA
PTPN9,1782.2,0.14057,0.22462,0.63937
RNASE6,0,NA,NA,NA
NPR1,3.1488,-0.33157,0.79187,NA
KCNK9,1.3208,0.033012,0.98776,NA
CXCL8,617.48,1.0098,0.072723,0.39627
SCN9A,71.447,0.58293,0.063693,0.37129
RASSF6,1.9375,0.99172,0.55541,NA
COL22A1,0,NA,NA,NA
SDC2,2483.8,-0.096123,0.49332,0.81999
CD52,2.6437,0.88505,0.62257,NA
MMGT1,859.06,0.2172,0.107,0.47524
SPRR1B,196.46,1.915,0.22124,0.63663
SPRR1A,54.184,1.7362,0.28808,0.69654
OR4K14,0,NA,NA,NA
OR4K15,0,NA,NA,NA
TM2D2,921.86,0.11782,0.37909,0.75983
HTRA4,24.577,0.22354,0.68448,0.90167
PLEKHA2,625.01,-0.2641,0.12038,0.49731
CLIC4,15742,-0.14433000000000001,0.11334,0.48443
SLC38A11,0.79697,0.54311,0.86509,NA
GPR183,0.96438,-0.8358,0.73299,NA
CRCT1,15.436,1.2975,0.20017,0.61412
CCDC8,458.36,-0.44953,0.0028946,0.078966
METTL15,337.29,0.31735,0.061188,0.36446
ZNF280A,0,NA,NA,NA
MUC15,3.5533,4.2974,0.019194,NA
CT55,1.1565,1.4616,0.52398,NA
ZEB2,3381.4,0.028172,0.83711,0.95617
GJB1,3.0866,2.4668,0.095251,NA
PCBP1,4431.9,-0.065523,0.54518,0.84563
HINT1,1875.2,-0.041883,0.77343,0.93686
DTWD2,128.79,-8.5618e-4,0.99682,0.99957
VPREB1,0,NA,NA,NA
CLIC3,56.248,-0.38548,0.34835,0.7391
INO80E,683.37,0.024867,0.84672,0.95955
BNC1,292.09,-0.14227,0.43374,0.79302
DFFB,108.75,0.4702,0.046266,0.32397
NFU1,391.09,-0.092769,0.64829,0.88985
ANTXR1,3424.7,0.16709,0.20302,0.61811
GKN1,0,NA,NA,NA
CKAP2L,525,-0.14804,0.35324,0.74425
C15orf40,469.64,0.38578,0.043851,0.31666
RAMAC,342.15,-0.015487,0.92421,0.98234
PROKR1,0,NA,NA,NA
APLF,178.08,0.19744,0.32023,0.71892
BOLA2B,236.71,0.18944,0.29505,0.70053
RGPD8,222.61,0.015027,0.94911,0.98969
HIC2,247.85,-0.18878,0.32151,0.71969
LUZP1,1522.7,0.26266,0.013105,0.1753
HEXD,323.13,-0.12333,0.52224,0.8347
DRD5,0,NA,NA,NA
BUB1,541.73,-0.092494,0.56924,0.8573
SPNS1,763.61,0.11259,0.4091,0.77942
LRRC45,490.58,-0.18525,0.19273,0.60373
CHRNA5,28.918,-0.2092,0.66851,0.89603
MT1B,0.14253,-0.73822,0.85643,NA
CENPX,525.75,-0.094427,0.49763,0.82153
AGPAT2,872.31,-0.18967,0.18829,0.5982
ASPSCR1,314.75,-0.16389,0.3232,0.72144
GP9,0,NA,NA,NA
FASN,2374.7,0.3642,0.36954,0.75406
CNBP,4258.4,-0.07452,0.50859,0.82626
MT1E,1441.1,0.36873,0.019217,0.2133
ACTRT2,0,NA,NA,NA
DUS1L,828.62,0.10757,0.44964,0.7998
GPS1,1407.3,-0.053499,0.64942,0.88985
RFNG,1052.5,-0.24142,0.071962,0.3947
DCXR,391.18,0.0077014,0.96606,0.99243
ZNF32,424.1,0.10139,0.57172,0.8573
LDB2,236.33,-0.619,0.0041563,0.098286
RAC3,62.932,0.061055,0.84737,0.95981
NRG4,3.3499,0.85339,0.54365,NA
LIMS1,2155.6,-0.009437,0.94356,0.98762
TMEM266,3.8453,0.27258,0.81659,NA
NLGN1,121.17,-0.11594,0.67798,0.89895
TAPT1,400.8,-0.097538,0.51721,0.83275
PRYP3,0,NA,NA,NA
UGP2,2827.1,-0.34396,0.0024003,0.07015
TAS2R1,1.3836,-0.2799,0.88961,NA
LINGO1,6.5697,-0.787,0.53238,NA
PRY,0,NA,NA,NA
RBMY1F,0,NA,NA,NA
PRY2,0,NA,NA,NA
HNRNPF,3771,-0.077648,0.51546,0.83105
BTD,731.24,0.090516,0.49296,0.81999
CSGALNACT2,1599.5,0.19974,0.12955,0.51265
TACR3,0.51129,1.0581,0.7806,NA
GSX1,0,NA,NA,NA
PCDH7,23.561,0.81517,0.098003,0.45668
ROBO1,2358,-0.022267,0.88105,0.97005
ONECUT1,3.8911,0.5016,0.69478,NA
AVEN,368.39,0.033206,0.86411,0.96525
P2RY1,3.5811,-1.2996,0.30402,NA
CTNND2,0.32742,0.24395,0.95202,NA
TRIM56,2235.5,0.2137,0.13251,0.51767
MUC17,0,NA,NA,NA
AHSP,0,NA,NA,NA
WNT10B,4.0514,0.002237,0.99868,NA
CALML6,17.413,0.32127,0.61561,0.87762
REPS2,42.573,0.0775,0.87855,0.96918
MUC3A,0.84833,0.65042,0.81714,NA
SYAP1,1674.4,0.12696,0.23866,0.65202
ITGAM,0,NA,NA,NA
PYDC1,0,NA,NA,NA
TPST1,663.62,-0.29653,0.12004,0.49683
TM4SF4,0.63304,-2.7103,0.36984,NA
TOR1AIP2,1567.8,0.036196,0.81707,0.9505
S100G,0.15226,-0.82708,0.83938,NA
TM4SF1,153.9,-0.78093,0.0081912,0.13733
OTUD3,289.65,0.17677,0.40922,0.77942
OTUD7A,32.674,-0.305,0.46116,0.80534
GUSB,1082.8,-0.095218,0.42719,0.78984
BRD3,1164.3,0.021969,0.86237,0.96453
KLF13,2089.4,-0.16514,0.18505,0.59393
FRMPD4,38.301,-0.025824,0.96586,0.99243
ZFPM2,75.425,0.06905,0.82913,0.95435
ZNF764,137.19,0.043625,0.83694,0.95617
HSFY2,0,NA,NA,NA
ZNF747,217.72,-0.26532,0.13932,0.52614
ZNF768,737.14,-0.14574,0.31499,0.71584
TAS1R3,10.332,-0.080683,0.92096,NA
TMEM42,246.3,-0.27857,0.15659,0.55535
MAP3K2,1132.8,0.13985,0.37835,0.75983
PUSL1,263.86,-0.32624,0.08338,0.42373
SF3B5,1103,-0.16929,0.22134,0.63673
ZNF35,111,0.55655,0.021692,0.22573
TIGD4,1.4923,-0.1886,0.91483,NA
IFFO2,533.9,0.17837,0.19516,0.60772
NLGN2,2727.9,0.37573,0.0090502,0.14447
MYO7B,7.6791,-0.91053,0.30621,NA
CHD3,5111.6,-0.26304,0.011801,0.16759
TMEM154,76.582,0.52974,0.2091,0.62471
MYRIP,12.859,-1.372,0.11354,NA
ALCAM,2687.2,-0.23917,0.031357,0.27214
YWHAG,4702.3,-0.080949,0.49542,0.82062
UBE2E3,1982.6,-0.14069,0.22424,0.63899
CNTROB,986.77,-0.093222,0.50059,0.82321
TRAPPC1,1253.9,-0.052594,0.74199,0.9253
ZPLD1,0.76595,-1.6492,0.57326,NA
KCNAB3,24.145,0.20053,0.69475,0.90576
SERPINA9,0,NA,NA,NA
FAM153A,2.2515,-0.10867,0.95855,NA
GPR37L1,13.275,0.015338,0.9813,NA
SIMC1,288.88,0.0010773,0.99495,0.99899
TMEM192,391.77,0.18759,0.34724,0.73854
NSG2,0.12618,0.89005,0.82733,NA
SPDYE5,15.362,0.048864,0.94522,0.98806
SERPINA6,0.61709,-2.8077,0.48207,NA
ZNF778,224.58,0.35496,0.18014,0.58696
NIPA1,536.95,0.1053,0.54455,0.84533
FOXD4,3.8604,0.26942,0.81584,NA
GPR25,0,NA,NA,NA
UBE2E1,1199.4,-0.27296,0.066204,0.38065
HNRNPA3,4512,-0.0067646,0.95357,0.98999
SIK2,1217.2,0.21559,0.093475,0.4458
RNF150,527.99,-0.64379,0.17699,0.5831
CCDC144A,469.55,0.26551,0.24656,0.66109
VGLL2,0,NA,NA,NA
HOXD4,100.82,0.15573,0.62889,0.88529
CHRNB1,123.23,-0.058262,0.82328,0.95231
HOXD12,0,NA,NA,NA
GYPA,1.7204,1.4946,0.41899,NA
USP38,598.34,0.21688,0.10428,0.46942
SLC16A5,183.51,-0.1953,0.3833,0.7625
NANP,220.02,-0.11452,0.53278,0.83887
ANKK1,1.5477,3.0256,0.1434,NA
ADRA1B,4.9731,-0.90002,0.41922,NA
ADPRM,149.8,-0.046632,0.83345,0.95519
FABP6,0,NA,NA,NA
PWWP2A,263.5,0.055938,0.74,0.92453
USP50,1.0498,3.5802,0.16357,NA
USP47,2407.8,0.13856,0.17111,0.57442
PDCD6IP,4356.8,0.14555,0.27845,0.69017
MRGPRX1,0,NA,NA,NA
ZNF212,207.94,-0.0047631,0.98173,0.99542
MRAP,1.1142,-0.53281,0.83481,NA
FAM161A,94.784,-0.078222,0.80574,0.94676
ZNF282,875.6,-0.052315,0.69402,0.90576
GLB1,1280.7,0.070548,0.54481,0.84563
GON7,107.74,0.14844,0.56387,0.85449
FAXDC2,481.15,-0.2186,0.41364,0.78224
CRTAP,7653,-0.18967,0.10632,0.47352
HSPB2,119.19,-0.73485,0.018492,0.20909
C7orf33,0.3401,1.959,0.62782,NA
CNGB3,0.63294,1.3179,0.67664,NA
SLN,1.3023,-0.26062,0.8877,NA
ELP5,480.2,-0.1251,0.43721,0.79465
CMTM8,4.3048,0.80741,0.49315,NA
GABARAP,3959.9,-0.3294,0.017161,0.20107
LGALS9B,0.30059,1.7652,0.66316,NA
STX8,352.98,-0.0064753,0.97372,0.99285
CDK1,661.05,-0.45069,6.9772e-4,0.032748
UBB,9618.4,-0.05834,0.65101,0.89018
NFRKB,596.33,0.12396,0.45139,0.80112
FABP4,0,NA,NA,NA
FRMPD2,0.18421,1.1084,0.7859,NA
PRDM10,189.21,0.15628,0.56123,0.85373
B3GNT2,354.15,-0.0025063,0.98825,0.9976
FOS,1015.8,-1.5975,0.028716,0.26108
TMED10,4931.2,-0.026109,0.79475,0.94293
SETMAR,298.5,0.075404,0.64554,0.88886
SMAD1,252.19,0.29319,0.18791,0.59749
CST5,0,NA,NA,NA
CST2,0.67078,0.14337,0.96686,NA
EMX2,1475.8,-0.45651,0.020868,0.22266
CST1,0.15039,-0.80564,0.84349,NA
SP7,0.6917,3.1778,0.34314,NA
TCAF2,354.58,-0.053416,0.8113,0.94808
SEMA3E,6.6638,-0.092615,0.9155,NA
LRRN2,2.3669,0.75164,0.6179,NA
SLC30A1,941.03,0.0086286,0.93998,0.98684
DCLK2,215.51,0.0079155,0.96779,0.99243
ZNF804A,0,NA,NA,NA
GPRC5C,7.0367,1.074,0.25185,NA
TMEM182,46.113,0.0080189,0.98524,0.99627
VSTM2A,1.5002,1.1354,0.58432,NA
KRT8,92.45,0.52848,0.04969,0.33447
KRT78,1.9343,0.82924,0.73726,NA
ADORA2B,81.325,-0.28463,0.30448,0.70739
SDR9C7,0.51381,-0.82906,0.82699,NA
MGMT,496.89,-0.2988,0.11388,0.48478
METTL7B,15.474,0.23219,0.69578,0.9063
KRT86,6.0258,-3.45,0.0087071,NA
HARS1,1365.2,0.012263,0.92618,0.98258
NFXL1,177.35,0.20369,0.30964,0.71145
KRT75,1.0368,1.0887,0.6468,NA
DENND5B,372.93,-0.062517,0.73895,0.92453
CD14,17.935,-0.843,0.24591,0.66028
DNAJC18,327.14,-0.26843,0.32248,0.72075
KRT6C,38.738,2.3519,0.23572,0.64819
RIOX1,239.15,0.19177,0.28568,0.69371
SPATA24,25.332,-0.39066,0.5267,0.83633
RALGAPB,1821.3,0.1898,0.12949,0.51265
PYM1,331.6,-0.18139,0.30441,0.70739
MZB1,0,NA,NA,NA
KRT4,1.3039,0.11563,0.96224,NA
SLC23A1,7.4062,1.3212,0.1808,NA
KRT74,0,NA,NA,NA
NPAS2,479.78,0.2073,0.14792,0.53986
KRT72,0,NA,NA,NA
KISS1,0,NA,NA,NA
LONRF2,14.261,1.023,0.10673,NA
NUDT9,540.5,-0.01346,0.92501,0.98234
HSD17B13,5.9086,-0.011533,0.99166,NA
PA2G4,2396.4,-0.026828,0.83155,0.95449
COX7B2,0.34089,1.9626,0.62716,NA
ELOVL6,364.19,0.28737,0.17601,0.58123
KRT83,0.47373,-2.2998,0.54868,NA
PFKFB3,1387.4,0.35315,0.070021,0.38961
TMC7,67.028,0.13977,0.66725,0.89547
ARL6IP1,2057.1,-0.088793,0.42571,0.78922
SERPINB9,23.68,0.38682,0.42705,0.7897
SMAGP,350.69,-0.2223,0.31697,0.71725
IRX1,339.33,-0.2615,0.10582,0.47261
CDH2,373.35,-0.3733,0.041382,0.30952
IRX2,667.82,-0.14943,0.24443,0.65902
EMB,154.4,0.14333,0.5958,0.86848
SIX2,98.285,-0.96624,0.014189,0.18325
DLGAP1,4.6721,0.0026599,0.99821,NA
STAT2,2798.5,-0.065511,0.67159,0.89743
NUDCD2,580.91,-0.10822,0.43133,0.7916
IRF2BP1,612.26,-0.21205,0.18281,0.59134
OR9K2,0,NA,NA,NA
HSPA4,3124.7,0.13814,0.31868,0.71827
FOXA3,1.4116,1.8795,0.38047,NA
FAM71B,0,NA,NA,NA
SLC26A5,3.654,2.5389,0.090979,NA
COMMD5,275.99,0.11599,0.50315,0.82415
SGCD,3119.4,-0.32122,0.033437,0.27911
GTSF1,14.694,0.17269,0.81859,0.95064
ZNF16,156.26,-0.052369,0.80477,0.94676
ARMC10,798.69,0.13392,0.28509,0.69371
RNF34,491.18,-0.13643,0.40043,0.7734
ACYP2,148.75,0.035577,0.86999,0.96705
TRABD,769.13,0.099397,0.42522,0.78877
ATF7,1080.7,0.55891,5.2632e-5,0.0060056
RASA4B,572.29,-0.2403,0.098665,0.45869
SOCS6,1086,-0.057346,0.61964,0.87982
CAVIN4,36.186,-0.24901,0.58159,0.86163
OR10A3,3.4088,1.0586,0.48113,NA
ZNF296,13.386,0.41176,0.55726,NA
HOXB9,176.46,-0.10853,0.60419,0.87181
TTLL6,0,NA,NA,NA
POLH,1152.7,-0.36415,0.016352,0.19761
SYT9,0.3066,-1.6791,0.67785,NA
KCNS3,53.619,-0.9319,0.0050258,0.10566
RBMXL2,0,NA,NA,NA
KIF5B,5166,0.14067,0.21385,0.62863
GPR37,110.03,-0.29496,0.34492,0.73666
AKAP13,2087.5,-0.23187,0.09679,0.45409
TPD52L3,0,NA,NA,NA
CDCA4,498.04,-0.26685,0.067251,0.38415
OR10A4,0.17392,1.0873,0.78988,NA
SDR16C5,1.8849,2.119,0.33669,NA
DYDC1,0.31854,-1.7313,0.66811,NA
OR10A2,1.986,0.64418,0.70192,NA
CHCHD7,286.08,0.15118,0.45289,0.80124
HTRA3,559,-0.38425,0.0038624,0.094911
FOXN2,339.51,0.1863,0.25581,0.67001
LMOD2,1.6445,-1.1813,0.57258,NA
BFSP2,0,NA,NA,NA
FSHR,0.30868,0.13155,0.97428,NA
USP32,1324.4,0.13911,0.18153,0.58956
CEL,34.356,-0.88861,0.052639,0.34291
PPM1D,330.04,-0.39762,0.04381,0.31666
GPR27,12.664,0.12933,0.83801,NA
PSG6,80.611,-1.0957,0.0012126,0.046527
KBTBD2,1065.4,0.12332,0.3591,0.74785
RIOX2,569.32,0.085465,0.63442,0.88594
TRIAP1,467.87,-0.23264,0.15213,0.54647
LSM3,627.73,-0.14046,0.43732,0.79465
KIAA0232,1326.3,0.085244,0.46247,0.80587
MTSS1,65.668,-0.25595,0.44119,0.79605
TMEM43,4583.9,-0.12568,0.18628,0.59524
RNF139,849.59,0.074756,0.58631,0.86312
RPS9,14758,-0.14143,0.34134,0.73487
PLA2G1B,0.66471,0.11524,0.96694,NA
CYTL1,24.442,-0.48582,0.33087,0.72741
TSEN34,868.02,-0.14465,0.27068,0.68285
TRH,0,NA,NA,NA
GSTA4,305.56,0.034118,0.87924,0.96958
MSANTD4,424.78,-0.15151,0.32851,0.72498
NDUFA3,253.07,-0.25569,0.14102,0.52671
OSCAR,60.937,-0.004565,0.99101,0.99841
PAQR8,146.77,0.031003,0.88418,0.97059
NUDT6,72.895,0.34206,0.29834,0.7031
OR7G3,0,NA,NA,NA
TANC2,1552.4,0.20785,0.17516,0.57925
OR7G2,9.8321,0.46299,0.54251,NA
TEX13B,0.16983,1.0955,0.78834,NA
PKHD1,0.81169,1.8528,0.51592,NA
OR1M1,16.593,1.1877,0.054031,0.34417
NCBP2L,0.16717,-0.86668,0.8318,NA
DNAJC24,296.98,0.1383,0.40659,0.77842
MBD3L1,0,NA,NA,NA
ZNF160,752.59,0.15127,0.34258,0.73509
PGK2,0.15349,-0.83173,0.83849,NA
OR8B12,0,NA,NA,NA
ZNF415,162.84,0.18476,0.40155,0.77397
CAVIN3,2687.4,-0.1417,0.20885,0.62471
CEACAM3,0,NA,NA,NA
DCDC1,4.7382,0.52651,0.63399,NA
HAS2,6781.5,-0.046724,0.91185,0.97932
PDGFD,1944.7,-1.0099,0.031636,0.27347
PLAC1,0,NA,NA,NA
DDI1,0.71424,3.0188,0.42852,NA
S1PR1,227.42,0.16838,0.42189,0.78672
HS6ST2,0,NA,NA,NA
OR4D5,0,NA,NA,NA
PYGO1,362.73,-0.074591,0.64099,0.88731
LRRC8E,269.95,0.1846,0.316,0.71662
PKIA,22.097,0.65402,0.25406,0.66805
XKR6,41.234,0.34057,0.41386,0.78246
TSNARE1,186.38,0.12142,0.60402,0.87175
FPR2,1.4487,0.30122,0.8867,NA
FPR1,6.0751,1.0947,0.33888,NA
PATE1,0,NA,NA,NA
OR13H1,0,NA,NA,NA
FEZ2,1430.7,0.0041129,0.97396,0.99287
SOX7,7.4015,0.93262,0.2884,NA
C8orf74,4.9521,0.69786,0.5794,NA
C11orf24,1044.5,-0.23933,0.10421,0.46942
ALK,6.7733,0.10313,0.91242,NA
KYAT1,123.81,0.07587,0.76972,0.93533
MTM1,258.71,0.22561,0.18284,0.59134
OBP2B,0,NA,NA,NA
TRMT61B,173.92,-0.010664999999999999,0.95737,0.98999
INSR,1142.7,0.086642,0.58362,0.86259
MFN1,1005.7,0.10781,0.41582,0.78428
GIMAP8,0,NA,NA,NA
HSFX1,8.0765,-1.2612,0.30901,NA
NRTN,3.5045,0.27753,0.82896,NA
KCNMB3,35.395,0.9672,0.034375,0.28245
FUT3,2.7284,2.8489,0.1327,NA
KCNG3,0.50773,2.5347,0.52599,NA
ATP6V0E2,376.44,-0.33998,0.036998,0.29594
PRKCE,708.38,0.33429,0.039957,0.30661
OR2K2,0,NA,NA,NA
JAGN1,522.12,-0.045014,0.76105,0.93235
RLN3,0,NA,NA,NA
TADA3,1851.3,-0.29007,0.0082916,0.1379
SOCS5,4718.1,-0.05697,0.55691,0.85127
C1GALT1C1,621.89,-0.24335,0.092931,0.44538
C9orf16,556.95,0.043358,0.76146,0.93251
MORN4,143.73,-0.086777000000000007,0.7216,0.91806
ZNF672,380.5,-0.079939,0.58947,0.86485
ZNF692,364.35,-0.1241,0.5442,0.84518
NAIF1,221.34,-0.069828,0.71679,0.91617
RBKS,32.182,-0.27278,0.54063,0.84314
OR2M4,19.397,0.068706,0.90266,0.97663
GRIK1,9.1614,0.55007,0.52117,NA
MUC7,0,NA,NA,NA
OPRPN,0,NA,NA,NA
SMR3B,0,NA,NA,NA
TMEM126A,252.65,-0.099786,0.5811,0.86163
TMEM126B,331.51,0.23601,0.16094,0.56177
TRIM8,3099.9,-0.19435,0.12634,0.50853
NETO2,457.69,0.16947,0.45975,0.80406
CSN3,0,NA,NA,NA
CLDN20,4.1987,0.96775,0.38159,NA
CDC42BPG,11.26,0.78432,0.24601,NA
SCAND1,553.7,-0.09849,0.54432,0.84518
JUNB,4158.8,-0.73873,0.15237,0.54717
FAM241B,5.0001,-1.1206,0.398,NA
TMEM37,5.1026,-0.80108,0.45361,NA
UGT2B7,0.82686,-3.1257,0.25878,NA
LRG1,7.0748,-0.48344,0.57342,NA
SHCBP1,702.57,-0.45104,0.0010578,0.042709
SOSTDC1,0.53694,-0.8917,0.81141,NA
NPTX1,241.19,0.25694,0.38869,0.76756
FAM98B,640.57,0.046202,0.7516,0.92972
ZNF439,94.046,-0.075735,0.79152,0.94181
ZNF440,156.83,-0.059052,0.82562,0.95331
GAA,2265.2,-0.22269,0.052883,0.34336
CANT1,1719.2,-0.038613,0.74168,0.92512
KCNK3,11.054,0.77446,0.31599,NA
ZDHHC16,635.09,-0.016749,0.90056,0.97613
CHST11,462.66,0.21287,0.27441,0.68725
EXOSC1,243.08,-0.1731,0.37908,0.75983
PGAM1,13726,-0.33773,0.0038275,0.094779
CHD7,61.189,0.69602,0.063846,0.37169
ESCO2,229.06,0.52755,0.044958,0.3205
KRT19,367,-1.0303,9.0981e-9,5.4266e-6
KRT15,85.943,0.35236,0.30692,0.70966
LURAP1,46.575,0.068203,0.85517,0.96313
KRT38,0,NA,NA,NA
CLCN5,83.88,0.35918,0.1836,0.59196
TPPP,13.433,0.16621,0.79783,NA
KCND3,195.58,-0.61009,0.016196,0.19715
APLN,93.882,-1.2061,7.7403e-5,0.0074682
KRTAP4-4,0.16965,1.0948,0.78846,NA
KRT13,100.23,1.6687,0.25933,0.67473
XAGE3,0,NA,NA,NA
KRT9,1.1381,-2.3589,0.3094,NA
XAGE5,0,NA,NA,NA
PDE7B,245.53,-0.32522,0.12671,0.5091
MRPL36,321.49,-0.017093,0.9267,0.98258
ZNF581,523.88,-0.29117,0.1095,0.47784
NAT1,60.988,0.037776,0.91647,0.9807
KRT20,0,NA,NA,NA
GLOD5,0,NA,NA,NA
KSR2,18.198,0.75033,0.24983,0.66529
ZNF524,293.45,-0.41563,0.029377,0.26357
MCC,560.33,0.40385,0.010217,0.1532
KRT27,0,NA,NA,NA
ZBTB26,192.31,-0.099791,0.65275,0.89083
CDK5R2,1.1885,1.4416,0.48924,NA
DSEL,4927.5,0.33458,0.034208,0.28178
POLR1C,355.4,0.19935,0.35506,0.74476
ASXL1,2332.4,-0.020999,0.86249,0.96453
OR1L6,0,NA,NA,NA
DLK2,30.454,0.36325,0.48412,0.81691
ZNF562,558.12,-0.10424,0.5437,0.8451
ZNF318,1204.3,0.35549,0.007892,0.13432
ZNF561,615.04,-0.32968,0.054722,0.3457
WIPF2,1523,0.15047,0.22624,0.64152
HOPX,5.3802,-0.18022,0.8955,NA
SPACA5B,0,NA,NA,NA
OR1L3,0.98273,-2.1023,0.38168,NA
NLRP5,0,NA,NA,NA
LRRC8C,592.97,0.17753,0.4746,0.8127
SPACA5,0,NA,NA,NA
RSL1D1,3541.5,-0.07295,0.5672,0.85599
LRRC8D,738.02,-0.24361,0.10593,0.47261
MROH2B,0,NA,NA,NA
OR1L8,5.694,-0.036385,0.97029,NA
PPID,613.4,-0.032623,0.81239,0.94882
OR1N2,0.73713,3.1055,0.33723,NA
COL24A1,14.137,-0.67945,0.33533,NA
ETFDH,847.89,0.11358,0.38114,0.76122
OR1N1,4.6803,0.98193,0.38017,NA
RXFP1,468.28,-0.65698,7.0826e-5,0.0069357
LPAR3,7.9871,-0.0030002,0.997,NA
PTGER4,28.537,-1.3094,0.0048771,0.10543
TBCA,970.97,-0.039365,0.79302,0.94249
NEUROD2,0.52164,1.043,0.75439,NA
MAP6,95.925,0.18998,0.48162,0.81682
OTP,0,NA,NA,NA
ECEL1,13.918,-0.13336,0.84725,NA
BCL2L1,2260.6,0.093147,0.5894,0.86485
FGG,0,NA,NA,NA
FGA,0,NA,NA,NA
OR2AT4,75.574,0.46299,0.3536,0.74455
FGB,1.1628,1.4357,0.57338,NA
PLRG1,1200.5,-0.081184,0.52449,0.83522
ZNF584,249.67,-0.12273,0.53309,0.83895
DSCAM,0.78301,0.10596,0.9743,NA
DNAI2,0,NA,NA,NA
NMUR1,6.8899,0.3333,0.6998,NA
CLSTN1,5978.8,0.093989,0.37376,0.75628
CXXC5,2424.2,-0.32027,0.031756,0.27381
ZNF274,327.98,0.026317,0.87941,0.96958
PIK3CD,698.39,-0.19431,0.15047,0.54423
PTCRA,0,NA,NA,NA
SLC25A33,152.65,0.11541,0.66029,0.89303
ENC1,1185.5,0.28232,0.19197,0.60222
SPSB1,804.88,0.15942,0.37565,0.75834
P2RY6,36.279,-0.1315,0.76525,0.93352
BPTF,2306.2,0.54564,1.287e-4,0.010966
S100Z,0,NA,NA,NA
ZIK1,115.27,0.078302,0.75724,0.93152
GPR82,7.0534,-0.18919,0.86577,NA
GPR34,2.9999,0.096541,0.95472,NA
PLEKHG5,339.98,-0.084767,0.66792,0.89573
ATF7IP,1104.5,0.40046,0.061837,0.36606
LKAAEAR1,6.0755,-0.065382,0.94858,NA
RGS19,207.5,-0.30074,0.10218000000000001,0.46433
TCEA2,757.8,0.057183,0.74059,0.92482
DEFB4A,0,NA,NA,NA
ANO5,0.15422,-0.83445,0.83796,NA
HDAC3,975.55,-0.074581,0.55539,0.85072
SPATA46,0,NA,NA,NA
GPHN,290.24,-0.012979,0.93996,0.98684
VAT1L,35.523,0.0051538,0.98949,0.99802
TMEM51,114.47,-0.12735,0.59201,0.86633
CAMTA1,317.19,0.014291,0.93449,0.98461
LGALS4,0.92955,1.1425,0.64428,NA
LRRC34,42.214,-0.40312,0.43082,0.7916
PAH,0,NA,NA,NA
SPATA5L1,128.58,0.39592,0.076113,0.40244
GATM,3.6219,-0.21906,0.87014,NA
SYCE1,14.359,-0.0042774,0.99503,NA
NXNL1,5.6788,-0.40447,0.67794,NA
RASGRP4,5.8712,3.3414,0.0070325,NA
NHLH1,4.0762,1.1198,0.36816,NA
SLFNL1,9.638,0.11086,0.89286,NA
BCL2,108.24,-0.556,0.040561,0.30836
RHNO1,434.01,-0.022098,0.87736,0.96911
CTPS1,655.18,0.010453,0.95709,0.98999
UTF1,0,NA,NA,NA
KNDC1,354.47,0.17599,0.36966,0.75415
WDR87,1.5068,0.48727,0.81677,NA
METTL18,87.495,-0.081112,0.75958,0.93231
CFAP46,16.053,-0.91193,0.18855,0.59844
COL8A2,556.24,-0.56489,5.2601e-4,0.029001
PWWP2B,159.54,-0.571,0.010618,0.15779
PCDHB1,33.054,0.67511,0.17409,0.5789
ZNF540,20.006,0.24848,0.67162,0.89743
ANGPTL7,0.46879,-2.2879,0.55222,NA
FBXL14,192.38,-0.035805,0.85697,0.9633
EXOSC10,1129,0.087661,0.45911,0.80404
ZNF570,193.43,-0.26721,0.28545,0.69371
NINJ2,21.514,-0.05789,0.91714,0.98099
MLLT3,452.85,-0.19923,0.25041,0.66593
FAM90A1,22.843,-0.47841,0.42281,0.78718
RRM2,2012.9,-0.13396,0.39716,0.77174
TRAPPC12,886.36,-0.19601,0.09997,0.46109
IFNB1,0.1743,1.0886,0.78964,NA
RPS21,3496.7,-0.089595,0.56415,0.8546
C3AR1,1.4701,-0.86033,0.62866,NA
MRM3,210.58,-0.17169,0.39839,0.77246
PTEN,3998.6,-0.011561,0.91595,0.98059
RPS7,8683.5,-0.084229,0.50926,0.82632
PRND,3.4655,3.5812e-4,0.99977,NA
RNASEH1,1083.4,0.19588,0.12248,0.50076
PRNP,6841.4,0.022564,0.84284,0.95816
KLF17,24.429,0.28421,0.55242,0.84921
ADRA1D,6.0672,-0.92794,0.33342,NA
FRMD5,16.127,0.12352,0.8739,0.96833
AQP4,0,NA,NA,NA
CYP4F11,6.8436,1.7197,0.083272,NA
TLN2,1986.3,-0.091822,0.51376,0.83002
LGALS9C,0,NA,NA,NA
TVP23B,834.76,-0.088283,0.47521,0.8131
FBXW10,3.5848,-0.97533,0.46458,NA
OR10H3,0,NA,NA,NA
ZNF217,1613,-0.14261,0.28306,0.69371
OR10H2,0,NA,NA,NA
SRGAP2C,1178.3,0.093973,0.49799,0.82165
OR52A5,0,NA,NA,NA
SCG2,25.12,0.23496,0.63262,0.88575
ATPAF2,210.65,0.084308,0.66342,0.89433
CYP4F22,0.87999,3.3368,0.27094,NA
FOXB1,0.15335,-0.83119,0.83859,NA
PPIH,250.62,-0.17421,0.29722,0.70138
DRC3,59.278,0.2861,0.39976,0.7734
ZNF57,55.947,0.28774,0.37252,0.75564
SHLD1,24.066,-0.27459,0.60454,0.87192
JMJD1C,1569.7,0.10889,0.41769,0.78499
LDHAL6B,2.1804,0.80336,0.6153,NA
SYNPO,5811,0.062838,0.74451,0.92672
ZNF556,33.696,0.34389,0.49971,0.82266
MAL,0,NA,NA,NA
ZNF554,94.174,-0.19828,0.45753,0.80345
RAB33B,300.49,-0.18299,0.26823,0.68163
THOP1,1061.5,-0.074255,0.6188,0.8794
ANKRD20A4P,20.28,1.4742,0.086214,0.42934
REG3A,0,NA,NA,NA
GAP43,48.586,-0.18117,0.62899,0.88529
REG1B,0,NA,NA,NA
EPHX4,0.48392,-2.3306,0.5403,NA
LAMB2,20208,5.2866e-4,0.99618,0.99946
USP19,1458.6,0.048717,0.70044,0.90894
QARS1,3799.2,-0.1506,0.17882,0.58575
ORMDL3,817.13,-0.11355,0.43767,0.79467
SERF1A,303.77,0.10273,0.66431,0.89451
KLF11,774.97,0.29583,0.088089,0.43479
LRRC15,1364.3,-0.67896,7.634e-9,4.7702e-6
SMN1,486.99,-0.10232,0.52057,0.83379
EIF2AK3,348.16,-0.1557,0.30339,0.70666
TEX37,0,NA,NA,NA
MOB3A,1189.4,-0.050312,0.70288,0.90942
KRCC1,721.04,-0.039339,0.77229,0.93595
NME6,473.49,-0.15782,0.3866,0.76512
CYCS,1183,-0.12844,0.44025,0.79603
CD8B,3.0002,0.48578,0.77057,NA
SLFN12,191.31,0.1492,0.45241,0.80124
CALB2,4.298,-0.7004,0.55447,NA
SLC9C1,0,NA,NA,NA
OR1A1,24.568,0.30831,0.61951,0.87978
OR1A2,0,NA,NA,NA
OR8I2,0,NA,NA,NA
LCE1D,0,NA,NA,NA
CCL11,1.0577,3.5831,0.207,NA
FRMD3,15.731,0.1862,0.79346,0.94253
SNTB1,477.18,0.078801,0.63312,0.88575
MTBP,110.84,-0.011405,0.96334,0.99153
TEFM,127.68,-0.21294,0.37206,0.75493
MRPL13,373.64,-0.056494,0.75955,0.93231
MALT1,957.68,-0.082888,0.50745,0.826
PRL,3.1589,-2.5407,0.079831,NA
ISG20,50.108,0.4408,0.27574,0.68828
OR4C11,0,NA,NA,NA
MBOAT1,122.03,-0.11245,0.63896,0.88696
OR8U1,0,NA,NA,NA
ID4,46.464,0.25934,0.49376,0.81999
OR4X2,0,NA,NA,NA
GPR22,1.193,-0.34318,0.88161,NA
CXCR6,6.0852,0.05829,0.95031,NA
CEBPB,2802.6,0.01692,0.86512,0.96539
AZU1,2.5191,1.4258,0.33584,NA
TPSAB1,0,NA,NA,NA
ATOH1,0,NA,NA,NA
PAIP1,1832.4,-0.069796,0.6003,0.87049
CLEC7A,5.6524,0.32105,0.73032,NA
C5orf34,67.69,-0.12833,0.69269,0.9057
C1QTNF4,2.902,-0.16174,0.91386,NA
NEGR1,980.61,-0.15371,0.20142,0.61579
ZNF131,536.11,0.19437,0.23489,0.64754
MACROD2,36.339,1.2062,0.0086799,0.14114
DPAGT1,492.61,0.10671,0.47734,0.81454
BSG,11014,-0.088302,0.37142,0.75462
HINFP,239.3,0.23163,0.2054,0.62039
CDY1,0,NA,NA,NA
OR10V1,0,NA,NA,NA
CERS6,973.42,-0.091585,0.55315,0.84949
SPTLC3,76.503,-0.15855,0.73016,0.92111
COPRS,1073.1,-0.17915,0.19968,0.6132
TP53RK,365.47,-0.013853,0.93161,0.98398
B3GALT1,8.571,0.026323,0.97426,NA
OR5A1,44.992,0.56592,0.15568,0.55409
CLEC12A,64.897,0.12123,0.69857,0.90786
OR5A2,36.55,0.27625,0.53276,0.83887
BPGM,597.28,-0.21347,0.21125,0.62672
POP7,305.38,-0.10605,0.53631,0.84028
ALG14,148.76,0.04681,0.83559,0.95609
SUCLG2,1367.7,-0.13315,0.22952,0.64353
STARD5,177.82,0.11812,0.5571,0.85132
CSDC2,66.997,-0.84134,0.0047497,0.10422
RCAN2,1569.9,-1.0605,0.023825,0.23669
IL16,196.11,-0.0047334,0.98667,0.99708
ABCG4,2.5338,0.011599,0.99391,NA
CDY1B,0,NA,NA,NA
GNB2,4339,-0.11918,0.29537,0.70059
CFAP53,14.577,-0.13759,0.82746,NA
OR5B12,0.52604,-2.4949,0.4994,NA
OR5B2,1.9825,1.1532,0.54437,NA
MCRIP2,210.07,-0.39896,0.049562,0.33441
PDZD3,0.13298,0.95433,0.81508,NA
C2CD2L,197.45,-0.10306,0.59868,0.86988
OR9I1,0,NA,NA,NA
ARNT2,649.58,-0.12397,0.44141,0.79606
GNG12,7241.4,-0.11603,0.27507,0.68749
PRSS27,23.282,-0.43291,0.37229,0.75528
MYOZ2,3.6622,0.66229,0.58591,NA
SYNPO2,1588.3,-0.7055,0.0044587,0.10033
DNAJB7,29.044,0.54621,0.22112,0.63663
CLP1,208.7,0.0015151,0.99432,0.99899
INSL5,0,NA,NA,NA
EFCAB3,9.6657,0.244,0.75475,NA
TTC36,1.2021,2.6172,0.29712,NA
RSPH9,33.762,0.0048902,0.9911,0.99841
COPS9,476,0.10509,0.53139,0.8383
GTPBP2,1544.3,-0.0013903,0.99051,0.9983
FGGY,132.91,-0.32323,0.20426,0.61913
OR9G4,0,NA,NA,NA
IL17D,45.244,-0.12682,0.72048,0.91754
OR5AR1,0,NA,NA,NA
FUT9,3.8589,1.0417,0.38191,NA
OR5AP2,0,NA,NA,NA
TCEAL1,206.33,0.033063,0.86473,0.96539
ZNF24,1211.6,0.11744,0.33539,0.73044
HSFY1,2.2154,0.79935,0.62274,NA
MANEA,582.82,0.045103,0.77834,0.93838
RAB40A,34.046,0.12183,0.79065,0.9413
MAB21L4,4.4636,0.47074,0.69159,NA
AGXT,1.9783,1.1469,0.58976,NA
OR8J1,0.16631,-0.82729,0.83934,NA
OR5T3,0,NA,NA,NA
AFF1,1161.2,0.5,0.0017119,0.056853
ACOT12,0.29762,-1.6035,0.69165,NA
FIBP,1110.7,-0.26717,0.032931,0.2772
CARNS1,18.435,0.27345,0.61532,0.87762
OR10H5,26.983,0.49407,0.35597,0.74522
BANP,230.07,-0.2732,0.20738,0.62285
PPP1CA,2049.2,-0.086206,0.48849,0.8186
HCFC1,1924.3,0.29058,0.055617,0.34803
FAM170B,0,NA,NA,NA
CTSW,4.4049,-1.2966,0.30509,NA
NIPAL4,5.6878,1.1714,0.33112,NA
MUCL1,0,NA,NA,NA
SNTG2,1.3723,-0.86578,0.68547,NA
FNDC9,0.11742,-0.66282,0.87096,NA
PDE3A,22.883,-0.16215,0.73328,0.92312
RASGRP1,10.332,0.60195,0.40218,NA
KLHL6,1.8934,1.5811,0.47634,NA
CHCHD1,284.24,-0.076869,0.69282,0.9057
MRPL52,296.22,-0.075612,0.67186,0.89743
SMPDL3A,216.61,-0.10286,0.58168,0.86163
RND1,1.7168,2.1275,0.26344,NA
RAD9A,233.71,0.57622,0.039914,0.30661
EFEMP2,5501.6,-0.55501,8.6068e-8,3.8944e-5
OR10AD1,0.46989,-2.2913,0.55129,NA
AGAP5,151.82,0.25667,0.39745,0.77207
WASHC2C,1805.9,0.12441,0.32042,0.71892
TMEM134,299.54,0.061252,0.79044,0.94113
ZMAT3,1986.7,-0.26277,0.03262,0.27649
ZFAND4,82.007,-0.093384,0.77346,0.93686
THEMIS,2.0591,0.21495,0.89828,NA
MOS,0,NA,NA,NA
ZNF738,92.212,-0.18153,0.54166,0.84393
MS4A10,2.7262,0.88157,0.55834,NA
SLFN11,1147.9,-0.055187,0.76051,0.93235
FAM71D,1.8363,2.9505,0.13375,NA
CCL19,0,NA,NA,NA
CORO1B,1682.9,-0.043968,0.73467,0.92331
FUT10,269.89,-0.010821,0.9607,0.99062
LRRC20,163.17,-0.12763,0.55739,0.85136
MUS81,516.93,-0.025071,0.86642,0.96539
PURG,5.3157,0.40366,0.68987,NA
TMEM217,16.093,0.42387,0.50551,0.82535
OR4D9,15.232,0.81284,0.20427,0.61913
ZNF596,85.434,0.51197,0.053832,0.3434
COL6A5,0,NA,NA,NA
CFL1,9275.2,-0.142,0.22765,0.64274
TMCC1,480.23,0.74933,0.010598,0.15767
NAA16,294.97,0.0091501,0.95696,0.98999
OR5B3,0,NA,NA,NA
EFCAB12,3.6927,-0.25192,0.83831,NA
OR10W1,0,NA,NA,NA
PSME3IP1,920.01,-0.013264,0.91859,0.98129
RAB43,429.63,0.45556,0.0075286,0.13172
FADS6,78.874,1.3844,3.1691e-4,0.020089
CBWD1,488.12,0.040403,0.81662,0.95042
HOXC5,97.763,-0.50467,0.090104,0.43953
RAB37,2.7269,0.067531,0.96002,NA
DCP2,375.69,-0.099284,0.68688,0.90286
SNX32,46.032,-0.14917,0.70815,0.91147
RPL38,4672.5,-0.086431,0.6027,0.87129
CYP7B1,14.58,-0.46658,0.46738,NA
OVOL1,8.2538,1.8727,0.16164,NA
RARG,2060.4,-0.28076,0.0088275,0.14265
CES4A,42.423,0.26214,0.50019,0.82301
CES3,80.9,0.54821,0.10666,0.47446
SSH3,563.15,-0.055801,0.67355,0.89761
CES2,1473.5,-0.076173,0.57388,0.85848
PDP2,286.54,0.20122,0.27969,0.69168
SP3,2807.1,0.19015,0.09087,0.44114
KRT2,0,NA,NA,NA
DMXL1,1081,0.32705,0.018255,0.20763
METAP1D,190.74,0.12437,0.54875,0.84817
ZNF621,833,0.26184,0.095965,0.45199
EGFL7,369.8,-3.1478e-4,0.99849,0.99963
NADSYN1,1219.2,0.08049,0.4714,0.8115
DHCR7,296.15,-0.46571,0.015607,0.19266
LVRN,13.6,0.44833,0.47683,NA
NBEA,362.93,0.4241,0.033032,0.2772
RNASEH2C,604.32,-0.11399,0.46493,0.80738
MYEOV,8.0418,-0.31538,0.71551,NA
ANKRD13D,411.83,0.033565,0.83295,0.95495
MRGPRF,1707.3,-0.39486,0.0034169,0.087742
MYD88,704.62,-0.075283,0.56258,0.85404
MRGPRD,0,NA,NA,NA
OXSR1,1673.9,0.094591,0.5423,0.84404
SLC22A13,1.791,1.9665,0.30756,NA
PHF8,478.4,-0.083746,0.62886,0.88529
LCLAT1,467.16,0.15148,0.51133,0.82825
ADH6,12.58,-0.84024,0.26719,NA
XKR3,0,NA,NA,NA
FRG2C,2.4122,-1.3192,0.4212,NA
KAT5,523.89,0.039847,0.81267,0.94882
SH3RF3,558.98,-0.065967,0.63738,0.88617
GXYLT2,261.83,-0.47973,0.013452,0.17811
HPSE2,0.10935,0.82713,0.83929,NA
DCAKD,385.47,0.14892,0.43663,0.79433
ARPP21,0,NA,NA,NA
TADA2B,681.85,0.038491,0.7677,0.93465
CCDC96,61.077,0.27868,0.3558,0.74522
GRK2,1380.3,-0.12452,0.29467,0.70011
RELA,2044.1,0.057283,0.61769,0.87886
EVC2,434.81,-0.50876,8.8773e-4,0.038068
ZNF680,112.61,-0.55061,0.032245,0.27542
HECTD4,1398.4,0.33229,0.10164,0.46337
FAM222B,215.73,-0.098816,0.63191,0.88575
BNC2,1226.3,0.10849,0.44783,0.79919
RXFP4,6.3233,-1.195,0.22102,NA
HPSE,125.08,-0.18325,0.48603,0.81691
COQ2,162.47,-0.15246,0.46657,0.8077
CCDC63,0,NA,NA,NA
HSPA6,33.308,1.6717,2.9369e-4,0.019463
TRMT112,1047.5,-0.16571,0.25918,0.67464
LRRN3,4.4658,-0.25198,0.83188,NA
KDM2A,2669.6,0.078246,0.46779,0.80877
ACSM6,0,NA,NA,NA
ADCK5,225.2,0.16931,0.34771,0.73882
MRPL57,379.33,-0.090914,0.60391,0.87169
NOC3L,450.49,0.059311,0.74142,0.92501
ESRRA,611.14,0.2965,0.060699,0.36336
RHOD,261.51,0.016786,0.94283,0.98762
ADAMTS20,0.48488,-2.3854,0.55152,NA
COMMD1,310.58,0.052617,0.78078,0.93951
RAPH1,1133.1,-0.19876,0.20277,0.6175
MTX1,595.88,-0.020681,0.90348,0.97663
ADCY5,14.361,1.3543,0.0555,NA
PARP14,1000.4,0.055944,0.69514,0.90583
CYSLTR1,1.0407,1.0914,0.67906,NA
PARP15,30.244,0.37946,0.50897,0.82626
CKS1B,510.65,-0.24131,0.091576,0.44275
ABCD2,0,NA,NA,NA
ABLIM3,1356,-0.096161,0.55628,0.85127
MAB21L3,301.06,0.45549,0.13644,0.52341
TUBB8B,0.15843,-0.8357,0.83772,NA
MFSD4B,238.1,0.030999,0.91362,0.97966
VANGL1,975.91,0.18195,0.19753,0.61022
GLRX,486.43,0.19248,0.30587,0.70826
IQCB1,236.56,0.13413,0.46219,0.80567
SYT12,4.7259,0.62962,0.55765,NA
GOLGB1,3499.5,0.32427,0.007241,0.12859
C11orf86,0.17887,1.0914,0.7891,NA
LIPM,0.32677,1.896,0.63923,NA
GPR151,0.68951,1.6423,0.63093,NA
DMRT2,4.5124,0.43836,0.67458,NA
ZNF483,123.01,0.16765,0.60776,0.87321
PLAC8L1,3.8497,0.78111,0.55721,NA
SLC2A14,32.625,0.30779,0.45261,0.80124
GPR137,638.92,0.085844,0.54157,0.84391
SNCG,29.199,-0.34838,0.46472,0.80738
MMRN2,263.06,0.37153,0.094296,0.44751
MZT2A,617.02,-0.28327,0.083155,0.42347
TNKS,1522.6,0.49636,6.6847e-4,0.032131
ZNF449,255.46,-0.15502,0.40267,0.77473
ZBTB21,463.47,0.30225,0.05331,0.34336
PPP1R3B,545.46,-0.025213,0.84627,0.95937
OR10K1,8.4576,0.32302,0.70565,NA
GPR148,0,NA,NA,NA
STOX2,2.6256,-0.42223,0.77774,NA
MAP3K11,706.89,0.12469,0.37014,0.75424
TRIB1,273.5,0.68944,7.531e-4,0.034076
CST9,0,NA,NA,NA
KCNK7,3.0721,0.44265,0.75297,NA
SFT2D3,0,NA,NA,NA
C1QB,0.40629,2.2291,0.5797,NA
C1QA,0,NA,NA,NA
NDNF,235.75,-0.40733,0.035649,0.28934
IQCF1,0,NA,NA,NA
OLR1,4.7499,-0.5376,0.60768,NA
GLIPR1L1,3.2986,-0.14428,0.93239,NA
DAG1,2878.3,0.21797,0.090498,0.44046
INSM1,0,NA,NA,NA
DAB1,56.441,-1.7813,0.0012785,0.047932
ARV1,187.58,-0.071024,0.71946,0.91742
NAA20,818.84,-0.012583,0.92674,0.98258
IHO1,38.658,0.0051873,0.99009,0.9982
RNASE8,0,NA,NA,NA
SAA1,2.0015,1.4885,0.43013,NA
MICOS10,1338.7,0.068447,0.67082,0.89717
EHBP1L1,3736.4,0.095339,0.49238,0.81999
THAP2,95.486,0.48458,0.053202,0.34336
TMEM196,0.10319,-0.58309,0.88635,NA
RNF26,1006.9,-0.096774,0.42688,0.7897
PPP1R14B,2621.2,-0.30856,0.050688,0.33699
RNASE11,0,NA,NA,NA
ZNRD2,206.45,-0.31154,0.11539,0.48854
AGR3,0,NA,NA,NA
SMARCC1,2085.4,0.057752,0.67135,0.89736
ZNF417,159.44,0.38296,0.23261,0.64619
PTPRM,1913,0.060715,0.60846,0.87348
FKBP2,586.39,-0.087026,0.60255,0.87126
VEGFB,1182.5,-0.10211,0.45395,0.80203
PEAK1,5463.6,0.0032948,0.97901,0.99462
TNFRSF10D,2234.3,0.46867,0.042873,0.31367
MST1,318.04,-0.14607,0.54426,0.84518
TNFRSF10C,37.798,-0.44363,0.27482,0.68743
GMPPB,487.26,-0.26848,0.062825,0.36865
MOB1B,891.3,0.348,0.084812,0.42644
ZNF622,572.06,-0.028063,0.85385,0.96264
CSPG4,3467.2,-0.062038,0.63083,0.88575
SNX33,3233.5,-0.13579,0.21053,0.62596
FAM166C,0,NA,NA,NA
NABP1,829.64,0.057807,0.71838,0.91707
ADGRF3,12.542,-0.66763,0.32395,NA
NLRP13,0,NA,NA,NA
CHD2,2509.2,0.22793,0.099201,0.45949
XCR1,1.1753,4.4864,0.12139,NA
CCDC106,194.52,-0.44306,0.029429,0.26357
CCR9,0.28346,1.567,0.69883,NA
CEP83,176.25,-0.10783,0.60931,0.87418
SULT1B1,76.035,-0.29109,0.42961,0.79124
NUDT4,1507.5,-0.16436,0.15825,0.55832
PC,391.96,0.31911,0.033388,0.27906
UGT2A1,0.17785,1.0881,0.78973,NA
SCAI,286.68,0.34384,0.15112,0.54529
GPRC6A,0,NA,NA,NA
NMNAT1,288.26,0.31844,0.11791,0.49512
LRFN4,854.43,-0.055759,0.70622,0.9104
TRAPPC3L,46.32,0.6843,0.077109,0.4057
APOBEC4,0.32219,0.13199,0.97419,NA
SLC19A1,277.27,-0.098307,0.6647,0.89486
HSPB7,1157.5,-0.91354,9.4465e-5,0.0086082
RCE1,196.76,0.020566,0.91759,0.98099
UQCRH,1738.1,0.082361,0.50394,0.82483
TAS1R1,4.2472,-0.70026,0.54563,NA
HES3,0,NA,NA,NA
EIF1AX,4908.2,0.16062,0.29585,0.70123
SPDYE2B,9.589,-0.26539,0.73742,NA
OR1L1,0.17861,1.1027,0.78699,NA
BCLAF3,269.03,0.23355,0.1611,0.56177
PSMD1,2202.8,0.093415,0.3969,0.77146
ADGRG2,7.3211,1.3377,0.1851,NA
SPATA3,0.32875,0.12954,0.97467,NA
MUC13,0.43426,-0.64163,0.87338,NA
SUSD5,249.89,0.36531,0.045246,0.32117
HEG1,7135.7,0.030189,0.80121,0.94582
WFIKKN2,0,NA,NA,NA
C11orf80,135.11,0.2055,0.46124,0.80538
TOMM20,3652.3,-0.066809,0.51441,0.83036
C1orf100,1.5165,0.91161,0.66041,NA
AGFG1,1284.6,-0.005056,0.96748,0.99243
STAT5B,1212,0.12794,0.30828,0.71025
CD7,17.422,0.65671,0.31782,0.71744
TOPAZ1,0,NA,NA,NA
CNP,1863.6,-0.17415,0.10933,0.47756
JUP,690.31,0.12684,0.56427,0.85461
HAP1,15.935,0.71232,0.23015,0.64409
TDRD12,17.107,1.1232,0.23727,0.65049
EIF1,15214,-0.11198,0.38054,0.76094
ENDOV,368.04,0.16947,0.34476,0.73656
RNF213,4769.9,0.21735,0.1841,0.59282
TIGD3,3.497,0.25252,0.85369,NA
KCNH6,4.6037,0.19809,0.87591,NA
MARCHF10,2.0012,-0.15385,0.92569,NA
PLK3,492.87,-0.10039,0.5415,0.84391
NET1,1104.6,-0.16542,0.71554,0.91568
DPY19L1,1259.4,0.15591,0.24065,0.65447
PHOSPHO1,0.35487,-1.8628,0.64425,NA
ZNF791,526.13,0.25032,0.21772,0.6347
PHC3,1260.8,0.26206,0.15276,0.54815
GPR160,14.616,-0.40783,0.54465,NA
CBX2,50.631,-0.53039,0.16383,0.56478
SPTBN2,37.199,0.92814,0.025816,0.24676
GOLIM4,2355.2,0.083713,0.56161,0.85378
KRT28,0,NA,NA,NA
RBM4B,342.63,0.18657,0.25434,0.66829
ATP5MK,736.78,-0.08545,0.57479,0.85862
HOXB2,613.51,-0.0093885,0.94667,0.98871
C1QTNF1,510.17,-0.38209,0.0067802,0.12271
MARCHF3,166.69,0.3525,0.29292,0.69936
SWSAP1,21.29,-0.51166,0.34373,0.73591
SLCO4C1,12.492,0.82573,0.32847,NA
RBM4,1511.5,-0.036729,0.80592,0.94676
PIFO,2.0305,-0.13439,0.93717,NA
XXYLT1,698.41,-0.012359,0.92456,0.98234
UBXN2A,614.35,0.058518,0.65757,0.8929
RAX2,4.438,0.067746,0.95809,NA
LRRC63,0.94656,-3.4103,0.32813,NA
TCAP,4.3093,-0.61715,0.60005,NA
CCS,466.92,-0.0080383,0.96291,0.99139
NRROS,6.9728,1.5864,0.089441,NA
CEP19,107.66,0.079537,0.74534,0.92687
KLHL15,316.6,0.27291,0.16988,0.57333
FBXO45,329.49,0.031505,0.87837,0.96911
CBY2,0,NA,NA,NA
TENT5D,0,NA,NA,NA
GNG5,1030.1,-0.17998,0.11284,0.48359
SLC25A30,459.24,0.12696,0.46004,0.80425
C9orf131,7.5662,1.8375,0.11952,NA
CD34,5.2113,-1.6586,0.13839,NA
CTSF,2735.5,-0.22623,0.1181,0.49513
MSRB3,2252.3,-0.19298,0.068664,0.38787
LEMD3,638.63,0.23464,0.12393,0.50303
C16orf91,116.1,-0.17981,0.46201,0.80567
TLR10,3.2664,0.1376,0.92023,NA
TLR1,5.587,-0.57409,0.60011,NA
TLR6,96.164,0.10033,0.7911,0.94143
FAM174A,179.44,0.29185,0.1936,0.60554
RGMB,10670,-0.26215,0.11578,0.48929
FAM53A,63.778,0.20921,0.48533,0.81691
NWD2,0.33508,-1.7909,0.65695,NA
CYB561D1,463.4,0.06731,0.6881,0.90319
GSTA3,0,NA,NA,NA
ZDHHC24,436.81,-0.043045,0.76449,0.93344
TRMT10C,348.11,-0.016419,0.9245,0.98234
SELP,0,NA,NA,NA
CTU2,250.87,-0.036523,0.85863,0.96352
MGA,828.02,0.17025,0.30183,0.70569
C12orf66,103.21,-0.30658,0.25581,0.67001
ARL13A,2.8047,0.38133,0.78858,NA
SNX31,0.33128,1.8517,0.64601,NA
PIGG,883.99,0.11293,0.32998,0.72638
PRPF8,6857.6,0.27124,0.0038712,0.094948
ADCY6,1571.6,0.41256,0.0049848,0.10566
REP15,44.764,0.097456,0.79778,0.94396
PITPNA,1922,0.10179,0.375,0.75791
DDX23,1696,0.025295,0.80914,0.94735
ZNF80,10.083,1.8374,0.057073,NA
ZNHIT2,115.18,-0.084338,0.74785,0.92797
EVX2,0.33644,0.13109,0.97437,NA
ZBTB4,3276.8,-0.25047,0.03226,0.27542
TNK1,44.823,-0.099671,0.78476,0.93992
ZHX3,2910.7,0.10007,0.52413,0.83521
PHLDA3,2045.7,-0.40299,0.02968,0.26444
SLC16A11,4.2204,0.92153,0.41801,NA
SLC16A13,27.66,0.50038,0.28823,0.69669
GLIS1,266.46,0.25117,0.22042,0.63663
OR2Y1,0,NA,NA,NA
CHRNA9,7.8806,0.56177,0.48555,NA
PODN,424.28,-0.77865,3.1105e-4,0.01991
SLC6A19,0,NA,NA,NA
C11orf45,23.483,0.29945,0.52974,0.8378
EXO1,234.17,-0.62957,0.028763,0.26108
RALGAPA1,592.94,0.47687,0.0063378,0.11915
LIG4,309.92,0.22253,0.16338,0.56436
TRHR,0,NA,NA,NA
GTF2IRD2B,479.57,-0.056331,0.70054,0.90894
ABRA,1.4586,-0.16796,0.93589,NA
ATP2A2,7513.5,0.091751,0.50624,0.8256
ZWILCH,556.89,-0.042335,0.80945,0.94735
RPL4,37480,-0.11149,0.34221,0.73501
SNAPC5,180.33,-0.2618,0.28567,0.69371
STARD6,1.074,-0.85377,0.74444,NA
GOLGA6L2,0.99975,2.2554,0.34559,NA
VWC2L,0,NA,NA,NA
C12orf76,60.674,-0.20496,0.50889,0.82626
ZCCHC12,0.16746,-0.83124,0.83858,NA
CNTNAP2,2.1983,1.3319,0.41762,NA
GALNTL6,0.13191,0.94965,0.81597,NA
LINGO2,0,NA,NA,NA
BBS1,615.51,0.21115,0.19374,0.60572
DENND4A,746.98,0.12878,0.42662,0.78957
IGDCC3,0,NA,NA,NA
GCSAM,1.8696,-1.1311,0.57433,NA
ANKRD36C,170.97,0.68833,0.008265,0.13773
SLC26A9,0.17567,1.115,0.78467,NA
MFSD4A,5.4225,0.0043153,0.99686,NA
PELI3,323.79,-0.099981,0.52967,0.8378
TTC9B,1.7207,2.1092,0.25208,NA
MYO1H,6.0144,0.31762,0.76631,NA
TMEM81,23.872,0.019079,0.96986000000000006,0.99259
MRPL11,435.94,-0.096526,0.55135,0.84896
KLK15,0,NA,NA,NA
IL20RB,351.21,-0.63988,0.031817,0.27381
GOLT1A,0,NA,NA,NA
AKIRIN1,887.53,0.098902,0.44269,0.79687
NPAS4,1.3935,2.7007,0.23378,NA
MSL2,531.18,-0.15848,0.39947,0.77325
ZNF497,233.7,0.31244,0.13189,0.5163
TRAM1L1,46.879,-0.19571,0.62061,0.88049
CMKLR1,629.33,0.14476,0.3813,0.76122
ANGEL2,457.07,0.10667,0.47963,0.81587
UGT8,7.1784,-0.039278,0.96619,NA
KY,29.644,-0.55899,0.22371,0.63857
IQCK,110.74,0.061742,0.79417,0.94274
SLCO2A1,6.6138,-0.38473,0.66453,NA
ZNF266,456.9,-0.047964,0.75154,0.92972
OR7D4,12.384,0.85803,0.21791,NA
SLC29A2,41.168,0.42867,0.2467,0.66133
BRSK2,19.323,-1.0322,0.050781,0.33699
B4GAT1,692.02,0.16846,0.30121,0.70511
TMEM167A,1637.5,-0.12129,0.29685,0.70138
LEP,16.067,-0.44184,0.4446,0.79841
SH3PXD2B,3596.2,0.52189,3.6454e-4,0.021942
RESF1,651.99,0.21958,0.2618,0.67585
LARP7,913.61,-0.0969,0.44756,0.79903
FGFBP3,26.075,-0.068018,0.88438,0.9707
NR1D2,4181.9,-0.040634,0.78482,0.93992
PABPC5,81.386,0.23336,0.43476,0.79346
BRMS1,471.92,0.088931,0.5472,0.84664
RPL15,27648,-0.21509,0.075339,0.40105
FAM241A,560.75,0.14347,0.4038,0.77592
HRAS,894.05,-0.10803,0.50884,0.82626
WDR49,0.5022,2.5823,0.51965,NA
SRP72,2707.2,-0.077294,0.44299,0.7969
PCP2,0.56313,-1.1735,0.74842,NA
RIN1,2058.4,0.083041,0.52795,0.83708
ODAPH,2.7876,0.98762,0.48278,NA
THAP6,216.13,0.095229,0.67562,0.89808
CEP135,310.43,-0.082398,0.61781,0.87886
FZD4,314.09,-0.50244,0.0033622,0.087019
CD248,10397,-0.22985,0.12713,0.50985
BTC,0.13556000000000001,0.94352,0.81714,NA
PDZK1,18.229,0.67373,0.22228,0.63763
ADGRE1,0,NA,NA,NA
DENND6A,395.21,0.29126,0.26681,0.68043
PDE12,580.97,0.19174,0.17216,0.57587
GLMN,149.03,0.091313,0.67267,0.89761
DNAH12,3.6839,0.4896,0.71,NA
YIF1A,985.46,-0.21924,0.098722,0.45869
CNIH2,27.74,-0.042257,0.92697,0.98269
AMY1B,0,NA,NA,NA
NLRP6,0.15989,-0.84099,0.83671,NA
NDUFA11,1340,-0.21312999999999999,0.17112,0.57442
RSRC1,624.91,0.08251,0.61354,0.87648
CATSPERD,0.47342,-2.3011,0.56466,NA
RAB1B,3840.2,-0.24012,0.022774,0.2322
OR9G1,1.5009,1.1344,0.58234,NA
PTDSS2,691.3,0.047878,0.71567,0.91575
MICOS13,415.99,-0.058231,0.69669,0.90711
C3orf33,39.181,-0.17516,0.65369,0.89119
OR5M3,0,NA,NA,NA
SEZ6L2,1210.5,0.16846,0.16399,0.56478
ASPHD1,188.81,0.26082,0.16806,0.57118
KCTD13,291.3,0.42984,0.010141,0.15292
P2RY14,0.12283,-0.68882,0.86595,NA
AMZ1,71.855,-0.06082,0.87108,0.96722
GPR171,0,NA,NA,NA
GPR149,0.3264,0.13001,0.97458,NA
CD164L2,0.13792,0.95346,0.81525,NA
FUT1,13.579,0.28841,0.68024,NA
DHX36,1075.4,-0.012146,0.91815,0.98121
OR5J2,0,NA,NA,NA
ZIC4,20.35,-0.54884,0.34368,0.73591
OR10AG1,0.1672,1.0864,0.79004,NA
OR4S2,0,NA,NA,NA
FBXW8,578.86,0.15397,0.27183,0.6841
CA5A,1.2007,1.4349,0.49036,NA
ZG16,10.506,1.2046,0.14334,NA
KLC2,749.03,0.26516,0.050142,0.33539
SLC22A1,2.4488,2.6005,0.19299,NA
TEX36,5.1164,-1.6591,0.16806,NA
CTBP2,2314.9,-0.074598,0.5153,0.831
CHST2,586.05,0.44151,0.08499,0.4267
ZDHHC14,317.43,0.20845,0.30617,0.70844
ATR,688.6,0.23818,0.12926,0.51265
UBE2C,582.84,-0.19688,0.12782,0.50985
DSG4,0,NA,NA,NA
GK5,400.8,-0.22556,0.25552,0.66991
VCPIP1,780.41,0.23005,0.12966,0.51265
RTP1,0,NA,NA,NA
DES,7.3357,-2.3359,0.022742,NA
PDIK1L,131.12,0.11143,0.67175,0.89743
SPSB4,1.0062,-0.89988,0.73577,NA
RAG2,0,NA,NA,NA
TRAF6,412.14,0.21641,0.12506,0.5057
ZNF654,669.38,0.06305,0.68282,0.90086
TVP23C,100.96,0.27381,0.42933,0.79113
MRPS22,559.57,-0.16876,0.23819,0.65103
PACS1,2985.6,0.067974,0.51363,0.82993
WFDC5,0.69055,1.6104,0.55456,NA
MARCKSL1,296.51,0.12874,0.51887,0.83349
SH3BP5L,1352.2,-0.063215,0.64154,0.88731
OR2T1,0,NA,NA,NA
YPEL2,519.44,-0.22119,0.23853,0.65181
CADM2,0.077876,-0.35863,0.92979,NA
ABO,0.53578,-0.91788,0.78132,NA
PSMD2,5914.1,0.0089284,0.9423,0.98753
PPM1E,4.889,0.84469,0.43198,NA
FAM131A,196.63,-0.065452,0.78522,0.94004
CSRP2,262.35,-1.3809,1.8512e-5,0.0025843
INHBC,1.3252,0.19934,0.93473,NA
PARL,581.26,-0.016279,0.89847,0.9758
DDIT3,580.09,0.19908,0.45750999999999997,0.80345
PCCA,349.36,0.43794,0.017138,0.20097
HIGD2B,0.34783,1.9847,0.62308,NA
DCTN2,2714.2,-0.29086,0.027554,0.2557
NPPA,3.3274,-0.50228,0.67973,NA
ZNF408,268.76,-0.10397,0.64126,0.88731
CTDSP2,7755.5,-0.20357,0.072215,0.395
CKAP5,3106.8,0.23407,0.11043,0.47935
ARHGAP1,1866.3,0.024006,0.83437,0.95603
MED16,1175.2,-0.014018,0.92097,0.98198
ATG13,1431.8,-0.1931,0.14074,0.52671
GAL3ST3,0.13166,0.94856,0.81618,NA
C1orf127,0,NA,NA,NA
CHST1,19.182,-0.068235,0.90141,0.9762
GOLGA8A,3659.5,0.41582,0.27776,0.68995
VWA3A,1.6153,-2.2544,0.31156,NA
TP53I11,1556.8,-0.51721,5.0595e-6,9.0946e-4
CENPS,142.42,0.15512,0.51917,0.83349
DOLK,356.76,0.035957,0.84613,0.95934
PHYHD1,100.8,-0.57555,0.023082,0.23334
CATSPER1,15.762,-0.12327,0.84705,0.95967
CCNE2,201.55,-0.36404,0.12113,0.49857
PHYKPL,501.29,-0.0066369,0.97329,0.99285
ANKS4B,7.7386,0.19887,0.8493,NA
CST6,22.657,-1.5594,0.0043786,0.099402
GRAMD2A,3.6263,0.45042,0.75771,NA
ZNF519,61.412,0.042064,0.8986,0.9758
LSM1,445.38,-0.016377,0.92211,0.98229
PROP1,0.15292,-0.82956,0.8389,NA
ISX,0,NA,NA,NA
BANF1,1557,-0.1909,0.18196,0.59033
APOF,2.3802,1.4341,0.3293,NA
CHRNA7,7.1831,0.005255,0.99539,NA
TMEM9B,777.16,-0.059799,0.64037,0.88731
NRIP3,126.48,-0.11578,0.65815,0.8929
PTPN2,415.09,-0.012644,0.93411,0.98437
SCUBE2,141.05,0.20914,0.33778,0.73288
EIF1AD,366.04,0.062886,0.69552,0.90622
SMAD2,1772,-0.14923,0.16928,0.57298
EIF3F,6577.3,-0.26065,0.04989,0.33503
ZNF25,410.34,-0.089848,0.60149,0.87068
OR10P1,0,NA,NA,NA
ARL10,615.11,0.34815,0.55675,0.85127
CLTB,1787.3,-0.2361,0.10758,0.47542
PCSK1,43.893,1.0396,0.015075,0.18946
LPL,0,NA,NA,NA
RFESD,18.448,0.49433,0.42428,0.78798
CCDC14,1076.6,0.095802,0.62726,0.88445
TBC1D10C,13.511,0.97665,0.28679,NA
SART1,1605.1,0.040044,0.715,0.9156
PPP2R2D,612.06,-0.073613,0.55724,0.85133
MCTP1,5.5334,0.78966,0.49152,NA
POLD4,617.2,-0.37477,0.013051,0.17486
OR52W1,0.15288,-0.82942,0.83893,NA
LRRC25,7.6346,0.7832,0.45884,NA
DPP10,0,NA,NA,NA
CLCF1,404.14,-0.21069,0.22025,0.63663
TSGA10IP,1.1163,-1.1373,0.69657,NA
GPR152,0.3338,-1.7848,0.65806,NA
UBQLNL,5.357,0.6245,0.54612,NA
UBQLN3,0,NA,NA,NA
PNLIP,0,NA,NA,NA
LIPT2,21.822,-0.45697,0.4049,0.777
KCNE3,16.422,-0.11599,0.85554,0.96313
CABP4,13.08,0.20801,0.74579,NA
ALG10B,302.08,0.05209,0.82746,0.95402
DRAP1,3890.3,-0.037149,0.78689,0.94061
LONRF3,0.13124,0.94672,0.81653,NA
UCP3,14.648,0.13526,0.84857,NA
UCP2,31.059,-0.38602,0.44725,0.79903
C11orf68,1357.7,-0.10244,0.44607,0.79885
PAAF1,281.95,-0.24148,0.17674,0.58269
MRPL48,226.73,-0.042569,0.82363,0.95239
RAB6A,3442.8,-0.18581,0.10978,0.47849
P2RY2,11.575,-0.67244,0.32995,NA
FOSL1,3732.6,0.47381,0.0092283,0.14575
ERCC4,360.47,0.24317,0.16546,0.56628
SUGCT,64.508,-0.78545,0.026454,0.2494
CCDC85B,2525,0.16142,0.20816,0.62376
TMEM70,267.59,0.22144,0.22047,0.63663
OR4B1,0,NA,NA,NA
RPS6KB2,577.76,-0.20584,0.11096,0.48056
RMI2,124.41,-0.283,0.23803,0.65098
PRM1,0,NA,NA,NA
TOM1L2,1701.1,0.064264,0.5474,0.84685
TEX26,0,NA,NA,NA
ZNF77,43.529,0.070038,0.8575,0.9633
GPR156,7.1276,-0.98887,0.29996,NA
CCDC197,0.16841,1.0906,0.78926,NA
MTLN,151.13,-0.38159,0.087988,0.43454
KDF1,0.88553,2.0308,0.46124,NA
B3GNTL1,78.674,-0.25214,0.37657,0.75834
RBMXL3,0,NA,NA,NA
MLXIP,1872.2,0.2629,0.069422,0.38943
NR2F1,685.5,0.0032299,0.98742,0.99728000000000006
AURKAIP1,987.71,-0.19042,0.22115,0.63663
TTLL11,452.38,0.022828,0.89438,0.97423
EIF4E1B,1.4742,-0.88676,0.64009,NA
TOMM5,670.46,-0.1208,0.42472,0.78828
SLC35E3,501.18,0.47349,0.0013504,0.049361
PRIMA1,11.361,-0.72205,0.28777,NA
ZNF169,49.327,0.32443,0.3554,0.7452
RUVBL1,794.86,-0.032264,0.83145,0.95449
SFN,142.24,1.8849,0.22276,0.63763
MSRA,276.69,0.069269,0.69928,0.90842
CBLL2,0,NA,NA,NA
CCDC168,4.7246,1.2285,0.33887,NA
CTDNEP1,2828.3,-0.12213,0.24854,0.66367
ETV4,252.23,-0.13049,0.53776,0.84085
SWI5,335.26,-0.10179,0.56803,0.85635
GAPT,1.6106,-1.0738,0.59503,NA
BAIAP2,620.15,-0.11764,0.40716,0.77861
CALCB,1.0198,0.62044,0.79507,NA
CREG2,17.798,0.51716,0.35506,0.74476
TMEM270,0,NA,NA,NA
HOXD8,400.06,-0.16787,0.27642,0.68853
ZDHHC21,454.92,0.3125,0.10291,0.46638
TSPEAR,3.4316,0.0070838,0.9957,NA
PLEKHF2,299.45,9.6043e-4,0.99515,0.999
A2M,19.699,-0.20001,0.72581,0.91939
ARL4D,529.9,-0.54247,0.004165,0.098286
DOK7,2.9206,3.049,0.087223,NA
LRRN1,0.16899,1.0926,0.78888,NA
UBE2O,743.42,0.43187,0.0039494,0.095566
ORAI3,656.57,-0.096115,0.51672,0.83246
KLHL38,3.2839,-0.45549,0.70782,NA
UNC119B,1790.4,0.13103,0.20932,0.6248
DENND2C,135.77,0.28867,0.25124,0.66667
PLEKHD1,11.312,0.051458,0.93932,NA
ASCL3,0,NA,NA,NA
TUBB6,5246.6,-0.10549,0.37425,0.757
LYSMD3,569.36,-0.013754,0.92262,0.98234
AMIGO3,40.408,0.37901,0.42909,0.79081
B3GALT6,754.04,-0.09838,0.55328,0.84949
ZNF613,73.254,0.60825,0.071303,0.39395
C11orf16,0.87462,0.65616,0.81402,NA
TMPRSS7,0,NA,NA,NA
NUPR1,1847.6,-0.24647,0.17207,0.57587
JAKMIP2,11.619,0.34269,0.67151,NA
MBLAC2,220.88,-0.12317,0.50473,0.82533
TPRN,317.25,-0.049795,0.76516,0.93352
KCNE5,2.4965,0.73283,0.62555,NA
ZNF683,0.37873,0.2169,0.95761,NA
SLC35A4,945.11,-0.091364,0.43838,0.79531
CRYBG2,5.3723,2.9864,0.017917,NA
IP6K1,1306.9,-0.01846,0.86845,0.9664
SSNA1,616.46,-0.12607,0.36106,0.74951
CSTF3,489.66,0.15812,0.32063,0.71907
YES1,1431.6,0.092914,0.44068,0.79603
CHMP6,454.02,-0.27484,0.098907,0.45893
UFSP1,10.88,-0.5912,0.40087,NA
MC5R,1.819,1.5098,0.39954,NA
TMEM39A,772.93,-0.27704,0.029888,0.26463
TCP11L1,557.9,0.085481,0.5673,0.85599
GPX2,3.2036,1.5595,0.23554,NA
CCDC57,479.86,0.5156,0.0082157,0.13733
HSF5,0,NA,NA,NA
FOXG1,1.1597,-0.26029,0.91853,NA
SPHK1,809.12,0.084829,0.68052,0.89974
BNIP3,5023.2,-0.20871,0.15992,0.55995
ENTHD1,0.17884,1.0913,0.78913,NA
MYPOP,222.42,0.082482,0.63546,0.88597
CIDEA,0.70628,3.0014,0.36091,NA
OR11H4,0.28953,1.6872,0.67736,NA
OR4D11,0,NA,NA,NA
LRRTM4,6.3084,1.5547,0.14873,NA
ATAD5,141.78,-0.12498,0.67949,0.89941
SMIM19,255.73,-0.19281,0.30239,0.70629
OR11H6,0,NA,NA,NA
ZNF404,211.73,0.096463,0.61834,0.87922
RTTN,364.33,-0.4989,0.0013071,0.048537
OR4K17,32.39,0.79767,0.085002,0.4267
OR10H4,0,NA,NA,NA
OR51B6,0,NA,NA,NA
ACBD7,42.116,0.24531,0.55248,0.84921
OR4L1,0,NA,NA,NA
ANAPC2,823.1,0.15058,0.26406,0.67842
OR4K13,3.0218,0.80123,0.58417,NA
HMGB4,0,NA,NA,NA
ZBTB8OS,216.53,-0.15909,0.37056,0.75424
OR4F21,0,NA,NA,NA
SLC35G1,56.569,-0.19073,0.56738,0.85599
OR4K5,0,NA,NA,NA
ZNF135,116.06,-0.12427,0.6739,0.89761
OR4N2,0,NA,NA,NA
OR4M1,0.15195,-0.8116,0.84234,NA
FOXR1,0,NA,NA,NA
COX8A,1161,-0.19926,0.15553,0.55397
TAC4,0,NA,NA,NA
ZSCAN2,145.75,0.031358,0.894,0.97414
PRR18,0.28831,0.1279,0.97499,NA
B3GNT4,20.476,-0.32483,0.55869,0.85202
CDC26,346.84,-0.10909,0.50337,0.82441
HSD11B2,5.9895,-0.17041,0.86808,NA
CRLF3,309.31,-0.060677,0.73849,0.92448
RNPEP,1377.6,-0.081479,0.50738,0.826
EID2,323.5,0.018888,0.90461,0.97672
DMRTA1,0.4962,-0.77384,0.81939,NA
EID2B,62.741,0.1888,0.5407,0.84314
GJC3,0.50903,2.5388,0.52529,NA
RIMS2,12.327,0.8006,0.22266,NA
KCMF1,1250,0.097466,0.44042,0.79603
DNAJC30,284.69,-0.37748,0.032979,0.2772
SPRYD4,179.69,0.31843,0.10745,0.47542
VPS37D,113.73,-0.059897,0.80558,0.94676
CLEC14A,27.524,-0.77873,0.093143,0.44558
SYNE3,1826.7,0.046533,0.79349,0.94253
CLK2,654.44,0.078737,0.61133,0.87527
LPCAT4,583.49,0.063827,0.67254,0.89761
SLCO3A1,280.3,0.15166,0.46394,0.80669
ZNF575,92.379,-0.0024955,0.99238,0.99893
WDR25,148.29,-0.30315,0.15774,0.55718
SGF29,151.35,-0.2284,0.29774,0.70194
PLAAT3,127.46,0.19153,0.42901,0.79077
DIRAS1,1045,-0.36394,0.0097026,0.14943
OR5AN1,7.0764,1.4474,0.12474,NA
PHLDB3,293.96,-0.15874,0.43245,0.79199
PRR15,16.864,-0.89207,0.182,0.59033
GNG7,119.21,-0.60358,0.023828,0.23669
OR4C5,0,NA,NA,NA
USF3,460.26,0.040868,0.82592,0.95331
OR4C3,0,NA,NA,NA
OR4S1,0,NA,NA,NA
CNTD1,24.248,1.0567,0.079577,0.4142
DCAF4L2,0,NA,NA,NA
OR4X1,0,NA,NA,NA
CNBD1,0,NA,NA,NA
KBTBD11,60.43,-0.68814,0.027217,0.25419
B3GNT5,62.076,0.72338,0.029701,0.26444
MAP3K19,0.64368,0.88545,0.77874,NA
LMNB2,3908,-0.25275,0.029052,0.26217
RMDN1,931.97,0.041122,0.7218,0.91806
MEX3C,1202.6,-0.14761,0.28218,0.69316
HORMAD2,0,NA,NA,NA
RNF152,378.56,-0.54659,0.3444,0.7365
MYO1D,7416.5,0.14486,0.17116,0.57443
FOXL1,151.3,-0.058152,0.84451,0.95868
TGIF2LY,0,NA,NA,NA
LRRC37A,214.9,0.22493,0.37348,0.75624
FOXC2,378.33,0.51216,0.025535,0.24561
OR4F17,0,NA,NA,NA
BDNF,62.265,-0.19338,0.57139,0.8573
CCDC121,26.738,-0.45518,0.31864,0.71827
ACSF3,358.53,0.12855,0.46381,0.80663
BOK,1208.4,-0.21361,0.15396,0.55107
ZNF843,20.873,0.74618,0.1702,0.5738
RBIS,491.17,-0.12802,0.43578,0.79431
PFN4,9.2899,0.58634,0.52064,NA
OR51V1,0,NA,NA,NA
MAGEB6,0,NA,NA,NA
CDK5R1,42.908,0.20347,0.58541,0.86303
TCERG1L,0.1532,-0.83064,0.83869,NA
NCKAP5,37.237,-1.7582,0.0013097,0.048537
MAGEB18,0,NA,NA,NA
DEFB104A,0,NA,NA,NA
RUFY1,1285.6,-0.069495,0.52916,0.8378
OR52E2,0,NA,NA,NA
BASP1,3443.9,-0.11292,0.41598,0.78428
DEFB103A,0.15147,-0.82405,0.83996,NA
OR51L1,6.783,1.7032,0.074283,NA
LRRC37A3,432.95,0.19313,0.16825,0.57132
VSIG10,493.03,0.26866,0.056233,0.34969
IRX5,221.52,-0.55496,0.0088566,0.14295
METRNL,4151.7,-0.06302,0.57687,0.85951
FAM91A1,1235.9,0.26097,0.062728,0.36845
WSB2,1392.3,-0.14425,0.26129,0.67585
GRIN1,4.6004,1.1291,0.38314,NA
SOX11,2.8302,1.0043,0.55711,NA
TYMS,1503.4,-0.41169,8.6569e-5,0.0079997
OR51G2,0,NA,NA,NA
PXMP2,171.29,-0.44028,0.030389,0.26799
OR51A7,0,NA,NA,NA
TCEANC,55.018,-0.62327,0.092709,0.44489
OR51T1,0,NA,NA,NA
PNMA1,1984.3,0.042859,0.74504,0.92678
TCIM,5.5771,-0.9357,0.34875,NA
MAMSTR,61.626,-0.38251,0.26426,0.67842
ANKLE2,2186,0.098724,0.4403,0.79603
C8G,8.0224,0.37566,0.64847,NA
FUT2,21.117,0.095109,0.88767,0.97216
OR51S1,0,NA,NA,NA
OR51F2,0,NA,NA,NA
EFCAB5,11.206,-1.4611,0.27004,NA
GCNT4,33.494,-0.56837,0.23274,0.64634
MUC20,65.898,0.79729,0.016212,0.19716
THAP4,1060.1,-0.069397,0.60358,0.87152
NFATC2IP,814.64,0.12141,0.31749,0.71725
LY6H,0,NA,NA,NA
FIBIN,1199.9,-0.89393,8.9396e-7,2.394e-4
FAM89B,1049.5,-0.02313,0.86582,0.96539
SHMT1,242.53,-0.2081,0.34159,0.73498
DPP7,1860.4,-0.1856,0.079821,0.41498
TRIM60,0.1813,1.0992,0.78764,NA
SEC24C,2381.4,0.21698,0.043634,0.31626
FMR1NB,0.1703,1.097,0.78804,NA
SMCR8,892.04,0.35231,0.0059826,0.1163
MTHFR,747.33,0.3133,0.095772,0.45147
DEFB104B,0,NA,NA,NA
C19orf18,6.6538,-0.15621,0.87657,NA
DEAF1,799.15,-0.070885,0.55089,0.84896
MTX3,666.21,0.18192,0.28357,0.69371
TMEM80,304.05,0.12028,0.47795,0.81462
SIX5,726.42,-0.41816,0.0075408,0.13176
IFNW1,0.67507,1.5936,0.59936,NA
FBXO46,176.62,-0.51504,0.033148,0.2774
ZDHHC13,205.52,0.028885,0.87718,0.96911
SLC38A9,160.34,0.16007,0.4657,0.80762
ACER2,17.226,0.040247,0.94225,0.98753
WDR73,536.63,0.23139,0.13807,0.52484
POLE,1063.8,0.08475,0.62888,0.88529
PHETA2,692.48,-0.5515,9.1324e-5,0.0083801
SCN4B,1.1316,1.4099,0.54745,NA
DSCAML1,0,NA,NA,NA
RHOG,875.62,-0.0021032,0.98539,0.99627
EPS8L2,1220.6,-0.23242,0.074789,0.40037
ZDHHC22,0.15744,1.0517,0.7966,NA
ANO6,4040.7,0.15337,0.14434,0.53293
ZBTB34,306.5,-0.27723,0.11118,0.48071
FAM9B,4.8817,-0.16122,0.87677,NA
CETN1,0,NA,NA,NA
NUDT4B,282.59,0.051098,0.77397,0.93692
FAM210A,370.22,-0.061679,0.7464,0.92758
OR2T35,0,NA,NA,NA
TALDO1,1787.7,-0.09806,0.40838,0.77912
ULK1,1980.6,0.2009,0.11309,0.48415
OR14C36,0,NA,NA,NA
RIMKLA,10.698,2.9379,0.0011837,NA
CLVS1,6.836,1.2493,0.28294,NA
OR2M7,0,NA,NA,NA
RPS6KA3,1822.9,0.18826,0.16068,0.56162
B3GNT8,95.364,-0.15077,0.59023,0.865
PUS1,386.04,-0.011374,0.95069,0.98999
CHD9,1424.4,0.23219,0.21661,0.63319
OR2T12,10.985,0.31812,0.65049,NA
SPACA4,0.17478,1.0901,0.78934,NA
OR2T33,6.1217,0.69082,0.54792,NA
GATD1,1105.9,0.01314,0.9129,0.97936
TRIM72,49.328,0.89904,0.01923,0.2133
MAN1B1,1585.7,-0.022316,0.86359,0.9649
DEFB103B,0,NA,NA,NA
DEFB4B,0,NA,NA,NA
KCNA3,1.6812,-1.1109,0.55504,NA
OR2AJ1,0,NA,NA,NA
FZD8,118.98,0.44181,0.22372,0.63857
GJD4,4.9698,-0.059413,0.95618,NA
FBXO39,5.7707,-0.086566,0.93393,NA
CLDN22,0,NA,NA,NA
KCNA2,1.4304,-2.7197,0.19772,NA
TOP3A,655.95,-0.028745,0.85448,0.96312
CASKIN2,455.15,-0.040053,0.83711,0.95617
ZBTB38,2575.9,0.21303,0.084729,0.42644
BEND2,0.88007,0.025223,0.99207,NA
CCDC71,433.2,-0.2439,0.14229,0.52909
C10orf71,1.4026,2.8476,0.19124,NA
LRRN4CL,1156.4,-0.43621,0.034019,0.28111
TIMM22,512.7,-0.036596,0.80975,0.94735
HIC1,865.59,-0.51708,2.7282e-4,0.018454
PPFIA3,41.91,-0.37935,0.31772,0.71733
MAGEF1,484.73,0.0082677,0.95504,0.98999
UMODL1,0.31732,-1.7252,0.66923,NA
SAMD9L,1062.7,-0.12203,0.35883,0.74772
UBE2U,0,NA,NA,NA
PAWR,868.43,-0.1467,0.29363,0.69978
TGIF1,967.15,0.1011,0.52098,0.83414
MIEF2,248.59,-0.10937,0.53105,0.8383
NAP1L5,82.782,0.046802,0.8674,0.96597
NIM1K,63.993,-0.25584,0.40032,0.7734
CD19,1.8876,1.518,0.38152,NA
ERICH5,9.082,-0.16791,0.85756,NA
OR2T8,0.33519,-1.7914,0.65685,NA
NR2C2,1571,0.36606,0.0092412,0.14575
GPR4,7.3232,0.66798,0.45191,NA
ACOT4,15.522,-0.2921,0.64677,0.88949
OLIG3,0,NA,NA,NA
CAVIN1,33978,-0.24148,0.011205,0.16307
OR2G3,0,NA,NA,NA
ARIH2,1605.9,0.079514,0.44911,0.79962
RBM44,11.988,0.05794,0.93249,NA
ZBTB33,457.82,-0.033097,0.81841,0.95064
OR2G2,0,NA,NA,NA
ZBED2,4.6111,1.8897,0.14849,NA
VCX2,0,NA,NA,NA
IRX3,229.66,-0.3413,0.10138,0.46335
ST8SIA3,0,NA,NA,NA
RPRM,0,NA,NA,NA
OR2B11,12.614,-0.17895,0.79224000000000006,NA
SLC25A22,723.9,-0.055323,0.75863,0.93216
RABEP2,557.68,-0.0294,0.8508,0.96124
NHLH2,0,NA,NA,NA
ATOX1,444.45,-0.13762,0.37101,0.75444
FAM187B,0,NA,NA,NA
TBL1XR1,1296.8,-0.18319,0.44929,0.79962
SAMD12,87.597,-2.0084,2.4791e-6,5.6563e-4
CD163,4.4591,-0.083396,0.94121,NA
C18orf32,254.64,-0.029033,0.92564,0.98254
PIDD1,413.31,-0.13087,0.53799,0.84091
ZNF491,41.152,-0.003453,0.99366,0.99899
RPLP2,10778,-0.24832,0.048965,0.33308
HASPIN,88.77,-0.31509,0.27966,0.69168
JUN,6015.3,0.28859,0.00112,0.044691
CSTF2T,634.81,0.025307,0.84373,0.95861
PGBD5,8.7349,1.8919,0.017937,NA
C12orf54,0.16748,-0.83131,0.83857,NA
GBA,1160.3,0.016421,0.88847,0.97236
ACAD9,700.34,0.012042,0.92803,0.98311
IL17RA,935.98,0.18743,0.1127,0.4834
PNPLA2,2420,0.24361,0.053447,0.34336
MBOAT4,0.87882,3.3186,0.28088,NA
TEX44,0,NA,NA,NA
AGTRAP,469.77,-0.0097836,0.95111,0.98999
CD163L1,11.963,0.80358,0.35247,NA
SRRM3,100.44,-0.32141,0.24614,0.66051
THAP5,394.26,-0.19248,0.24405,0.65852
DEFB114,0.16821,-0.83382,0.83808,NA
CRACR2B,21.744,-0.58505,0.25076,0.6663
SUMO4,1.0194,1.2022,0.6885,NA
MAGEB10,6.6474,1.6876,0.086361,NA
DNAJC28,25.365,0.56796,0.2594,0.67473
OR4F4,0,NA,NA,NA
NAALADL2,594.56,0.076519,0.63028,0.88575
CD151,8141.7,-0.27632,0.0098674,0.15056
POLR2L,2036.6,-0.14094,0.2903,0.6987
FAM20C,6445.5,-0.06384,0.68373,0.90112
NECTIN3,1728,-0.23423,0.091984,0.44368
SLC35G5,1.2917,-0.6169,0.77866,NA
ANXA2R,30.46,-0.6142,0.14671,0.53761
TMEM94,832,0.29498,0.025862,0.24676
FLII,4829.6,-0.034972,0.74712,0.92789
SOX12,1495.4,-0.2767,0.018159,0.2072
HNRNPA0,3293.2,-0.074475,0.5219,0.83453
YIPF7,0,NA,NA,NA
MYOZ1,0.4927,-2.3537,0.53372,NA
KCNJ10,2.4562,-0.81076,0.57018,NA
CHID1,1550.2,-0.28088,0.040906,0.30838
PCDHB9,47.233,0.25712,0.47744,0.81454
ZNF620,20.096,1.333,0.025311,0.2449
ZNF518A,324.17,0.32354,0.097728,0.456
TMEM187,116.35,-0.25375,0.42319,0.78732
SVBP,205.6,-0.34492,0.084446,0.42644
ZNF619,110.42,-0.21142,0.37716,0.75883
CCDC184,29.74,0.92812,0.038059,0.29977
AP3S1,2285.3,-0.2008,0.089493,0.43816
GRB2,2093.3,0.063987,0.55137,0.84896
ZBTB41,543.37,0.092836,0.5546,0.85047
UBE2N,1106.7,0.054166,0.76075,0.93235
ARL6IP6,495.03,0.0055644,0.97308,0.99285
ZNF354C,372.67,0.29175,0.12036,0.49731
CAPZA3,0,NA,NA,NA
MAMDC4,241.3,-0.25297,0.35991,0.74806
ODF3,0.93307,0.51707,0.8472,NA
BET1L,1781,0.083912,0.45339,0.80168
RPS27,12815,-0.2312,0.099537,0.46006
RIC8A,2815.2,-0.14645,0.16634,0.56791
IMP3,872.82,0.026744,0.87987,0.96973
ASB8,661.56,0.15876,0.26409,0.67842
LCN15,0,NA,NA,NA
ODF3B,28.403,-0.8884,0.076367,0.40325
DPY19L2,70.031,0.27065,0.35886,0.74772
SPATA31E1,0.32641,0.12994,0.9746,NA
C2orf73,2.7691,0.79114,0.63548,NA
GPR150,2.1977,0.82633,0.6207,NA
TSPYL6,0.64447,0.14066,0.96788,NA
LRRC75B,167.5,-0.32005,0.10678,0.47467
DMAP1,410.54,0.19173,0.20435,0.61913
ADAMTSL1,3468.3,0.056745,0.64876,0.88985
CALHM5,371.64,-0.13124,0.39988,0.7734
IMPDH2,5135.6,-0.22064,0.10553,0.47196
ALS2CL,139.9,0.18983,0.47979,0.81587
MLF1,76.45,-0.28578,0.39307,0.7705
NDUFAF3,431.29,-0.3702,0.016128,0.19689
C2orf69,488.89,0.061915,0.69811,0.90758
GRAMD1C,64.064,0.31816,0.36719,0.75309
STAP2,66.007,-0.023089,0.94691,0.98873
HTR3C,0,NA,NA,NA
TSSK6,23.917,0.13646,0.78155,0.93988
BOLA1,132.37,-0.10321,0.72018,0.91754
PDE4DIP,3430.6,0.12094,0.27977,0.69175
DDX10,477.71,-0.064375,0.69332,0.9057
GOLGA8Q,10.597,0.0062828,0.99604,NA
PPP1R42,1.0506,1.176,0.6602,NA
NDUFV2,958.13,0.033133,0.81519,0.94966
DALRD3,688.1,-0.34314,0.011931,0.16827
ZNF114,15.554,0.52835,0.45712,0.80345
ZNF518B,415.48,0.039416,0.82758,0.95402
AMER3,4.2153,1.2368,0.28051,NA
SPINK6,1.8915,0.56544,0.79562,NA
ZNF366,6.0026,0.40404,0.76304,NA
LCORL,230.68,-0.095837,0.64359,0.88824
PARD6G,78.142,-0.25279,0.3853,0.7642
ZNF454,19.801,0.46929,0.39039,0.76848
SH2B1,1182.5,0.11084,0.49531,0.82062
ZC3H12D,18.383,0.063771,0.91015,0.97885
VN1R1,13.873,0.31544,0.65677,NA
POGLUT3,1579.7,-0.35415,0.0030756,0.082698
PLEC,45259,0.70672,5.2378e-5,0.0060056
SH2D4B,0.70619,1.5605,0.60238,NA
RNF212,16.648,-0.43337,0.4776,0.81454
PRSS36,9.5397,-0.90633,0.28488,NA
ZNF543,70.675,-0.22598,0.43029,0.79147
TMEM151B,7.0277,1.2024,0.20566,NA
GALNT11,1092.1,0.055279,0.62265,0.88186
SLITRK1,0,NA,NA,NA
WDR6,2709.7,0.33618,0.0062524,0.11873
PRM3,0.34623,1.9748000000000001,0.62483,NA
TNP2,0,NA,NA,NA
SPAG11A,0,NA,NA,NA
GEN1,309.06,-0.29563,0.38232,0.76184
TMPRSS9,25.443,0.43585,0.43738,0.79465
AQP11,21.149,0.1062,0.83189,0.95449
TMEM11,356.03,-0.12422,0.44295,0.7969
ZNF354B,171.97,0.31926,0.17247,0.57637
KCNG2,5.9922,-0.18095,0.84988,NA
SHISA3,0.35727,2.0176,0.61705,NA
OR2D3,0.17464,1.0897,0.78943,NA
CALML3,1.193,1.3827,0.57859,NA
CALML5,3.5912,2.1822,0.12837,NA
ZFAND2A,218.9,0.31382,0.13599,0.52277
PLEKHM3,469.91,0.245,0.19855,0.61193
ZNF223,76.037,-0.4661,0.1243,0.50362
HTR1A,0,NA,NA,NA
CCDC185,0.48248,-2.3246000000000002,0.54177,NA
FAM220A,375.65,-0.078453,0.6189,0.8794
DNAJC22,15.156,0.082203,0.89494,0.97423
NEUROG2,0.47354,-2.3015,0.5646,NA
CEP295NL,11.272,0.055699,0.94543,NA
BEND3,109.63,0.026017,0.91799,0.98119
NT5DC1,331.26,0.20771,0.3633,0.75051
TIMM23B-AGAP6,65.632,0.497,0.16938,0.57298
GLDC,23.147,-0.33434,0.53771,0.84085
COX14,215,-0.12461,0.55534,0.85072
MCMDC2,139.37,0.053448,0.80538,0.94676
TUBAL3,0,NA,NA,NA
P4HTM,631.8,0.035857,0.81302,0.94882
UCN3,0.50232,1.0282,0.78788,NA
DTX3,212.49,-0.40438,0.045227,0.32117
KLHL11,239.98,-0.033537,0.86014,0.96411
AMBN,0,NA,NA,NA
CTXN1,246.52,-0.069452,0.70724,0.91067
SLC25A20,388.01,0.19552,0.23473,0.64754
CA8,0.16749,-0.83136,0.83856,NA
CD28,4.1055,0.49361,0.69464,NA
EPM2AIP1,650.22,0.036351,0.86364,0.9649
ERBB4,0.29019,-1.5926,0.69396,NA
MAF,404.06,-0.1917,0.41488,0.7832
CTNNBIP1,569.33,0.1919,0.23487,0.64754
OR6B3,0,NA,NA,NA
DEFB125,0,NA,NA,NA
PSAPL1,0.15757,-0.83256,0.83833,NA
OTOS,0,NA,NA,NA
GTPBP6,825.95,-0.10272,0.41692,0.7849
ERN1,359.81,0.57134,0.0010496,0.042509
GPR35,25.902,0.015369,0.97373,0.99285
C10orf53,16.429,0.65958,0.25996,0.67508
CSRNP3,2.0134,0.13162,0.93208,NA
ZNF713,54.909,-0.10657,0.78383,0.93992
PARP10,1055.4,-0.14378,0.3597,0.74806
DYNAP,36.087,0.12559,0.78488,0.93992
SUZ12,987.87,-0.11885,0.31814,0.7179
NSUN3,199.87,0.11576,0.55401,0.85022
KCTD12,1918.1,0.35406,0.074906,0.40037
DHFR2,288.71,0.17034,0.36179,0.74975
RPP25,45.508,-0.31078,0.40883,0.77938
GRINA,3644.2,0.014255,0.89251,0.97407
THBD,162.19,0.18979,0.6262,0.88404
GP5,2.6257,0.15425,0.91941,NA
COX5A,707.01,0.065591,0.67824,0.89895
STX19,3.4017,0.99143,0.49488,NA
ERFE,65.134,-0.56272,0.10909,0.47702
FAM219B,1159.5,-0.062388,0.63859,0.88679
ZHX2,274.93,-0.54419,0.060891,0.36385
CPN2,39.093,0.34303,0.50551,0.82535
CPNE7,293.49,-0.031684,0.88645,0.9716
C5orf46,0.15531,-0.8242,0.83993,NA
CD300LB,0,NA,NA,NA
GDPD4,0.18005,1.0952,0.78839,NA
RIIAD1,0.19341,1.1486,0.77834,NA
MPI,576.13,-0.33162,0.032453,0.27613
H1-8,0,NA,NA,NA
TRIM73,145.84,0.22878,0.36259,0.75023
OPLAH,416.66,-0.1618,0.30719,0.70966
TMEM52,19.714,-0.71279,0.25504,0.6696
TMEM139,2.3174,-0.33493,0.81633,NA
RNF186,0,NA,NA,NA
EFCAB13,68.946,1.0248,0.0028514,0.07844
MSC,312.63,-0.1787,0.39704,0.77162
APOLD1,78.892,-0.077434,0.79469,0.94293
RFLNA,109.66,-0.84149,0.0056529,0.1129
EXOSC4,185.76,0.0061439,0.97874,0.99442
DPY19L3,703.77,0.3962,0.040212,0.30767
TAF7,1861.8,0.029166,0.8111,0.94808
ZNF852,52.602,0.82554,0.062846,0.36865
FOXE1,2.6704,0.47648,0.75602,NA
PFAS,494.79,0.32844,0.15515,0.55321
HYI,195.94,-0.19592,0.33349,0.72982
CYBC1,1140.9,0.04801,0.6938,0.9057
TPRX1,0.72116,3.0347,0.42451,NA
LGALS7B,6.7211,3.6662,0.0080449,NA
ZNF552,52.517,0.48462,0.22274,0.63763
SMIM10L2A,14.802,-0.033994,0.95686,0.98999
GAK,1354.9,0.18922,0.16437,0.56478
ZBTB7A,3117.7,0.073754,0.52532,0.83551
TUFM,2404.6,-0.082177,0.49277,0.81999
ERICH3,0.31078,-1.6346,0.68496,NA
RMI1,333.96,-0.54139,5.9339e-4,0.030049
CTC1,370.8,0.523,0.0010111,0.041721
FBXO34,484.97,-0.0347,0.81993,0.95131
SELENOW,756.82,-0.1934,0.10707,0.47528
EIF3K,1599,-0.23921,0.10048,0.46184
MRFAP1L1,1002.5,-0.006805,0.95545,0.98999
SNX18,1318,-0.10584,0.48055,0.81588
EXD1,0.92628,1.1183,0.6781,NA
AURKB,311.11,0.090788,0.58193,0.86163
TAS1R2,0,NA,NA,NA
C14orf39,0,NA,NA,NA
MRFAP1,6157.7,9.0133e-4,0.99452,0.99899
C3orf38,397.26,-0.12406,0.45518,0.80278
KLHDC7A,0,NA,NA,NA
TMEM107,203.87,-0.33825,0.12344,0.50289
RRS1,374.9,0.11833,0.57435,0.85858
EXOC3L1,17.697,-0.17988,0.75029,0.92893
TRIML2,6.2474,1.3613,0.15647,NA
RCC2,1278.1,-0.42602,7.2909e-4,0.033335
OR13D1,0.31755,-1.7264,0.66902,NA
IGSF22,1.8274,0.41455,0.81161,NA
C9orf50,4.6972,-0.88558,0.41448,NA
ZFP42,5.1038,0.69164,0.49812,NA
CCDC89,47.469,-0.19825,0.61240000000000006,0.87592
FAM133A,0.31569,-1.7171,0.67074,NA
DPM3,256.11,-0.22955,0.31996,0.71892
C12orf42,0,NA,NA,NA
CYC1,1090.2,-0.15156,0.19681,0.60924
PER1,814.38,0.4984,0.024664,0.24063
HTR1F,0,NA,NA,NA
TMTC2,181.88,0.16505,0.41481,0.7832
HES7,7.2177,0.37979,0.69796,NA
FARSA,813.51,0.068794,0.61785,0.87886
SPTY2D1,650.69,0.11005,0.44302,0.7969
C10orf67,9.396,1.0859,0.15236,NA
SAMD4B,2387.3,0.12294,0.21865,0.63603
CYP11B2,0,NA,NA,NA
GIMAP7,0,NA,NA,NA
ALOXE3,7.0497,1.4541,0.12929,NA
EDC3,680.78,0.017046,0.89038,0.97306
TCAIM,436.67,0.17173,0.25244,0.66725
FUCA1,221.34,-0.20847,0.28925,0.69719
PXT1,0.42755,0.78311,0.84656,NA
GGN,53.496,-0.40325,0.24097,0.65451
HNRNPCL1,0.64581,-2.7453,0.36075,NA
TMEM125,0.48608,2.243,0.55031,NA
ZNF664,2799.9,0.027616,0.77528,0.93727
SIGLECL1,0,NA,NA,NA
CALR,16461,-0.23698,0.016894,0.19928
MAGED1,4004.7,-0.092711,0.31456,0.71548
GVQW3,78.725,-0.091258,0.79939,0.945
LDLRAD3,305.77,0.035879,0.88297,0.97006
CDH4,83,-0.078704,0.78499,0.93992
SMCO3,0.34795,1.9853,0.62297,NA
RAD23A,1623.7,-0.078971,0.54344,0.84501
PCARE,0.46019,-2.2628,0.57136,NA
GADD45GIP1,975.21,-0.12275,0.40757,0.77892
DAND5,4.6655,1.2327,0.32828,NA
TMEM151A,6.8044,0.86003,0.35744,NA
PTPN11,4069.7,-0.062436,0.58905,0.86462
NSUN7,0.50061,-2.3917,0.52473,NA
RTL3,13.207,-0.94331,0.18679,NA
FAM156B,555.19,0.45828,0.041472,0.30955
WSCD1,23.63,-0.75174,0.15944,0.55985
RAB39A,1.1878,2.5977,0.30201,NA
CLK3,867.97,-0.0035546,0.97926,0.99469
HLA-DQB1,0,NA,NA,NA
GATA2,425.15,-0.36991,0.029487,0.26357
ARID3B,115.73,0.43474,0.08223,0.42084
TMEM31,0.33029,0.1284,0.9749,NA
PACS2,1941.4,0.034487,0.73428,0.92317
ELMOD2,570.84,0.37009,0.0084004,0.139
EGR3,687.53,-0.24444,0.69457,0.90576
CATSPERE,29.625,0.89876,0.071749,0.39454
GPC5,1.4854,2.2979,0.31599,NA
VWA1,359.64,-0.17744,0.26756,0.68067
DNAJB8,0.37418,2.1446,0.59503,NA
GEMIN4,750.25,0.093285,0.45479,0.80272
HNRNPCL4,0,NA,NA,NA
FJX1,1446.2,-5.5824e-4,0.99784,0.99963
KLHL28,319.9,-0.1072,0.61343,0.87648
MKRN3,6.5145,0.50866,0.62609,NA
ZBTB18,313.66,-0.21689,0.18654,0.59571
OR9A2,0,NA,NA,NA
C14orf28,153.62,-0.28974,0.26067,0.67575
ALOX12B,7.6593,0.73558,0.59226,NA
SLC17A8,0.1452,0.97106,0.8119,NA
SHARPIN,663.09,-0.095498,0.48205,0.81683
LBX2,30.237,-0.22199,0.65624,0.89263
DNHD1,198.41,0.48841,0.022657,0.23213
SLITRK4,3.7361,0.13237,0.92602,NA
HTR1D,1.857,0.96341,0.58191,NA
GCC1,731.22,0.028141,0.8362,0.95609
LSMEM2,0.98001,-0.86614,0.75059,NA
RNF151,0.80925,-1.764,0.53755,NA
CIITA,71.192,0.54307,0.23958,0.65292
ZFPM1,234.83,-0.26976,0.25391,0.66805
ALOX15B,5.4399,3.3276,0.014718,NA
PLD6,45.411,0.35335,0.35416,0.74455
GPHB5,0,NA,NA,NA
GRM8,1.7971,3.3586,0.16437,NA
CDC42EP4,1071.1,-0.15967,0.16805,0.57118
OR2AP1,1.2116,2.6165,0.24745,NA
OR6C4,20.329,0.090005,0.86494,0.96539
ZBTB42,108.21,-0.30045,0.22088,0.63663
LACC1,685.92,0.17888,0.23687,0.64967
MAF1,2163.5,-0.11067,0.40961,0.77944
TPPP2,0.21560000000000001,1.2113,0.76658,NA
FCER1A,0,NA,NA,NA
RPRML,0,NA,NA,NA
ARL14,0,NA,NA,NA
OR6C2,0,NA,NA,NA
WDR97,26.517,0.57595,0.22313,0.63803
NLRP8,0.83759,-1.8074,0.52412,NA
PCED1B,17.151,-0.60861,0.3895,0.76796
APOBEC3B,193.8,-0.68563,0.0015965,0.054696
SYCN,0,NA,NA,NA
PIPOX,5.0793,0.1956,0.85474000000000006,NA
FOXS1,0,NA,NA,NA
ATOH7,0,NA,NA,NA
CDH5,0.83094,-0.25085,0.93012,NA
LRRC3B,0,NA,NA,NA
FAM216B,4.193,0.98855,0.42969,NA
MRGPRX4,0,NA,NA,NA
MYADM,4368.1,-0.077419,0.56047,0.85329
MRGPRX3,0.92108,-2.0045,0.51946,NA
MROH1,863.91,0.3078,0.021212,0.22303
SERTAD2,2884.9,0.43413,2.2753e-4,0.016495
AKAP5,10.646,-0.34007,0.63343,NA
NKPD1,5.112,0.51247,0.62255,NA
GIPC3,11.91,-0.68473,0.35626,NA
RNF227,62.256,-0.62457,0.059599,0.36073
CITED4,64.733,0.13696,0.73355,0.92317
ABCA13,7.9303,0.17378,0.84133,NA
NLRP11,0,NA,NA,NA
TIGD5,336.12,-0.25611,0.13562,0.52236
PDXDC1,2224.9,0.17966,0.083172,0.42347
C1orf194,0.20019,1.1564,0.77687,NA
ZNF154,127.95,0.20739,0.40996,0.77988
R3HDM2,1608.1,-0.018689,0.90092,0.97613
B3GNT3,3.9123,0.21728,0.85375,NA
ITLN1,0,NA,NA,NA
NRXN1,0.86046,-2.1236,0.45594,NA
SEPHS2,1085.3,0.049899,0.7376,0.92417
OR10A7,0,NA,NA,NA
GPBAR1,2.7615,-0.043526,0.97426,NA
ZNF784,122.96,0.12666,0.6316,0.88575
ZNF648,0.12846,-0.71466,0.86097,NA
C14orf119,881.36,0.11702,0.40122,0.77377
CCR8,0,NA,NA,NA
GOLGA8J,0,NA,NA,NA
BBS10,378.53,-0.17913,0.21385,0.62863
FIZ1,219.51,-0.10003,0.61231,0.87592
PUF60,1646.6,0.037832,0.75031,0.92893
SSC5D,3015.8,0.34373,0.012202,0.1698
DCTPP1,409.79,-0.20671,0.25216,0.66725
ZNF771,219,0.19597,0.27585,0.68831
TSHZ1,1214,-0.21998,0.14629,0.53637
PSTK,41.789,-0.21177,0.63373,0.88579
SOCS4,578.4,0.083144,0.58331,0.86234
ZADH2,1024.1,-0.019449,0.90069,0.97613
OR1E1,0.51655,2.5551,0.49117,NA
ZNF48,171.74,-0.22516,0.25217,0.66725
OR1R1P,0,NA,NA,NA
FAM71E2,3.0268,-0.24878,0.87313,NA
C3orf80,2.6465,-0.60876,0.66464,NA
NKX2-6,17.1,-0.78658,0.20717,0.62278
TMEM150B,0.25752,-1.273,0.75327,NA
ANKRD18A,1.4391,-2.7719,0.24555,NA
WFDC11,2.3978,1.9498,0.26316,NA
TMEM86B,53.78,-0.59893,0.069554,0.38943
OR3A1,0.74525,0.5061,0.85144,NA
SEPTIN1,143.93,-0.144,0.51817,0.83346
TRNAU1AP,364.53,0.12053,0.47554,0.81335
EXOC3,1147.8,0.017402,0.90502,0.97672
TDRD6,13.711,-0.42147,0.6176,NA
C12orf40,0,NA,NA,NA
CSNK1A1L,0.17853,1.0903,0.78932,NA
LYNX1,435.83,-0.62226,0.0038426,0.094779
TH,1.9513,3.7363,0.067064,NA
MED14,1027.3,0.26335,0.079356,0.41338
FAHD1,774.86,-0.098514,0.46195,0.80567
TDRP,160.41,0.25263,0.29887,0.70347
RCC1,2080.9,0.19699,0.05907,0.35985
WFDC9,0.15356,-0.83197,0.83844,NA
MYLPF,0.9841,-0.87627,0.74745,NA
F2,0.12923,-0.71812,0.8603,NA
FAM71C,0.16918,1.0932,0.78876,NA
PRKRA,676.19,-0.037706,0.77993,0.93944
ZNRF2,335.51,0.11075,0.52068,0.83382
RRH,2.6318,0.057362,0.97217,NA
SLC9A4,7.9532,1.1031,0.19548,NA
ZNF816,68.891,-0.11589,0.71628,0.91617
FGD6,142.32,-0.19561,0.43748,0.79465
ADGRD2,0,NA,NA,NA
GPR139,2.113,-0.99062,0.59317,NA
PLD5,10.293,-0.6727,0.37864,NA
OAZ2,1806.7,-0.022765,0.82998,0.95435
WFDC10A,0.35673,2.0152,0.61748,NA
PNPLA1,3.2223,3.659,0.043393,NA
ALX1,0.32265,0.13424,0.97376,NA
CCDC43,398.71,0.013597,0.93129,0.98393
KCTD4,61.578,-0.41227,0.22763,0.64274
MEIOC,22.151,0.1963,0.71971,0.91742
FZD2,490.67,-0.34229,0.049012,0.33315
TIGD2,98.725,0.058651,0.82754,0.95402
ITPRID1,3.0593,0.96523,0.48382,NA
HCLS1,51.807,-0.39389,0.30251,0.70632
MTURN,1017.7,0.10538,0.38344,0.76257
ZNF609,1383.7,0.062212,0.57902,0.86119
PAK2,2720.5,0.1459,0.16977,0.57317
CCDC66,197.38,0.11805,0.54286,0.84451
DEFB124,0,NA,NA,NA
KRTAP9-7,0,NA,NA,NA
MCFD2,5716.6,-0.11247,0.23761,0.65065
HARBI1,65.053,0.31498,0.47264,0.81209
DEFB123,0,NA,NA,NA
C11orf71,13.842,0.30678,0.62784,NA
CYP8B1,5.0497,-0.47358,0.67292,NA
OR6K6,0,NA,NA,NA
SERTM1,0.16906,1.0928,0.78884,NA
GAS1,3997.3,-0.46434,7.8078e-5,0.0074784
ARHGAP45,104.03,-0.22634,0.4395,0.79603
OR10Q1,0,NA,NA,NA
ZNF571,98.728,0.17839,0.6408,0.88731
GLIPR1L2,25.81,0.40256,0.45501,0.80272
DEFB119,0,NA,NA,NA
MIGA1,578.32,0.20338,0.18057,0.58752
KCNE1,1.3557,1.8512,0.39842,NA
NRIP1,1112.4,0.16515,0.38272,0.76214
ZSCAN4,2.8173,-0.74853,0.57789,NA
BHLHA15,1.6864,1.0559,0.60987,NA
RNF182,281.02,-0.035849,0.88219,0.97005
TSPYL5,499.15,-0.17546,0.20271,0.61744
FUT7,0,NA,NA,NA
H2AC6,457.55,0.6805,0.0012719,0.047822
EIF2S3B,4.8784,0.090753,0.92983,NA
SKIDA1,26.692,-0.32846,0.51694,0.83261
H2BC4,27.065,0.32801,0.52824,0.83733
MB21D2,159.85,-0.32242,0.14361,0.53217
GSX2,0.35279,1.9788,0.624,NA
SSTR2,36.426,-0.076123,0.84983,0.96108
ZNF594,86.337,-0.12042,0.72044,0.91754
PCGF5,1485.2,-0.0089657,0.94037,0.98689
SLC47A2,4.2657,2.0686,0.12467,NA
PRF1,0.30397,0.12755,0.97506,NA
OR2A4,0,NA,NA,NA
MAB21L1,225.13,-0.77346,3.0987e-4,0.01991
YOD1,222.56,0.52508,0.026117,0.24762
TMEM64,397.34,-0.18718,0.23232,0.64596
C3orf22,0,NA,NA,NA
OR10K2,3.032,1.5128,0.30228,NA
CHRM4,6.2749,1.3525,0.16166,NA
SHISA2,4.6022,1.1251,0.30829,NA
S1PR5,6.1196,-0.091145,0.92093,NA
CLRN3,0.33286,0.12358,0.97584,NA
GPR157,94.866,0.038274,0.88836,0.97236
CHST13,0.58242,0.12082,0.96995,NA
AGTR2,0,NA,NA,NA
SLC36A4,446,0.12192,0.51666,0.83246
ZDHHC20,2122.7,0.16062,0.14915,0.54183
ANKRD30B,10.536,-0.92673,0.23147,NA
OR51E1,0,NA,NA,NA
ZFP3,165.7,-0.14063,0.54612,0.8463
ARSJ,1543,-0.23066,0.060039,0.36182
HOXC9,318.89,-0.30861,0.12352,0.50303
MAP3K15,1.6456,-1.0926,0.58494,NA
PPA1,1818.6,-0.10578,0.40304,0.77501
HOXC10,565.54,-0.11097,0.52322,0.83488
PSMG4,238.71,-0.098802,0.60622,0.87264
BHLHE22,0.15769,-0.83298,0.83824,NA
MAP6D1,67.964,-0.094214,0.74715,0.92789
ZNF443,39.621,-0.32008,0.43204,0.79165
CXCR2,0.76717,0.71435,0.80528,NA
DEFB112,0,NA,NA,NA
GREM2,5405,0.2102,0.11957,0.49641
C11orf42,3.2286,-0.76015,0.59331,NA
SSR4,2169.1,-0.24483,0.039544,0.30545
CAPS2,18.842,0.024218,0.97182,0.99259
ZNF792,47.425,-0.42757,0.2511,0.66646
CUEDC1,1346.5,0.10885,0.42405,0.78782
SCRIB,2104.8,-0.033704,0.76802,0.93479
KCTD2,768.45,-0.096671000000000007,0.47299,0.81209
D2HGDH,696.41,0.23116,0.28305,0.69371
OXTR,155.43,-1.1464,7.6265e-7,2.1755e-4
CMTR2,503.07,-0.016863,0.91066,0.97888
OR56B4,0,NA,NA,NA
FAM83H,588.41,-0.055904,0.67552,0.89808
GPR62,1.302,-0.63488,0.79172,NA
OR56A1,13.185,0.55093,0.41756,NA
ZNF572,13.463,-0.51111,0.47479,NA
ST20,41.513,0.14301,0.72544,0.91929
PITPNB,1837.1,0.034572,0.7655,0.93352
TCEAL8,847.36,-0.13137,0.32505,0.72267
OR52E4,10.05,0.41833,0.56317,NA
LRRC57,366.08,-0.11464,0.54993,0.84847
OR52N2,0,NA,NA,NA
MRPL14,479.53,-0.085202,0.62718,0.88445
GPR137C,36.409,-0.21988,0.68248,0.90079
C1orf105,0,NA,NA,NA
OR52N1,6.5861,1.2896,0.25764,NA
BBS12,148.99,-0.013074,0.95101,0.98999
ZFP82,174.91,-0.0031355,0.9895,0.99802
OR52N5,0,NA,NA,NA
LSMEM1,10.438,-0.94512,0.18265,NA
OR56B2P,0,NA,NA,NA
NQO1,4245.5,0.43257,0.0064168,0.11978
OR56B1,0,NA,NA,NA
AEN,880.51,0.014268,0.90418,0.97672
FKRP,554.77,0.24029,0.073252,0.39771
TRAPPC5,613.43,-0.083047,0.58437,0.86282
RPH3AL,87.37,-0.65572,0.068272,0.38648
SLC25A42,226.89,-0.02023,0.91439,0.97986
FCRL6,1.3265,-1.0758,0.58796,NA
METTL23,299.53,-0.064234,0.704,0.90942
SLC26A11,405.62,0.04144,0.84446,0.95868
HIGD1A,1096,0.12971,0.37978,0.76049
CHRM2,39.868,-0.75757,0.13901,0.52597
OR52N4,0,NA,NA,NA
MAPK15,34.313,0.24314,0.59469,0.86812
EHMT1,1169.8,0.20037,0.1048,0.47049
ADIPOQ,1.6742,0.71962,0.66741,NA
F2R,636.97,0.36992,0.016678,0.19914
ZNF707,218.06,0.075541,0.71517,0.9156
MUC16,0.46157,1.7547,0.66612,NA
NPM1,14813,-0.094571,0.38648,0.76512
PJA1,450.1,-0.31443,0.044505,0.31843
DHTKD1,353.65,0.052185,0.77666,0.93779
PENK,284.44,-0.36277,0.046376,0.32438
C4orf50,0.78927,2.9989,0.35128,NA
H2AW,91.431,0.14255,0.61598,0.87778
ZNF746,466.71,0.060251,0.6936,0.9057
POLR2A,4283.4,0.75245,2.6104e-7,8.7829e-5
TMEM132C,0.1534,-0.83137,0.83855,NA
SLC25A41,2.6399,-0.60927,0.64737,NA
TLCD5,172.01,-0.10297,0.60658,0.87264
OR5AK2,0,NA,NA,NA
FRAT2,89.388,-0.10339,0.70464,0.90953
TMEM102,28.932,0.063264,0.89479,0.97423
TMEM132E,0.48507,-0.75459,0.8454,NA
ZNF322,481.83,0.23747,0.088436,0.43479
NME9,11.037,1.0402,0.15203,NA
SPEM1,0,NA,NA,NA
HEPHL1,6.1876,0.17365,0.87098,NA
LRRC75A,3122.2,-0.23688,0.029053,0.26217
OR5M8,0,NA,NA,NA
CCL13,0,NA,NA,NA
CFAP65,2.0001,-3.5196,0.12955,NA
DDX60L,365.35,0.2023,0.23653,0.64918
SYNE4,9.4373,-0.1373,0.85439,NA
OGFOD3,840.2,-0.20314,0.14015,0.52636
WASHC1,1114.5,0.0089336,0.95469,0.98999
UTS2R,22.698,0.45862000000000003,0.42061,0.78589
AATK,41.532,0.38226,0.34487,0.73666
DDN,4.2026,1.1723,0.43811,NA
SAGE1,0,NA,NA,NA
ZNF467,6.9217,0.29366,0.73747,NA
SOX2,2.3259,0.15791,0.92159,NA
ZNF678,108.22,0.50521,0.072449,0.39537
TMEM45A,1092.6,-0.28357,0.037354,0.29688
RAP2B,970.91,-0.15261,0.19001,0.59993
ZBTB2,412.07,-0.14263,0.32321,0.72144
RNF135,517.6,0.014704,0.92372,0.98234
OR6T1,0.15304,-0.83004,0.83880999999999994,NA
ACBD4,209.79,0.039066,0.87974,0.96969
OR8D4,0.53211,2.5924,0.5162,NA
SGSH,1224.5,0.2273,0.1588,0.559
MAB21L2,1.8375,0.90759,0.63659,NA
FANCB,63.343,-0.26708,0.4335,0.79292
EDDM3B,0,NA,NA,NA
SETD2,1758.8,0.11681,0.32379,0.72196
EDDM3A,0,NA,NA,NA
TMIE,3.1632,0.21857,0.86429,NA
MEX3D,1173.5,-0.30594,0.0091241,0.14495
OR52D1,0,NA,NA,NA
MRPS23,409.74,-0.05041,0.76591,0.93352
OR52H1,0.35462,2.0058,0.61917,NA
FDCSP,0,NA,NA,NA
GPR135,74.345,0.20928,0.50293,0.82413
SLX1B,63.889,0.15607,0.65559,0.89207
ANKRD62,5.7772,1.4103,0.16609,NA
P2RY13,0,NA,NA,NA
TNFSF15,11.887,-1.4559,0.046362,NA
ZFP41,400.96,0.18347,0.26265,0.67703
PHLDA2,279.31,-0.1345,0.64113,0.88731
ATG9B,4.9144,-0.4512,0.71148,NA
GPR88,0,NA,NA,NA
ZNF875,407.49,0.27773,0.17246,0.57637
PLAG1,253.45,-0.017097,0.93828,0.98592
OR8H1,2.5339,0.70467,0.65197,NA
OR5T1,0,NA,NA,NA
YIPF6,767.34,0.0063424,0.95991,0.99048
OR5T2,3.1427,0.29003,0.84448,NA
ZBTB20,1208.8,0.30953,0.47038,0.81087
OR2Z1,0,NA,NA,NA
DIPK2A,549.37,0.26709,0.1085,0.47662
MACIR,566.65,0.36784,0.19824,0.61172
OR8K5,0,NA,NA,NA
AMIGO1,115.51,-0.27022,0.33887,0.73359
OR8H3,0,NA,NA,NA
OR8H2,0.1691,1.093,0.78881,NA
GPR3,40.698,0.056422,0.8947,0.97423
TMEM252,0,NA,NA,NA
ODF3L2,0.47728,2.4158,0.54589,NA
OR5AS1,100.94,0.39785,0.30389,0.70679
ACTL9,0,NA,NA,NA
SIAH2,657.72,-0.64669,1.213e-5,0.0019177
COPG1,3526,0.051033,0.66204,0.89385
ADGRB1,108.29,0.80826,0.0032748,0.085467
OR6S1,0,NA,NA,NA
SLC9A9,319.89,-0.29364,0.30806,0.71006
LSM10,396.24,0.14929,0.39331,0.7705
RELL1,364.36,-0.15002,0.354,0.74455
RFX7,652.3,0.095828,0.52605,0.83581
SLC35C1,702.87,-0.17516,0.32392,0.72202
TIGIT,0.95465,2.9495,0.28477,NA
RNF41,1134.1,-0.26292,0.11818,0.49513
SLC2A4,13.038,-0.044259,0.94722,NA
FTMT,0,NA,NA,NA
IBA57,278.16,0.74909,8.3968e-5,0.0079715
CLDN7,10.724,0.47382,0.53753,NA
ZNF329,271.57,0.056386,0.7559,0.93039
ZNF101,129.84,0.37629,0.12165,0.49931
OR4C6,0,NA,NA,NA
C5orf24,1644.9,0.14982,0.28992,0.69844
ADO,674.02,0.094419,0.50079,0.82327
COA4,563.87,-0.24624,0.1326,0.51777
OR4P4,2.9693,0.7819,0.61539,NA
PRKAG1,1250.2,-0.06426,0.5889,0.86462
GINS3,157.3,-0.21438,0.38181,0.76142
OR4C15,0,NA,NA,NA
OR4A15,0,NA,NA,NA
OR4A16,0,NA,NA,NA
OR52K2,0.33675,0.13413,0.97378,NA
NEUROG1,0,NA,NA,NA
CCDC149,486.44,-0.27359,0.10435,0.46959
MRPS11,442.43,-0.068869,0.72401,0.91863
SNRPE,696.22,-0.41659,0.018635,0.20989
RTKN2,60.935,0.20015,0.58877,0.86462
PNMA8A,43.799,0.22934,0.53306,0.83895
CHST15,167.4,-0.21179,0.30816,0.71015
ADIG,0,NA,NA,NA
USH1G,11.062,0.19258,0.79754,NA
MGAT4C,12.75,1.3695,0.07866,NA
TRIM49B,0,NA,NA,NA
IDH2,901.76,-0.3028,0.019784,0.21706
OR52A1,1.6125,-0.41768,0.84139,NA
OR6B2,0,NA,NA,NA
TMEM259,3022.1,0.16255,0.1262,0.50811
GET1,646.56,0.0076067,0.95533,0.98999
TNRC18,6686,0.27753,0.018999,0.21236
FAM181B,8.8147,-0.018653,0.98178,NA
TMEM30B,6.0299,0.60415,0.52013,NA
DEXI,675.38,-0.018383,0.89732,0.97569
ZNF716,11.877,0.8432,0.25142,NA
NOP10,780.49,-0.069277,0.66381,0.89442
FAM89A,57.083,-0.012578,0.96848,0.99243
KCNIP1,0,NA,NA,NA
TDRKH,46.664,-0.22924,0.54001,0.84258
ZNF708,92.417,0.91134,0.0023115,0.068294
IST1,1720,0.061539,0.58573,0.86303
ERCC6L2,603.4,0.21699,0.14366,0.53221
MRPL41,623.48,0.020974,0.90737,0.97771
ENPP7,0,NA,NA,NA
CREB3L2,3272.9,0.2388,0.12744,0.50985
P2RY8,26.659,0.31743,0.51002,0.82687
UNC5C,0.13815,0.95444,0.81506,NA
MRGPRG,0,NA,NA,NA
TSEN54,160.71,0.016116,0.94028,0.98689
RGMA,118.75,-0.28205,0.30247,0.70632
ASB18,0,NA,NA,NA
UBA7,965.48,-0.11555,0.46322,0.8062
MRPS16,890.97,-0.057365,0.67038,0.89704
SHISAL2A,0.84026,-0.49511,0.84666,NA
RAD51B,78.25,1.0342,6.9879e-4,0.032748
CRYGB,0,NA,NA,NA
LDOC1,785.32,-0.25835,0.054705,0.3457
ARL6IP4,1968.7,-0.19011,0.21512,0.63087
EXT1,6033.2,-0.10869,0.408,0.77912
SHMT2,3747.9,-0.28813,0.037579,0.29777
MOB2,594.82,0.0054043,0.97094,0.99259
HHIPL1,304.83,-0.43906,0.0049459,0.10566
ATP6AP2,4371,0.0083014,0.93512,0.98464
ZAR1,0.49507,-0.76183,0.84279,NA
CYB5D1,461.78,0.23298,0.085456,0.42828
FAM153B,3.2807,-0.16079,0.91541,NA
BACE2,616.32,0.069049,0.62867,0.88529
UBE2E2,307.26,0.088404,0.61283,0.87611000000000006
SYNM,443.88,0.10725,0.53429,0.83944
KCNA4,78.307,-0.61807,0.15927,0.55985
GABRG3,3.2456,2.0705,0.15622,NA
NLRP10,56.957,-0.13696,0.67579,0.89808
FIGN,91.97,-0.68019,0.051232,0.33833
IZUMO1,0.31317,1.7768,0.66047,NA
TMIGD1,0,NA,NA,NA
B4GALNT4,672.14,-0.32978,0.029452,0.26357
AP1S2,1467,-0.34563,0.0090956,0.14467
C8orf33,814.61,0.047771,0.71196,0.91349
DCAF4L1,3.149,0.014354,0.99142,NA
SPACA6,89.214,0.32454,0.23742,0.65053
MBD3L3,0,NA,NA,NA
ZSCAN22,112.92,-0.53316,0.039748,0.30645
KCNJ14,32.814,0.78058,0.056954,0.35186
FBXL6,368.2,0.1338,0.50845,0.82626
C1S,11392,-0.27067,0.073556,0.39771
GLTPD2,19.002,0.45239,0.42891,0.79077
KIAA2012,2.8016,-1.8322,0.23623,NA
PRAMEF8,0,NA,NA,NA
LIPF,0,NA,NA,NA
OR5P3,0,NA,NA,NA
DAOA,0,NA,NA,NA
ZNF804B,0,NA,NA,NA
KBTBD3,48.949,-0.43117,0.26896,0.68212
YBEY,208.86,-0.074954,0.72851,0.92015
CLN8,538.18,0.60275,2.5282e-5,0.0032524
PLCXD1,193.37,-0.37143,0.056475,0.35038
NXPH4,268.65,-0.16685,0.32453,0.72264
CACNB4,13.635,-0.024571,0.97174,NA
IFNL1,0,NA,NA,NA
TRAPPC6B,524.68,0.53242,5.6831e-4,0.029647
PGBD4,112.86,0.20697,0.42096,0.78594
CDY2A,0,NA,NA,NA
NPLOC4,2152.1,0.10913,0.29115,0.69877
OTOL1,0,NA,NA,NA
KCNK4,2.2817,1.5453,0.31177,NA
TEX19,0.68384,1.6161,0.59286,NA
TSHZ2,889.08,-0.075633,0.71825,0.91699
CAPN12,10.444,-0.26491,0.70602,NA
EXOC7,3583.4,-0.021761,0.82293,0.95231
KPNA2,2018.3,-0.15075,0.1346,0.52164
WASH6P,690.99,-0.051639,0.71905,0.91742
XKRX,1.1169,3.7418,0.13119,NA
BGN,27175,-0.22211,0.016528,0.19793
CEP97,369.45,0.27489,0.12026,0.49717
LHFPL1,1.8136,-1.3154,0.46043,NA
FES,158.12,-0.35743,0.20763,0.62302
GLRX5,513.71,0.14163,0.35459,0.74476
FAM104B,133.78,-0.34244,0.11349,0.48461
TBPL2,2.8036,1.7375,0.26113,NA
CAV3,0.81943,-3.0928,0.25996,NA
MXRA7,7403.9,-0.17565,0.15442,0.55126
LIMK2,323.1,0.024574,0.89757,0.97572
MFSD5,521.07,0.0053349,0.97107,0.99259
RNASE10,24.79,0.15002,0.74618,0.92747
ADI1,1854.2,-0.13675,0.27028,0.6828
RWDD4,533,-0.11732,0.52544,0.83553
SPNS3,0,NA,NA,NA
CLEC4G,2.0569,2.4357,0.19087,NA
SATB1,396.65,-0.07415,0.66377,0.89442
NXPH3,65.458,-1.174,0.0048659,0.10536
CSF1R,16.25,-0.83099,0.20146,0.61579
EPHB3,467.94,-0.48959,0.044371,0.3182
VCX,0,NA,NA,NA
EPGN,11.686,1.3602,0.050089,NA
KRTAP11-1,0,NA,NA,NA
SNORC,6.8348,-0.30684,0.76401,NA
HS3ST4,11.501,-0.48669,0.61651,NA
TRAK1,2834.4,-0.016155,0.88563,0.97126
TSPAN10,112.04,-0.31867,0.26531,0.67972
OR2V2,9.603,0.4455,0.59349,NA
PLCB1,135.2,0.19577,0.446,0.79885
SKA2,495.11,-0.069543,0.64988,0.88989
RXFP3,0,NA,NA,NA
OR10G7,0,NA,NA,NA
NDN,1042.7,-0.059667,0.65732,0.8929
CCDC172,0.48606,-0.74002,0.82825,NA
OR4Q3,1.0101,0.16827,0.94941,NA
NTM,1766,-0.16293,0.42785,0.78997
TTC3,8892.1,-0.012069,0.9051,0.97672
KCNB2,0,NA,NA,NA
PPP1R27,1.0391,0.92189,0.67559,NA
BRICD5,28.679,0.59048,0.3099,0.71179
GALR2,0.88253,3.3259,0.2792,NA
RESP18,0,NA,NA,NA
IGIP,249.64,0.078048,0.70348,0.90942
TSKU,758.22,-0.30793,0.072494,0.39537
CMC4,202.7,-0.0090563,0.96782,0.99243
ANXA2,45171,-0.12596,0.23141,0.64526
RGS6,0.633,-2.0485,0.51364,NA
HOXB4,227.33,0.13619,0.52522,0.83551
SLC35D3,0,NA,NA,NA
PAQR7,452.05,-0.07859,0.57419,0.85848
PAPPA,3481.3,-0.41151,0.020283,0.2202
MAFA,2.019,1.1101,0.51988,NA
NGRN,1546.8,-0.15131,0.16511,0.56583
GRID1,31.613,-0.34399,0.40785,0.77912
RPS17,15390,-0.15848,0.26156,0.67585
HCAR2,2.4207,1.9549,0.32568,NA
OR2T29,0,NA,NA,NA
CCDC87,14.166,-0.31404,0.63853,NA
GSTA5,0,NA,NA,NA
C1orf116,13.148,1.1457,0.23984,NA
MAGEB17,1.4605,-0.86998,0.64662,NA
CRIP2,1867.9,-0.3022,0.0060713,0.11698
DDX28,148.56,0.23917,0.28134,0.69272
KRTAP13-2,0,NA,NA,NA
ACBD3,1579.8,0.031036,0.78822,0.94061
C16orf72,2481.7,0.1253,0.352,0.74366
PLCXD3,10.44,-0.072231,0.92487,NA
VMO1,5.2604,-0.44834,0.69697,NA
OR4F15,2.1193,-1.0302,0.49751,NA
ALG12,488.62,-0.27179,0.092736,0.44489
LCK,0,NA,NA,NA
GALNT9,3.3807,-0.52908,0.70423,NA
COL18A1,10932,-0.030461,0.76081,0.93235
RBM10,1248.9,0.10981,0.35178,0.74357
ADGRG3,0,NA,NA,NA
GLUD2,6.4738,0.047047,0.95994,NA
TMEM95,0.17004,1.0962,0.78821,NA
TCHHL1,0,NA,NA,NA
RPL35A,6284.8,-0.063407,0.65774,0.8929
RGS7,25.398,-0.39282,0.39956,0.77331
SLC25A18,8.8062,0.70904,0.38594,NA
ZNF721,310.07,-0.18625,0.2698,0.68255999999999994
TCEAL7,56.999,-0.0533,0.86593,0.96539
C11orf54,308.23,-0.17365,0.45719,0.80345
CEP63,535.11,-0.012196,0.94556,0.98811
WFDC10B,8.2252,-0.90856,0.24684,NA
SRPRA,2619.2,-0.029719,0.79023,0.94113
OTOP3,0.16927,1.0936,0.7887,NA
EWSR1,3195.2,0.20323,0.12064,0.49748
ODF3L1,0.67304,0.15724,0.96361,NA
HMGN4,1175.7,-0.071092,0.57017,0.8573
SPATA13,539.48,-0.0067281,0.97156,0.99259
GJC1,844.6,0.11208,0.50028,0.82305
SOX1,0.35027,1.9931,0.62153,NA
CNOT10,384.82,0.11019,0.44904,0.79962
OR4M2B,0,NA,NA,NA
MTA1,2165.1,-0.18612,0.077773,0.40805
ZNF662,59.641,-0.084489,0.8614,0.9644
CADM1,260.58,-0.44746,0.073976,0.39914
ZNF320,428.99,0.40794,0.02459,0.24038
C12orf60,11.374,-0.042698,0.95356,NA
PYCR1,1803.5,-0.77528,1.5172e-6,3.6869e-4
NAA38,381.51,-0.20554,0.28277,0.69371
SPNS2,3.8833,-1.2854,0.2805,NA
MCEMP1,0,NA,NA,NA
AP2A2,2286.1,-0.15382,0.15858,0.55874
SLC8A1,1300.7,-0.50245,0.0051235,0.10587
OR1G1,0,NA,NA,NA
SLC25A21,15.011,0.28323,0.63927,0.88719
OTOP2,0,NA,NA,NA
CYLC1,0,NA,NA,NA
PCP4,0,NA,NA,NA
ABAT,171.81,0.10103,0.6413,0.88731
SLC25A10,227.06,-0.26719,0.13238,0.51747
CAMK1D,213.48,-0.11502,0.5554,0.85072
RGPD6,31.98,-1.4213,0.049607,0.33441
LYSMD4,157.35,-0.058967,0.77917,0.93896
WBP2NL,3.5284,-0.045856,0.97014,NA
IGSF5,20.672,-0.11577,0.83192,0.95449
NKX2-5,0.60432,2.5645,0.40369,NA
AFMID,280.6,-0.062382,0.69897,0.9081
GAS6,19325,-0.16666,0.14185,0.5285
FREM3,0.16752,-0.83144,0.83854,NA
NEB,8.7516,0.43394,0.6108,NA
BEGAIN,8.6456,0.46454,0.58065,NA
GPC6,1382.7,-0.12455,0.30789,0.70993
ARHGEF37,21.851,0.5216,0.48447,0.81691
FAM43B,4.9851,-0.67773,0.51071,NA
CSMD1,0.4797,-0.74059,0.84882,NA
CALHM3,2.3188,0.55287,0.7124,NA
PTGDR2,7.7459,-0.99406,0.2841,NA
CEP57L1,418.31,0.17543,0.30352,0.70666
RIPPLY3,9.0863,0.79932,0.33629,NA
ANKRD20A2P,4.5783,-0.21579,0.86874,NA
GPR19,6.7388,1.2133,0.26694,NA
GJD3,162.26,0.045924,0.8493,0.96106
RABIF,288.92,0.12766,0.45003,0.80016
TMEM119,3349.3,-0.27486,0.05449,0.34542
FANCF,137.91,-0.055488,0.80508,0.94676
CALN1,6.8349,0.6026,0.62096,NA
SMDT1,236.53,-0.041769,0.83517,0.95609
GABRR3,0,NA,NA,NA
C2CD4C,6.3047,-0.17266,0.84487,NA
CHST6,17.641,0.4958,0.40826,0.77912
POTEC,12.078,-0.21265,0.76435,NA
RUVBL2,1264.5,-0.23138,0.041741,0.30997
GDPGP1,51.388,-0.076752,0.81811,0.95064
CTNNA3,0,NA,NA,NA
RIMBP3C,2.9444,1.8695,0.3295,NA
PRR36,6.8086,-1.0925,0.34194,NA
OR51B4,0,NA,NA,NA
PTTG1IP,9060,-0.12337,0.1902,0.6001
DDX41,1098.4,0.031382,0.861,0.96431
ABHD16B,96.78,-0.10048,0.69873,0.90797
OR52E8,0,NA,NA,NA
CCDC60,0,NA,NA,NA
PLGLB1,107.33,0.38889,0.18269,0.59134
DAZAP2,2329.2,-0.038326,0.77188,0.93591
CCBE1,3405.6,-0.58097,3.3482e-6,6.9737e-4
SELENOF,2511.7,-0.12135,0.3498,0.74075
OR5P2,0.16769,-0.83205,0.83842,NA
FAM9A,0,NA,NA,NA
MAGEA2B,0,NA,NA,NA
TMEM121B,8.5396,-0.18356,0.81042,NA
ZNF623,650.82,-0.18248,0.21145,0.62701
OR2T34,0,NA,NA,NA
OR52L1,0,NA,NA,NA
EPHA10,1.3128,2.6185,0.29952,NA
SPDYE4,0,NA,NA,NA
CCDC125,97.826,-0.084702,0.7807,0.93951
REC114,0.65125,0.30216,0.92226,NA
BOLA2,60.855,-0.037561,0.90697,0.97759
BCOR,811.55,-0.15433,0.2537,0.66795
JRKL,450.62,-0.2208,0.11386,0.48478
CABCOCO1,19.937,-0.70378,0.21655,0.63316
GBP6,8.6684,0.012706,0.98691,NA
KIAA2026,907.21,0.087268,0.51173,0.82851
OVCH2,1.3406,0.85266,0.64617,NA
SYNDIG1L,2.9791,2.7579,0.23435,NA
FHL3,464.44,-0.44627,0.012927,0.17376
OR56A4,3.2063,0.93836,0.52719,NA
PMCH,1.3604,0.84778,0.66367,NA
TMEM89,1.2097,3.7793,0.11806,NA
C19orf71,132.95,0.16636,0.50532,0.82533
CCDC159,154.05,0.0015951,0.99461,0.99899
RIPK4,24.234,-0.58753,0.22234,0.63763
LRIT3,0.98971,0.18266,0.95161,NA
NPIPA1,1089.5,0.055921,0.6673,0.89547
SF3A3,1362.4,-0.10435,0.39927,0.7732
TFDP3,0,NA,NA,NA
TRIM61,89.615,0.080573,0.75541,0.93001
GRIN2A,68.843,-1.1017,7.1338e-4,0.033078
URAD,0,NA,NA,NA
GTF2H2C,657.85,0.10780000000000001,0.4755,0.81335
ASB7,365.96,0.061832,0.72818,0.92004
SH2D7,0.17861,1.0906,0.78926,NA
TREX2,53.141,0.2157,0.58303,0.86203
GPR132,8.006,1.2117,0.17892,NA
MX2,112.94,-0.099291,0.76093,0.93235
EP400,2289.9,0.3552,0.019652,0.21616
MEX3B,177.51,-0.40641,0.18123,0.5891
TENT5C,33.393,0.22299,0.64112,0.88731
COA5,317.61,0.084248,0.67985,0.89941
UTP11,552.91,-0.022018,0.87326,0.96828
PSMG1,442.95,0.056165,0.70646,0.91053
PRR14L,645.66,-0.18228,0.28086,0.69232
KLRC4,0,NA,NA,NA
ACSM5,25.233,-1.1211,0.070333,0.39057
C10orf120,0,NA,NA,NA
IZUMO1R,0,NA,NA,NA
SERHL2,118.93,0.60572,0.024743,0.24085
PCBP3,575.8,0.37289,0.0039546,0.095566
PGPEP1L,1.077,-1.1071,0.64063,NA
SETD3,1193.9,-0.036758,0.79031,0.94113
TNFAIP8L3,63.443,-0.015139,0.96743,0.99243
ZNRF3,213.8,0.3595,0.07242,0.39537
FBXL7,855.24,-0.13115,0.40115,0.77377
TANGO2,463.55,0.20261,0.16948,0.57298
H3C13,6.7639,0.51237,0.62862,NA
SFXN4,146.82,-0.3204,0.15976,0.55995
GKN2,0,NA,NA,NA
FAM167B,35.725,0.20912,0.63381,0.88581
MRPL54,340.89,-0.31596,0.089885,0.43909
ZNF438,185.55,-0.49159,0.040829,0.30838
HMCES,487.77,0.26485,0.063582,0.37114
CCR3,3.0378,0.8138,0.56177,NA
DGCR6,60.89,-0.57709,0.13575,0.52251
GOLGA8G,5.1183,-0.92496,0.4188,NA
PRR32,0,NA,NA,NA
TP53TG3,0,NA,NA,NA
RP1L1,0.52687,2.5822,0.48359,NA
KRTAP8-1,0,NA,NA,NA
HOATZ,10.724,-0.54966,0.57767,NA
ZNF530,92.593,0.28477,0.4485,0.79961
NDUFB1,290.08,0.064812,0.74783,0.92797
MARCHF11,0,NA,NA,NA
KLHL25,80.103,-0.025017,0.93178,0.98398
TAFA1,0.34276,1.952,0.62886,NA
TRMT12,184.19,0.028456,0.89287,0.97407
PSG9,24.37,-0.17884,0.72357,0.91845
GPR1,657.9,-0.66996,0.0050665,0.10566
BMP8A,62.218,0.35426,0.33574,0.73073
ALYREF,828.94,-0.18379,0.18289,0.59134
RFLNB,1195,-0.25048,0.064573,0.37475
EFHC2,0.50378,1.0322,0.78688,NA
NOG,14.249,-0.63953,0.35942,NA
MRGPRX2,0,NA,NA,NA
UPP1,305.71,0.34361,0.1707,0.5739
OR4N4,0,NA,NA,NA
IFNL2,0,NA,NA,NA
OPCML,136.97,-0.48212,0.05537,0.34753
TRIM52,291.38,0.18565,0.25269,0.66725
LHFPL6,1684.4,-0.15712,0.22918,0.64352
CMTM4,920.12,-0.014361,0.92861,0.98316
TMEM50A,3351,-0.15003,0.26107,0.67585
FIGLA,0,NA,NA,NA
ASCL2,2.111,-0.53766,0.73019,NA
TBK1,592.54,0.1348,0.32695,0.72394
CBX6,2822.2,0.0027683,0.97944,0.99469
MACC1,16.502,0.95994,0.14963,0.54254
ACSM2A,0,NA,NA,NA
TBL3,590.26,-0.12463,0.44927,0.79962
BPY2,0,NA,NA,NA
ACP7,13.689,0.50917,0.47784,NA
KREMEN1,1161.2,-0.10998,0.35412,0.74455
TRAIP,100.22,-0.3154,0.23181,0.64542
CHEK2,236.18,-0.16043,0.36275,0.75032
FOXL2,219.17,0.014935,0.93483,0.98464
AIFM3,8.153,-0.0071071,0.99316,NA
KCTD16,64.237,-1.0423,0.0022548,0.067551
B3GALT5,9.1159,1.4277,0.13859,NA
ZNF703,1150.8,-0.16745,0.20799,0.62348
SLC35F3,0.17862,1.1246,0.78285,NA
KCTD8,0,NA,NA,NA
TUBA8,37.764,0.57656,0.12832,0.51055
NPIPA5,179.82,0.23079,0.34222,0.73501
BPY2B,0,NA,NA,NA
EMILIN3,4.8591,-0.19793,0.87373,NA
OLFML1,195.48,-0.89802,0.0034278,0.08785
FAM162B,0.16699,-0.82963,0.83889,NA
RBM12B,537.38,-0.096473,0.53003,0.83796
CCR4,16.385,0.48837,0.39211,0.76965
LIN9,126.17,-0.43138,0.094281,0.44751
BTBD9,611.6,0.042204,0.77519,0.93725
NUDT14,65.999,0.073174,0.82461,0.95258
ANKRD45,1.8696,0.9499,0.59355,NA
CFAP91,1.4078,-0.073229,0.97793,NA
PNMA3,2.1554,-0.10553,0.94434,NA
GPR39,74.655,-0.32358,0.30328,0.70666
FAM3B,0,NA,NA,NA
ZNF730,11.825,0.13447,0.84318,NA
KIRREL1,6090.3,0.059107,0.50856,0.82626
IQGAP3,1434.1,-0.045124,0.80822,0.94734
CNGA2,0,NA,NA,NA
TOB2,1595.1,-0.39129,2.5226e-4,0.017514
SCN5A,7.3803,-1.4043,0.23171,NA
ARSI,91.457,-0.99863,5.9539e-4,0.030049
UTY,6.0365,-0.33003,0.73744,NA
SRARP,17.006,0.58536,0.33634,0.73168
TTC32,49.135,0.32796,0.3403,0.73487
LRRC55,2.0447,1.6872,0.32634,NA
DNAH2,15.416,-0.19626,0.7675,0.93458
SH2D1A,0.26476,-1.3707,0.73504,NA
SDR42E2,0.70497,3.0016,0.36552,NA
PRKX,375.18,-0.061334,0.70853,0.91186
KMT5A,1444.3,-0.30761,0.0043264,0.09913
KCNH8,0.335,-1.7905,0.65701,NA
SMTN,3063.3,0.095143,0.65886,0.8929
NPW,22.055,-1.3643,0.0080459,0.1357
PP2D1,5.2309,-0.611,0.54828,NA
COA3,420.64,-0.25813,0.11123,0.48073
NPB,5.9494,-0.59417,0.60121,NA
ST6GALNAC3,5.6771,0.43353,0.69673,NA
PTP4A2,5725.6,-0.014213,0.89159,0.97388
ACTG1,42066,-0.41306,0.0014923,0.053015
TMPRSS2,4.0671,-0.94989,0.41213,NA
DENND5A,3715.3,-0.12008,0.22386,0.6386
OR2T10,0,NA,NA,NA
KRTAP20-2,0,NA,NA,NA
CTAG1B,0,NA,NA,NA
DIABLO,566.45,0.050325,0.72363,0.91845
VPS33B,329.57,0.25725,0.10457,0.47039
TBX1,367.85,-0.030956,0.83951,0.95674
ADAP2,10.793,-0.076697,0.93558,NA
UQCR10,506.13,-0.13061,0.43442,0.79333
FAM120C,263.35,0.1839,0.44054,0.79603
TRIML1,0,NA,NA,NA
EIF3C,9713.1,-0.043039,0.74175,0.92512
CLDN5,0.33271,0.26313,0.94858,NA
NIPSNAP1,598.56,-0.32374000000000003,0.066699,0.38164
OR4F6,0,NA,NA,NA
CNTN2,0.73908,-3.1636,0.27048,NA
SPRR4,0.51636,1.0246,0.78655,NA
LRTOMT,136.5,-0.44626,0.12332,0.50284
OR10J5,0,NA,NA,NA
KCNQ3,60.857,0.50519,0.2345,0.64737
ADRA2C,26.081,-0.32245,0.52973,0.8378
NR2C2AP,209.1,-0.26009,0.21122,0.62672
C1QTNF12,17.559,0.54992,0.35513,0.74476
CRELD2,729.61,-0.22091,0.069644,0.38943
OR1D2,31.724,0.082925,0.84444,0.95868
SCFD2,1011.8,-0.12214,0.42838,0.7906
UBE2F,642.91,-0.089172,0.58486,0.86303
KCNJ12,32.155,-0.61547,0.14083,0.52671
GPR173,120.69,0.5912,0.10766,0.47542
PPP1R2,689.89,0.095923,0.46264,0.80587
TSPYL2,833.01,0.22138,0.23388,0.64719
GOLGA6L4,371.3,0.18683,0.46546,0.80755
PGP,318.07,-0.041259,0.81358,0.94882
SNRNP35,210.63,-0.14205,0.42956,0.79124
DGAT2L6,0.32085,-1.7356,0.66725,NA
IRAK1,2867.5,-0.17057,0.20723,0.62278
CMSS1,483.31,0.13963,0.47257,0.81209
OLIG1,0.16269,1.0707,0.79302,NA
PCDH9,178.58,-0.39261,0.23259,0.64619
ACOT1,51.982,0.0086527,0.98251,0.99542
OAF,648.81,-0.1099,0.45068,0.80056
ALDH1A3,2830,-0.47444,5.0087e-4,0.027833
H2AC20,4.1409,-0.72296,0.57728,NA
KCNK12,7.8075,0.082714,0.9238,NA
H2AC21,2.1537,0.80573,0.65942,NA
POU6F1,105.17,-0.10503,0.70111,0.90913
DEFB108B,0,NA,NA,NA
TM2D3,386.4,0.072628,0.65063,0.89007
TSSC4,564.04,-0.20116,0.17993,0.58659
TACSTD2,43.571,1.5938,0.3896,0.76796
CLECL1,0,NA,NA,NA
SIX6,0,NA,NA,NA
PRKD1,640.77,-0.43319,0.0011599,0.045434
CCSER1,3.8446,0.47027,0.72027,NA
ZDHHC23,78.674,0.63923,0.049292,0.33358
MROH7,6.4064,0.24474,0.80644,NA
S100A7A,0.097844,0.73745,0.85638,NA
SRPK3,23.716,0.3027,0.57392,0.85848
GDF3,0,NA,NA,NA
IQCF2,0,NA,NA,NA
SLIT3,20774,-0.13707,0.29628,0.70134
EFNA5,175.92,-0.0010089,0.99649,0.99956
MRGPRE,2.5831,3.8276,0.035562,NA
KRTAP19-1,0,NA,NA,NA
H1-5,7.562,-1.2376,0.24045,NA
SPATA32,0.50423,-0.79661,0.81323,NA
PKP3,88.999,0.43114,0.23646,0.64918
MAP7D2,21.934,0.28855,0.5959,0.86853
CSF1,2882.2,0.022581,0.87782,0.96911
COLEC10,6.3811,0.56986,0.5643,NA
ACTRT3,69.721,-0.19049,0.5293,0.8378
PLA2G6,184.39,-0.03382,0.89218,0.97407
MAML2,1322.8,0.11026,0.29458,0.70011
PABPC1L2B,0,NA,NA,NA
A3GALT2,1.4076,2.8502,0.23658,NA
OR4N5,0,NA,NA,NA
SS18L1,325.62,0.058864,0.74257,0.92571
KCND2,12.693,-2.2095,0.0059088,NA
TOP1MT,725.56,0.15045,0.27136,0.68362
COPB2,4397.4,-0.097111,0.32317,0.72144
LRRC19,10.218,0.57666,0.4457,NA
THAP7,219.31,-0.18508,0.3046,0.70739
KNTC1,637.69,-0.02422,0.90359,0.97663
CCR10,44.717,-0.058314,0.86694,0.9657
NCMAP,8.5053,0.43217,0.61206,NA
BPIFC,1.0839,-2.4645,0.41608,NA
WDR27,541.11,0.2354,0.28825,0.69669
TXNRD2,486.34,-0.23431,0.10114,0.46311
C1QTNF8,0,NA,NA,NA
OR56A3,0,NA,NA,NA
FOXO4,407.64,-0.15965,0.39066,0.76865000000000006
POU3F2,5.1319,0.41951,0.68689,NA
PTP4A3,40.055,-0.71414,0.10956,0.47793
FOXD4L1,1.9283,-1.3928,0.51309,NA
TMEM255B,213.22,-0.25054,0.2212,0.63663
PROS1,548.25,0.1179,0.36304,0.75039
GAST,0,NA,NA,NA
NUTM1,0.31619,-1.7196,0.67027,NA
HDDC3,193.59,-0.1945,0.38513,0.76397
BEX5,0.50173,1.0294,0.76044,NA
ZFP1,186.84,-0.077417,0.70215,0.90942
CEND1,59.308,0.042654,0.90296,0.97663
C6orf58,0.97784,0.11847,0.96467,NA
DHRS7C,0,NA,NA,NA
DUSP8,77.052,0.96808,0.0071636,0.12755
SOCS3,2137.3,0.19295,0.30615,0.70844
SPEM2,0,NA,NA,NA
SLITRK6,1.4236,0.40447,0.86607,NA
PIWIL3,1.4936,0.47763,0.79956,NA
LPAR5,1.0129,2.323,0.38566,NA
XPOT,6831.9,-0.27141,0.0078239,0.13385
STING1,1307.3,-0.33774,0.0050846,0.10566
PDE4B,110.95,0.92636,0.011589,0.16617
TAFA3,3.5803,-0.50086,0.69474,NA
C14orf180,0,NA,NA,NA
SNN,327.55,-0.30043,0.070667,0.39176
KCNH7,0,NA,NA,NA
NELL2,1.8151,1.6178,0.49801,NA
KRBA2,148.26,0.13793,0.61358,0.87648
MED12,977.68,0.33206,0.017701,0.20411
ZNF93,69.191,-0.11948,0.68331,0.90112
SEPTIN9,19520,0.16968,0.12221,0.50071
PRSS55,0,NA,NA,NA
ODF4,0,NA,NA,NA
FOXD4L4,1.0644,3.5936,0.20677,NA
CDCA2,373.01,-0.25106,0.13468,0.52177
RALYL,2.4775,-0.85386,0.57083,NA
AMER1,163.49,-0.21509,0.33197,0.72816
ZBTB40,810.52,0.29304,0.079639,0.41436
H2BC21,119.48,0.62468,0.02621,0.24814
CLDN6,5.4069,1.2125,0.27181,NA
OR51M1,3.2663,-1.0741,0.3948,NA
SEPTIN5,777.35,-0.2676,0.055116,0.34681
EIF4ENIF1,508,0.20303,0.25797,0.67318
LRRC26,1.288,-0.57576,0.79424,NA
SERINC4,0.9434,3.4317,0.32092,NA
RNLS,61.505,-0.41798,0.37967,0.76038
KRTAP6-1,0,NA,NA,NA
APOBR,2.8031,0.31911,0.8249,NA
FAM110C,3.2656,1.6033,0.2212,NA
DDX53,2.0332,1.7385,0.29752,NA
ATL3,4348.9,-0.013084,0.92919,0.98324
NDUFA12,494.28,-0.131,0.49556,0.82063
SMIM10,151.72,-0.10615,0.60943,0.87418
DYNLT2,5.7607,1.3622,0.22582,NA
UBE2G2,1443.7,0.15284,0.2281,0.64341
SATL1,0.13994,-0.76406,0.85147,NA
OSBP2,125.08,0.13327,0.69138,0.90514
TRARG1,0,NA,NA,NA
PRR23B,0,NA,NA,NA
ZBTB7C,2.8347,-2.9304,0.12272,NA
APOO,82.29,-0.35399,0.23525,0.64811
PRR16,927.25,-0.32164,0.011294,0.16394
TMED9,3122.8,-0.11356,0.31058,0.71209
DRD1,0.98175,-0.83695,0.73154,NA
TMEM186,115.64,-0.24689,0.31076,0.71209
SDR42E1,15.331,0.20791,0.78075,0.93951
RBM33,1269.4,0.47673,0.0058663,0.11526
ARMCX2,956.77,-0.041976,0.72771,0.91977
BTBD6,924.61,-0.34663,0.011525,0.16564
SRY,0.50268,-2.3788,0.55111,NA
H1-10,2600.2,0.004133,0.9822,0.99542
RBM43,410.71,0.013155,0.94382,0.98762
SUMO3,2046.1,-0.36959,0.0017859,0.05815
IMMP2L,138.97,-0.12404,0.56168,0.85378
TCEAL2,0.8492,-0.52598,0.85337,NA
CLCNKB,2.5779,0.83446,0.56776,NA
DMRTC1B,2.3318,0.99878,0.5187,NA
JAG2,25.326,0.33399,0.51401,0.8301
FMNL1,330.04,-0.047306,0.81062,0.94787
NUTM2A,31.566,-0.075462,0.85932,0.96352
PTRHD1,294.52,-0.45978,0.0062406,0.11868
LCN12,0.43487,0.57826,0.8866,NA
OR6A2,0,NA,NA,NA
WT1,1.6252,2.2164,0.37054,NA
ZFP90,740.1,0.13142,0.50782,0.826
AQP12A,0,NA,NA,NA
FAM227A,83.656,0.087295,0.76074,0.93235
OR6C70,0,NA,NA,NA
MUC6,13.693,-1.2001,0.2047,NA
NOC4L,245.59,-0.13954,0.42041,0.78584
USP18,67.746,-0.444,0.13763,0.52469
NDUFA6,672,-0.069401,0.674,0.89761
CHRM5,61.069,0.72179,0.056125,0.34964
SORCS2,167.76,-0.73484,3.7569e-4,0.022408
TMEM121,114.34,-0.27141,0.26639,0.68027
TMEM106A,72.808,-0.44582,0.1359,0.52263
SIVA1,696.22,-0.25086,0.091875,0.44356
BRI3BP,414.81,0.36387,0.069103,0.38868
IFNE,28.495,0.94883,0.14735,0.53882
SLC22A10,1.8577,0.94998,0.56019,NA
DGAT1,488.6,-0.15305,0.32942,0.72564
RFX6,0,NA,NA,NA
ROBO2,286.07,-0.44434,0.073927,0.39904
AP3M1,1293.7,0.04686,0.66312,0.89425
F8,138.84,-0.13672,0.63438,0.88594
NT5C1B,19.123,-0.23091,0.7253,0.91919
CA13,36.753,0.26851,0.50538,0.82533
UBOX5,226.45,0.0578,0.76402,0.9333
MAFF,1564.1,0.12161,0.36918,0.7537
BRF1,732.48,0.10206,0.42431,0.78798
LRRC14B,0.33832,1.9507,0.62931,NA
SEMA4B,406.45,0.042311,0.81724,0.9506
MROH2A,0.97961,-0.8135,0.75907,NA
SPDYE16,140.26,0.23368,0.29019,0.6987
CIB1,1158.2,-0.048280000000000003,0.70061,0.90894
ANKS1B,8.8377,0.55124,0.50549,NA
NELFA,464.72,0.051772,0.70756,0.91096
SLC24A3,0.15761,-0.83271,0.8383,NA
SGCZ,0.40827,0.6858,0.84951,NA
EFCAB10,11.733,0.24809,0.73196,NA
C5orf47,0.35015,1.9926,0.62162,NA
KRT76,0,NA,NA,NA
FLRT2,1532.1,0.10117,0.37422,0.757
INTS5,553.54,-0.049026,0.73623,0.92417
RPS27L,2015.8,-0.1693,0.27004,0.6828
MANEAL,53.816,-0.59587,0.11507,0.48804
ADSS1,91.977,0.03612,0.8924,0.97407
ANO9,9.5269,0.7019,0.42286,NA
FAF1,816.89,-0.13842,0.29621,0.70134
MYADML2,2.6503,-0.22337,0.87763,NA
FAM43A,431.91,-0.1585,0.4136,0.78224
NSMCE3,628.75,-0.024482,0.86099,0.96431
HSF1,1389.8,-0.085778,0.51405,0.8301
C6orf120,907.31,0.026839,0.82688,0.95394
PURA,1250.8,0.070844,0.63591,0.88597
H2BC13,1.4792,-0.20194,0.92277,NA
INPP5J,9.6128,-0.18257,0.84295,NA
NPY2R,0,NA,NA,NA
MIXL1,3.1588,1.7228,0.22243,NA
MFSD6L,0.34443,1.973,0.62522,NA
LRRC37B,316.18,0.039586,0.81747,0.95063
DDX51,399.62,0.29682,0.055521,0.34775
NOMO2,3261.5,0.082272,0.50221,0.82355
AQP12B,0,NA,NA,NA
ZNF479,6.617,1.1498,0.22456,NA
SIGIRR,401.46,-0.25149,0.11599,0.48939
NRBP2,1902.1,0.15047,0.36517,0.7518
PRSS57,0,NA,NA,NA
IFITM2,3186.2,-0.37977,5.461e-4,0.029317
TNFAIP2,917.86,-0.45175,0.0027713,0.077372
ZNF445,632,0.14558,0.47323,0.81209
PGBD2,98.841,0.078848,0.76505,0.93352
TCEAL9,1328.7,-0.014343,0.92427,0.98234
MC2R,1.8754,0.40212,0.83654,NA
RAB11B,1696,-0.0038674,0.97162,0.99259
PRMT3,329.43,0.024357,0.89291,0.97407
GP1BA,26.199,0.69522,0.1481,0.54021
PRPF39,542.42,0.14977,0.43902,0.7957
MAGEA11,0.14618,0.97496,0.81116,NA
PPIL6,52.928,-0.32526,0.33436,0.73044
ZNF74,209.19,0.375,0.14192,0.52856
KIAA0825,68.41,0.18663,0.59557,0.86842
UBALD2,844.26,0.13814,0.32698,0.72394
TEX33,0,NA,NA,NA
CDNF,19.049,0.20496,0.70576,0.91017
NOTUM,2.1852,0.45762,0.79537,NA
KLHL33,6.7461,-0.062304,0.94755,NA
RBM11,0.53574,2.6034,0.51437,NA
GALNT17,4.9825,1.168,0.31856,NA
ZBTB37,252.94,0.31217,0.069571,0.38943
NUPR2,3.1497,0.28655,0.82034,NA
IL3RA,45.259,0.41566,0.2809,0.69232
SPPL2C,0,NA,NA,NA
CCDC137,410.27,0.0048245,0.97651,0.99365
SFTPA2,0,NA,NA,NA
RGPD2,146.05,0.47365,0.022678,0.23213
ARL15,281.65,0.22274,0.26838,0.68163
C12orf56,15.343,0.27242,0.75211,0.92973
SCN10A,0.32142,1.8577,0.64607,NA
CDK10,838.06,-0.17671,0.51253,0.82928
SOCS1,56.272,-0.74717,0.067321,0.38425
TCN2,64.636,-0.61581,0.050823,0.33699
GAS2L1,996.39,-0.12796,0.34317,0.73589
ATP6V0A2,360.72,0.18192,0.25292,0.66725
PRKN,33.614,0.61872,0.15431,0.55126
TEDC1,150.29,-0.10037,0.68384,0.90112
HS6ST3,0.86661,2.1438,0.49923,NA
HGS,2847.5,0.093671,0.58519,0.86303
TNFAIP8L1,208.56,-0.15197,0.39984,0.7734
OR2V1,31.37,0.24965,0.61785,0.87886
RAD51D,366.35,-0.10784,0.53448,0.83951
OR7A17,17.043,0.23222,0.71984,0.91742
MAPK11,430.39,0.12205,0.41482,0.7832
SP140L,434.65,0.073966,0.60803,0.87331
MRPL30,529.47,0.12372,0.56353,0.85418
TARS3,365.14,0.37332,0.014138,0.18297
SMYD3,349.55,0.023784,0.88219,0.97005
METTL7A,196.11,0.065678,0.8608,0.96431
IFNLR1,3.5025,0.14891,0.91151,NA
SH3BGR,33.603,0.040809,0.92444,0.98234
FAM174B,27.84,0.72036,0.11965,0.49641
FAM47A,0,NA,NA,NA
ZSWIM9,395.39,0.44074,0.01259,0.1712
KPNA7,0.3576,2.0191,0.6168,NA
TMEM179B,479.88,-0.12651,0.44034,0.79603
GPRIN3,1.2047,2.5939,0.30105,NA
KRT6B,286.85,1.95,0.25217,0.66725
PARPBP,144.02,-0.091651,0.69369,0.9057
STAC3,34.512,-0.27928,0.48148,0.8167
ROR1,684.25,0.2081,0.11434,0.48572
MUC1,421.36,-0.089697,0.70035,0.90894
FAAP100,981.92,-0.16073,0.18763,0.5971
IRF7,144.92,0.19342,0.46918,0.80986
L3MBTL1,125.6,0.23409,0.47974,0.81587
BRCC3,511.58,0.11706,0.43548,0.79425
SV2B,6.5101,1.9765,0.04325,NA
FAM131C,15.448,-0.8925,0.12876,0.51186
LMNTD2,25.896,0.61536,0.26417,0.67842
SPATA45,0.171,1.0994,0.7876,NA
PDE6G,4.4929,-0.37581,0.762,NA
PRKG1,505.22,-0.056661,0.75373,0.92978
NR2F2,939.7,0.0098812,0.94287,0.98762
DLK1,1.318,-0.76714,0.71954,NA
TLCD2,339.18,-0.22032,0.41019,0.77988
LSAMP,233.68,-0.17881,0.42859,0.7906
AHNAK2,12286,0.36755,0.017013,0.19986
OLFML2A,581.94,-0.1495,0.41704,0.7849
SP1,1766,0.051715,0.7007,0.90894
MRPL40,383.7,-0.069757,0.71467,0.91555
DBX2,0.16914,1.0931,0.78878,NA
INKA1,58.652,-0.63366,0.048351,0.33102
PDIA2,6.6439,-2.3634,0.026215,NA
PCGF3,1374.5,0.038039,0.7442,0.92664
LMLN,559.51,0.44958,0.001471,0.052584
P4HB,23398,-0.26095,0.0050595,0.10566
PSMD13,1447.4,-0.085754,0.52894,0.8378
PBX1,1639.3,-0.42522,0.03499,0.28554
NDUFA4L2,400.15,-0.27599,0.084596,0.42644
SHC4,40.285,-0.18417,0.69416,0.90576
KRT79,0.48692,0.95538,0.80461,NA
ZFP36L1,6216.3,-0.075826,0.66487,0.89499
UBE2L3,2085.8,-0.078053,0.48679,0.81715
NTF3,76.1,-0.57669,0.037444,0.29688
BRWD1,1169.8,0.35279,0.0075831,0.13211
SMIM23,0.7453,3.0888,0.41086,NA
PMEL,9.9238,-0.026779,0.9732,NA
SYN3,51.004,-0.44466,0.38978,0.7682
POU3F1,0.83653,-0.5021,0.84472,NA
SNAI3,12.861,0.46631,0.4648,NA
ZBTB3,70.873,0.61742,0.073559,0.39771
LYG2,0.12928,-0.6819,0.86728,NA
MORN5,0.5848,-0.13713,0.96626,NA
PRAME,0,NA,NA,NA
MYBL1,768.25,-0.37546,0.0032954,0.085627
MOSMO,478.14,0.19588,0.37605,0.75834
DRG1,878.21,9.0936e-4,0.99493,0.99899
ANKFY1,2034.1,0.23791,0.042672,0.31352
YTHDF3,1940.9,0.22888,0.049171,0.33337
ZNF696,240.9,0.25538,0.19197,0.60222
ADARB2,2.6301,-0.027963,0.98363,NA
NRG3,0,NA,NA,NA
SRL,3.3635,0.73385,0.56536,NA
C11orf87,228.42,-1.9235,0.015344,0.19102
IFIT1,220.03,-0.47024,0.19828,0.61172
CXorf38,348.49,0.26955,0.084406,0.42644
CLDN24,3.4813,-0.0099507,0.99361,NA
KCNQ5,200.16,-0.15671,0.4751,0.81302
ADAMTSL5,435.07,-0.39299,0.020381,0.22023
KCNIP4,1.9451,0.56068,0.79761,NA
SPATA31A6,0,NA,NA,NA
MORF4L1,6804.1,-0.18532,0.14451,0.53316
NLRP9,1.2426,2.5592,0.26557,NA
WDR53,121.55,-0.078512,0.78343,0.93992
DMWD,1590,0.2104,0.18866,0.59844
SLC52A2,901.71,0.045534,0.78122,0.93981
PIGP,136.71,-0.087402,0.70004,0.90881
IKZF1,0,NA,NA,NA
PCYT2,479.63,-0.073084,0.63311,0.88575
NAT8L,15.698,0.45889,0.50836,0.82626
OR6C76,0,NA,NA,NA
NPAP1,30.758,0.64826,0.21871,0.63608
BCAP31,2569.2,-0.018347,0.87973,0.96969
ARL17A,503.04,0.25274,0.13223,0.51733
GNB1L,135.67,-0.050006,0.84236,0.95806
DNAH14,37.111,-0.12097,0.76367,0.9331
CCDC190,0.1301,0.94169,0.81749,NA
EVI2B,35.748,0.02385,0.9505,0.98999
TMEM210,0,NA,NA,NA
NPIPB4,298.2,0.564,0.074257,0.39937
ZNF829,124.09,-0.14057,0.55531,0.85072
TMPRSS11B,1.3487,0.87999,0.68111,NA
THNSL1,102.36,-0.16394,0.52758,0.83691
TRIM69,74.296,0.25955,0.40622,0.77813
ATP6V0C,2145.6,0.027259,0.80045,0.94541
IFITM1,982.65,-0.089352,0.58209,0.86163
PRSS38,0,NA,NA,NA
BPY2C,0,NA,NA,NA
LAMP1,9579.7,-0.012348,0.905,0.97672
FFAR3,0.19812,1.1844,0.77162,NA
TAS2R60,0,NA,NA,NA
POMK,453.2,-0.11458,0.70193,0.90942
C16orf54,7.3869,0.97322,0.32561,NA
KLHDC8B,372.68,-0.24398,0.16667,0.56881
KLHL34,0.17886,1.0914,0.78911,NA
SETD4,299.8,-0.039804,0.84616,0.95934
PTCH1,182.03,0.27434,0.36497,0.7518
RTN4RL1,233.71,0.18025,0.32594,0.72311
OR4C46,0,NA,NA,NA
CALHM1,11.073,0.4031,0.58421,NA
KRTAP5-5,0.35566,2.0105,0.61834,NA
NKAIN3,141.61,0.6467,0.032324,0.27561
RNPC3,245.47,-0.031891,0.89831,0.9758
ZNF267,176.49,0.33023,0.092774,0.44489
IRS2,1624.4,0.64248,1.4385e-7,5.8647e-5
C7orf61,7.1437,-0.86901,0.30177,NA
FAM186A,7.2221,1.0316,0.33535,NA
SHOX,11.517,1.3406,0.16132,NA
LCE3A,0,NA,NA,NA
BICD2,1536.9,0.07704,0.53168,0.8383
LCE3E,0.67222,-1.4064,0.68369,NA
CCIN,49.517,-0.86641,0.013124,0.17536
TMLHE,248.86,-0.033919,0.87563,0.96873
GRK1,0.86192,2.0369,0.46842,NA
DEFB128,0,NA,NA,NA
SLITRK2,5.1851,1.844,0.10513,NA
PLK5,15.711,0.78349,0.28031,0.69191
RASA3,2875.5,0.14474,0.40065,0.77347
LRCH3,1239.6,0.19786,0.1225,0.50076
LEMD1,0.20542,1.1834,0.77181,NA
ATP4B,0,NA,NA,NA
NDUFA13,1504.5,-0.18426,0.20732,0.62282
ZNF566,158.85,0.0015673,0.99454,0.99899
ZNF529,171.23,-0.3312,0.24065,0.65447
ZNF284,107.11,-0.11429,0.68057,0.89974
HTR3E,0,NA,NA,NA
DLEU7,0.97461,-0.88634,0.71376,NA
KRT73,0,NA,NA,NA
TAL2,1.1404,-1.1873,0.63823,NA
AIDA,4230.8,-0.030073,0.79526,0.94314
CDIN1,242.2,-0.42,0.025778,0.24676
CD300LF,0,NA,NA,NA
ZPBP2,5.1334,0.067521,0.95132,NA
KRT5,1264.9,1.9137,0.20349,0.6188
NBPF6,0,NA,NA,NA
GSAP,21.673,-0.05329,0.92326,0.98234
HTR3D,0,NA,NA,NA
OR4F5,0,NA,NA,NA
AGBL4,1.7443,-0.78351,0.67128,NA
ARGFX,52.047,0.34553,0.34198,0.73501
CYP2R1,88.786,0.27916,0.30879,0.71058
LRRC70,4.8864,0.21619,0.84172,NA
ANKRD46,118.58,0.24717,0.33931,0.73401
PIP5K1C,2747.9,0.12674,0.26952,0.68255999999999994
OR5D14,0,NA,NA,NA
CYP4F2,0.279,1.6492,0.68464,NA
TEX38,0.94292,3.3883,0.25131,NA
OR5D18,0,NA,NA,NA
ZBTB6,243.91,0.11826,0.49625,0.82085
C2orf76,83.687,-0.0096894,0.97218,0.99261
TAS2R42,0.32866,0.12833,0.97491,NA
POLR3C,623.83,-0.062938,0.6533,0.89102
PRR30,0,NA,NA,NA
DEFB131A,0.33208,1.9134,0.63598,NA
UBL4B,0.49884,-0.77186,0.81953,NA
WWOX,114.65,0.25255,0.35396,0.74455
CYP4Z1,0.51376,2.5502,0.4928,NA
CENATAC,108.2,0.19684,0.46275,0.80587
BCL9L,4726.5,0.03492,0.79619,0.9432
POLR1D,1670.7,-0.11421,0.44812,0.79938
KIF18B,307.78,-0.069722,0.71731,0.91642
ZNRF1,493.09,0.32847,0.023601,0.23537
FFAR4,4.4079,-1.1039,0.31477,NA
BPIFB3,0,NA,NA,NA
BPIFB4,7.4279,-0.18494,0.82463,NA
SAPCD2,279.59,-0.34308,0.048358,0.33102
EDARADD,9.6274,-0.53608,0.49761,NA
SLC51B,1.836,1.5737,0.46977,NA
CYP4F12,0,NA,NA,NA
MTARC1,41.759,0.39484,0.42817,0.79034
LCE5A,0,NA,NA,NA
SOWAHB,2.3516,0.092294,0.95389,NA
BLOC1S4,326.18,-0.11874,0.48589,0.81691
LCE1E,0.13532,-0.759,0.85244,NA
ZNF749,94.948,-0.17155,0.65792,0.8929
KLHL32,0.41744,0.77533,0.84867,NA
MRTFB,541.67,0.41443,0.040175,0.30757
BTLA,0.69864,2.7791,0.41291,NA
ZNF17,106.6,-0.20156,0.39438,0.77085
KDM4D,25.388,-0.33325,0.48069,0.81588
GPAT2,64.05,-0.98089,0.0018955,0.060553
TOR3A,486.79,0.10133,0.46904,0.80983
PABPC1L2A,1.1958,2.6066,0.2505,NA
GABRA5,4.9678,0.29063,0.79229,NA
PPP1CC,3000.2,0.050503,0.64945,0.88985
ZNF555,116.92,-0.43636,0.13813,0.52494
OR10T2,0.15701,-0.83049,0.83872,NA
NAP1L3,92.506,0.44672,0.15114,0.54529
PRELID2,87.077,0.0088934,0.97368,0.99285
BACE1,3123.6,0.11722,0.2506,0.66606
RGS9BP,7.1711,0.46645,0.58201,NA
TMEM212,59.345,0.25446,0.49421,0.81999
SLC36A3,0.67257,-1.6945,0.62354,NA
SLC36A2,9.9971,0.49383,0.53104,NA
THBS2,22104,-0.14928,0.13043,0.51349
RXRA,2621.4,-0.31816,0.0025433,0.07255
ANKRD37,145.09,-0.13325,0.55855,0.85202
NUDT17,34.031,-0.1998,0.63536,0.88597
MINAR2,5.027,0.54357,0.63434,NA
ZNF75D,406.54,0.24296,0.13686,0.52389
CYP4X1,0.15329,-0.83097,0.83863,NA
KRT26,0,NA,NA,NA
KRT10,668.77,0.16684,0.43512,0.79388
GOLGA8R,46.731,0.72856,0.10033,0.46176
CD300E,2.4131,0.49867,0.80697,NA
CCDC30,167.91,0.21443,0.34712,0.73854
NKRF,244.24,-0.14982,0.42062,0.78589
GLDN,15.679,2.2003,0.0023277,0.068485
FCAR,15.549,0.56736,0.42077,0.78594
KPNA4,1898.4,0.16014,0.25148,0.66679
TRDN,0.081366,0.57383,0.88785,NA
OR6P1,0,NA,NA,NA
KRT3,0.15325,-0.83081,0.83866,NA
ZNF501,124.32,-0.22714,0.35446,0.74468
ZNF197,478.46,-0.11548,0.42702,0.7897
SPATA12,0.61294,-2.675,0.50101,NA
TMPRSS12,2.8649,-0.4886,0.74208,NA
FAM228A,11.369,0.06453,0.93361,NA
DEFB132,0,NA,NA,NA
NAP1L2,1.3486,0.88002,0.68111,NA
RPS23,13853,-0.19027,0.18574,0.59466
GNG2,965.7,0.2409,0.084116,0.42577
BTN3A2,409.22,-0.060719,0.70314,0.90942
AKAP14,0.087352,-0.46132,0.90984,NA
PCLO,1.7331,-1.5612,0.42022,NA
KLK12,0.46334,2.4334,0.54445,NA
RGS7BP,0.17522,1.0916,0.78907,NA
INSIG1,614.32,0.43379,0.0023016,0.068294
MYT1L,4.3912,1.0531,0.34647,NA
ZNF396,29.084,0.66701,0.2049,0.62008
TMEM222,738.87,-0.21977,0.1404,0.52671
OR9Q1,0.15185,-0.8255,0.83968,NA
CLCNKA,1.4981,-0.34155,0.85603,NA
OR9Q2,0.16906,1.0928,0.78884,NA
ARHGAP30,5.1977,0.090736,0.92639,NA
SEPTIN10,2797.4,0.04272,0.71431,0.91526
FAM86B1,275.24,0.05087,0.79948,0.945
CYP4F8,3.1933,0.93589,0.50075,NA
CYP4F3,23.56,0.50143,0.31384,0.71421
SMYD4,354.46,0.19238,0.19658,0.60894
DEFB105A,5.895,1.4511,0.14318,NA
FOXD2,5.7716,-0.46066,0.62096,NA
GPATCH8,1360.8,0.16889,0.24217,0.65616
CEACAM19,205.07,0.48245,0.035653,0.28934
DEFB107A,0,NA,NA,NA
NF2,1337.7,-0.2574,0.054433,0.34534
SMIM29,584.08,0.28265,0.074067,0.3992
DEFB106A,0,NA,NA,NA
SPATC1,1.8379,-0.083408,0.96513,NA
UBE2H,3829.1,0.065534,0.6362,0.88597
DEFB105B,0,NA,NA,NA
HPDL,11.75,-0.4837,0.4736,NA
KATNA1,501.53,-0.20666,0.13837,0.52544
FSD2,32.232,1.2603,0.0035901,0.090598
ARAP1,2889.5,-0.1476,0.22318,0.63804
KIF24,163.79,0.15935,0.60676,0.87264
PDE2A,3.4705,-0.072502,0.95592,NA
SPDYE17,6.6705,0.12295,0.89176,NA
CARMIL3,2.379,0.98311,0.54338,NA
PRG2,1.2265,1.4253,0.61548,NA
PRR5,369.74,-0.34394,0.044201,0.31799
ZFP91,2740,0.011615,0.92031,0.98181
C17orf58,247.17,-0.29146,0.11433,0.48572
BCDIN3D,132.7,-0.14065,0.52332,0.83489
MAGEE2,0,NA,NA,NA
CYP27C1,25.013,0.6604,0.22268,0.63763
LYRM7,644.85,0.32796,0.084619,0.42644
CFAP73,6.025,1.5903,0.21838,NA
CCDC73,0.27438,0.13133,0.97432,NA
BCR,1354.8,0.13105,0.27069,0.68285
OR10H1,37.175,0.3676,0.34541,0.73699
MPPED1,0,NA,NA,NA
FSCN2,7.452,-0.44595,0.65679,NA
FOXI2,0,NA,NA,NA
SPIN4,182.18,-0.38308,0.066778,0.38181
ZNF732,5.595,-0.90222,0.35122,NA
SPIN2B,104.27,0.18233,0.53378,0.83925
SPATA31D3,0.16898,1.0926,0.78889,NA
FOXE3,1.5019,1.9286,0.37924,NA
HYAL3,85.322,-0.16754,0.55884,0.85202
KCNK18,0,NA,NA,NA
IFNA10,0,NA,NA,NA
VSIG10L,52.955,0.22268,0.54091,0.84327
CXCR3,0,NA,NA,NA
ZNF397,435.69,0.29965,0.072905,0.39679
ZSCAN30,728.49,-0.065873,0.66328,0.89425
TPCN1,1364.7,0.21127,0.074117,0.39921
LILRB4,8.6442,0.83245,0.37965,NA
TNFRSF4,1.3419,0.86106,0.68796,NA
KRT16,375.56,1.8962,0.17466,0.57905
HEXIM1,1460.4,0.19027,0.097149,0.45502
SELENOV,1.354,1.7323,0.42856,NA
LCE1A,0.17114,1.0999,0.78751,NA
KRT14,722.16,1.8738,0.13588,0.52263
TRABD2A,23.771,0.24008,0.64205,0.88731
KRTAP17-1,0,NA,NA,NA
PDZD7,41.579,0.27017,0.55097,0.84896
POFUT2,1794.1,-0.090364,0.46873,0.80968
QRFPR,1.4632,-0.8879,0.64023,NA
MAPT,53.586,-0.28783,0.40231,0.77461
ERCC6L,183.64,-0.15074,0.51931,0.83349
OR13F1,0,NA,NA,NA
OR5D3P,0,NA,NA,NA
TMEM17,89.484,-0.11986,0.67225,0.89755
TNFRSF18,2.6245,0.14955,0.91176,NA
FGF3,0,NA,NA,NA
C1QL4,1.3585,0.87537,0.63676,NA
RTN4RL2,49.37,-0.45551,0.20948,0.62517
ZDHHC17,671.67,0.33177,0.017036,0.19995
SERPINA11,0,NA,NA,NA
P2RY4,2.0629,0.10561,0.95676,NA
ZNF395,3565,-0.15809,0.16387,0.56478
ZACN,2.6979,1.7039,0.32949,NA
KRTAP22-1,0,NA,NA,NA
KRTAP19-6,0,NA,NA,NA
KRTAP6-2,0,NA,NA,NA
OR13C8,0,NA,NA,NA
PPARA,1237.8,-0.085614,0.64832,0.88985
TMEM232,10.578,0.66884,0.42005,NA
KRTAP19-2,0,NA,NA,NA
KRTAP19-4,0,NA,NA,NA
KRTAP15-1,0,NA,NA,NA
KRTAP13-4,0,NA,NA,NA
FAM183A,0.402,-2.082,0.60435,NA
EFCAB6,54.391,-0.46244,0.20985,0.62537
KRTAP19-5,0,NA,NA,NA
KRTAP23-1,0,NA,NA,NA
KANK3,10.036,0.59017,0.40712,NA
EMID1,1.1419,-1.2763,0.55172,NA
ACTL7A,0,NA,NA,NA
KRTAP21-1,0,NA,NA,NA
RHD,32.452,0.61244,0.17182,0.57559
ESPN,4.2548,-0.21242,0.85503,NA
PNLIPRP1,0.31559,-1.7279,0.66885,NA
PTRH1,193.63,-0.035974,0.86511,0.96539
KRTAP21-2,0,NA,NA,NA
SAMD7,0,NA,NA,NA
GPR141,6.8983,0.67423,0.54545,NA
TMPRSS6,7.7155,0.39868,0.65291,NA
CYP4A11,5.2045,-0.80845,0.46545,NA
TMEM216,146,-0.53796,0.028785,0.26108
RPS19BP1,629.38,-0.22575,0.19073,0.60077
TMPRSS11A,0.15565,-0.82546,0.83969,NA
TMEM262,1.6557,1.5951,0.38283,NA
C3orf70,62.009,-0.01829,0.9608,0.99062
TEAD1,5783.8,-0.16838,0.15087,0.54495
OR2AK2,0.15283,-0.82924,0.83896,NA
DEFB106B,0,NA,NA,NA
PLCD1,584.29,-0.044763,0.74959,0.92893
CCK,5.642,0.63891,0.50976,NA
ENTPD5,344.33,0.3591,0.037438,0.29688
MITF,68.085,0.23213,0.55644,0.85127
HEATR4,7.5331,0.23859,0.82084,NA
NAP1L1,11616,-0.1217,0.26593,0.68027
LILRA5,0.35333,-0.026348,0.99485,NA
CMC1,219.16,0.064578,0.72832,0.92004
SLIT1,5.5232,1.1767,0.24192,NA
LYPD6,310.89,-0.34462,0.028665,0.26108
AKR1C1,2992.3,-0.011289,0.92905,0.98324
VSTM2B,0,NA,NA,NA
FOXD3,0,NA,NA,NA
SPATA21,3.3955,1.6608,0.23537,NA
RNF220,1246.7,-0.33097,0.016052,0.1963
ANGPTL5,9.6846,0.25974,0.77976,NA
SHTN1,98.798,0.029109,0.90974,0.97885
H1-7,0.16937,1.0939,0.78864,NA
LCE4A,0.33572,-1.7939,0.65638,NA
LCE2A,0.16002,-0.84145,0.83662,NA
KRTAP12-1,0,NA,NA,NA
LCE2C,0,NA,NA,NA
ZNF546,123.61,-0.4275,0.27713,0.68951
TSPYL4,613.41,0.071044,0.62011,0.88026
DAZ3,0,NA,NA,NA
MT1X,147.45,0.54196,0.031408,0.2724
GCNT1,1128.4,-0.3202,0.0116,0.16617
LCE2D,0,NA,NA,NA
SESTD1,921.56,0.28173,0.053514,0.34336
LCE3B,0,NA,NA,NA
FNBP1,2154.2,0.042072,0.68528,0.9023
DYNC2H1,1066.5,0.15531,0.45582,0.80337
KRT12,0.46724,-2.1456,0.58205,NA
MAGED4B,818.18,0.47858,0.018159,0.2072
BCAM,237.67,-0.11762,0.59792,0.86941
RSBN1L,448.48,0.11313,0.45987,0.80416
NPSR1,0,NA,NA,NA
WDR86,0.71708,-1.4946,0.65855,NA
EPOR,154.79,0.13064,0.54214,0.84404
FAM9C,4.1166,1.32,0.38044,NA
KRTAP9-8,0,NA,NA,NA
CIDEC,66.052,0.33033,0.31201,0.71249
DCC,0.18912,0.12419,0.9756,NA
TAF9B,444.8,-0.31139,0.039549,0.30545
PCDHB13,103.95,0.10059,0.70895,0.91219
MAGI2,100.82,0.49741,0.042584,0.31318
LUZP2,4.5206,0.24461,0.81594,NA
LHFPL3,0.52062,2.0857,0.51933,NA
CHP1,2860.7,0.099265,0.34679,0.73826
FPR3,1.6671,0.72223,0.69043,NA
H1-6,0.34061,1.9613,0.62739,NA
C11orf96,379.98,-0.28441,0.11259,0.48337
KCNJ11,1.9302,1.1249,0.55202,NA
CDHR4,8.849,0.26419,0.75787,NA
COL4A1,3836.5,0.21669,0.040868,0.30838
PLEKHG7,0,NA,NA,NA
GJA4,0.61747,-2.736,0.49186,NA
PTMA,12146,-0.081671,0.42602,0.78947
H2AP,0,NA,NA,NA
HSPA14,190.94,0.20313,0.28913,0.69708
ATP13A5,0.37482,-1.9979,0.61963,NA
SIRT7,387.08,0.31565,0.061298,0.36487000000000003
PRR27,8.3668,0.47463,0.54144,NA
IFT140,879.9,0.25638,0.074141,0.39921
POTEG,0,NA,NA,NA
PRAMEF10,0,NA,NA,NA
AGMO,7.4304,-1.0306,0.33262,NA
SBK2,8.1943,-0.17066,0.84255,NA
CYP26C1,0.33841,1.9511,0.62924,NA
TLR5,3.9131,-1.0704,0.41541,NA
USP7,2443.5,0.17456,0.14445,0.53316
NANOS3,5.0421,-1.3236,0.23655,NA
FOXD4L3,0.15318,-0.83056,0.83871,NA
NHLRC1,69.934,0.26153,0.41855,0.78509
DPPA3,0,NA,NA,NA
COX8C,0,NA,NA,NA
PLEKHN1,90.531,-0.49348,0.11037,0.47925
ZNF385C,1.8258,-1.3357,0.45243,NA
MAGEH1,325.52,-0.091778,0.58236,0.86163
TET3,296.98,-0.087158,0.63023,0.88575
ZNF286A,356.15,0.14781,0.4492,0.79962
ISG15,161.45,-0.038782,0.85998,0.96407
EXD3,188.08,-0.056394,0.79625,0.9432
OR5W2,0,NA,NA,NA
MYMK,0,NA,NA,NA
C17orf97,46.262,0.11597,0.79283,0.94243
ZKSCAN4,130.9,-0.1196,0.60068,0.87049
RGPD1,15.815,-0.68728,0.76193,0.93255999999999994
DHRS4L2,296.46,0.067505,0.73129,0.92172
SAMD11,79.866,-0.51407,0.14015,0.52636
PERM1,1.5572,1.1128,0.62617,NA
VMAC,82.85,0.21239,0.48474,0.81691
C5orf52,0,NA,NA,NA
HAPLN4,19.69,-0.28034,0.59024,0.865
ERC2,0.96564,2.2159,0.4067,NA
B3GLCT,347.72,0.073361,0.66571,0.89529
SPRY4,1001.9,0.20388,0.38942,0.76796
ERAS,0.80301,-1.5803,0.57816,NA
TRPV2,1365,-0.1189,0.38694,0.76559
AMTN,0,NA,NA,NA
EZHIP,0.15312,-0.83034,0.83875,NA
C2orf88,11.085,-0.004403,0.99606,NA
OR2T27,0,NA,NA,NA
TMEM203,732.05,0.010704,0.93671,0.98547
SLC18A3,0,NA,NA,NA
KBTBD12,4.3425,0.71324,0.50759,NA
THSD4,773.24,0.13486,0.52536,0.83551
DNAJB13,2.4135,0.73866,0.68064,NA
GABRD,0,NA,NA,NA
AMY1C,0.296,-1.231,0.76289,NA
TCEA1,3966.6,-0.17195,0.23548,0.64819
NHEJ1,438.49,-0.10344,0.50521,0.82533
FANCA,332.1,0.21052,0.27005,0.6828
SECISBP2,400.47,0.19718,0.2433,0.65771
OR52B6,0.1529,-0.82949,0.83891,NA
C9orf153,3.8238,0.45916,0.75785,NA
SSX7,1.64,0.151,0.93876,NA
ADH1A,5.3846,-0.6588,0.54369,NA
SEMA4D,77.515,-0.17902,0.59538,0.86842
KRTAP10-8,0,NA,NA,NA
LIN28B,3.6639,0.67995,0.57691,NA
DIPK1C,0,NA,NA,NA
DNAH17,37.203,0.48924,0.34161,0.73498
MCRS1,728.85,-0.21182,0.086273,0.42947
TMEM72,0.29528,1.7179,0.67167,NA
FANCM,176.63,0.066074,0.79385,0.94262
FAM205C,0.65209,2.1203,0.49592,NA
ZNF70,181,0.094979,0.68074,0.89974
CARD9,125.02,-0.2284,0.37062,0.75424
PEAR1,120.86,-1.2359,8.5889e-5,0.0079932
ZFP69B,60.563,0.29371,0.37638,0.75834
TMEM202,0,NA,NA,NA
SOWAHD,1.3482,0.88059,0.68093,NA
ZFP69,81.405,-0.11424,0.69298,0.9057
HELT,0,NA,NA,NA
RTL4,0.78378,-3.0282,0.34395,NA
TMEM220,107.8,-0.12002,0.65353000000000006,0.89106
C2orf78,0,NA,NA,NA
H1-2,95.9,0.1645,0.52948,0.8378
PLSCR3,1459,-0.18255,0.10652,0.47397
EIF4EBP1,1249.7,-0.33572,0.021772,0.22584
P2RX2,0.84846,0.68341,0.81029,NA
ASCL4,0,NA,NA,NA
OR6C75,15.956,0.72606,0.28307,0.69371
CCDC157,85.266,-0.11599,0.68954,0.90409
TTC24,6.0022,0.31608,0.75383,NA
PABIR1,414.47,0.0038012,0.97963,0.9948
PALM3,17.835,0.42572,0.44653,0.79903
GFRAL,1.2613,-1.4404,0.5638,NA
FYB2,0,NA,NA,NA
SHISA7,0.96135,-1.8246,0.4561,NA
LRRC74B,2.4921,-0.45641,0.76426,NA
DMBT1,0.12222,-0.70026,0.86374,NA
CLEC17A,9.1323,0.31009,0.71682,NA
OR51I2,0.64302,-1.3165,0.66907,NA
LCN10,0,NA,NA,NA
LDLRAD2,76.905,0.16453,0.63338,0.88575
C2orf66,3.3913,1.3257,0.3172,NA
OVCH1,3.5057,1.9241,0.19028,NA
CYHR1,844.82,0.040203,0.75736,0.93158
COL14A1,261.34,-0.10458,0.69168,0.90536
DNER,6.4701,1.8075,0.084729,NA
CPSF4L,0.32691,-0.31006,0.93942,NA
KLHL17,428.56,0.15336,0.47937,0.81587
ZCCHC13,0,NA,NA,NA
PLA2G2C,9.7067,0.52774,0.46858,NA
ZSCAN23,39.425,0.015335,0.96885,0.99243
RINL,45.951,0.37553,0.33387,0.73006
C17orf99,0,NA,NA,NA
OR7D2,14.144,0.36004,0.557,NA
TPRG1,3.7587,-0.89526,0.57448,NA
MORN2,173.18,-0.19605,0.39761,0.7721
RTP5,0,NA,NA,NA
S100A3,154.32,-0.50454,0.020988,0.22285
UBQLN2,1037,0.27019,0.021127,0.22285
RILPL1,702.62,0.024855,0.85745,0.9633
C19orf67,0.12214,-0.68556,0.86658,NA
ZNF490,97.892,-0.61785,0.036038,0.29101
CLCN1,0.81006,-2.0296,0.48254,NA
NRN1L,4.2305,-1.5459,0.19967,NA
NWD1,8.1116,1.5923,0.075512,NA
ARL4C,1092.1,0.2394,0.03191,0.27385
RNF133,0,NA,NA,NA
TMEM221,5.6242,-0.76887,0.44163,NA
TREML4,1.341,1.6691,0.40076,NA
RAB42,93.04,-0.61147,0.016004,0.1959
WNT7B,4.5011,0.42156,0.74696,NA
C11orf95,1735.9,0.083924,0.57465,0.8586
SCGB1C1,0,NA,NA,NA
PRSS45P,0,NA,NA,NA
PLA2G4E,5.3958,1.483,0.17106,NA
GPR89B,83.629,-0.17148,0.65207,0.89067
MESP2,4.8259,-1.2947,0.24027,NA
FAM25A,0.51273,2.5506,0.52333,NA
EYS,7.8014,-0.36708,0.73103,NA
C6orf132,381.81,-0.91193,9.1806e-7,2.4094e-4
DAZ1,0,NA,NA,NA
OR2AG2,2.5206,-1.3487,0.41637,NA
MAPK12,394.65,-9.8254e-4,0.99551,0.99901
TMEM215,0,NA,NA,NA
NUTM2G,10.651,1.2238,0.097055,NA
COL4A5,207.17,0.25058,0.29077,0.69877
KRTAP10-6,0,NA,NA,NA
AGRN,9517.9,0.12218,0.24728,0.662
NHS,312.08,0.54221,0.012575,0.17117
OTOG,0.15955,-0.83975,0.83695,NA
FAM166A,1.0957,1.0414,0.72202,NA
TMPPE,36.017,0.28336,0.52417,0.83521
ZNF626,103.13,-0.19901,0.43975,0.79603
HEPACAM2,0.18357,1.1064,0.78628,NA
SMTNL2,0,NA,NA,NA
ZC3H6,375.65,-0.0842,0.63801,0.88649
LAMTOR4,488.6,0.0019039,0.99226,0.99889
PRKAR1B,261.06,-0.32057,0.12752,0.50985
NUTM2B,15.621,-0.049282,0.93511,0.98464
NCR3LG1,70.068,0.5746,0.071525,0.39415
DCUN1D3,523.67,0.078028,0.56819,0.85643
POTEE,0,NA,NA,NA
ZNF793,54.616,0.51817,0.25289,0.66725
TUBB4B,6093.8,0.021905,0.84211,0.95796
AGAP4,235.25,0.55841,0.022109,0.22861
COMMD6,735.98,-0.175,0.2626,0.67703
PLA2G2A,0,NA,NA,NA
IL17REL,2.0482,1.7551,0.33294,NA
HYKK,63.759,-0.56939,0.11452,0.48619
OR7A5,0,NA,NA,NA
C15orf62,35.462,0.4985,0.24448,0.65902
RUFY4,0,NA,NA,NA
ZNF383,208.75,0.16433,0.46802,0.80903
HES4,89.587,-0.3593,0.2042,0.61913
IGFL1,5.491,2.8783,0.042846,NA
ZNF669,75.572,1.2174,1.458e-5,0.002174
PEAK3,7.3727,1.2633,0.30238,NA
LRRIQ4,0.64759,-1.33,0.66526,NA
CENPP,115.33,-0.48996,0.10077,0.46234
PLSCR1,295.26,-0.13554,0.44067,0.79603
C3orf62,121.79,0.077233,0.80694,0.94685
ENO4,8.3822,-0.84418,0.30091,NA
ZNF559,327.25,0.19664,0.31914,0.71849
SBK1,18.985,-0.19271,0.7268,0.91942
OR6C6,3.3188,0.41086,0.75136,NA
BSPH1,0,NA,NA,NA
SLC38A3,1.5534,-0.66876,0.7468,NA
OR6N2,0,NA,NA,NA
GTF2F2,732.9,0.029126,0.84828,0.96043
CIBAR1,439.06,0.1504,0.33707,0.73277
FOCAD,1053.3,0.10555,0.41539,0.78373
PRR19,17.394,0.050109,0.93506,0.98464
ZP3,33.443,-0.090407,0.8302,0.95445
C10orf99,2.4163,3.7177,0.074813,NA
H3-5,0,NA,NA,NA
IFNA2,0,NA,NA,NA
JAKMIP3,27.458,-0.89399,0.055336,0.34753
PPP3R2,0,NA,NA,NA
PDCD1,0,NA,NA,NA
CLEC2A,63.056,-0.6171,0.053775,0.3434
GPR21,0.15801,-0.83416,0.83802,NA
DYNLT4,24.008,0.60074,0.23013,0.64409
SELL,1.007,0.12472,0.95823,NA
MAGEB5,0,NA,NA,NA
CHM,862.86,0.083013,0.52059,0.83379
NANOS2,0,NA,NA,NA
BLOC1S5,369.77,0.17222,0.38043,0.76094
CERKL,1.8438,-0.53334,0.80515,NA
SLC24A5,0,NA,NA,NA
IER5L,580.3,-0.79811,1.6184e-4,0.01319
H2AX,1181,-0.22995,0.059011,0.35983
INSC,7.5577,-0.59554,0.49019,NA
SERPINA5,1.1053,-2.2966,0.36748,NA
C19orf54,209.61,-0.10527,0.62645,0.88428
LCTL,22.859,0.23024,0.65032,0.89003
NCCRP1,17.104,0.22131,0.69991,0.90881
KRTDAP,6.5373,2.2025,0.12187,NA
COL25A1,3.3758,-1.7372,0.33026,NA
FAM83G,571.48,0.066098,0.70698,0.91067
CFAP77,0.37192,0.5176,0.89906,NA
SRSF10,1666.3,-0.016188,0.89738,0.97569
HBA2,1.5827,-0.61879,0.74099,NA
DUSP28,73.669,-0.17223,0.59243,0.86648
CCDC9B,531.51,-0.51234,0.0015929,0.054696
NBR1,3861.8,0.013455,0.89164,0.97388
OR2G6,17.478,0.49808,0.40588,0.77785
RALGAPA2,277.25,0.56142,0.0067107,0.1222
NDOR1,525.12,0.1102,0.5452,0.84563
FBLL1,8.2491,-0.71324,0.38419,NA
NKAIN2,0.4798,-2.3224,0.48847,NA
KRTAP1-1,8.5328,-1.2024,0.18876,NA
PAQR9,5.4078,-0.84916,0.41845,NA
CLEC20A,0.15904,-0.85222,0.83456,NA
CFAP54,86.546,0.49455,0.13422,0.52124
CLN3,404.88,0.23277,0.14076,0.52671
FAM72B,69.226,-0.046877,0.89023,0.97304
ASAH2,31.585,0.74436,0.30704,0.70966
SUMO2,3400.7,-0.33218,0.0076298,0.13261
NANOS1,40.979,-0.092777,0.83871,0.95656
HMX3,2.3325,0.57337,0.70941,NA
IGFL3,0.80044,-1.7512,0.54212,NA
GOLGA8M,1.6742,-1.9038,0.3647,NA
ZNF177,46.793,0.51368,0.21715,0.6342
RTL6,1457,-0.10505,0.30558,0.70826
DPYD,2758.1,-0.21165,0.035294,0.28748
S100A16,4676.5,-0.012423,0.9511,0.98999
PTAR1,1370.3,0.25619,0.10834,0.47649
CC2D2B,13.478,-0.26175,0.69599,NA
RNASE9,0,NA,NA,NA
SAXO2,15.909,1.1579,0.13648,0.52341
RHCE,14.351,-1.6539,0.043864,NA
C2orf80,2.3668,1.9829,0.28188,NA
IDO2,0,NA,NA,NA
PARVB,1485.8,-0.14807,0.26936,0.68255999999999994
SLC4A5,35.719,0.9427,0.047688,0.32884
UROS,800.31,-0.031905,0.81974,0.95131
OR56A5,0,NA,NA,NA
KRTAP24-1,0.15824,-0.83498000000000006,0.83786,NA
ZDHHC9,1377.3,-0.15576,0.19662,0.60894
ZBED6CL,9.6561,-0.070751,0.92305,NA
QRFP,8.8259,1.3908,0.23334,NA
DUSP29,0.65464,-2.7602,0.4182,NA
SMIM15,1050.8,-0.087267,0.43301,0.79257
OSTN,0,NA,NA,NA
VWC2,0.82,-0.44338,0.8773,NA
FAM221A,7.5167,0.086023,0.92174,NA
TMEM120B,547.34,0.41545,0.019209,0.2133
FSIP2,1.8423,0.08376,0.96933,NA
RBM34,580.57,-0.099515,0.47118,0.8115
NOXA1,41.636,-0.16775,0.75042,0.92896
TMEM198,94.51,0.089913,0.77351,0.93686
BCL2L15,5.5888,1.3026,0.2177,NA
FZD9,12.486,-0.24067,0.7316,NA
SPRED3,289.88,-0.33171,0.22929,0.64352
OPTC,1.0497,-2.3782,0.38119,NA
PLET1,2.2067,1.8759,0.24873,NA
ADRB3,1.6554,0.169,0.92588,NA
SKOR1,13.826,1.3053,0.090725,NA
CATSPER4,0,NA,NA,NA
PRELP,1544.4,-0.77051,1.1986e-9,9.8302e-7
PLA2G2E,0,NA,NA,NA
ZNF548,209.96,0.17411,0.49299,0.81999
MTF1,539.89,0.051138,0.71127,0.91327
TMCO2,0,NA,NA,NA
SHISA6,0.22423,-1.0624,0.79286,NA
TMEM201,344.45,-0.047701,0.76614,0.93352
NHLRC3,252.74,0.075118,0.68029,0.89974
HMX2,0,NA,NA,NA
SNTN,8.2106,0.52663,0.51901,NA
ZDHHC11,28.811,0.25078,0.6347,0.88594
CALHM6,15.566,0.020707,0.97546,0.9934
CNR2,6.445,1.4423,0.13974,NA
SLX4,239.55,0.35569,0.073527,0.39771
ENTPD8,1.2333,-3.5941,0.18622,NA
RPL14,13384,-0.097953,0.49257,0.81999
BEND4,0.1284,0.90009,0.82542,NA
FAM78B,7.8067,0.47105,0.59373,NA
ZNF563,50.633,0.026497,0.95211,0.98999
TMC3,21.12,-0.18401,0.71412,0.91526
FBF1,290.99,0.13553,0.45117,0.80112
KLRG2,1.7054,4.2406,0.052232,NA
ASTL,0.53618,2.6048,0.51414,NA
MSL1,2230.4,-0.13747,0.18937,0.59895
LRRK2,535.66,-0.017254,0.919,0.98151
BSX,0,NA,NA,NA
GJB3,9.1449,1.7468,0.15947,NA
INSYN2A,29.317,0.7351,0.098133,0.45703
TRMT2B,317.37,0.10297,0.557,0.85127
HACD4,684.06,-0.19878,0.15042,0.54423
CFAP126,117.38,0.13763,0.55434,0.85027
NYX,0,NA,NA,NA
FAM120AOS,753.02,-0.01762,0.89522,0.97445
UTS2B,37.774,0.36528,0.3589,0.74772
C9orf152,2.6903,0.88207,0.51287,NA
NOC2L,1517.3,0.17193,0.16467,0.56506
MSANTD1,6.0878,2.0261,0.048724,NA
AADACL3,0.33277,0.12867,0.97485,NA
NELFB,1812.5,0.0069324,0.95244,0.98999
SLC15A5,0,NA,NA,NA
LIPI,1.2519,-0.92799,0.67006,NA
LRRC66,20.432,-0.062330000000000003,0.91,0.97885
ZNF292,1081.2,0.32417,0.044334,0.3182
HUS1B,1.3061,0.13315,0.95073,NA
KCTD21,255.07,0.065686,0.75427,0.92978
SBSN,783.52,0.098959,0.41846,0.78509
ADAT2,115.13,0.15355,0.55265,0.84926
KIR2DL4,0,NA,NA,NA
MAGEB16,0,NA,NA,NA
VHLL,0,NA,NA,NA
DUSP21,0,NA,NA,NA
ZNF567,132.36,-0.077962,0.71823,0.91699
NDUFA4,1188.3,-0.12663,0.42052,0.78589
ANKDD1B,7.8592,0.37128,0.71409,NA
ALKBH2,206.85,0.011633,0.95301,0.98999
RNFT1,154.78,0.56931,0.017635,0.20411
RNF222,3.4504,1.3184,0.30815,NA
CGB5,0,NA,NA,NA
RELN,48.738,-0.022739,0.94972,0.98999
FAM111B,410.09,-0.22913,0.30475,0.70739
APOD,417.21,-0.19891,0.21735,0.63435
H1-0,4132.3,-0.0091248,0.95768,0.98999
GAGE2A,0,NA,NA,NA
LITAF,1212.9,0.014128,0.92187,0.98228
VSTM1,0,NA,NA,NA
TMEM120A,612.65,-0.24349,0.1604,0.56096
ARID2,553.8,0.11621,0.44596,0.79885
FAM25G,0,NA,NA,NA
SF3B3,2793.8,0.22018,0.085761,0.42844
PRSS48,0.46531,2.3253,0.56074,NA
IL1RAPL2,2.4936,-0.51472,0.7715,NA
BLOC1S3,241.28,0.2368,0.22617,0.64152
SP6,15.046,-0.63255,0.32923,0.72546
ANKRD34B,0,NA,NA,NA
PLAC9,521.18,-0.42813,0.014814,0.18729
FAM47B,0,NA,NA,NA
NKAPL,25.333,0.60735,0.21776,0.6347
FSCB,0,NA,NA,NA
CLDN4,139.56,0.35876,0.13572,0.52251
ZNF573,45.131,0.90305,0.053301,0.34336
GRAPL,7.0077,-0.91978,0.31253,NA
FAM47E,37.172,0.19919,0.70399,0.90942
JPT1,983.34,0.026758,0.83719,0.95619
ZNF527,142.65,0.13476,0.60623,0.87264
ZAR1L,0.2826,1.6495,0.68436,NA
KRTAP10-12,0,NA,NA,NA
S100A13,2193.4,-0.020148,0.88673,0.97163
ZNF33A,455.19,-0.16219,0.28252,0.6936
OR14I1,0,NA,NA,NA
KRT77,3.2355,1.9627,0.24512,NA
PCDH18,4880.6,-0.38254,0.025992,0.24715
DCAF8L2,0,NA,NA,NA
ZNF600,85.616,0.32627,0.27619,0.68831
BTBD8,140.96,0.33532,0.24752,0.66218
MAOA,15.309,0.067336,0.90665,0.97742
C15orf61,207.83,-0.42613,0.10811,0.47649
NUGGC,23.374,0.5236,0.38726,0.76589
TSPYL1,1878.2,0.085928,0.39254,0.76994
SPANXN3,0,NA,NA,NA
TRIM64B,0.50378,-0.79084,0.81461,NA
PNRC2,1596.4,0.043396,0.70614,0.91039
DRICH1,7.8728,0.60129,0.4837,NA
GJB5,5.0773,1.0802,0.36314,NA
FHIT,10.432,-0.33889,0.71308,NA
ALKAL2,1.1905,-1.2906,0.60597,NA
ZKSCAN3,107.78,-0.29436,0.25917,0.67464
FOXR2,0,NA,NA,NA
RRP7A,1491.8,-0.06889,0.58128,0.86163
LIN54,456.5,-0.10987,0.48024,0.81587
FAM53B,562.46,0.24574,0.085353,0.42814
FAM180A,1433.9,0.27742,0.22915,0.64352
BNIP5,0,NA,NA,NA
SPANXN4,0,NA,NA,NA
S100A14,72.646,2.1502,0.11774,0.49455
KAZN,588.31,-0.19525,0.15418,0.55125
SLC35E2B,2503.5,-0.079903,0.53016,0.83796
TOGARAM2,0,NA,NA,NA
SPATA31D4,0.64466,0.13903,0.96825,NA
NEMP2,106.84,-0.3201,0.31578,0.71662
KIAA0408,48.451,0.5442,0.25337,0.6676
GSPT2,315.78,0.17845,0.30375,0.70679
TBC1D28,0,NA,NA,NA
C8orf76,241.7,0.12627,0.48888,0.8186
CXCL17,0.15306,-0.8301,0.8388,NA
OTUD6A,2.0659,1.6914,0.31324,NA
HMGB1,4874.5,-0.029593,0.78688,0.94061
MMP23B,5.6133,-0.45144,0.67875,NA
SH2D5,62.486,0.65764,0.11208,0.4828
ZFP92,28.467,-0.20966,0.67435,0.89762
NCR1,1.1263,-0.22554,0.9287,NA
RASSF10,0,NA,NA,NA
GJB4,2.2213,2.5291,0.18717,NA
OR2L13,0.18032,1.0961,0.78823,NA
BLOC1S2,555.28,0.12513,0.5225,0.83481
SYCP2,68.532,0.22316,0.59256,0.86651
ZNF724,27.528,-0.32819,0.52835,0.83733
IL1RAP,375.93,-0.27079,0.093005,0.44541
PTPRT,1.9078,-1.4141,0.44212,NA
MYBPC1,0,NA,NA,NA
PAX5,1.371,-1.8542,0.38563,NA
OR5K4,0,NA,NA,NA
OR6M1,0,NA,NA,NA
SPOCK3,0,NA,NA,NA
ZNF676,0,NA,NA,NA
ZNF699,207.38,0.26508,0.16441,0.56478
TDRD7,359.22,0.0062837,0.96797,0.99243
CCDC189,45.451,0.17031,0.64876,0.88985
OR8A1,26.103,1.2042,0.015251,0.19076
KIAA0895L,501.79,0.0088122,0.97049,0.99259
HLA-DRB1,1.9555,-2.2149,0.21481,NA
VN1R2,13.095,0.81292,0.2109,NA
MYT1,9.2802,-0.062749,0.9359,NA
SERPINA3,8.7534,0.24476,0.75171,NA
AKR1C3,823.21,-0.76918,1.5034e-4,0.012408
SPATS2L,2356.8,-0.24077,0.056548,0.35038
ZNF250,179.99,-0.2466,0.36561,0.75244
WDSUB1,272.69,-0.11167,0.5248,0.83544
ZNF79,95.427,-0.12962,0.63218,0.88575
S100A4,12289,-0.3402,0.0067147,0.1222
PLEKHG4,1383.5,-0.022146,0.90073,0.97613
KRTAP4-3,0,NA,NA,NA
FAT4,1233,-0.31132,0.21904,0.63663
KIF19,0,NA,NA,NA
OR6K2,0,NA,NA,NA
ZNF681,29.376,-0.58902,0.18371,0.59211
ACADSB,605.91,0.23563,0.10743,0.47542
STK40,1038.3,-0.07177,0.52267,0.83488
OR10J1,4.0753,0.58619,0.62759,NA
TMEM63A,849.12,0.33028,0.075006,0.40042
CTSE,1.9558,2.3903,0.21482,NA
SEMA4A,16.675,0.30888,0.6455,0.88886
HRCT1,56.744,-0.7896,0.054726,0.3457
MPHOSPH8,1551.7,0.26021,0.066256,0.38065
GREB1,9.2481,1.1541,0.18524,NA
SIRPB2,2.6419,-1.1048,0.42042,NA
ZNF766,332.08,0.35628,0.10321,0.46713
RYR1,20.704,2.072,0.026343,0.24904
SRGAP3,53.432,0.30102,0.45059,0.80056
KRTAP5-3,0.33565,0.12022,0.9765,NA
FAM217B,271.82,-0.037173,0.86721,0.96588
SULT1C3,0,NA,NA,NA
TUBB,23944,-0.12955,0.15893,0.55909
LCOR,715.94,-0.0035781,0.99516,0.999
SUPT5H,2780.9,0.15557000000000001,0.14846,0.54021
XPNPEP3,268.03,1.0633,4.2376e-4,0.024177
OR2T2,0,NA,NA,NA
OR2C3,138.76,0.092141,0.67534,0.89808
ZNF107,170.5,-0.0068666,0.98038,0.99534
OR10S1,0,NA,NA,NA
SFTA2,0,NA,NA,NA
PPIA,14744,-0.11644,0.31646,0.71676
ZNF471,388.78,0.48016,0.0043196,0.09913
ZNF836,120.18,-0.59156,0.063505,0.37114
ZNF493,151.46,0.62088,0.012535,0.17116
GTF2IRD2,293.94,-0.30942,0.13494,0.52203
GRM7,0,NA,NA,NA
SUPT3H,115.32,-0.21208,0.35206,0.74366
BECN2,0.35638,2.0137,0.61777,NA
NIF3L1,284.45,-0.011618,0.94584,0.98829
ATP2A1,30.528,0.43939,0.40536,0.77755
IARS1,7091.3,-0.24307,0.027443,0.2557
POM121,2028.8,0.22525,0.060115,0.36185
ZBTB44,1442.6,0.13145,0.31187,0.71249
GIMAP5,0,NA,NA,NA
STK31,0,NA,NA,NA
CGB7,6.7131,0.56262,0.54834,NA
NLGN3,12.011,0.71476,0.34638,NA
OR8D1,5.4291,-0.32293,0.76549,NA
ADH7,0.23345,1.2451,0.76026,NA
ZKSCAN7,87.202,7.9358e-4,0.99766,0.99957
ZNF729,0,NA,NA,NA
CD55,1266,-0.19074,0.14143,0.52737
CPNE4,0.36967,0.13259,0.97408,NA
ZNF565,82.338,-0.11711,0.67593,0.89808
NTNG2,134.17,0.52009,0.040858,0.30838
ELAVL3,1.3106,3.9362,0.2056,NA
WDR5,1131.9,-0.18234,0.14089,0.52671
LONP1,2412,-0.42521,3.0949e-4,0.01991
TRRAP,1928.1,0.40856,0.011984,0.16836
NUDT11,251.23,-0.2671,0.11857,0.49599
SRGAP2B,1104.1,0.14831,0.30922,0.71072
FUT4,267.59,-0.0066165,0.96966,0.99258
ASB13,207.92,0.083928,0.65274,0.89083
SLC35F1,2.3082,-0.25608,0.88657,NA
ZNF34,70.442,-0.19146,0.54945,0.84836
ZNF781,17.449,0.43894,0.50076,0.82327
OR4Q2,0,NA,NA,NA
ZNF140,176.95,-0.35279,0.1204,0.49731
INCA1,93.054,-0.15681,0.54654,0.84652
ZNF774,58.104,0.80062,0.036647,0.2943
PTPN1,1079.6,0.30525,0.01691,0.19928
EVL,1931.7,-0.31148,0.016456,0.19792
SPANXD,0,NA,NA,NA
THEM5,11.707,-0.5639,0.44744,NA
NOXO1,1.0388,2.3443,0.37829,NA
EPHB4,1900.3,-0.1403,0.20871,0.62471
PRTN3,0,NA,NA,NA
ZNF765,232.6,-0.0011153,0.99528,0.999
ZNF124,66.806,0.45396,0.15493,0.55289
XRCC6,5467.8,-0.061123,0.60549,0.87253
S100A5,15.861,0.64302,0.3179,0.71748
C20orf204,5.0083,1.377,0.26423,NA
PPP1R26,551.75,-0.14414,0.27829,0.69004
NBPF4,0,NA,NA,NA
TSC22D2,991.65,-0.058506,0.71154,0.91327
CRYBA4,0.31807,-1.729,0.66854,NA
ASMT,3.2528,-1.0173,0.48153,NA
NPIPB15,30.403,0.64883,0.16769,0.57035
ZNF569,160.36,-0.041616,0.86099,0.96431
ARMCX4,215.29,0.7077,5.6785e-4,0.029647
YRDC,247.55,0.20635,0.22452,0.63921
ZNF777,502.42,-0.15585,0.31603,0.71662
PIK3R4,582.68,-0.14379,0.29033,0.6987
ZNF775,133.91,-0.62653,0.0075554,0.13184
ZNF605,381.63,-0.17192,0.32442,0.72261
TRAPPC2,230.83,0.23453,0.2859,0.69383
RFX8,1378,0.99207,0.10937,0.47757
MYL6B,649.41,-0.34652,0.048793,0.33243
ZNF799,92.663,-0.1264,0.65733,0.8929
FGF16,0.49569,-0.77284,0.81968,NA
SIAH1,421.82,0.024304,0.86486,0.96539
GK2,0,NA,NA,NA
C20orf96,123.01,0.14817,0.51626,0.83192
ESRRG,1.6966,-1.9814,0.28434,NA
IPO4,1204,-0.012929,0.91043,0.97885
NCOR2,6827.7,0.32843,0.048014,0.32952
SULT1A1,9.5196,0.1315,0.8649,NA
ARL9,4.4298,-0.63178,0.56772,NA
PRPF40A,2068.2,0.053206,0.69838,0.9077
GDAP2,282.2,0.19901,0.23379,0.64709
TCEAL3,464.05,-0.2078,0.17126,0.57458
ANAPC7,598.36,0.027012,0.86628,0.96539
TPK1,27.344,-0.33426,0.50198,0.82355
SLC6A9,970.01,-0.11164,0.4018,0.77419
AFAP1,3825,-0.18672,0.10125,0.46311
NACA,10044,-0.23461,0.075,0.40042
MYO18A,2236.4,0.1202,0.40818,0.77912
OR2T3,0,NA,NA,NA
SPTSSB,0,NA,NA,NA
BORCS6,115.56,-0.34123,0.18664,0.59571
MAN2A2,1138.2,0.035696,0.77126,0.93544
MME,7506.6,-0.23301,0.10908,0.47702
FAM72A,64.038,0.17435,0.59281,0.86651
CCDC196,0.15283,-0.82922,0.83897,NA
CACNA1H,3.084,-1.4201,0.38386,NA
SULF2,435.38,-0.91952,0.11097,0.48056
HBG2,0.43295,-2.1362,0.59334,NA
LAMA2,4748.9,0.060987,0.59534,0.86842
PFN3,0,NA,NA,NA
PLXNB2,9985,-0.032995,0.80899,0.94735
OR5AC2,0,NA,NA,NA
AJAP1,8.1804,1.5219,0.10556,NA
XRCC2,179.04,-0.25172,0.28179,0.69303
MYO6,1041.1,0.27909,0.030992,0.27063
MRTFA,891.18,0.28552,0.050856,0.33699
MBD3L2B,0,NA,NA,NA
HDAC2,1695.1,-0.023925,0.83529,0.95609
ZNF782,77.258,0.47048,0.11468,0.4867
SLC22A25,0,NA,NA,NA
POTEF,0.33577,1.9195,0.63474,NA
ZNF846,150.33,0.46685,0.047928,0.32914
MMP1,7084.6,-0.030916,0.96538,0.99243
ADH1B,269.58,-1.0082,0.32776,0.72472
UGT2B15,1.3188,-1.4755,0.46598,NA
TCF4,2283.8,-0.054337,0.69302,0.9057
WNK3,30.931,-0.056625,0.91024,0.97885
SDHAF3,114.91,0.071941,0.76687,0.93408
HRH1,203.85,-0.168,0.49695,0.82107
RABL6,2245.7,-0.11415,0.28201,0.69303
ZNF136,211.61,0.39382,0.093533,0.4458
ZKSCAN5,401.47,-0.021008,0.89485,0.97423
ZNF502,147.89,0.21069,0.3377,0.73288
TRAPPC4,515.19,-0.0245,0.88234,0.97005
TTC30B,91.505,-0.038956,0.88805,0.97222
SLC30A10,20.571,1.5033,0.0097323,0.14954
TECPR2,798.99,0.2095,0.099528,0.46006
TLR7,0.34791,1.985,0.62302,NA
FAM180B,10.174,0.36526,0.62273,NA
ZFP62,322.73,-0.38078,0.019126,0.21305
ERI2,273.02,0.0069922,0.96733,0.99243
TOMM7,2052.6,-0.08583,0.59411,0.86756
HSH2D,5.116,-0.14119,0.88714,NA
TRPV1,137,0.51746,0.042802,0.31367
ZNF33B,250.34,-0.55271,0.071896,0.3947
ZNF512B,1678.9,-0.015034,0.89379,0.97414
AMZ2,1290.4,-0.12347,0.42185,0.78672
ZNF431,224.69,0.27246,0.21482,0.63066
ALKAL1,0,NA,NA,NA
NF1,2107.8,0.36716,0.0032794,0.085467
VKORC1L1,1532.9,0.005273,0.96727,0.99243
ZNF418,61.999,0.28678,0.48335,0.81691
DAPK1,284.24,-0.40641,0.19097,0.6012
LCE1B,0,NA,NA,NA
HLA-DQA1,1.8536,0.37529,0.81375,NA
COL27A1,1058.8,0.21607,0.22268,0.63763
GM2A,810.25,0.14576,0.28415,0.69371
H2AC13,4.0323,-0.95263,0.52679,NA
CLPSL2,0,NA,NA,NA
S100A2,187.83,0.93148,0.22544,0.641
ZNF700,171.03,0.17004,0.37657,0.75834
POU3F4,0,NA,NA,NA
OR14A16,0,NA,NA,NA
CD47,2341.5,0.23601,0.065736,0.37916
OR52K1,19.155,0.61699,0.3045,0.70739
TLE1,387.45,-0.20712,0.20618,0.62139
MAML3,222.49,0.031748,0.87305,0.96819
H2AC11,17.505,0.60918,0.30731,0.70966
STRN3,723.55,0.13114,0.3143,0.71514
ZNF239,79.092,-0.41539,0.17462,0.57905
SPINK14,0,NA,NA,NA
SPRR2B,0.6899,2.9758,0.36861,NA
CHRNG,1.0688,-3.5382,0.288,NA
ZSCAN16,31.73,-0.38517,0.35404,0.74455
MVB12B,226.69,-0.010897,0.95228,0.98999
ILRUN,2179.6,0.2389,0.029931,0.26484
OR11G2,3.2788,0.15062,0.91319,NA
POTEI,2.6913,1.2357,0.4077,NA
ADA,154.39,0.079676,0.70013,0.90881
ARID5A,290.7,-0.022364,0.90313,0.97663
PATE2,1.1068,2.559,0.33163,NA
PPTC7,809.88,0.28092,0.049642,0.33441
KRT39,0.15312,-0.83034,0.83875,NA
TOMM20L,2.7965,-0.016454,0.99059,NA
RGPD4,32.666,0.069408,0.87516,0.96873
NHLRC2,657.53,0.21721,0.26219,0.6764
H2AC7,3.3112,0.10463,0.95551,NA
ZFP28,322.39,0.10091,0.55093,0.84896
CRACDL,1.1431,3.6331,0.21233,NA
CBWD3,130.55,0.78546,0.0089946,0.14394
SCN8A,1234.4,0.27137,0.11135,0.48112
LAMB3,415.68,0.26119,0.1337,0.51968
H2BU1,8.257,-0.72489,0.43883,NA
TEX43,0.32548,0.1291,0.97476,NA
KPNA5,284.99,0.042279,0.85526,0.96313
ANKRD36B,197.22,0.46506,0.18991,0.59976
ARHGEF12,4946.2,0.21927,0.053785,0.3434
HCAR1,23.634,0.091566,0.84603,0.95934
PDLIM7,1713.2,0.11361,0.36941,0.75398
FLNA,47568,0.072523,0.43787,0.7949
TMEM26,54.662,-0.27661,0.49593,0.82064
SRGAP1,2669.9,0.15494,0.42198,0.78672
FAM3C,2111.2,0.13264,0.27572,0.68828
NOP9,1015.1,0.42115,4.4667e-4,0.025373
OR2T4,0,NA,NA,NA
ZNF705A,3.1837,-0.034518,0.97956,NA
SLC39A10,619.84,-0.065748,0.7115,0.91327
CASP4,906.02,-0.026163,0.84108,0.95753
AP2A1,3846,-0.050993,0.63662,0.88597
ZNF585A,218.95,0.18187999999999999,0.34827,0.7391
FUT11,582.91,-0.084024,0.63628,0.88597
SMIM10L2B,23.937,-0.17481,0.73654,0.92417
ANXA4,1817.2,-0.089494,0.48573,0.81691
LAGE3,179.99,-0.19588,0.39021,0.76836
WDR5B,172.39,-0.17725,0.44571,0.7987
FAM163B,0,NA,NA,NA
NPIPB9,5.3876,2.9256,0.07705,NA
WDR45,1131,-0.08842,0.58129,0.86163
METTL9,3245.9,0.064486,0.64163,0.88731
ZNF138,60.852,0.21324,0.56842,0.85664
ZNF429,122.01,-0.080621,0.77811,0.9382
ZNF470,265.86,0.072897,0.67972,0.89941
SERTAD1,488.35,0.20178,0.22887,0.64352
ZNF100,110.01,-0.54689,0.039496,0.30545
EOLA2,278.71,0.047321,0.78183,0.93988
ZNF398,389.27,0.21605,0.21751,0.63455
ZSCAN25,303.65,0.19345,0.4012,0.77377
ANXA6,5882.1,-0.33148,3.8455e-4,0.02273
ZNF441,168.74,0.014844,0.95266,0.98999
GMFB,1802.5,0.015945,0.91231,0.97936
SIGLEC15,29.522,0.22328,0.67587,0.89808
ZNF420,127.76,0.19586,0.46021,0.80438
ZNF763,25.582,-0.83629,0.27823,0.69004
ZMYM1,326.21,0.071793,0.68295,0.90094
DTHD1,0.1642,-0.85633,0.83378,NA
H4C3,7.2863,0.40535,0.70014,NA
ZSCAN26,334.69,-0.13117,0.44659,0.79903
MAFG,1167.9,0.31434,0.0092885,0.14632
ARRDC1,429.71,-0.071241,0.63065,0.88575
KIAA1671,127.43,0.29305,0.18714,0.59647
KRT35,0,NA,NA,NA
IGF2R,4800.1,0.387,6.1286e-4,0.030233
LCE1C,0.16631,1.0834,0.79063,NA
GAL3ST4,138.08,-0.81618,0.0047984,0.1044
DYNC1H1,11466,0.4709,0.0015695,0.054198
SLC6A17,29.329,0.50688,0.34092,0.73487
IFNL3,0,NA,NA,NA
PCBP2,10226,0.026456,0.82898,0.95435
ZGPAT,631.31,0.30055,0.050677,0.33699
SLC25A29,365.82,-0.11878,0.4691,0.80983
PGAP1,414.03,0.59799,0.0028152,0.078099
SRC,1184.3,-0.17219,0.18749,0.59694
ZNF679,0.98674,-0.82697,0.75751,NA
ZNF682,55.982,0.49761,0.23933,0.65249
OR8B8,14.06,-0.12071,0.85563,NA
ZNF772,120.52,-0.031122,0.91872,0.98132
ZNF257,11.118,-0.37992,0.68156,NA
PCNX3,1241.8,0.39011,0.0058153,0.11475
ADAM32,19.757,-0.057164,0.92225,0.98229
ACSL5,51.3,-0.35731,0.28452,0.69371
LRRC8B,42.349,0.039802,0.92091,0.98198
ABCB8,604.51,0.024083,0.86459,0.96539
H3C12,1.4823,0.44006,0.85203,NA
SND1,6836.1,-0.0041283,0.96549,0.99243
ZNF785,224.41,-0.18839,0.32857,0.725
SULT1A2,27.208,0.5189,0.34322,0.73589
NEK5,6.2814,-0.58101,0.52630999999999994,NA
PSMD12,948.95,0.16495,0.22016,0.63663
MAGEA6,0.13843,0.97748,0.81068,NA
ADGRA1,0,NA,NA,NA
PIWIL2,7.9649,-0.37426,0.64804,NA
NOL4L,328.25,-0.16458,0.41776,0.78499
CYSRT1,17.877,0.90268,0.1846,0.59361
SLC22A4,152.37,0.6717,0.018771,0.21089
ZSCAN5B,1.2462,-3.835,0.17663,NA
ENTPD4,1277.9,0.065634,0.64174,0.88731
C1D,423.11,-0.10033,0.52431,0.83522
TBC1D9B,4871.3,-0.11314,0.28323,0.69371
OR1J2,3.7056,0.94254,0.49006,NA
H4C11,0,NA,NA,NA
SLC2A7,0.16957,1.0946,0.78851,NA
FAM110D,4.333,0.58731,0.58781,NA
SERPINA1,1.3333,4.2293,0.11687,NA
TPSB2,0,NA,NA,NA
KANK2,7087.1,0.043892,0.63363,0.88575
C6orf141,1.5458,1.8845,0.36499,NA
GTF2E2,598.54,-0.068393,0.67615,0.89808
IL27,0.39597,0.12635,0.9753,NA
GUCA2A,0,NA,NA,NA
RAD54B,107.39,-0.0061142,0.98203,0.99542
ZNF165,20.662,-0.26556,0.62833,0.88529
SYNGAP1,1013.9,0.025545000000000002,0.86994,0.96705
FITM2,399.06,0.089776,0.55835,0.85202
BLM,115.66,-0.20478,0.45543,0.80292
ZNF720,141.08,0.1087,0.62078,0.88055
OR10D3,0,NA,NA,NA
DDI2,830.09,0.14647,0.37953,0.76033
SVIL,3619.7,0.52039,3.7533e-6,7.6955e-4
TRIM33,888.24,0.26402,0.032468,0.27613
LRP10,7148.1,-0.04986,0.58255,0.86163
PELI1,114.88,0.38472,0.10239,0.46472
ZNF655,1219.3,-0.047505,0.72889,0.92055
MRPL21,317.25,-0.06661,0.74505999999999994,0.92678
LYPD2,0.52489,2.5783,0.48482,NA
UAP1L1,588.02,0.55713,6.6272e-4,0.032049
ZNF98,0.71255,0.10899,0.97532,NA
FBXL22,6.9636,0.049965,0.95923,NA
ZNF786,89.313,-0.48736,0.090334,0.44022
ZNF517,260.9,0.048157,0.83026,0.95445
S100A7L2,0,NA,NA,NA
ZNF675,86.746,0.12869,0.66019,0.89303
SLC22A5,63.6,0.23645,0.44573,0.7987
DACT3,223.31,0.029051,0.87432,0.96844
ADARB1,679.05,0.20343,0.27769,0.68995
ZNF860,4.0707,-0.69988,0.55817,NA
HTT,1970.5,0.34586,0.026654,0.25054
OR6N1,0,NA,NA,NA
C5AR1,26.241,0.64751,0.15357,0.55014
DIO3,0.17494,1.0907,0.78924,NA
CYP2B6,10.683,0.2642,0.70942,NA
H3C4,4.8324,0.39476,0.79341,NA
DCHS2,21.478,-1.356,0.052735,0.34291
VEPH1,296.09,-0.51415,0.020509,0.22023
FABP12,0,NA,NA,NA
SHPK,346.55,0.33115,0.047831,0.32895
OR51D1,0.5364,2.6055,0.51403,NA
IPP,283.02,0.2037,0.26663,0.68043
OPALIN,0,NA,NA,NA
OR13G1,0.52634,2.5812,0.51811,NA
MAP3K5,529.88,0.17957,0.43741,0.79465
OGDHL,0,NA,NA,NA
CYP2F1,9.4225,0.70102,0.39968,NA
GSTK1,1116.6,-0.10815,0.38819,0.76702
HNRNPAB,2890.7,-0.026976,0.87099,0.96722
OR2L5,4.8123,-0.15167,0.88515,NA
STMN3,1573.9,0.17056,0.28004,0.69186
PDGFA,135.5,-0.28577,0.23023,0.64409
GYPE,46.33,0.22753,0.506,0.8256
COL13A1,1318.8,0.13447,0.53835,0.84121
SPN,31.353,0.15093,0.78802,0.94061
ZNF695,31.528,-0.51038,0.21767,0.6347
PCDHB11,25.163,0.15036,0.75156,0.92972
ZNF628,249.18,-0.10673,0.60171,0.87091
GALP,0,NA,NA,NA
SLC2A10,1434.9,-0.021877,0.83348,0.95519
ZNF665,70.955,0.063527,0.84008,0.95682
RPF2,647.67,7.6019e-4,0.99633,0.99953
SLC28A3,11.966,-0.36839,0.58593,NA
FAM177B,0,NA,NA,NA
MIB2,1332,-0.060626,0.6323,0.88575
OR6Y1,22.152,1.0014,0.08482,0.42644
MYO5A,2866.3,0.33508,0.034089,0.28151
GZMM,0.31156,-1.7015,0.67367,NA
ATG7,644.1,0.19934,0.14622,0.53637
SIPA1L1,1660,-0.18665,0.10861,0.47683
TTC30A,297.08,-0.011576,0.94407,0.98762
ELANE,5.5402,-2.0329,0.084016,NA
RAB40C,471,-0.042832,0.76445,0.93344
PIGN,1091.1,0.21622,0.11364,0.48473
COL4A6,9.8434,0.468,0.54872,NA
ZNF624,118.76,-0.43973,0.087816,0.43402
HOXA4,66.983,-0.64235,0.05372,0.34336
TOPORS,722.48,0.087765,0.51692,0.83261
BCO2,12.132,-0.16441,0.80445,NA
KCNMB2,0.73072,1.239,0.71849,NA
ENTPD6,1353.8,0.046981,0.71805,0.91699
DMBX1,1.8869,1.9142,0.38868,NA
OR11L1,0,NA,NA,NA
ENPP1,319.56,0.036479,0.84998,0.96109
CCDC154,19.649,0.46655,0.38146,0.76122
FAR1,1656.8,0.22493,0.11092,0.48056
CPLANE1,753.16,0.31154,0.025475,0.24561
ZNF841,254.13,0.38109,0.09784,0.45624
MFAP5,847.7,-0.38294,0.007691,0.13319
MYH6,0.16756,-0.83159,0.83851,NA
ZNF615,187.15,0.0076343,0.97714,0.99365
EOLA1,236.95,-0.085612,0.64301,0.88797
CDC42SE1,1103.1,-0.14177,0.21373,0.62863
MPEG1,1.0361,1.0795,0.71752,NA
SERPINB2,108.92,-0.049926,0.85709,0.9633
DPP4,1426.8,-0.11565,0.40737,0.77867
SERPINB13,5.265,1.0274,0.54594,NA
PDCD1LG2,613.86,-0.49189,0.027577,0.25573
ZNF433,73.42,0.43386,0.14938,0.54212
CCER1,0,NA,NA,NA
DNAH10,104.87,0.47151,0.15844,0.55873
SLC22A24,0,NA,NA,NA
OR51C1P,0,NA,NA,NA
KRTAP26-1,0,NA,NA,NA
SPTAN1,8106.6,0.47396,3.6482e-5,0.0043919
NMB,53.349,-0.28646,0.38761,0.76645
PARVA,8337.1,-0.18268,0.077071,0.40566
KLHL14,0,NA,NA,NA
OR6C74,0,NA,NA,NA
FAM114A1,4437,-0.089995,0.39434,0.77085
RPE,869.16,0.07234,0.53463,0.83951
ZNF460,64.783,-0.23731,0.6098,0.87429
CR1L,0.1788,1.0912,0.78915,NA
PHF2,1246.7,0.050737,0.66274,0.89423
RPS26,5482.9,-0.080188,0.56962,0.8573
SCGB1D4,0,NA,NA,NA
PSAP,32079,0.0025314,0.9812,0.99534
S100A10,10678,-0.084384,0.49215,0.81987
CFAP43,6.2553,0.95386,0.30404,NA
LHFPL5,98.52,0.75854,0.072408,0.39537
RPL37A,17597,-0.12826,0.42579,0.78927
HOXC6,1346.7,-0.2946,0.010863,0.15963
TXNRD3,257.31,-0.080396,0.65016,0.89003
CFD,694.37,-0.5309,0.014579,0.18527
STPG3,7.339,-0.18713,0.83612,NA
MAP1LC3C,10.334,-1.3207,0.074124,NA
MCMBP,1859,-0.10975,0.40676,0.77842
EME2,457.6,0.39411,0.077987,0.40836
KLHDC1,77.041,0.20882,0.48636,0.81691
ZNF81,170.94,0.31449,0.25568,0.66997
TAF13,497.9,0.22004,0.15953,0.55985
ZNF780A,288.69,0.34879,0.11773,0.49455
ATAD3A,868.93,-0.12012,0.45191,0.80112
OR5B17,0,NA,NA,NA
OR52M1,0.16984,1.0955,0.78834,NA
FAM118B,294.04,0.17483,0.35723,0.74608
ZNF461,118.27,0.51895,0.13533,0.52234
CCDC180,44.104,0.51222,0.17932,0.58622
SLC9A8,430.03,0.078615,0.67469,0.89782
OCLN,108.49,0.31563,0.2589,0.67433
CFAP299,8.0994,-0.36201,0.64838,NA
H4-16,5.216,1.2341,0.30946,NA
CYP2A13,0.1695,1.0943,0.78855,NA
ZNF181,208.64,-0.57859,0.0078799,0.13429
OR8G1,2.979,0.13394,0.91981,NA
INKA2,254.67,0.16834,0.43876,0.79566
ZNF44,142.6,0.29858,0.18505,0.59393
GPAA1,2028.1,-0.27011,0.025794,0.24676
ADAMTSL2,2.4311,-0.84744,0.5635,NA
SGTB,673.67,0.12272,0.44716,0.79903
ZNF790,86.136,0.082182,0.75793,0.93199
PRB3,1.1031,-0.23288,0.9194,NA
CYRIA,26.375,0.79116,0.30034,0.70423
MYO1C,8138.2,-0.22088,0.017345,0.20285
NKIRAS1,450.92,-0.59304,0.011435,0.16512
OR1S2,0,NA,NA,NA
UGT2B17,0.58358,-1.0616,0.74158,NA
MEIG1,3.4889,1.9961,0.12644,NA
SLC22A12,0,NA,NA,NA
KIF13B,311.59,-0.0461,0.81799,0.95064
NRAP,0.35063,1.9947,0.62124,NA
ADH5,3907.9,-0.15266,0.21983,0.63663
SLC22A6,0,NA,NA,NA
H2BC12,138.38,0.079283,0.73394,0.92317
TEAD4,188.56,0.13036,0.53298,0.83895
SPG7,1325.6,0.25233,0.040159,0.30757
HRNR,2.4789,-0.0284,0.98546,NA
IFNA1,5.7668,1.838,0.10136,NA
HES5,0.17494,1.0907,0.78924,NA
ZNF677,142.28,0.1215,0.59994,0.87037
ERO1A,2862.3,0.16602,0.30351,0.70666
ZNF823,53.374,-0.20951,0.56203,0.85381
ZNF311,37.911,0.46126,0.31381,0.71421
ZNF347,359.73,-0.16297,0.49772,0.82153
OR5H2,0,NA,NA,NA
PLCG2,487.53,-0.14285,0.90599,0.97702
FCHSD1,869.72,0.25737,0.13688,0.52389
ZNF71,229.94,0.21752,0.22847,0.64352
AADACL2,3.5609,1.4748000000000001,0.27394,NA
S100A6,22374,0.13042,0.34886,0.7398
RPL12,15775,-0.15422,0.23328,0.64652
DNM3,59.925,0.0010521,0.99759,0.99957
ZNF121,470.68,0.76833,0.0064633,0.12025
MPZL1,2317.8,0.1845,0.18292,0.59134
VPS13A,1367.2,0.3295,0.054139,0.34453
MBP,83.22,-0.61498,0.19325,0.60477
AKAP17A,1108.8,-0.0087302,0.94132,0.98721
ELOVL2,15.334,-0.73606,0.20908,0.62471
GOLGA6L9,65.06,0.56699,0.10152,0.46337
LEKR1,2.9057,-1.0103,0.53301,NA
C1orf122,529.87,-0.17014,0.36641,0.75301
CLEC9A,0,NA,NA,NA
KEL,0.96685,-2.1451,0.3962,NA
NOL8,790.92,0.073366,0.59553,0.86842
IRAK4,477.66,-0.067382,0.69718,0.90731
ODAD3,21.016,0.23479,0.64514,0.88886
DLGAP2,0.36687,-0.40076,0.92175,NA
MRPL42,679.19,0.096448,0.54626,0.8463
ENTPD7,334.1,0.32732,0.13156,0.51561
FCGR1B,4.4904,2.6983,0.025848,NA
SPANXA1,0,NA,NA,NA
ZNF335,552.02,0.13792,0.35429,0.74455
ZNF560,6.7394,-0.21542,0.8153,NA
TUBA3C,3.5665,0.51485,0.69412,NA
RPS4X,25131,-0.13998,0.22668,0.64215
ZNF273,30.464,0.26683,0.57664,0.85946
ZNF84,557.23,-0.23755,0.16676,0.56884
MAK16,478.05,-0.098799,0.49586,0.82064
ZNF667,304.39,0.40452,0.032593,0.27646
AVPR1B,0,NA,NA,NA
SIRPA,2553.1,-0.10686,0.26791,0.6813
GRK6,629.9,-0.1656,0.25895,0.67433
PRIM1,169,-0.13098,0.54631,0.8463
MARCHF5,770.02,0.089573,0.47392,0.81238
POTEH,0,NA,NA,NA
NPIPB13,34.264,0.45781,0.3594,0.74806
AKR1B10,28.844,0.26522,0.62839,0.88529
SULT1C4,1.1381,-1.2181,0.59742,NA
CYP2A7,2.0301,3.4308,0.074282,NA
ZBTB14,284.48,0.021656,0.91316,0.97936
KRTAP9-9,0.51726,2.5574,0.49057,NA
CD2AP,784.62,-0.025262,0.85174,0.96136
NUP62CL,1.1605,2.0479,0.42092,NA
SFI1,415.75,0.3593,0.1166,0.49102
KRTAP4-6,0,NA,NA,NA
TMPRSS11F,0,NA,NA,NA
ZNF649,145.26,-0.14948,0.57066,0.8573
ADH4,10.32,1.3838,0.085371,NA
OR2T6,4.1458,-0.20765,0.85041,NA
ZNF248,276.07,0.14353,0.47417,0.81245
CHSY3,42.694,0.55672,0.14206,0.52856
TOR4A,237.55,-0.6922,2.3868e-4,0.016845
LPAR1,3090.1,0.076377,0.56211,0.85381
MB,0.32526,-0.19516,0.96185,NA
OR2L3,1.7787,-0.63097,0.73265,NA
DEFB107B,0,NA,NA,NA
HIBCH,313.09,0.40023,0.060515,0.36336
ZNF544,269.63,-0.22846,0.33206,0.72816
TMEM229B,35.209,-0.49959,0.23561000000000001,0.64819
SOWAHC,549.17,0.17173,0.21104,0.62653
ZNF770,905.14,-0.050905,0.68453,0.90167
NPIPB6,9.9295,0.090599,0.9084,NA
HMGN5,51.933,-0.23131,0.49426,0.81999
MIER1,1110.6,0.13612,0.22902,0.64352
MAN1A2,1948.3,0.20047,0.043648,0.31626
SVIP,105.59,-0.040671,0.87514,0.96873
ZNF251,495.05,0.18811,0.23775,0.65069
DDRGK1,775.62,-0.15017,0.27025,0.6828
FAM47C,0,NA,NA,NA
TFDP1,3372.1,-0.11473,0.27009,0.6828
CLEC4C,1.1908,1.4479,0.49321,NA
ZNF607,153.91,0.098237,0.717,0.91617
BPIFA1,0.52639,-2.4739,0.53513,NA
ZNF334,29.056,-0.38031,0.41688,0.7849
HSD17B11,713.14,0.053765,0.66383,0.89442
SZT2,1310.4,0.42238,0.03244,0.27613
SULT1C2,0.72989,-1.5764,0.58706,NA
ZXDA,130.01,0.10279,0.67504,0.89808
RPS6KL1,12.013,1.634,0.033959,NA
CACNA1E,0.46886,-2.2853,0.56739,NA
QRICH1,1382.7,0.057359,0.63478,0.88594
CSF2RA,9.1051,-0.49853,0.55009,NA
FKBP1C,0.52291,2.5715,0.42944,NA
DDX42,3353.3,0.15371,0.11925,0.49599
RPL23A,15258,-0.17231,0.20516,0.6203
SLC29A3,146.01,0.14325,0.52671,0.83633
STYX,773.06,-0.083231,0.53206,0.83864
UBL5,1070.5,-0.036292,0.81326,0.94882
HELZ,752.6,0.095784,0.61371,0.87654
TMEM116,87.415,-0.24015,0.54226,0.84404
KRTAP4-5,0,NA,NA,NA
UCKL1,635.61,0.10656,0.52198,0.83453
OR5B21,0,NA,NA,NA
CARD11,1.3292,-1.7436,0.52964,NA
ZNF485,38.457,-0.32792,0.45661,0.80345
PEG3,3.0564,-1.8347,0.20416,NA
SDAD1,830.52,0.054756,0.67793,0.89895
ZKSCAN8,843.67,0.15061,0.28702,0.69528
PHETA1,377.03,0.098587,0.57225,0.85777
TMEM239,5.0055,1.0553,0.36031,NA
HYLS1,157.78,-0.35801,0.072781,0.39628
MYL4,0.81719,1.9591,0.49282,NA
ZNF442,55.294,0.72098,0.052365,0.34222
ZNF813,126.99,0.23522,0.35303,0.74405
HOXC4,747.02,0.012496,0.94322,0.98762
DCAF12L2,1.3398,0.83693,0.69626999999999994,NA
PIM3,610.78,-0.12889,0.39627,0.77146
GET3,1037.9,-0.094244,0.46711,0.80821
ASPH,16058,0.053046,0.59355,0.86694
SPRED2,1690.8,0.27973,0.02807,0.25776
WWP2,720.85,0.077167,0.56894,0.85713
GFPT1,2598.5,-0.031588,0.7506,0.9291
UVRAG,510.27,0.11602,0.59245,0.86648
KRTAP13-1,0,NA,NA,NA
ZNF26,278.49,-0.10233,0.76583,0.93352
TMEM207,0,NA,NA,NA
ITSN2,793.5,0.31297,0.032211,0.27536
NTRK1,3.0964,0.31513,0.82138,NA
OGA,3567.7,0.52047,4.2858e-6,8.3938e-4
MT1F,10.447,0.29067,0.7002,NA
TCAF1,3280.4,0.061862,0.55693,0.85127
ZNF69,67.007,0.1135,0.73005,0.92111
TXNRD1,7091.8,0.3187,0.021198,0.22303
NRARP,12.282,-0.16088,0.82613,NA
ZNF583,118.54,0.11339,0.70532,0.90979
KRTAP4-1,0.31279,0.20354,0.96022,NA
CCT8L2,0.16923,1.0934,0.78873,NA
OR14L1P,6.7441,-0.35458,0.70489,NA
ZNF568,280.89,0.11854,0.56492,0.85504
ZXDB,324.55,0.073999,0.65209,0.89067
ZNF480,365.92,0.4074,0.024618,0.24038
ZNF587,445.47,0.26576,0.25731,0.67205
TPM2,14682,-0.17935,0.1438,0.53229
RTP2,0,NA,NA,NA
SH3BGRL2,42.023,-0.071657,0.89058,0.9732
ZNF808,103.71,0.71082,0.041227,0.30931
ANKRD35,130.9,0.23531,0.31469,0.71567
B3GNT6,2.513,2.1109,0.24579,NA
YTHDF2,1527.7,0.038879,0.72721,0.91967
TMA16,303.78,0.14553,0.52855,0.83743
HLA-DRB5,0,NA,NA,NA
ATL1,90.17,0.58506,0.059012,0.35983
CNGA1,6.7439,2.2506,0.11622,NA
MAFK,1696.7,-0.037206,0.7885,0.94075
ARMH1,24.004,1.0828,0.057388,0.35338
ZNF43,167.68,0.16687,0.59665,0.86904
GPN1,596.05,0.041544,0.76248,0.93276
PLN,1.6858,1.3825,0.48864,NA
C2CD4A,4.817,0.44285,0.69602,NA
ZNF28,188.53,-0.070776,0.74935,0.92893
ITGBL1,11588,-0.15004,0.23412,0.64719
ZNF511,419.25,-0.18807,0.18521,0.59393
C20orf203,12.447,0.25143,0.73678,NA
ZNF627,190.03,0.20531,0.34337,0.73589
KCNRG,14.257,0.70858,0.36049,NA
WDHD1,425.99,-0.20084,0.18131,0.58911
ZNF789,100.71,0.28401,0.29662,0.70138
CTNND1,3538.1,0.066502,0.48363,0.81691
DDX39B,3134.3,-0.06524,0.63845,0.88675
SLC34A3,24.17,0.53762,0.35739,0.74628
RD3,5.0943,1.1306,0.28631,NA
SPANXC,0,NA,NA,NA
SH2D1B,0.69414,1.6195,0.59032,NA
ARC,26.358,-0.14582,0.75413,0.92978
NUDT16,841.98,0.19407,0.12014,0.49683
TLK1,1124.4,0.15417,0.2174,0.63435
LRBA,959.1,0.37758,0.0022844,0.068128
ZNF536,74.668,-0.12872,0.66035,0.89303
MMP17,404.83,-0.28724,0.042014,0.31112
OR2M2,0,NA,NA,NA
BAZ1A,1132.7,0.12225,0.40585,0.77785
AKR1C4,0.84708,2.0092,0.42827,NA
COPS8,1223.2,0.010547,0.92768,0.98297
CCDC69,68.722,0.11747,0.73371,0.92317
MDM4,619.08,0.15694,0.76164,0.93251
RYR2,0,NA,NA,NA
ZNF534,9.3547,0.59466,0.45304,NA
KLHL9,1609.1,0.22825,0.041128,0.30909
FAM3D,0,NA,NA,NA
NCOA6,1086.9,0.27486,0.084314,0.4262
STK39,722.08,-0.29394,0.093139,0.44558
TAT,3.819,0.48849,0.69006,NA
C6orf89,3004.2,-0.15975,0.12099,0.49848
CALM1,5531.5,0.053807,0.66001,0.89303
LPA,4.1619,0.68019,0.54739,NA
TAFA2,7.8135,0.093454,0.91463,NA
OR10G6,0,NA,NA,NA
TTC37,2403.8,0.074919,0.47671,0.81418
OR5BS1P,0,NA,NA,NA
TUSC1,285.91,-0.29128,0.12418,0.50355
MAGEA1,0,NA,NA,NA
PAPSS2,2278,-0.23269,0.048739,0.33241
SLC9A6,532.32,0.13029,0.40236,0.77461
FAN1,541.63,-0.095727,0.49835,0.82173
ABCA4,11.467,-0.25803,0.75932,NA
EIF1AY,0,NA,NA,NA
MT-ND6,12705,0.62242,0.0066783,0.12205
IPO9,1989.6,-0.070158,0.5773,0.85986
GPX6,0,NA,NA,NA
CEP290,842.71,0.43801,0.0043078,0.09913
MT-CO2,57052,0.38137,0.045095,0.32095
GLMP,574.7,0.050584,0.74707,0.92789
TOGARAM1,621.35,-0.021487,0.88262,0.97005
DLL1,61.121,0.34404,0.43657,0.79433
ANKRD13B,380.29,-0.05255,0.78569,0.9402
ECI2,1178.8,-0.11775,0.39907,0.77304
UNC13B,1189.9,0.28582,0.032288,0.27547
TEX45,3.3753,1.2777,0.37896,NA
MT-CYB,51997,0.79823,3.8791e-4,0.022826
LDB1,2201.3,-0.1138,0.45625,0.80345
PPP1R14C,78.784,0.47047,0.10184,0.46337
CTR9,1237.4,0.18164,0.1139,0.48478
SMOC1,2.2226,1.2297,0.54815,NA
F5,4.7527,-0.57378,0.58131,NA
MSRB1,240.23,-0.25157,0.18325,0.5917
LRRTM3,0.169,1.0926,0.78887,NA
ZNF652,449.12,0.13832,0.41956,0.78523
SMURF1,1001.2,0.040674,0.73139,0.92175
SLC5A3,2492.8,0.30139,0.52231,0.8347
GPATCH3,236.97,0.11504,0.52059,0.83379
CDC42BPB,4908.3,0.10212,0.26068,0.67575
PLXNB3,1044.6,-0.036604,0.85785,0.9633
OXCT2,35.876,-0.16971,0.66821,0.89573
RPL10A,13183,-0.10893,0.34619,0.73774
COLGALT2,53.443,0.24476,0.46654,0.8077
EPS8L3,0.68327,2.9641,0.44401,NA
EGFL6,11.61,-0.0086218,0.99076,NA
MT-ND2,36851,0.53506,0.015213,0.19049
SYCP1,0.17532,-0.85773,0.83351,NA
APCDD1L,1110.9,0.043927,0.79768,0.94396
RCSD1,7.7993,-0.034813,0.96894,NA
RASSF9,54.028,-0.80446,0.01234,0.17073
FAM169A,9.5058,-0.37914,0.62333,NA
ZNF830,231.96,-0.15222,0.40661,0.77842
GRIN3A,9.9578,0.034583,0.96307,NA
MT-ND5,45810,0.66637,0.061388,0.36502
MUC2,0,NA,NA,NA
CNOT7,1284.1,0.047244,0.77619,0.93766
TMEM184B,2256.7,0.050058,0.70121,0.90913
MTOR,1157.5,0.29676,0.046197,0.32397
SCAMP5,23.981,0.2752,0.58602,0.86312
ZNF521,1380.5,0.11116,0.58686,0.86331
ALPK2,1667.5,-0.79746,0.055718,0.34816
BRINP2,2.477,-0.45277,0.74182,NA
MAGEB3,0.14586,-0.788,0.84687,NA
LRIG2,310.11,0.15988,0.45905,0.80404
MT-CO1,210800,0.49408,0.033434,0.27911
PNP,548.76,0.047775,0.83602,0.95609
PAX9,13.904,0.68933,0.36149,NA
LRRC10,5.0534,0.32758,0.75047,NA
GK,171.99,0.49809,0.098251,0.45718
FOXJ3,1052.8,0.015229,0.91964,0.98156
ZNF358,1901.8,-0.28076,0.042946,0.31367
SFT2D1,494.59,-0.091905,0.5585,0.85202
CD247,0.17018,1.0966,0.78812,NA
GRM3,0.52043,2.5706,0.48777,NA
CHAMP1,924.46,0.25525,0.09001,0.4394
INPP5F,539.72,0.052068,0.73916,0.92453
ARHGAP11A,1055.3,-0.14534,0.39216,0.76965
SUCNR1,0,NA,NA,NA
HMGN2,4246.4,0.042735,0.74972,0.92893
SELENOM,1326.2,-0.42893,0.0042485,0.098921
UBE2J1,1486.1,-0.043013,0.71136,0.91327
GJC2,110.25,-1.0515,2.067e-5,0.0027331
OPA1,1417.8,-0.04782,0.67811,0.89895
DENND4B,733.49,-0.087013,0.64241,0.88762
RYR3,19.27,0.7481,0.26149,0.67585
ZNF277,540.18,0.15585,0.27268,0.6856
MT-ND3,7470.7,0.093506,0.49694,0.82107
KTI12,267.55,0.21288,0.19398,0.60589
STYXL2,0.17108,1.0997,0.78755,NA
SELENOT,1054.8,0.21553,0.11619,0.48994
ARHGEF15,0.13843,-0.77213,0.84992,NA
TOX,97.168,-1.1954,4.2191e-4,0.024176
CES1,44.819,-0.27618,0.48556,0.81691
CD3E,0,NA,NA,NA
RUSC2,1700,-0.070151,0.53006,0.83796
C1orf68,0,NA,NA,NA
FICD,205.99,-0.24231,0.25682,0.67159
OSTC,2046.3,-0.14962,0.19631,0.60884
R3HDM4,940.3,-0.053889,0.73435,0.92317
TSEN15,515.47,0.010921,0.94244000000000006,0.9876
LTN1,951.59,0.1607,0.23569,0.64819
RUNDC1,411.53,0.28464,0.070458,0.3911
CCDC152,52.953,0.23481,0.58153,0.86163
STKLD1,17.305,-0.041933,0.94505,0.98804
GRK5,2181.8,-0.032798,0.80304,0.94628
TYW1,391.12,0.11205,0.45723,0.80345
DCAF12,701.65,-0.32067,0.023305,0.23438
SFMBT2,10.184,0.57064,0.47395,NA
ASB12,0,NA,NA,NA
PNMA5,0,NA,NA,NA
ITPRIPL1,15.669,0.059688,0.92019,0.98177
MT-ND4,80812,0.59271,0.013631,0.17977
SMC5,1032.4,-0.0039116,0.97571,0.99358
MT-ND1,35684,0.54191,0.019574,0.21548
DCAF12L1,0,NA,NA,NA
PRMT6,284.22,-0.11326,0.50522,0.82533
SHISA4,286.47,-0.10013,0.64871,0.88985
CIPC,245.32,-0.0074661,0.96948,0.99255
CAPZA2,2482.7,0.0084822,0.9381,0.98587
MT-ATP6,40794,0.42614,0.052232,0.34212
TOP1,1728.3,0.2321,0.14317,0.53114
PRC1,1569.4,-0.43233,0.0046804,0.10322
BHLHB9,112.38,0.19289,0.43125,0.7916
MAP3K3,1314.7,0.10201,0.37641,0.75834
L1CAM,68.137,0.14696,0.64864,0.88985
SREBF2,2435.6,0.14277,0.18787,0.59749
C1orf174,351.61,0.032155,0.82967,0.95435
POU3F3,6.485,-0.4486,0.6697,NA
RASGEF1A,17.081,-0.0050526,0.99453,0.99899
SPOUT1,500.67,0.06791,0.62753,0.88466
RPL39,7085.4,-0.13056,0.43308,0.79259
DZIP3,250.35,-0.087636,0.72758,0.91976
KIAA0753,465.64,-0.10196,0.55417,0.85022
DCLRE1A,206.17,-0.29031,0.12801,0.50993
ATG9A,1608.6,0.048717,0.64113,0.88731
NOS1AP,2.8351,0.57954,0.72838,NA
CSAG1,0,NA,NA,NA
APRT,1126.8,-0.26058,0.040295,0.30795
GPRASP1,62.41,0.3483,0.39151,0.76931
TBKBP1,421.09,-0.078456,0.69457,0.90576
MAGEE1,126.77,0.048085,0.82789,0.95412
CCDC167,145.92,-0.4899,0.02725,0.25432
MT-CO3,42339,0.39837,0.073433,0.39771
ZFP2,19.302,-0.14452,0.80444,0.94676
SOWAHA,0.33814,1.9498,0.62947,NA
L3MBTL3,149.28,0.15226,0.46557,0.80755
DMD,33.152,-0.085495,0.85046,0.96116
MFAP3L,106.98,0.12901,0.61673,0.87821
NAGA,773.45,-0.12866,0.31833,0.71796
SMG5,1840.2,-0.031487,0.79629,0.9432
KIFBP,983.25,0.030619,0.82974,0.95435
TGM2,273.78,0.40738,0.12697,0.50959
ARMCX6,719.95,-0.043676,0.77448,0.93692
PJA2,3691.2,0.076302,0.47698,0.81421
RORB,2.5811,0.80047,0.59183,NA
SGMS1,707.1,-0.094533,0.49132,0.8198
OR10R2,0,NA,NA,NA
OR10Z1,2.0541,1.105,0.51623,NA
ZNF525,83.098,0.41731,0.17315,0.57667
INF2,4127.8,0.064632,0.59911,0.87017
IQANK1,22.22,0.19819,0.73384,0.92317
GP1BB,171.63,-0.248,0.32558,0.72311
OR2T5,0,NA,NA,NA
OR2L2,13.986,0.26714,0.68009,NA
EFCAB2,105.98,-0.31571,0.25972,0.67473
COX20,943.79,0.10401,0.37358,0.75624
CHML,479.92,-0.66154,3.381e-4,0.021026
STUM,1.9905,0.13933,0.94184,NA
CAPN8,1.6078,-0.80326,0.64817,NA
TATDN3,161.43,-0.14739,0.56957,0.8573
CR1,4.4749,0.026655,0.98034,NA
RAET1G,54.106,-0.34705,0.3523,0.74366
C1orf53,38.99,-0.27125,0.46505,0.80738
SAMD5,73.004,0.2015,0.48598,0.81691
TEDDM1,1.9616,-0.33249,0.84399,NA
GJE1,0,NA,NA,NA
ECT2L,2.4205,0.32753,0.83745,NA
GPR52,0,NA,NA,NA
METTL11B,0.68905,0.088963,0.97669,NA
FCGR3A,0,NA,NA,NA
TMEM244,0.17801,1.1007,0.78735,NA
OR6K3,1.3665,2.8269,0.24362,NA
CENPW,135.8,-0.14175,0.53117,0.8383
SPRN,76.765,-0.35546,0.27916,0.69116
FAM229B,178.33,-0.16733,0.43862,0.79552
FANK1,42.859,-0.19601,0.60839,0.87348
LORICRIN,0.16977,1.0952,0.78838,NA
PRR9,4.0734,1.7425,0.1762,NA
LELP1,0,NA,NA,NA
SPRR2E,10.996,1.768,0.14583,NA
KPRP,8.2989,-0.44893,0.57686,NA
EEF1AKMT2,279.81,-0.18915,0.31302,0.71373
FAM24A,0,NA,NA,NA
DDO,10.181,-0.95803,0.19103,NA
PLPP4,18.685,-0.53786,0.35642,0.74556
H3C14,15.817,0.88099,0.16239,0.5624
H2AC18,0,NA,NA,NA
H2BC18,23.692,1.307,0.037119,0.29627
PNLIPRP3,2.2129,1.2636,0.44686,NA
H3C15,15.817,0.88099,0.16239,0.5624
HSD3B1,0.11515,0.84936,0.83511,NA
HSD3B2,0.12228,0.90592,0.8243,NA
RBM20,0.16895,1.0925,0.78891,NA
SMIM9,0,NA,NA,NA
C6orf163,14.941,0.72617,0.32344,0.72144
RIPPLY2,0,NA,NA,NA
GDI1,3045.6,-0.018067,0.85919,0.96352
PCMTD2,1307.2,0.23523,0.15419,0.55125
SOX18,2.5164,-0.88726,0.61221,NA
LIME1,187.1,0.15436,0.54789,0.84721
OOEP,0.8916,3.3755,0.26316,NA
KHDC3L,0,NA,NA,NA
DPPA5,0,NA,NA,NA
C1orf146,0.93352,-3.2824,0.26754,NA
SPANXN1,0,NA,NA,NA
SPANXA2,0.34106,1.9634,0.62702,NA
CXorf66,0,NA,NA,NA
C10orf62,0,NA,NA,NA
SAMD13,5.1051,-0.49442,0.69054,NA
RTL8A,614.85,-0.21235,0.13047,0.5135
CCDC160,0.66405,0.10441,0.97006,NA
C1orf141,0.34973,-1.8404,0.64771,NA
EFCAB7,127.14,0.040506,0.87871,0.96921
DEFB110,0,NA,NA,NA
GLYATL3,0,NA,NA,NA
LDLRAD1,4.3732,1.3206,0.27027,NA
RHOXF2B,0.16966,1.0949,0.78845,NA
ZYG11A,20.151,0.15782,0.78182,0.93988
LCN8,0.2685,1.5844,0.69651,NA
C1orf185,0,NA,NA,NA
GLT6D1,0,NA,NA,NA
IFIT1B,0.49192,0.992,0.79662,NA
CT83,0,NA,NA,NA
LIPN,0.16921,1.0934,0.78874,NA
LIPK,0.33938,1.9556,0.62843,NA
LIPJ,0,NA,NA,NA
TRPC5OS,0.1197,-0.67392,0.86882,NA
LRIT2,0,NA,NA,NA
LRRC73,37.008,-0.29349,0.57119,0.8573
FOXO6,4.7224,0.7278,0.51642,NA
TCEAL5,0,NA,NA,NA
SYS1,569.97,-0.16178,0.34983,0.74075
TCEAL6,0,NA,NA,NA
INPP5B,556.79,-0.18389,0.2306,0.64425
RPA4,0.82948,0.75452,0.76883,NA
NEU4,0,NA,NA,NA
MAFB,158.25,0.39974,0.094476,0.4482
TRAF3IP1,551.8,0.016983,0.90174,0.97626
CHIC1,337.46,0.30478,0.13059,0.51352
GIGYF2,1779.3,0.39614,3.6165e-4,0.021869
C2orf72,40.456,-0.066774,0.87516,0.96873
RUFY2,657.4,0.16833,0.23953,0.6529
NHSL2,546.66,0.13089,0.58803,0.86455
GGTA1,0.34565,1.9804,0.62391,NA
PHACTR4,485.63,0.04205,0.81153,0.94808
CLPSL1,0,NA,NA,NA
ASAH2B,97.722,0.30857,0.3163,0.71673
AGAP6,155.45,0.11913,0.68529,0.9023
TIMM23B,252.42,0.60101,0.001674,0.055894
ZDHHC18,659.97,0.033505,0.82124,0.95172
TMEM273,0,NA,NA,NA
CXorf65,0,NA,NA,NA
AGAP9,89.788,0.54341,0.078116,0.40887
NPY4R,0,NA,NA,NA
GPRIN2,0.19145,1.1646,0.77533,NA
SYT15,79.268,-0.19297,0.60598,0.87264
MACO1,716.67,-0.022329,0.86571,0.96539
PTPN20,6.4998,-0.060521,0.9482,NA
ZDBF2,517.75,0.24304,0.1894,0.59895
TXNDC8,0,NA,NA,NA
AWAT1,0.15323,-0.83075,0.83867,NA
DAXX,1181.9,0.025851,0.8404,0.95702
BMPR2,3130.4,0.21672,0.084768,0.42644
TCEA3,148.01,-0.84641,2.6889e-4,0.018377
PFDN6,323.6,-0.031959,0.86816,0.96621
RING1,960.83,-0.13686,0.23487,0.64754
HSD17B8,40.661,0.14841,0.72827,0.92004
RXRB,1354.8,-0.032635,0.78473,0.93992
OXLD1,183.15,-0.17358,0.40208,0.77454
OR13C3,0,NA,NA,NA
COL11A2,73.171,0.68887,0.038588,0.30104
HLA-DOA,5.1996,0.98388,0.38202,NA
BRD2,4305.4,0.24109,0.031692,0.27359
HLA-DMA,21.46,-0.82441,0.11394,0.48481
COL5A2,19747,-0.34607,0.019879,0.21789
PSMB8,473.86,-0.17656,0.37738,0.75904
TAP2,814.58,0.52167,4.9974e-4,0.027833
SPIN3,249.59,-0.40294,0.068119,0.38628
NBDY,424.25,-0.058696,0.71699,0.91617
TMEM235,0,NA,NA,NA
PAGE3,0,NA,NA,NA
HLA-DRA,0.32467,1.8859,0.64106,NA
BTNL2,0.23824,-1.0711,0.79294,NA
COL15A1,22908,0.089228,0.36745,0.75316
TSBP1,0,NA,NA,NA
TMEM225,0,NA,NA,NA
NOTCH4,9.9133,0.27252,0.72945,NA
PBX2,1311.7,-0.095995,0.42354,0.78742
AGER,80.45,0.1453,0.71122,0.91327
RNF5,511.22,-0.16512,0.27051,0.68285
AGPAT1,1609.5,-0.13612,0.23419,0.64719
PJVK,46.391,0.3253,0.46024,0.80438
PRRT1,66.629,0.11463,0.73938,0.92453
FKBPL,101.88,-0.44484,0.10154,0.46337
MRPL38,512.73,-0.069871,0.6133,0.87648
SMIM5,11.026,0.71527,0.32502,NA
ERICH2,13.132,-0.29147,0.65949,NA
SP5,0,NA,NA,NA
STK19,343.29,0.0073358,0.96691,0.99243
CD300LD,2.57,-0.98905,0.51043,NA
BTBD17,0,NA,NA,NA
DXO,277.52,0.25651,0.21906,0.63663
SKIV2L,1207.1,0.31452,0.031688,0.27359
NELFE,972.44,0.013643,0.92141,0.98198
NXPE2,1.9427,-0.34247,0.85344,NA
SPANXN5,0,NA,NA,NA
ZBTB12,146.56,-0.225,0.33346,0.72982
SDHD,1133.3,-0.002323,0.9844,0.99578
EHMT2,1177.7,0.061712,0.64843,0.88985
XAGE1A,0,NA,NA,NA
LAYN,1142.6,-0.61902,0.0021071,0.064904
XAGE1B,0,NA,NA,NA
SLC44A4,1.1707,0.53603,0.78143,NA
NEU1,474.38,0.45811,0.0077894,0.13344
HSPA1B,2015.1,0.30563,0.0052199,0.10723
HSPA1A,2294.4,0.23799,0.032883,0.2772
HSPA1L,63.325,-0.30198,0.34067,0.73487
LSM2,321.77,-0.12507,0.43193,0.7916
VARS1,1631.3,-0.074766,0.58844,0.86462
VWA7,14.287,-0.27298,0.66908,NA
CASP12,0.15796,-0.83396,0.83806,NA
MBD5,459.7,0.12129,0.44359,0.79748
MSH5,135.83,-0.041944,0.89626,0.97486
CSHL1,0,NA,NA,NA
MPIG6B,3.4684,-0.20559,0.87617,NA
LY6G6C,2.5548,1.5819,0.29453,NA
LY6G6F,0,NA,NA,NA
ABHD16A,501.16,0.10669,0.52401,0.83521
LY6G5C,12.778,-0.44252,0.49289,NA
CSNK2B,1523.2,-0.12241,0.28504,0.69371
GPANK1,400.47,-0.35117,0.03183,0.27381
C6orf47,468.65,0.032529,0.8282,0.95432
FAM155A,61.175,0.82138,0.012272,0.17022
APOM,24.747,-0.10623,0.82151,0.95178
TRIM49C,0,NA,NA,NA
TRIM64,0,NA,NA,NA
BAG6,3878.3,0.053037,0.59098,0.86549
PRRC2A,6628,0.24903,0.014918,0.18823
AIF1,0,NA,NA,NA
NCR3,0,NA,NA,NA
PRAMEF20,0,NA,NA,NA
PRAMEF17,0,NA,NA,NA
PRAMEF19,0,NA,NA,NA
PRAMEF14,0,NA,NA,NA
LST1,0.6393,1.6703,0.58858,NA
NFKBIL1,547.64,-0.25344,0.23416,0.64719
PRAMEF15,0,NA,NA,NA
PRAMEF9,2.9578,-0.1812,0.8917,NA
PRAMEF7,0.33828,1.9505,0.62935,NA
MCCD1,2.0505,2.4166,0.17908,NA
ZNF814,235.44,0.45996,0.016948,0.19928
MICB,194.82,-0.46121,0.013882,0.18143
AADACL4,0.82506,-1.792,0.52497,NA
ZNF551,145.56,-0.068517,0.79191,0.94202
MICA,602.13,0.161,0.23758,0.65065
ZNF805,179.8,-0.042023,0.8865,0.9716
HLA-C,7654.5,-0.19372,0.13007,0.51309
POU5F1,23.907,0.11276,0.8491,0.961
ZSCAN5C,0.5114,1.0373000000000001,0.75723,NA
CCHCR1,387.98,-0.11913,0.4524,0.80124
PSORS1C2,6.1212,1.3117,0.18563,NA
CDSN,23.746,0.92263,0.10794,0.47624
PSORS1C1,27.362,-0.048688,0.92714,0.98279
C6orf15,0.33678,0.12297,0.97596,NA
MUC21,12.281,1.0868,0.13928,NA
DEFB121,0,NA,NA,NA
DHX16,805.36,0.28293,0.069104,0.38868
C6orf136,136.77,0.11837,0.69062,0.90482
MRPS18B,573.18,-0.14766,0.32827,0.72488
PPP1R10,800.12,-0.30766,0.019434,0.21412
KRTAP5-11,0,NA,NA,NA
KRTAP5-10,1.2143,1.4153,0.53229,NA
ABCF1,1800.4,0.19808,0.087055,0.43172
PRR3,160.08,-0.1006,0.64568,0.88886
LILRB3,10.786,0.20811,0.78688,NA
DDR1,503.17,-0.23069,0.13878,0.52597
LRCOL1,0.47445,-2.3046,0.56406,NA
GNL1,2047.1,0.0015321,0.9906,0.9983
HLA-E,5064.5,-0.10042,0.44748,0.79903
DPRX,0.52884,2.5804,0.48339,NA
TRIM39,330.19,-0.24985,0.1696,0.57298
ZNF468,196.71,0.076491,0.72659,0.91939
TRIM15,0,NA,NA,NA
ZNF616,187.34,-0.48118,0.026457,0.2494
FOXB2,0.15302,-0.82996,0.83882,NA
TRIM10,0.86768,0.68908,0.78595,NA
TRIM40,0,NA,NA,NA
TRIM31,0.33869,1.9524,0.629,NA
RNF39,48.944,0.20434,0.55851,0.85202
PPP1R11,1140.6,-0.11867,0.31996,0.71892
DISP3,3.4662,-0.78815,0.54438,NA
RACK1,26540,-0.21976,0.037743,0.29817
HLA-G,1.3055,2.7771,0.26395,NA
TBC1D8,653.38,0.54037,2.2347e-5,0.0029034
NMS,0,NA,NA,NA
HLA-F,135.15,-0.12626,0.60353,0.87152
ZFP57,0.18952,1.1588,0.77643,NA
ASPDH,15.442,0.041083,0.95782,0.98999
MOG,0.56694,0.1299,0.968,NA
OR2H2,5.0418,-0.13611,0.90122,NA
CBY3,1.5253,-3.9884,0.17903,NA
C9orf57,0.80597,0.67981,0.81359,NA
IL31,0,NA,NA,NA
AKT1S1,1913.3,-0.085726,0.41345,0.78224
GABBR1,1117.4,0.78255,0.0027386,0.07668
MAS1L,0,NA,NA,NA
OR2H1,0,NA,NA,NA
OR11A1,4.5569,-1.1796,0.31883,NA
OR14J1,48.188,0.64,0.12596,0.50748
OR2J2,0.98881,0.083325,0.97508,NA
OR2J3,0.81868,0.73454,0.79604,NA
OR2J1,0,NA,NA,NA
OR2B3,0,NA,NA,NA
OR2W1,0,NA,NA,NA
SPDYC,1.4253,4.0155,0.18413,NA
C9orf135,0.32875,-1.7893,0.65752,NA
TRIM27,891.59,-0.15362,0.23324,0.64652
MALRD1,1.7696,-1.9112,0.30316,NA
RANBP17,67.756,0.67254,0.053053,0.34336
INSYN2B,435.98,0.19292,0.40588,0.77785
FOXD4L5,6.4703,-0.10233,0.9085,NA
ODAD4,30.543,-0.21305,0.64091,0.88731
MRPL53,333.49,-0.30463,0.14211,0.52856
MROH6,84.975,-0.11716,0.69789,0.90758
ATXN2,983.25,0.27542,0.020983,0.22285
DCTN1,4611.2,0.01002,0.91374,0.97966
SPATA31A1,0,NA,NA,NA
PNMA8B,57.346,-0.6153,0.08311,0.42347
TCTN1,823.12,0.028914,0.8347,0.95603
FAM216A,141.96,-0.28512,0.24136,0.65515
ZBTB48,199.45,-0.0041183,0.98516,0.99627
IGFL2,2.9609,0.9327,0.51652,NA
IGFL4,10.818,-0.26661,0.70589,NA
KRTAP9-3,0,NA,NA,NA
KRTAP4-8,1.9084,4.6185,0.10123,NA
GPR20,1.1409,0.54435,0.83112,NA
KRTAP1-4,0,NA,NA,NA
KRT40,0.1714,-0.84468,0.83601,NA
KRT25,0,NA,NA,NA
MZT1,411.13,0.061971,0.71425,0.91526
SPINK9,36.143,0.58672,0.15422,0.55125
LRRC3C,0,NA,NA,NA
PRR20B,0,NA,NA,NA
PRR20A,0,NA,NA,NA
ZNF155,151.89,0.37067,0.14552,0.53486
UQCC3,201.32,-0.12127,0.54246,0.84419
FBXO48,65.437,-0.23948,0.45034,0.8003
GRXCR2,0,NA,NA,NA
FAM221B,3.0621,1.5221,0.27856,NA
CD177,5.6473,0.090775,0.92893,NA
PSG5,2580.7,-0.7154,2.437e-7,8.4155e-5
ZNF783,254.47,0.20379,0.31139,0.71247
ZNF425,90.014,-0.23641,0.40883,0.77938
LRRC10B,1.6653,0.68355,0.73875,NA
FBXO47,0,NA,NA,NA
C12orf73,74.28,0.18689,0.61203,0.87592
PCDHGA1,81.45,0.095266,0.73203,0.92238
PCDHA9,10.173,0.67984,0.42131,NA
PCDHA8,0.41802,-0.034655,0.99319,NA
PCDHA7,7.6303,0.24252,0.79062,NA
PCDHA5,2.4686,0.32121,0.82498,NA
PCDHA4,45.07,0.40332,0.30614,0.70844
PCDHA2,0.87744,-0.45937,0.85616,NA
PCDHA1,1.4327,0.83428,0.65974,NA
TRIM13,515.75,0.12639,0.35428,0.74455
ERICH4,0.16688,-0.82926,0.83896,NA
MS4A13,0,NA,NA,NA
PRSS1,0,NA,NA,NA
SPIRE2,133.49,0.055709,0.80212,0.94598
AARD,8.0472,0.76017,0.3744,NA
PABPN1L,0,NA,NA,NA
OR5D16,0,NA,NA,NA
OR5L2,0,NA,NA,NA
PKHD1L1,1.0295,3.5103,0.16743,NA
SLC35B4,591.12,0.073822,0.62297,0.88218
LGALS7,22.732,1.7014,0.37164,0.75475
SYCE1L,10.026,-0.1012,0.91579,NA
TMEM231,318.58,0.096598,0.67215,0.89755
FAM71F2,83.359,0.74072,0.10031,0.46176
CCNI2,1.8624,-0.15876,0.92836,NA
TMEM240,80.89,-0.37216,0.18666,0.59571
FRG2,1.3908,2.8502,0.20136,NA
FAM205A,4.9848,0.36708,0.76395,NA
CDKL4,0.49978,2.441,0.46021,NA
TMEM88B,5.1055,1.5987,0.12341,NA
ACCSL,0,NA,NA,NA
C4orf47,35.708,0.91309,0.057704,0.35483
TRIQK,656.25,0.13703,0.42739,0.78994
SDHAF1,167.04,-0.34444,0.15122,0.54529
ARID3C,4.8413,-0.40083,0.71224,NA
PSENEN,516.3,-0.19963,0.21276,0.62816
C11orf91,21.716,1.6406,0.0043133,0.09913
FABP9,0,NA,NA,NA
ZBTB10,424.96,-0.028087,0.85727,0.9633
C4orf46,649.76,-0.21268,0.20147,0.61579
SCGB2B2,108.5,0.42868,0.071641,0.39432
LGR4,1363.7,-0.2965,0.11148,0.48152
PSMB10,319.77,-0.24547,0.20162,0.61585
VIT,489.47,-1.0093,2.1852e-4,0.0162
SPDYE2,36.179,0.25884,0.61175,0.87569
E2F4,963.12,0.046279,0.71683,0.91617
PDE7A,326.68,-0.42367,0.020355,0.22023
TMEM170B,120.21,0.22125,0.36518,0.7518
MUC12,13.488,0.037871,0.95448,NA
CTXN3,0,NA,NA,NA
MGAT4D,0,NA,NA,NA
SNX2,1340.7,0.096895,0.4452,0.79862
SAP25,23.402,-0.12471,0.81203,0.94859
NT5M,34.778,0.04104,0.92429,0.98234
SARNP,788.99,-0.088478,0.57464,0.8586
OR6C68,0,NA,NA,NA
OR6C65,0,NA,NA,NA
OR6C3,0,NA,NA,NA
OR6C1,0,NA,NA,NA
ADGRG1,185.38,-0.15536,0.6192,0.87962
IPO7,6042.4,0.0071433,0.95397,0.98999
PRR13,1014.9,-0.12297,0.38443,0.76325
TECPR1,548.35,0.2364,0.16427,0.56478
MT1H,0,NA,NA,NA
SLCO6A1,0,NA,NA,NA
MT1A,18.27,-0.71011,0.21833,0.6358
INSYN1,266.38,-0.5793,0.023129,0.23355
MT1M,34.327,-0.31777,0.47244,0.81207
CFI,4.1523,-0.22131,0.87089,NA
OR52E6,0,NA,NA,NA
SAMD9,1418.1,0.016113,0.91204,0.97935
KRT6A,1034.8,1.9561,0.23293,0.64634
CNEP1R1,369.45,0.15873,0.32867,0.72508
KRT81,6.2283,-0.67945,0.54546,NA
EXOC3L4,0.23651,1.252,0.75692,NA
KRTAP12-3,0,NA,NA,NA
IZUMO3,0,NA,NA,NA
KRTAP10-2,0,NA,NA,NA
TP53TG3D,10.875,-0.070638,0.9261,NA
TP53TG3C,0,NA,NA,NA
CCDC85C,373.01,-0.25178,0.27906,0.69104
OR52J3,0,NA,NA,NA
OR51A2,0,NA,NA,NA
OR51A4,0.17886,1.0914,0.78911,NA
C2CD4B,0.53287,2.596,0.47955,NA
RGL3,121.33,0.86917,0.0049099,0.10562
NAP1L4,2234.7,-0.074216,0.45455,0.80272
TMSB4X,26580,-0.028172,0.80591,0.94676
TMEM256,199.42,-0.2476,0.25224,0.66725
CPT1B,110.66,0.23416,0.41889,0.78511
SMN2,720.31,-0.029561,0.86074,0.96431
SERF1B,116.02,-0.94512,0.032992,0.2772
HMGN1,2597,0.20951,0.10702,0.47524
MUC19,0.19808,-0.92814,0.82007,NA
DENND6B,345.08,0.46128,0.024465,0.2403
EIF3CL,145.72,-0.38388,0.60434,0.87183
LCMT1,406.06,-0.037461,0.81089,0.94799
MFSD2B,3.1377,2.2143,0.14304,NA
VCX3B,0,NA,NA,NA
CDPF1,123.59,-0.17875,0.50153,0.82355
HTN3,1.4945,0.41079,0.8467,NA
LIN52,134.05,-0.18984,0.4285,0.7906
ARSH,0.15782,-0.83347,0.83815,NA
ACOT6,0.32528,-1.7644,0.66201,NA
SMIM11A,110.39,-0.11661,0.92438,0.98234
TECRL,13.434,0.49809,0.43248,NA
DPF3,238.13,0.35186,0.17709,0.5831
MANSC4,3.1791,0.30656,0.81863,NA
CYP2D7,29.554,0.60915,0.1924,0.60299
LINC00634,1.6722,0.13998,0.94397,NA
ETFRF1,259.78,-0.10799,0.58197,0.86163
C17orf107,56.762,-0.9562,0.0038893,0.095021
MBD3L4,0,NA,NA,NA
ITSN1,1442.6,0.13632,0.29302,0.69944
ITPRIPL2,3540.4,0.2706,0.15881,0.559
DENND1C,3.4976,1.6697,0.20891,NA
CRLF2,2.3447,1.5699,0.40673,NA
CRYZL1,414.4,0.36443,0.017935,0.2059
C5orf51,793.75,0.13665,0.33841,0.73343
GAGE1,0,NA,NA,NA
ARRDC5,1.3333,0.91455,0.70149,NA
CYS1,113.13,-0.64244,0.052835,0.34336
PLPP6,160.78,0.1598,0.43108,0.7916
KLRC2,0,NA,NA,NA
KLRC3,0,NA,NA,NA
C16orf96,0.33501,-1.7905,0.65701,NA
GMNC,0,NA,NA,NA
TTC23L,1.1599,2.4858,0.3346,NA
CLEC6A,0,NA,NA,NA
C22orf42,1.3138,0.12877,0.95295,NA
NANOGNB,1.3316,0.79827,0.68765,NA
LRRC72,0,NA,NA,NA
C1QTNF9B,0.858,2.0104,0.47464,NA
KRTAP5-6,0,NA,NA,NA
KRTAP5-2,0,NA,NA,NA
KRTAP5-1,0,NA,NA,NA
DEFB134,0,NA,NA,NA
DEFB135,0,NA,NA,NA
DEFB136,0,NA,NA,NA
BHLHA9,0,NA,NA,NA
ZNF316,1068.3,0.47451,0.0050556,0.10566
DAZ4,0,NA,NA,NA
ONECUT3,11.25,-0.10699,0.88101,NA
CEMP1,0,NA,NA,NA
OLIG2,3.5514,1.4221,0.26642,NA
C21orf62,11.911,0.13739,0.8493,NA
RNPS1,2108.8,-0.026422,0.8002,0.94536
DAZ2,0,NA,NA,NA
NYNRIN,379.92,-0.26289,0.25747,0.67233
DNAJC19,313.19,-0.38414,0.023305,0.23438
IFITM5,0.3195,-1.7268,0.66885,NA
SMIM21,0.30172,-1.6458,0.68397,NA
C18orf63,0,NA,NA,NA
DEFA1,0,NA,NA,NA
DOK6,71.24,0.11438,0.81587,0.95016
JPT2,1639.4,-0.28303,0.072061,0.3947
TMEM211,0,NA,NA,NA
SERPINB11,0.34416,1.923,0.63407,NA
SERPINB4,2.179,1.5044,0.43224,NA
SERPINB5,57.428,1.9339,0.18673,0.59571
ZDHHC11B,5.6099,1.3582,0.41547,NA
KRTAP19-8,0,NA,NA,NA
KRTAP20-3,0,NA,NA,NA
KRTAP20-4,0,NA,NA,NA
KRTAP22-2,0,NA,NA,NA
KRTAP27-1,0,NA,NA,NA
CFAP99,1.7649,2.3675,0.25542,NA
GOLGA8O,238.2,0.45874,0.04078,0.30838
TMEM191C,43.496,0.31375,0.46877,0.80968
RNASE13,0.87505,3.3143,0.3498,NA
HBA1,0.86211,3.2811,0.35719,NA
HBM,0,NA,NA,NA
ELOA2,1.011,1.1817,0.65678,NA
ATP10A,999.05,-0.29941,0.037319,0.29685
ANKUB1,1.7864,-1.276,0.44106,NA
TSSK2,0,NA,NA,NA
PRR23A,3.2901,0.13739,0.91546,NA
FOXL2NB,215.36,0.12091,0.59977,0.87037
COL6A6,25.157,0.052359,0.91419,0.97974000000000006
RAB12,1082.9,-0.12253,0.28492,0.69371
LRRC30,0,NA,NA,NA
TMEM200C,0,NA,NA,NA
OR10C1,0,NA,NA,NA
HLA-A,9384.9,-0.3127,0.023894,0.23685
HACD2,896.39,0.085664,0.47378,0.81231
CFAP44,221.65,0.095614,0.76957,0.93533
CD200R1L,0,NA,NA,NA
LNP1,37.887,-0.4523,0.27598,0.68831
OR5K3,0,NA,NA,NA
VGLL3,3035.6,-0.35938,0.44175,0.79618
TRIM71,2.5394,0.7092,0.66548,NA
ZCWPW2,36.919,0.40753,0.31484,0.71584
ANKRD28,4994.8,0.13797,0.21161,0.62701
COLQ,36.474,0.71233,0.093492,0.4458
METTL6,302.5,0.14033,0.44858,0.79962
XKR4,5.7115,1.1969,0.22148,NA
GPX3,25.015,-0.12582,0.8127,0.94882
DIO2,38.541,-1.6423,5.9141e-4,0.030049
SELENOH,567.63,-0.10847,0.44925,0.79962
DIO1,8.3449,-0.041133,0.95972,NA
AKR7L,5.5668,-0.18442,0.88161,NA
STK38L,278.44,0.29761,0.10413,0.46942
SACM1L,1175.5,0.17856,0.12373,0.50303
TSN,1308.5,0.015649,0.91264,0.97936
SLC48A1,416.84,-0.12407,0.46711,0.80821
TSSK1B,1.8783,0.92346,0.59386,NA
PRR22,14.52,-0.18475,0.79562,NA
TAS2R19,6.3491,0.28922,0.78344,NA
TAS2R50,0.84687,0.72942,0.79557,NA
TAS2R14,20.682,0.58574,0.27313,0.68581
TAS2R13,0.51871,2.5618,0.48941,NA
KRTAP16-1,0.79628,-1.7454,0.54403,NA
KRTAP29-1,0,NA,NA,NA
KRTAP9-6,2.0909,2.4176,0.25467,NA
CTAGE1,1.4513,-0.16943,0.93011,NA
KRTAP4-11,0.17433,1.0887,0.78962,NA
KRTAP4-9,1.9119,-0.70046,0.68313,NA
KRTAP2-3,121.5,-0.64532,0.014319,0.18421
KRTAP2-1,1.0451,-3.3873,0.23425,NA
RTL8B,347.2,-0.22625,0.1292,0.51265
OR2A42,45.29,0.33709,0.57584,0.85915
RNF208,63.439,-0.65124,0.054198,0.34472
KRTAP3-3,0,NA,NA,NA
KRTAP3-2,0,NA,NA,NA
KRTAP3-1,0,NA,NA,NA
MT-ND4L,10641,0.5011,0.22436,0.63904
MAP10,39.721,-0.026515,0.94225,0.98753
KRTAP12-4,0,NA,NA,NA
KRTAP10-3,0,NA,NA,NA
KRTAP6-3,0,NA,NA,NA
POU5F1B,9.2989,0.48389,0.54932,NA
ZNF580,440.51,0.054571,0.72347,0.91845
ZNF611,173.9,0.50142,0.020633,0.22105
KLK9,1.1966,3.7696,0.17693,NA
SYT3,1.5553,0.63251,0.78001,NA
NUP62,1359.6,-0.20544,0.1071,0.47528
CGB8,0,NA,NA,NA
DENND1B,183.46,-0.4592,0.13177,0.51599
SFT2D2,1008.7,0.058445,0.74518,0.92685
CEP43,374.44,0.17469,0.26569,0.68026
SCAF8,1425.9,0.15942,0.17165,0.57533
CFAP45,9.6776,-0.12059,0.87317,NA
ACKR1,0,NA,NA,NA
ZNF254,171.18,-0.59937,0.0062996,0.11911
DYNLT2B,102.95,0.26101,0.27902,0.69104
CRYGS,23.795,0.70753,0.14555,0.53486
CRIP1,326.7,-0.57594,0.0083577,0.13853
KLHL23,38.966,0.095852,0.8087,0.94735
LINGO4,0,NA,NA,NA
FAM24B,49.103,0.088037,0.80626,0.94676
TRIM59,378.8,-0.12156,0.54705,0.84664
MLLT11,46.447,0.063512,0.85649,0.9633
ASIC3,57.104,0.89363,0.018146,0.2072
GIMAP1,2.6865,0.51836,0.71503,NA
CCDC183,49.221,0.75884,0.029309,0.26357
ARHGEF35,145.44,-0.049595,0.82785,0.95412
OR2F1,3.5305,-1.2545,0.34057,NA
CSH2,0,NA,NA,NA
DNLZ,176.24,-0.094895,0.69216,0.90554
TCL1B,0,NA,NA,NA
SUPT4H1,831.59,-0.14422,0.32233,0.72068
TSGA13,0.14541,-0.80051,0.84447,NA
NRAS,1241.4,-0.028677,0.83638,0.95617
LTC4S,18.321,-1.2374,0.04445,0.3182
ANKRD39,110.34,0.27443,0.25301,0.66725
QTRT1,658.6,0.32563,0.014585,0.18527
CHUK,472.21,0.098988,0.55338,0.84949
MXD3,321.47,-0.26637,0.16501,0.56578
GSTM2,920.12,0.24755,0.11911,0.49599
COG8,735.41,0.12696,0.35611,0.74527
ARHGAP19,287.61,-0.053165,0.76116,0.93235
HAUS7,529.7,-0.057716,0.73746,0.92417
LCAT,239.57,-0.47103,0.051688,0.3398
MAGEA12,0,NA,NA,NA
PTPRCAP,2.2757,-0.25616,0.8901,NA
PVRIG,82.155,0.58087,0.12782,0.50985
KRTAP4-12,0.15281,-0.82915,0.83898,NA
KRTAP2-4,0,NA,NA,NA
GPC2,29.314,0.5923,0.20528,0.62039
KRT222,0.16921,1.0934,0.78874,NA
SIPA1,544.74,-0.055541,0.76211,0.9327
ERV3-1,184.8,0.60635,0.018249,0.20763
SYNJ2BP,711.24,0.065992,0.6325,0.88575
ARL2,891.47,-0.29604,0.020256,0.2202
TTLL13P,5.6555,-0.39602,0.68729,NA
GBP7,0.35146,0.12584,0.9754,NA
RBMXL1,356.03,0.21452,0.1794,0.58633
SRA1,388.64,0.01902,0.89793,0.9758
STIMATE,678.83,0.35282,0.045489,0.32196
DNAJC9,709.73,-0.14079,0.27807,0.69004
C8orf82,752.09,-0.1407,0.30587,0.70826
CPLX3,0.66059,0.18934,0.95103,NA
VDAC1,4108.6,-0.10323,0.42758,0.78997
ZBTB9,170.08,0.24676,0.30203,0.70584
TMX2,1084.8,-0.043418,0.70276,0.90942
HEXA,2049.4,-0.27423,0.027799,0.25652
NDUFS3,506.72,-0.026013,0.87776,0.96911
LEPROT,2486.4,0.19723,0.056168,0.34964
LBH,1904,-1.1229,0.016823,0.19928
ADAT3,43.113,-0.3125,0.44744,0.79903
PPP1CB,3007.5,0.090764,0.36681,0.75308
SULT1A4,25.166,-0.98701,0.23785,0.65076
GPSM3,62.217,-0.3315,0.29757,0.7019
LAT,74.142,0.13369,0.74249,0.9257
NCKIPSD,486.87,0.02412,0.86997,0.96705
ATF6B,1546.6,0.080331,0.48598,0.81691
TREX1,140.38,-0.19715,0.42085,0.78594
S1PR3,299.4,0.06693,0.72246,0.91806
SLC35F6,477.31,0.057612,0.67956,0.89941
FAM209B,0.50084,1.0239,0.78897,NA
CLIC1,8670.7,-0.2233,0.069765,0.38943
DDAH2,995.7,-0.59583,0.0023667,0.069321
RPS29,4027.9,-0.072405,0.65046,0.89003
UGT2B11,0,NA,NA,NA
ATP6V1G2,46.912,0.19162,0.60032,0.87049
ZNF134,447.75,0.34412,0.020882,0.22266
GTF2H4,316.11,0.066653,0.66894,0.89615
DDX47,979.66,-0.13926,0.30833,0.71025
ZNF888,86.772,0.014699,0.95513,0.98999
ZNF845,168.97,-0.14228,0.50834,0.82626
KLRK1,4.4063,0.80747,0.52499,NA
CEACAM18,0,NA,NA,NA
EMP2,1286.1,0.030179,0.82465,0.95258
KCTD11,735.89,-0.16654,0.32808,0.72488
UBD,0,NA,NA,NA
PPM1N,34.999,0.50871,0.19736,0.60992
CEACAM16,0,NA,NA,NA
SLC23A3,87.912,0.63193,0.082089,0.42028
LTB4R,152.28,0.64331,0.012917,0.17376
LTB4R2,83.79,0.45701,0.17055,0.5738
DNASE1,279.52,-0.10323,0.67146,0.89743
MDP1,106.45,0.047957,0.85187,0.96141
LEUTX,0,NA,NA,NA
CSNK1E,3446,0.20105,0.13454,0.5216
CCL27,4.0822,1.0733,0.48506,NA
IRF9,567.66,0.051793,0.76328,0.93289
GALT,304.12,0.052745,0.7831,0.93992
HBE1,0,NA,NA,NA
HBG1,0,NA,NA,NA
CLDN9,2.7346,-2.084,0.15082,NA
ITGA1,724.08,0.18517,0.13435,0.52127
NUDT19,349.51,0.21168,0.24729,0.662
ZNF726,25.625,0.33324,0.5139,0.83005
ZNF99,25.057,-0.5414,0.25977,0.67473
TAX1BP3,2162.1,-0.27818,0.033746,0.28051
AP1G2,504.08,0.35603,0.13489,0.52199
ZNF90,25.934,-0.32361,0.51424,0.8303
NAXD,825.28,0.0073479,0.95597,0.98999
TM6SF2,18.268,-0.36717,0.50767,0.826
MEF2B,107.15,-0.014113,0.9534,0.98999
GANC,467.4,-0.13669,0.46402,0.80669
TTLL3,1313.5,0.50171,0.016357,0.19761
REPIN1,1052.2,-0.21239,0.12723,0.50985
MRPL23,563.25,-0.216,0.16942,0.57298
ZNF891,201.56,0.51538,0.024389,0.2399
IFNA7,0,NA,NA,NA
SMIM7,768.3,0.043115,0.74672,0.9278
FBXO16,3.5846,0.45704,0.70172,NA
TSPAN4,2239,-0.41275,6.7895e-5,0.0069357
CPNE1,2846,0.04975,0.6387,0.88679
ARL16,332.81,-0.057041,0.73048,0.9214
SMCO1,1.6499,-0.43888,0.81073,NA
WEE2,12.375,-0.090007,0.90824,NA
MAGEB1,0,NA,NA,NA
LYRM4,474.26,-0.10013,0.53998,0.84258
MYCBP,330.12,-0.12927,0.49432,0.81999
TMEM213,26.033,0.22454,0.6884,0.90331
PRCD,4.3505,0.2239,0.86649,NA
ALG3,417.66,-0.13537,0.46646,0.8077
SH3D21,918.09,0.32853,0.14,0.52636
SMIM30,401.86,-0.12906,0.40857,0.77925
C19orf38,2.1296,0.0098894,0.99518,NA
IQCJ,1.1949,0.27773,0.90229,NA
C17orf67,60.539,-0.029336,0.92874,0.98322
MINDY4B,0.34262,0.12944,0.97469,NA
FIS1,1092,-0.20414,0.17739,0.58325
ANG,146.56,-0.22646,0.3862,0.76512
SCART1,53.582,0.64365000000000006,0.1406,0.52671
NPS,0,NA,NA,NA
COLCA2,1.0405,-3.3004,0.18572,NA
SPDYE3,36.184,-0.30099,0.49249,0.81999
MBLAC1,22.531,0.035102,0.94858,0.98961
C3orf56,0.16907,1.0929,0.78883,NA
FOXI3,1.4894,-0.16634,0.93067,NA
SOGA3,41.563,0.16645,0.6937,0.9057
NEURL1B,258.97,-0.46989,0.015088,0.18946
EFCAB9,0.15946,-0.83942,0.83701,NA
HAUS3,459.9,0.15565,0.33422,0.73034
VSTM5,0.50535,1.0217,0.76164,NA
LCNL1,10.684,-0.1589,0.84846,NA
BBIP1,249.23,-0.20107,0.27299,0.68581
TRIM77,0,NA,NA,NA
GNAT3,0,NA,NA,NA
AS3MT,58.233,0.045852,0.89799,0.9758
FAM187A,40.203,-1.2672,0.015714,0.19362
PLIN5,14.502,-0.024157,0.9703,NA
SEC14L6,16.054,0.4313,0.54106,0.84341
SPINK13,0.64542,-2.841,0.40604,NA
HIGD1C,0.16748,-0.83131,0.83856,NA
NOTO,5.8803,-0.31303,0.79231,NA
PPME1,784.63,-0.033503,0.79813,0.94428
KRTAP2-2,0.1469,-0.80638,0.84334,NA
STARD10,273.35,-0.33435,0.13538,0.52234
ZNF705E,1.9577,-0.30483,0.86462,NA
NUTM2D,124.92,0.43495,0.086841,0.43131
CPEB1,103.55,0.11626,0.74977,0.92893
EML6,115.41,0.15204,0.57062,0.8573
DEFB113,0,NA,NA,NA
ZNF727,9.5969,0.04589,0.95441,NA
B3GALT9,41.336,0.18117,0.63124,0.88575
ZSWIM8,2237.7,0.2366,0.060748,0.36349
IQCF5,0,NA,NA,NA
IQCF6,0,NA,NA,NA
C10orf105,63.211,0.068691,0.85048,0.96116
ARHGEF33,18.327,0.15319,0.81015,0.94757
C12orf71,2.7512,1.7368,0.25224,NA
IFRD2,1052.7,-0.30883,0.033124,0.2774
CAPN14,11.284,-0.38208,0.57348,NA
ZBED1,1240.4,-0.16857,0.15207,0.5464
TOMM6,741.94,-0.095115,0.55903,0.85202
HNRNPUL2,4662.5,0.070983,0.47326,0.81209
CSKMT,104.4,-0.13449,0.59951,0.87037
MS4A18,0,NA,NA,NA
MS4A4E,75.751,-0.0066725,0.9811,0.99534
FER1L6,129.71,0.66941,0.029758,0.26456
CDRT15L2,0.78428,-3.019,0.27754,NA
MTCP1,24.823,0.28855,0.60623,0.87264
RAD51AP2,0.17523,1.0917,0.78906,NA
EVPLL,0.34433,1.9724,0.62532,NA
DCDC2C,7.8297,0.45304,0.5996,NA
SMTNL1,3.1841,0.93343,0.49081,NA
TRIM64C,0,NA,NA,NA
PNMA6E,0,NA,NA,NA
SPATA31D1,0.49244,-2.3516,0.53418,NA
NPIPA8,567.17,0.23986,0.18911,0.5989
ZSWIM7,180.99,0.20731,0.35509,0.74476
GPR33,0.17789,1.0882,0.7897,NA
ARHGEF28,178.25,0.04539,0.8516,0.96136
TBC1D26,0.14117,1.7798,0.66146,NA
LRRC69,4.7466,1.2949,0.23228,NA
CRPPA,60.642,-0.2485,0.5737,0.85848
NPIPA7,165.57,-0.16732,0.41132,0.78077
GSG1L2,0,NA,NA,NA
ACSM4,0.50345,1.0313,0.78711,NA
RTL10,608.33,-0.25891,0.060549,0.36336
COL28A1,33.585,0.24764,0.69097,0.90487
PHB2,2958,-0.16558,0.15,0.54358
TCP11X2,0,NA,NA,NA
NEURL4,722.72,0.12415,0.39477,0.77085
GRID2IP,1.2165,-1.2043,0.67164,NA
CXorf49B,0,NA,NA,NA
UBXN2B,333.97,0.14748,0.35,0.74077
CXorf49,0,NA,NA,NA
CBWD6,51.547,-1.6013,0.0011704,0.045571
C16orf90,0.337,0.12151,0.97624,NA
PRSS41,0,NA,NA,NA
NLRP2B,1.1397,-0.23061,0.92809,NA
MUC5AC,0.15737,-0.8318,0.83847,NA
MSMP,0,NA,NA,NA
GOLGA6B,1.6454,-1.091,0.55088,NA
FAM166B,1.4824,-0.83874,0.65784,NA
PEX26,831.99,0.35897,0.005906,0.11567
GRXCR1,0,NA,NA,NA
C5orf49,1.4973,-1.0935,0.59595,NA
UBE2QL1,1.8532,0.94631,0.55274,NA
FASTKD5,318.57,0.19089,0.2303,0.64409
GOLGA8B,392.6,0.38793,0.14838,0.54021
KCNU1,0.444,-0.64512,0.87166,NA
GAGE12G,0,NA,NA,NA
HOMEZ,142.75,-0.41405,0.050793,0.33699
GAGE10,0,NA,NA,NA
RNF212B,1.5536,-0.97407,0.65171,NA
DDX3X,8207.3,0.072764,0.44227,0.79653
VPS16,967.28,0.21049,0.069024,0.38868
ZNF705D,0.4099,1.6136,0.69242,NA
ZNF705B,0,NA,NA,NA
ZNF705G,0.33502,-1.7906,0.65699,NA
MYL5,441.01,0.18482,0.2348,0.64754
SCRT2,0,NA,NA,NA
ZNF407,350.65,0.13605,0.41936,0.78511
NPEPL1,926.56,-0.043368,0.71641,0.91617
KRTAP10-4,0,NA,NA,NA
KRTAP10-1,0,NA,NA,NA
RPL17-C18orf32,443.53,-0.012053,0.94509,0.98804
SKOR2,2.2793,-1.1857,0.51616,NA
SIAH3,1.1905,0.56695,0.78599,NA
EFCAB8,3.5273,-0.13476,0.93175,NA
DEFB116,0,NA,NA,NA
DEFB115,0,NA,NA,NA
GAB4,0,NA,NA,NA
C20orf202,0.65049,-2.7553,0.41586,NA
HMX1,0,NA,NA,NA
GCGR,0.49584,-1.7188,0.6715,NA
RSC1A1,47.816,-0.34672,0.34262,0.73509
CELA2B,1.0095,3.5446,0.17663,NA
TMEM242,423.45,0.042249,0.78309,0.93992
TMEM167B,1043.4,0.077507,0.49128,0.8198
FAM72D,41.878,-0.067182,0.88017,0.96987
TNFRSF25,96.692,-0.14675,0.60558,0.87255
ZC3H11B,5.3592,0.66124,0.50721,NA
TSTD1,0.33972,0.33124,0.9353,NA
RPTN,0.48979,-0.73832,0.8282,NA
CYB5RL,218.96,-0.30122,0.31941,0.71879
LACTBL1,0,NA,NA,NA
C1orf167,1.938,-1.9873,0.29381,NA
TTC34,48.266,0.50975,0.2192,0.63663
ATAD3C,13.893,0.046617,0.94041,NA
IFI30,136.11,-0.59817,0.015008,0.18918
IGSF23,1.815,-0.052147,0.9764,NA
GAGE12E,0,NA,NA,NA
FAM240C,0.36693,2.0599,0.60949,NA
CCDC7,25.078,-0.012028,0.98315,0.99542
FNIP1,840.01,0.32016,0.031562,0.27318
SP9,540.6,-0.02856,0.82462,0.95258
SYCE3,0.13984,-0.76365,0.85154,NA
CKLF,286.5,-0.31045,0.089885,0.43909
PAM16,188.25,-0.1594,0.42253,0.78688
CDC14C,15.342,0.20795,0.73619,0.92417
TENM3,347.99,-0.098241,0.7421,0.9253
CEBPZOS,692.55,-0.16328,0.33122,0.72754
TDRD15,0.17634,1.1172,0.78425,NA
PAPOLB,1.8565,-0.68629,0.72548,NA
ZNF579,379.85,-0.34668,0.039549,0.30545
CELA3B,0,NA,NA,NA
RNASEK,1384.5,-0.15737,0.24313,0.65762
CATSPERZ,1.1593,0.59342,0.8124,NA
TAFA5,224.41,-0.51268,0.02092,0.22282
NBPF1,2675.6,0.4622,9.6151e-5,0.0087014
UMAD1,238.25,-0.089177,0.66144,0.8934
PPP1R3G,92.176,-0.39956,0.12431,0.50362
FAM228B,84.428,0.11606,0.65868,0.8929
LINGO3,4.1643,-0.21429,0.84618,NA
ZGLP1,22.343,-0.033064,0.96235,0.99139
VAMP2,977.17,0.10914,0.45144,0.80112
TRIM51GP,0,NA,NA,NA
OR6B1,4.8964,1.0721,0.31874,NA
EBF2,75.892,-0.76732,0.051411,0.33901
C6orf226,47.732,-0.092859,0.79603,0.94319
PPP3R1,1476.4,-0.064295,0.61037,0.87443
PSG3,1.0191,-0.85089,0.72388,NA
FANCG,484.12,-0.14344,0.28899,0.69708
OR2A5,15.309,0.39887,0.5432,0.84484
KRTAP10-9,0,NA,NA,NA
AP4M1,437.78,-0.21469,0.16828,0.57132
OR4A5,0,NA,NA,NA
C2orf16,51.692,0.16421,0.64549,0.88886
KRTAP1-5,531.45,-0.50208,0.0037121,0.092606
TAS2R41,0,NA,NA,NA
OR2A12,5.7703,0.063465,0.95074,NA
KRTAP10-10,0,NA,NA,NA
KRTAP12-2,0,NA,NA,NA
PLXNA4,258.32,0.40827,0.47509,0.81302
MAGEA3,0,NA,NA,NA
CEBPD,779.3,-0.26488,0.55122,0.84896
ZNF816-ZNF321P,19.352,-0.14649,0.78668,0.94061
PSG7,1.6057,0.8572,0.66507,NA
KRTAP1-3,0,NA,NA,NA
OR3A2,3.7269,1.3904,0.3133,NA
ZBED8,70.97,-0.3158,0.28203,0.69303
HMSD,2.2039,1.9244,0.2353,NA
OR1C1,2.1502,0.87709,0.60062,NA
NPTXR,183.59,0.57533,0.004386,0.099402
POM121L12,0,NA,NA,NA
FAM200A,148.38,-0.26397,0.20422,0.61913
OR2F2,0,NA,NA,NA
PPP2R2A,931.89,0.26551,0.11883,0.49599
C19orf73,3.0112,-0.20473,0.87259,NA
ZNF880,248.97,-0.015571,0.93146,0.98395
TRIM16,898.11,-0.21027,0.19694,0.6095
OR6X1,0,NA,NA,NA
HEPN1,0,NA,NA,NA
OR2A25,25.247,-0.8121,0.13803,0.52484
TAS2R40,0,NA,NA,NA
OR2A14,0.11828,0.86486,0.83215,NA
TIGD1,290.93,0.31969,0.15311,0.54907
FXYD7,3.7192,2.1167,0.11925,NA
XKR9,2.1154,0.076893,0.96192,NA
OR4C12,0,NA,NA,NA
SLC12A8,48.959,0.18791,0.66373,0.89442
APOL6,1510.8,0.10204,0.4535,0.80168
FADS3,1666.6,0.014503,0.90426,0.97672
OR2A1,60.757,-0.38701,0.36241,0.75009
OR4E2,2.6795,0.86811,0.52558,NA
CCNL2,3153.5,0.27373,0.10199,0.46371
UBA52,7863.9,-0.18692,0.12795,0.50985
MYBPHL,0,NA,NA,NA
PPT2,317.15,0.10263,0.64098,0.88731
OR2A2,0.86933,2.0444,0.51892,NA
ZNF630,27.709,-0.048908,0.92755,0.98292
TIAF1,66.604,-0.2048,0.62069,0.8805
OR52B4,0,NA,NA,NA
BTBD19,231.43,0.23595,0.41907,0.78511
FAM185A,82.1,0.36512,0.17516,0.57925
RAB6C,0,NA,NA,NA
FAM243A,3.0869,2.4987,0.18238,NA
PSMB11,0,NA,NA,NA
POTEM,38.032,0.48018,0.20493,0.62008
POTEJ,0.15336,-0.83121,0.83858,NA
DCDC2B,32.696,0.15248,0.74325,0.92593
TRIM49D1,34.726,0.66058,0.11349,0.48461
USP17L2,4.0266,-0.61499,0.62096,NA
EXOSC6,858.36,-0.0055992,0.97283,0.99285
VPS52,726.71,-0.067095,0.59921,0.87017
CDRT15,3.228,1.0589,0.42954,NA
ZNF844,227.52,0.48927,0.060373,0.36292
USP17L15,0.15799,-0.83408,0.83804,NA
CKMT1A,3.5443,1.143,0.4587,NA
TINCR,13.029,0.2916,0.68183,NA
CENPVL1,0,NA,NA,NA
EBLN1,0,NA,NA,NA
HBD,0,NA,NA,NA
SUPT20HL2,0.50762,1.0295,0.78685,NA
ZNF735,0,NA,NA,NA
RFPL4A,0.35001,1.992,0.62174,NA
C1GALT1C1L,4.3045,-0.31583,0.76926,NA
SUPT20HL1,0.464,-2.2743,0.55601,NA
CERS1,60.504,-0.010031,0.97496,0.99307
HLA-DPB1,120.33,-0.13221,0.62322,0.88218
C1QTNF5,78.314,-0.92177,0.012507,0.17116
CPTP,631.49,-0.18204,0.22279,0.63763
CT47A10,0,NA,NA,NA
ETDB,0.38661,0.72238,0.85887,NA
CENPVL3,0,NA,NA,NA
PRR29,15.21,-0.20993,0.77061,0.93544
C4B,24.254,-0.77877,0.38263,0.76212
ADM5,7.6282,-0.36857,0.66974,NA
CXorf51A,0,NA,NA,NA
ATXN1L,884.13,0.16788,0.2464,0.66079
SMIM13,347.4,-0.068215,0.67048,0.89704
HNRNPA1P48,2.9146,-0.84156,0.5848,NA
GPX5,0,NA,NA,NA
GAGE12J,0,NA,NA,NA
NPIPA3,48.006,1.9185,0.0054654,0.10983
NDUFAF8,413.09,-0.36598,0.032486,0.27613
GAGE12H,0,NA,NA,NA
APOC4-APOC2,0,NA,NA,NA
PRRT4,1.0538,1.6204,0.50588,NA
PPP4R3C,0,NA,NA,NA
TMEM233,0.15768,-0.83294,0.83825,NA
PNMA6F,0,NA,NA,NA
PVALEF,0.49446,-0.76146,0.84293,NA
PLEKHM1,1458,0.29046,0.05321,0.34336
USP17L3,0,NA,NA,NA
TDGF1P3,2.3462,0.13126,0.92917,NA
FAM236D,0,NA,NA,NA
MKRN2OS,5.7749,1.4194,0.22883,NA
C2CD4D,7.6387,-0.10951,0.89626,NA
ZNF469,578,-0.47103,0.0064664,0.12025
MCRIP1,1756.4,-0.13749,0.34363,0.73591
SLC26A6,502.39,0.35243,0.053707,0.34336
OR6V1,0,NA,NA,NA
DEFB131B,0.83123,1.9861,0.48406,NA
FAM229A,43.71,0.1862,0.65286,0.89083
ERCC6,1246.5,0.055715,0.6245,0.88323
FRG2B,0.1749,1.0928,0.78884,NA
NOL7,1109.1,-9.4294e-4,0.99407,0.99899
CTAGE4,19.783,-0.97082,0.25963,0.67473
NTF4,0.5164,1.0113,0.7893,NA
ELFN1,637.41,0.16871,0.19432,0.60637
PIGBOS1,132.38,-0.0080022,0.97297,0.99285
CT47A6,0,NA,NA,NA
FTCDNL1,12.116,0.046238,0.94996,NA
TEX22,13.454,-0.25989,0.68612,NA
OR52I2,0,NA,NA,NA
CROCC2,14.549,-0.9165,0.17927,NA
DCAF8L1,0,NA,NA,NA
USP17L7,1.8317,0.97747,0.61287,NA
TMEM185B,1558.9,0.075831,0.58037,0.86163
CT47A9,0,NA,NA,NA
KIF4B,0.52322,2.5731,0.42906,NA
CT47A12,0.34373,1.9689,0.62596,NA
HSBP1L1,115.83,-0.43247,0.10997,0.47863
TAS2R46,0.87787,3.3163,0.28139,NA
SRRM5,9.3196,1.1573,0.15855,NA
PGAM4,4.9261,0.19723,0.86674,NA
C13orf42,0,NA,NA,NA
MROH5,0,NA,NA,NA
ERVMER34-1,55.583,0.094431,0.78421,0.93992
CT47A11,0,NA,NA,NA
RBMY1J,0,NA,NA,NA
LTA,0.84178,-1.8171,0.52127,NA
C14orf132,2987.1,-0.10099,0.37301,0.75624
WDR46,1069.3,0.018151,0.88358,0.97031
ANHX,0,NA,NA,NA
ZNF717,129.08,-0.14857,0.57905,0.86119
USP17L5,0,NA,NA,NA
PRR20D,0,NA,NA,NA
SPANXB1,0,NA,NA,NA
KLLN,36.237,0.12105,0.80166,0.94582
PARG,587.89,0.013378,0.92118,0.98198
AKR1B15,13.926,1.1465,0.071942,NA
GAGE12D,0,NA,NA,NA
SCAMP4,1112.3,-0.089859,0.47617,0.81389
LTB,0.34964,2.0041,0.6197,NA
USP17L12,0,NA,NA,NA
RD3L,0,NA,NA,NA
TEX46,0.34191,1.9493,0.62937,NA
MRLN,2.2905,-2.0011,0.24675,NA
POLR2J2,69.32,0.040661,0.91128,0.97895
BOD1L2,0,NA,NA,NA
IFNA14,0,NA,NA,NA
OR2M3,179.86,0.38756,0.11243,0.48321
MT-ATP8,4805.6,0.54961,0.011939,0.16827
ORM2,0,NA,NA,NA
FAM174C,426.16,-0.25254,0.081857,0.41991
OST4,1955.4,-0.28765,0.046592,0.32538
C2orf92,9.9264,0.44803,0.5738,NA
CT47A7,0,NA,NA,NA
VN1R4,0.82907,0.75535,0.76861,NA
NUTM2E,354.21,0.20711,0.1899,0.59976
FNDC10,638.86,-0.12959,0.31165,0.71249
CLDN25,0,NA,NA,NA
PROB1,36.279,0.16879,0.68778,0.90305
ARL17B,51.204,0.3861,0.23735,0.65049
DHFR,1530.4,-0.28915,0.021929,0.22693
SAPCD1,38.552,0.26073,0.53665,0.84028
CT45A5,0,NA,NA,NA
USP17L30,0,NA,NA,NA
TSPY3,0,NA,NA,NA
RPL41,26186,-0.20368,0.095299,0.45031
PGA4,28.119,-0.42977,0.43581,0.79431
RFPL4AL1,0.16936,1.0939,0.78864,NA
ORM1,0.46119,-2.2637,0.55871,NA
SPINK8,0,NA,NA,NA
PATL2,3.9587,0.41943,0.75194,NA
NKX1-2,0,NA,NA,NA
TSPY8,0,NA,NA,NA
PRAMEF25,0,NA,NA,NA
USP17L26,0,NA,NA,NA
PRAC2,0.64223,-1.3823,0.65408,NA
PRR20C,0,NA,NA,NA
H2AL1RP,0.15238,-0.82752,0.83929,NA
ZNF492,13.844,-0.19459,0.75537,NA
ZNF688,202.86,0.046734,0.83863,0.95656
PET100,355.45,-0.031601,0.88117,0.97005
PGA3,11.58,-0.41035,0.60821,NA
GK3P,1.4314,-2.7532,0.19422,NA
FAM90A26,8.1642,-0.44528,0.60882,NA
PRPS1L1,0,NA,NA,NA
IQCF3,0,NA,NA,NA
POTEB2,0,NA,NA,NA
TEX53,0.15112,-0.82275,0.8402,NA
ANKRD66,0,NA,NA,NA
ACBD6,682.14,0.1789,0.21332,0.62816
OR4F3,0,NA,NA,NA
SSU72P8,0,NA,NA,NA
OR5H6,0,NA,NA,NA
CT47A8,0,NA,NA,NA
SPDYE21,2.3819,1.4699,0.35486,NA
USP17L25,0,NA,NA,NA
ANKRD18B,11.161,1.0008,0.22753,NA
MBD3L2,0,NA,NA,NA
USP17L1,0,NA,NA,NA
CCDC192,6.1297,-0.10249,0.91007,NA
CT47A4,0,NA,NA,NA
TEX48,0.34688,-1.8974,0.63801,NA
PRB4,0,NA,NA,NA
SETSIP,0.32616,-1.7603,0.66268,NA
ANKRD63,0.83026,-0.46848,0.85522,NA
YY2,88.289,-0.054144,0.84745,0.95981
STMND1,1.2034,-2.4596,0.3284,NA
HSBP1,1840.5,-0.030544,0.85689,0.9633
USP17L28,0,NA,NA,NA
KRTAP21-3,0,NA,NA,NA
OR5H1,2.44,-0.8602,0.55762,NA
PLSCR5,0,NA,NA,NA
CFAP97D1,8.5412,0.52831,0.49602,NA
SBK3,0,NA,NA,NA
HLA-DPA1,32.214,-0.21542,0.62885,0.88529
USP17L10,0,NA,NA,NA
RPS18,26444,-0.15523,0.28554,0.69371
USP17L29,0,NA,NA,NA
TSPAN19,1.5871,-1.8832,0.35239,NA
RPS27AP5,0.17398,1.0875,0.78984,NA
AKAIN1,1.1333,3.8526,0.24425,NA
CYP21A2,11.826,-0.46501,0.53485,NA
OR5K2,0.16764,-0.83186,0.83846,NA
PRH1,11.718,-0.30261,0.69183,NA
PSG1,145.38,-0.9451,5.8038e-5,0.0063998
TAPBP,1714.5,0.088482,0.45476,0.80272
PPP1R2B,0,NA,NA,NA
MAGEB6B,0,NA,NA,NA
ZBED9,6.7409,-0.53758,0.57301,NA
TMEM253,7.3421,-0.74081,0.40089,NA
TMA7,1456.3,-0.051028,0.71774,0.91688
TEX50,0,NA,NA,NA
MCTS1,583.99,-0.12861,0.45943,0.80404
DYTN,0,NA,NA,NA
MTRNR2L4,42.907,0.20165,0.66305,0.89425
ASCL5,0.19385,1.1718,0.77398,NA
TMEM114,0,NA,NA,NA
KRTAP25-1,0,NA,NA,NA
USP17L24,0,NA,NA,NA
OR52I1,0,NA,NA,NA
OR5K1,0,NA,NA,NA
SMIM26,305.76,-0.076367,0.70072,0.90894
USP17L13,0.16931,1.0937,0.78868,NA
PRAMEF6,0,NA,NA,NA
AJM1,317.26,-0.014837,0.93624,0.98528
KANTR,16.101,0.22844,0.70899,0.91219
HLA-DQB2,0.81041,3.1714,0.31525,NA
GOLGA8N,135.61,0.82998,0.011658,0.16646
TNF,0.35383,2.0049,0.61937,NA
PET117,107.63,0.044242,0.85059,0.96119
LYRM9,69.163,0.58001,0.088514,0.43486
DEFB130A,0,NA,NA,NA
NPIPA9,1448.1,-0.41524,0.06298,0.36894
PHGR1,0,NA,NA,NA
DEFB130B,0,NA,NA,NA
ERVH48-1,9.1863,-0.15332,0.87092,NA
RAB6D,0,NA,NA,NA
USP17L11,0,NA,NA,NA
RNF224,14.177,-0.14029,0.82876,NA
NPIPB7,58.369,0.61759,0.11164,0.48159
GPX1,3295.5,-0.39581,0.0054589,0.10983
OR5H15,0,NA,NA,NA
BTBD18,6.8763,4.9931,0.0012046,NA
TMEM238,9.1135,-0.35422,0.68462,NA
TWIST2,5321,-0.22958,0.094666,0.44829
PIRT,0,NA,NA,NA
PRR23C,0.53622,2.6049,0.51412,NA
TRIM49D2,0,NA,NA,NA
TSPY4,0,NA,NA,NA
IFNA13,1.9888,-0.45734,0.78754,NA
H2BC15,20.686,-0.71444,0.33193,0.72816
POTEB,0,NA,NA,NA
RPS28,6199,-0.1428,0.25869,0.67393
CTXN2,0.18876,1.1225,0.78325,NA
UQCRHL,12.221,-0.10478,0.88133,NA
PAGE2,0,NA,NA,NA
TRIM26,858.71,0.13214,0.27413,0.68674
C16orf82,0.6865,2.9674,0.37511,NA
TMEM229A,0,NA,NA,NA
PRR20E,0,NA,NA,NA
ZNF879,58.095,0.11736,0.73075,0.92145
H2BS1,0,NA,NA,NA
CCDC188,80.243,0.15474,0.66695,0.89547
RBMY1A1,0,NA,NA,NA
KBTBD13,0.17883,1.0913,0.78913,NA
ZNF736,180.27,0.39899,0.19857,0.61193
PINLYP,12.584,-0.024315,0.97582,NA
CLDN34,0,NA,NA,NA
C5orf58,0,NA,NA,NA
FAM133B,566.5,0.43114,0.0016113,0.054712
OR10G8,0,NA,NA,NA
MCIDAS,0.17872,1.0909,0.7892,NA
JRK,734.11,0.075731,0.65166,0.89046
NPIPB2,192.27,0.03573,0.87558,0.96873
HLA-B,2092,-0.28365,0.032204000000000003,0.27536
C11orf94,3.2337,1.5779,0.25007,NA
IQCM,1.9646,-4.3622,0.037334,NA
IFNA17,0,NA,NA,NA
APOC2,4.2808,3.0288,0.038418,NA
SHISA8,0.72355,-1.6374,0.62607,NA
C19orf81,1.4679,-0.92193,0.65928,NA
ANKRD65,19.095,-0.50876,0.34988,0.74075
BRD3OS,927.98,-0.025938,0.85777,0.9633
ZSCAN31,15.949,0.19321,0.77864,0.93854
FAM237A,0,NA,NA,NA
C12orf75,3758.2,-0.6142,1.797e-6,4.2873e-4
SMIM1,13.043,-0.352,0.6102,NA
HGH1,396.7,-0.10433,0.53742,0.84063
PPP1R3E,171.58,-0.22694,0.32928,0.72546
KDM4E,0,NA,NA,NA
RAMACL,2.8915,2.3865,0.21716,NA
RPEL1,0.51712,2.558,0.49051,NA
SPAAR,3.6287,-1.0015,0.47281,NA
SMIM27,78.545,0.074893,0.81351,0.94882
NFAM1,5.651,0.30861,0.75083,NA
NKX1-1,0,NA,NA,NA
RNF148,0.30155,0.13453,0.9737,NA
CXorf51B,0,NA,NA,NA
ANKRD34C,1.5114,-0.17425,0.92613,NA
MFRP,1.2737,-0.26602,0.92697,NA
KIAA0040,4.5572,-0.63726,0.58612,NA
USP17L27,0,NA,NA,NA
B3GALT4,45.512,-0.48387,0.19477,0.60721
LCE6A,0,NA,NA,NA
PNMA6A,43.427,-0.19429,0.60103,0.87053
PATE3,0,NA,NA,NA
OR5H14,7.4891,0.063423,0.94112,NA
ZBTB22,570.71,-0.14038,0.42324,0.78732
USP17L4,0,NA,NA,NA
CT47A3,0,NA,NA,NA
CLEC2L,0.15158,1.008,0.80489,NA
ZBED5,839.99,0.25207,0.059226,0.36046
SLFN14,9.6936,0.52468,0.50133,NA
PPIAL4G,2.3978,2.0175,0.22715,NA
GAGE12F,0,NA,NA,NA
CT47A1,0,NA,NA,NA
CCDC200,27.663,0.94208,0.055765,0.34829
SLC35G4,0,NA,NA,NA
TAS2R39,0,NA,NA,NA
TSPY10,0,NA,NA,NA
UBE2L5,7.0204,1.8247,0.072801,NA
CT47B1,0,NA,NA,NA
ZNF853,63.087,-0.57549,0.069784,0.38943
IFNA4,0,NA,NA,NA
ARHGEF38,0.14813,0.99469,0.80741,NA
GAGE12B,0,NA,NA,NA
CTAGE9,1.0354,1.0787,0.71778,NA
ZNF593OS,8.4664,-0.35996,0.69182,NA
C3orf84,0,NA,NA,NA
OR10G9,0,NA,NA,NA
USP17L8,0.50766,2.5344,0.52603,NA
TAAR9,0,NA,NA,NA
C4orf51,0.16735,-0.83087,0.83865,NA
B3GNT9,949.14,-0.31336,0.016817,0.19928
CDKN2AIPNL,288.52,0.13398,0.47433,0.81255
MBD3L5,0,NA,NA,NA
CKMT1B,4.8012,2.1568,0.20057,NA
RNF223,4.5608,0.89091,0.39994,NA
PATE4,8.8606,0.53082,0.50906,NA
OR4A47,0,NA,NA,NA
PRSS56,0,NA,NA,NA
ZNF737,141.75,0.28138,0.3984,0.77246
RGL2,823.76,-0.33866,0.007655,0.13287
MEIOSIN,0.30656,-1.6789,0.67789,NA
C10orf143,35.784,0.112,0.79556,0.94314
SHISA9,81.003,0.12705,0.75258,0.92973
OR7E24,2.3141,0.17431,0.91418,NA
TEX51,0,NA,NA,NA
HLA-DQA2,0,NA,NA,NA
KIFC1,638.57,-0.28473,0.056224,0.34969
C2orf74,210.76,-0.23491,0.24365,0.65812
GAGE12C,0,NA,NA,NA
IRGM,5.6803,0.13111,0.88789,NA
PRAMEF33,0.16945,1.0942,0.78859,NA
AMY1A,0,NA,NA,NA
FAM200B,271.98,-0.065151,0.72651,0.91939
CT47A5,0,NA,NA,NA
OR2I1P,4.1557,0.76315,0.60955,NA
TSPY9P,0,NA,NA,NA
LRRC37A2,382.09,-0.13253,0.47022,0.81087
MPC1L,0.15236,-0.82744,0.83931,NA
ETDA,0.55856,1.6976,0.60308,NA
TMEM250,1385.1,-0.22718,0.085763,0.42844
OR2W3,1.392,-3.8601,0.13717,NA
PAGE2B,0,NA,NA,NA
TXNDC5,10727,-0.14116,0.15552,0.55397
CASTOR1,110.63,-0.19213,0.48542,0.81691
RNF103,870.05,0.12075,0.33516,0.73044
RBM14,695.91,0.022548,0.88511,0.97105
ALKBH6,176.12,2.3086e-4,0.99916,0.99963
ASB14,19.149,0.43892,0.43838,0.79531
PCDHA13,0.42544,-2.3146,0.56509,NA
KLHL41,9.2742,-0.038099,0.96773,NA
OR1J4,10.501,0.085254,0.90657,NA
STPG4,3.1957,0.15067,0.91507,NA
PRR20G,0,NA,NA,NA
MEIKIN,0,NA,NA,NA
NME1,1026.6,-0.29371,0.099386,0.45985
TNFSF12,673.44,-0.33576,0.032969,0.2772
CDRT4,43.519,0.23679,0.88022,0.96987
APOBEC3G,100.8,-0.26405,0.27752,0.68995
TLR9,4.6027,-0.46437,0.68566,NA
WBP1,859.6,0.25097,0.10293,0.46638
MRPS17,228.51,0.10465,0.64138,0.88731
PRAMEF11,0,NA,NA,NA
DEFA3,0,NA,NA,NA
GET4,556.26,0.06983,0.58655,0.86326
KRTAP9-2,0,NA,NA,NA
C1orf226,3.1174,0.2432,0.87043,NA
ADSL,1071.8,-0.041312,0.75538,0.93001
LILRA4,0,NA,NA,NA
LILRA2,6.7135,1.4779,0.19999,NA
TEX35,8.9186,1.5571,0.050817,NA
AMY2B,26.103,0.10726,0.82822,0.95432
STRIT1,2.0349,1.11,0.48206,NA
LY6G5B,256.23,0.023109,0.94412,0.98762
PSMB9,139.72,-0.054745,0.84187,0.95794
PCDHGC3,3585.9,0.14581,0.23282,0.64634
SMKR1,19.061,0.32724,0.53503,0.8397
COX19,323.68,-0.076933,0.68822,0.90321
DEFA1B,0,NA,NA,NA
ACAD11,632.23,-0.085177,0.59841,0.86977
PPIL3,467.23,-0.065675,0.69824,0.90761
LCE1F,8.2383,-2.5281,0.017756,NA
KIR3DL2,0,NA,NA,NA
KRTAP13-3,0,NA,NA,NA
FOXO3B,166.33,0.5393,0.059992,0.36182
TNFRSF13B,0,NA,NA,NA
KRTAP9-1,0,NA,NA,NA
L1TD1,4.5509,0.91413,0.45288,NA
AQP1,5608.3,-0.88125,7.7722e-13,9.7297e-10
C1QTNF9,3.5876,1.7895,0.17571,NA
ISY1,721.84,-0.12582,0.34718,0.73854
PNMA2,93.288,-0.12805,0.64927,0.88985
LRRD1,6.2754,1.0344,0.36592,NA
KRBOX1,21.454,-0.16826,0.77211,0.93591
PCDHGC5,201.18,0.61392,0.0025232,0.07255
ARHGEF25,684.89,-0.086673,0.5363,0.84028
PEDS1,693.36,-0.12039,0.35494,0.74476
RDH14,363.73,0.11416,0.47748,0.81454
KRTAP4-7,0.42055,2.2187,0.58005,NA
PLCXD2,19.828,0.83445,0.11888,0.49599
MIF,4771.9,-0.36167,0.0010157,0.041781
NSUN6,117.65,0.089069,0.70487,0.90973
HLA-DOB,2.9034,2.9852,0.0783,NA
UGT1A9,0,NA,NA,NA
KRTAP10-5,0,NA,NA,NA
YAE1,153.55,-0.18958,0.39458,0.77085
OR14A2,0,NA,NA,NA
ZNF722P,0,NA,NA,NA
TDGF1,4.3178,-0.40076,0.75974,NA
C3orf85,0.3263,0.13004,0.97458,NA
KRTAP5-8,0.83476,1.9867,0.53562,NA
KRTAP4-16,2.5319,0.69922,0.61241,NA
CRCP,644.27,-0.090207,0.52441,0.83522
CDRT1,27.019,0.50312,0.3355,0.73044
RPL36A,4693.2,-0.21608,0.17276,0.57667
PDXP,270.06,-0.048846,0.80529,0.94676
RPP21,229.43,-0.10088,0.56187,0.85378
CD302,689.82,-0.072757,0.63597,0.88597
EGFL8,179.3,0.18491,0.48069,0.81588
ATP5MF,996.02,-0.056059,0.73966,0.92453
SSX2,0.60633,-2.6351,0.45132,NA
ARHGAP8,11.755,0.70424,0.32576,NA
ARPC4,2171,-0.02773,0.82227,0.95216
CORT,2.8053,-0.38405,0.78531,NA
KRTAP9-4,0,NA,NA,NA
KRTAP5-4,0.16871,1.0577,0.79548,NA
UGT1A1,15.32,0.71957,0.32417,0.72232
INMT,19.107,-0.74352,0.16096,0.56177
ARPC1A,2818.5,-0.075033,0.50695,0.82585
TMEFF1,59.308,-0.4975,0.37495,0.75791
SPRR2A,16.519,1.2288,0.2457,0.66013
ATP5PO,1248.2,-0.24767,0.036822,0.29516
PLEKHO2,1493.1,-0.56499,5.4098e-4,0.029317
C8orf58,353.48,-0.64163,1.4008e-4,0.011859
PISD,433.79,0.1071,0.48767,0.818
HOGA1,12.223,0.66066,0.31316,NA
PWP2,29.728,0.80525,0.16024,0.56068
PI4KA,2625.6,0.060161,0.63287,0.88575
KIR3DL3,0,NA,NA,NA
HYPK,645.22,-0.11125,0.50981,0.82681
AMACR,388.82,0.025333,0.87417,0.96844
MTFP1,69.274,0.1171,0.68983,0.90418
MDFIC2,0,NA,NA,NA
ARHGDIG,5.288,-0.82475,0.42841,NA
TCP10L,0.62078,-0.95089,0.78731,NA
PSG2,109.33,-0.46806,0.069034,0.38868
ARFGAP3,1357.6,-0.069687,0.56742,0.85599
BGLAP,1.266,-1.4163,0.5698,NA
C22orf39,263.8,-0.20778,0.31164,0.71249
PEG10,1541.8,-0.029381,0.85741,0.9633
CT47A2,0,NA,NA,NA
UGT1A8,0,NA,NA,NA
EIF6,1598.4,-0.11869,0.30061,0.70429
RBMY1E,0,NA,NA,NA
PCDHGC4,68.311,-2.09,NA,NA
GTF2A1L,3.5372,-0.75725,0.62281,NA
MRPL20,610.61,-0.20036,0.15204,0.5464
ARPIN,957.75,-0.10687,0.39452,0.77085
UGT1A10,0,NA,NA,NA
SERPINB10,9.9352,1.1628,0.14737,NA
HLA-DMB,0,NA,NA,NA
DECR2,268.52,-0.169,0.41853,0.78509
GNG10,1200.8,-0.046323,0.74097,0.92493
CNTF,23.853,0.10323,0.84196,0.95796
CCDC169,35.165,0.54038,0.31315,0.71378
RTL5,409.53,0.44057,0.0042467,0.098921
AP5Z1,812.53,0.33722,0.021188,0.22303
ZNF709,60.661,-0.20994,0.68053,0.89974
STRC,4.9139,0.4512,0.69341,NA
RBMY1B,0,NA,NA,NA
ERVW-1,40.115,-0.024156,0.95601,0.98999
EIF4EBP3,65.215,-0.4565,0.17265,0.57667
PRAMEF4,0,NA,NA,NA
PSG11,0.43618,0.49564,0.90184,NA
PSG4,2058.4,-0.51039,8.9904e-4,0.038406
MRPL33,359.25,0.030969,0.88121,0.97005
MICAL3,1441.6,0.33615,0.020471,0.22023
PPAN-P2RY11,67.745,0.50212,0.1378,0.52477
PCDHAC2,15.516,-0.54525,0.3966,0.77146
STON1,783.38,-0.037593,0.76359,0.9331
PRAF2,804.11,0.20097,0.15173,0.54608
VSIG8,14.289,0.085838,0.90624,NA
STMP1,952.78,-0.25816,0.05749,0.35375
KCTD7,405.96,-0.42311,0.013244,0.17644
EFNA4,93.996,0.06551,0.82221,0.95216
TICAM2,446.98,-0.34185,0.11879,0.49599
C4orf48,151.13,-0.12896,0.54885,0.84818
NAA80,142.23,0.089675,0.67789,0.89895
AMY2A,0.16279,1.071,0.79296,NA
KRTAP10-11,0,NA,NA,NA
TNFRSF6B,249.45,0.053657,0.86644,0.96539
WFDC6,0,NA,NA,NA
UPK3B,6.1978,0.74355,0.44094,NA
SMIM34A,0.84499,-1.8318,0.56748,NA
IL10RB,790.65,-0.3396,0.030553,0.26859
CFB,633.73,-0.27959,0.17597,0.58123
ZNF487,101.84,0.048889,0.86812,0.96621
WDR92,230.32,-0.16388,0.43981,0.79603
NME2,6439.2,-0.13497,0.33802,0.73313
PLA2G4B,84.68,0.4946,0.1762,0.58123
LEFTY1,0,NA,NA,NA
CFAP57,7.0307,-0.83108,0.43596,NA
NPIPB5,1112.5,0.33614,0.1773,0.5831
TTC4,511.2,0.0083632,0.95316,0.98999
OR5V1,0,NA,NA,NA
TMEM35B,356.5,-0.26041,0.1834,0.59181
KIR2DL3,0,NA,NA,NA
JMJD7,82.606,0.24023,0.43452,0.79333
APOBEC3D,61.141,-0.41058,0.26505,0.6795
OR2A7,18.345,0.42772,0.42568,0.78922
TUBA4B,0,NA,NA,NA
MRPS6,938.57,0.00558,0.97751999999999994,0.99365
ZNF512,431.65,-0.21382,0.12245,0.50076
GSTA1,0.1581,-0.83449,0.83796,NA
RTL9,33.404,-0.35407,0.42248,0.78688
ACY1,293.43,-0.24521,0.12826,0.51046
NFS1,391.67,0.14672,0.31981,0.71892
MT1HL1,0,NA,NA,NA
KRTAP19-3,0,NA,NA,NA
DDOST,4108.1,-0.15798,0.15201,0.5464
TMEM199,258.92,0.20351,0.32463,0.72266
LCE3C,0.16238,-0.84992,0.835,NA
GSTA2,0,NA,NA,NA
SPRR2F,0.51282,2.5509,0.52328,NA
DNAJC25-GNG10,188.6,0.42815,0.046794,0.32623
UGT1A7,1.8426,0.3841,0.8278,NA
P2RY11,73.287,0.30202,0.39479,0.77085
TMEM141,358.99,-0.11539,0.53399,0.83932
TMEM225B,15.681,0.139,0.82465,0.95258
GMCL2,0.15336,-0.83121,0.83858,NA
IFITM10,105.28,0.39216,0.15725,0.55671
DBNDD2,84.466,-0.5772,0.041355,0.30952
LY6G6D,0,NA,NA,NA
KRTAP19-7,0,NA,NA,NA
RBMY1D,0,NA,NA,NA
ETV5,1482.7,-0.041755,0.75888,0.93216
KRTAP5-7,0.51518,1.0232,0.75981,NA
CFHR1,0.85012,-1.8547,0.50652,NA
RBM12,1474.8,0.26803,0.039466,0.30545
UGT1A4,0,NA,NA,NA
ERVFRD-1,2.9878,0.14475,0.91148,NA
LILRA6,2.5313,1.1956,0.43977,NA
SCARF2,1371,-0.017826,0.90034,0.97613
APOBEC3C,1589.4,-0.32317,0.006789,0.12271
KRTAP4-2,0,NA,NA,NA
RAD21L1,1.1691,0.12477,0.96063,NA
CCDC13,0.79907,-3.0533,0.26947,NA
ASPRV1,10.383,-0.27875,0.7117,NA
OR2AE1,0.15888,-0.83734,0.83741,NA
KRTAP20-1,0,NA,NA,NA
FCGR2C,0,NA,NA,NA
UBE2V1,3301.3,-0.1451,0.1998,0.61327
CTAGE8,38.811,0.17714,0.71467,0.91555
PTCHD4,13.063,-1.1743,0.15422,NA
C4A,121.96,-0.2563,0.34186,0.73501
HBB,0.57183,2.7682,0.43926,NA
CRYBB2,351.63,-0.35649,0.024959,0.24224
N4BP2L2,1111.3,0.23121,0.081901,0.41997
ZNF585B,356.75,0.11375,0.58413,0.86272
CEBPA,22.346,0.37549,0.50525,0.82533
H2AJ,384.13,-0.32863,0.13011,0.51309
UBAP1L,18.504,0.1711,0.75365,0.92978
PGAM5,463.69,0.0071605,0.96106,0.99081
ZCCHC3,398.29,-0.14002,0.34442,0.7365
SPTY2D1OS,5.0862,-0.10901,0.91446,NA
TWF2,1870.1,-0.11246,0.32613,0.72336
MARS2,78.498,0.088108,0.77731,0.93779
USP51,29.832,0.2464,0.64682,0.88949
BCKDHA,360.05,-0.092487,0.55131,0.84896
INSL3,0.15391,1.0387,0.79908,NA
MARCOL,0,NA,NA,NA
ADH1C,11.29,0.54059,0.46878,NA
TRIM39-RPP21,2.9888,0.44815,0.81415,NA
APELA,6.4842,-0.0078474,0.99344,NA
CDK11B,884.89,0.055337,0.67231,0.89755
PCDHAC1,0.57468,2.7785,0.43676,NA
TARM1,1.4379,-1.6195,0.49238,NA
PRR5-ARHGAP8,7.1811,-1.4279,0.64407,NA
POU5F2,20.715,0.93761,0.08573,0.42844
PCP4L1,0.78766,-1.7154,0.5999,NA
ABHD14A,177.3,-0.31765,0.18581,0.59466
STIMATE-MUSTN1,44.287,0.48066,0.30573,0.70826
RBM14-RBM4,40.194,-0.0039255,0.99298,0.99899
LY75-CD302,23.574,0.5191,0.42752,0.78997
CCDC153,12.143,0.078356,0.908,NA
C4orf54,0,NA,NA,NA
ACTN3,2.9286,-0.2092,0.88835,NA
FOXL3,0,NA,NA,NA
SMIM31,5.6704,-0.80315,0.48282,NA
TNFSF12-TNFSF13,10.862,-3.2051,0.0057829,NA
FMN1,177.51,-0.6836,0.0045163,0.1006
ATP5MF-PTCD1,88.145,-0.37057,0.29178,0.69905
USP17L19,0,NA,NA,NA
USP17L22,0,NA,NA,NA
USP17L17,0.16924,1.0935,0.78872,NA
HAUS5,308.81,-0.14106,0.46636,0.8077
EPPIN-WFDC6,0,NA,NA,NA
TAF11L12,0,NA,NA,NA
PCDHA11,2.6442,2.2387,0.33571,NA
ATP5MGL,73.663,0.58676,0.059004,0.35983
TMEM150C,17.991,0.5695,0.44094,0.79605
NAIP,373.91,0.04745,0.83751,0.95639
ZNF324B,100.33,-0.54241,0.048889,0.33274
SPATS1,14.104,0.046792,0.94881,NA
CLRN2,0.50013,-2.3705,0.55253,NA
LINC02218,0,NA,NA,NA
THEGL,1.2773,-1.4384,0.51709,NA
ZNF564,125.09,-0.4161,0.16096,0.56177
FER1L5,5.0025,0.92736,0.41256,NA
ECSCR,1.5257,1.1532,0.548,NA
USP17L21,0,NA,NA,NA
HS3ST5,1.3516,0.09581,0.9643,NA
MTRNR2L5,1.6934,0.70264,0.68101,NA
LGALS16,0,NA,NA,NA
RNF103-CHMP3,16.338,1.0716,0.26311,0.67735
PDCD6,1030.9,0.12017,0.33268,0.72926
GOLGA8K,2.3144,4.7143,0.040174,NA
GBA3,0,NA,NA,NA
TERB1,2.2581,0.95197,0.56102,NA
TMEM158,9269.2,0.57177,0.37772,0.75948
ARPIN-AP3S2,444.11,0.025669,0.86775,0.96612
YJEFN3,48.658,0.049219,0.88848,0.97236
PCDHA10,20.968,0.45572,0.4236,0.78743
ARPC4-TTLL3,29.785,-2.0215,4.9169e-4,0.027572
PTTG2,0,NA,NA,NA
GIMD1,0.45854,-2.1807,0.57846,NA
TRMT9B,311.6,0.10544,0.65134,0.89037
ZNF718,139.16,0.018304,0.94081,0.98689
SMIM20,404.31,-0.11523,0.54194,0.844
GYPB,0,NA,NA,NA
TUNAR,5.9029,-0.16605,0.88427,NA
TRIM75P,0,NA,NA,NA
KIAA1210,2.6141,-0.22617,0.88607,NA
CHCHD10,223.4,-0.30876,0.11937,0.49629
CDK3,149.27,0.1014,0.68269,0.90086
GPR162,75.429,-0.33558,0.25307,0.66725
ATP6V1E2,85.304,-0.20493,0.49852,0.8218
GLI4,263.72,0.27635,0.13984,0.52636
LY6G6F-LY6G6D,0,NA,NA,NA
REELD1,0.51048,1.0557,0.7812,NA
CCDC169-SOHLH2,0.16929,1.0936,0.78869,NA
P3R3URF,0,NA,NA,NA
SELENOP,452.48,-0.55401,0.047158,0.32652
NT5C1B-RDH14,3.4365,-0.38558,0.78338,NA
USP17L20,0,NA,NA,NA
TAF11L14,0,NA,NA,NA
PRODH2,0.16354,-0.86832,0.83148,NA
EXOC1L,0,NA,NA,NA
USP17L18,0,NA,NA,NA
USP17L23,0,NA,NA,NA
PTTG1IP2,0.35476,2.0064,0.61906,NA
ZNF674,86.007,0.77438,0.018986,0.21236
TMED7-TICAM2,440.85,0.28535,0.078401,0.41004
ZNF345,67.382,0.3493,0.30238,0.70629
RFPL4B,1.5098,0.44264,0.83092,NA
ALG1L2,31.969,0.38676,0.3536,0.74455
SHANK3,329.87,0.30859,0.13338,0.51935
MSANTD3-TMEFF1,185.96,0.26909,0.18879,0.59866
ZNF550,167.07,0.15938,0.47692,0.81421
DCANP1,0,NA,NA,NA
FOXD1,2365.4,-0.1812,0.25343,0.66764
CENPS-CORT,90.67,-0.07489,0.78708,0.94061
PRB1,0,NA,NA,NA
PCDHA12,0.42768,0.12963,0.97445,NA
PTX4,1.138,-1.1044,0.66707,NA
OC90,0,NA,NA,NA
RGS21,0,NA,NA,NA
PCDHGA12,1609.5,0.20829,0.10601,0.47268
C8orf88,81.072,0.01579,0.95396,0.98999
SHLD3,25.903,-0.25516,0.59312,0.86651
CCDC71L,1305.2,0.30689,0.034346,0.28239
HOXA10,408.19,-0.32487,0.031254,0.2716
TMEM200B,756.61,-0.43182,7.4237e-4,0.033707
PCDHGB6,127.86,0.021071,0.93027,0.98367
SERPINE3,4.0184,1.2504,0.39545,NA
C1orf210,3.6749,0.37884,0.75709,NA
TUG1,3820.3,-0.083839,0.44526,0.79862
TRNP1,646.45,0.10613,0.51254,0.82928
SMIM18,0.14653,1.0103,0.80445,NA
PCDHGA5,97.46,0.070203,0.78349,0.93992
NACA2,0,NA,NA,NA
PCDHGA7,320.8,0.39792,0.014545,0.18527
PYDC2,0,NA,NA,NA
SLC10A5,2.4502,-0.4759,0.77888,NA
EIF5AL1,22.129,0.032879,0.95949,0.9902
PRSS51,3.8201,-1.3163,0.31552,NA
ALG11,1020.4,0.23864,0.029872,0.26463
ATXN7L3B,1603,-0.088767,0.4106,0.78017
PRKDC,5702.4,0.39478,0.01874,0.21072
PCDHGA6,345.38,0.51084,0.0028275,0.078277
PCDHGA8,99.187,0.45297,0.08122,0.41828
UTP14C,0,NA,NA,NA
ETV3L,0.17131,1.0665,0.79381,NA
PCDHGA10,333,0.41863,0.015184,0.19042
PCDHGA11,779.67,0.072268,0.57685,0.85951
PCDHGB2,412.47,0.36293,0.014012,0.18204
PCDHGB4,897.88,0.33992,0.0048987,0.10555
CLDN23,14.319,0.63615,0.29849,NA
ZNF260,409.81,-0.0028089,0.98407,0.99568
LYN,210.59,0.07807,0.69128,0.90511
PINX1,113.58,-0.046977,0.86004,0.96407
PCDHGB7,1017.3,0.25758,0.042509,0.31306
CD8B2,2.979,1.9398,0.3845,NA
NPIPB11,56.876,1.255,0.0017165,0.056853
PCDHGB1,133.63,0.22752,0.3982,0.77246
PCDHGA3,203,0.65205,0.00060796000000000005,0.030233
LRRC24,49.224,0.26508,0.53692,0.84028
SIGLEC14,1.1872,1.4768,0.47921,NA
PBOV1,2.521,1.1575,0.45266,NA
OR4D10,0,NA,NA,NA
AP5B1,660.77,0.35134,0.013059,0.17486
CHMP4A,446.05,-0.060692,0.7027,0.90942
SIGLEC12,0,NA,NA,NA
PABPC4L,28.263,-0.40007,0.36689,0.75308
OMP,2.47,-1.3584,0.44477,NA
MAGEL2,2.881,-0.84069,0.62423,NA
CSNK2A3,0,NA,NA,NA
ARMS2,0.83623,0.73954,0.77282,NA
INS,0,NA,NA,NA
RTL1,12.324,0.11699,0.88664,NA
FPGT,322.01,0.24007,0.15443,0.55126
IGLL5,0.84306,0.71874,0.79872,NA
MEX3A,53.442,0.07019,0.8357,0.95609
OR10G4,8.3076,0.14201,0.86264,NA
EEF1G,41331,-0.20899,0.071861,0.3947
CKLF-CMTM1,27.621,0.13676,0.77211,0.93591
SLC22A18AS,6.0203,-0.06018,0.95082,NA
OR5M10,0,NA,NA,NA
NPIPA2,66.639,-1.6287,0.52322,0.83488
MPV17L2,96.258,0.052391,0.84476,0.95868
BORCS8,161.26,-0.026403,0.90772,0.97793
DPP3,693.48,0.087292,0.52612,0.83581
ANKHD1-EIF4EBP3,580.79,0.099275,0.54898,0.84818
KRTAP5-9,0.33689,0.13364,0.97387,NA
BRK1,2859.5,-0.032179,0.79032,0.94113
UBTFL1,0,NA,NA,NA
OR5M1,0,NA,NA,NA
SAA2-SAA4,0,NA,NA,NA
PIGY,513.72,0.0049208,0.97218,0.99261
CHMP1B,1039.8,0.16971,0.22695,0.64224
EID3,42.818,-0.16428,0.67401,0.89761
GLYATL1B,0.33891,1.9534,0.62882,NA
HTD2,97.842,-0.16816,0.60479,0.8721
CCDC166,0,NA,NA,NA
NANOGP8,0.69148,2.9721,0.44094,NA
OR5M11,0,NA,NA,NA
FXYD6-FXYD2,0,NA,NA,NA
PRR23D1,0,NA,NA,NA
SMIM35,0.15329,-0.83098,0.83863,NA
OR8G5,0,NA,NA,NA
EID1,4285,-0.086261,0.51988,0.83379
OR52B2,0,NA,NA,NA
NOX5,24.282,0.094986,0.85364,0.96249
CCDC179,0.34516,1.9699,0.62571,NA
TAS2R43,1.5296,1.1851,0.61599,NA
PRR23D2,0.16736,-0.83091,0.83864,NA
OOSP4B,0.33293,0.1216,0.97623,NA
HCAR3,1.0407,3.566,0.15888,NA
PCDHA3,13.9,-0.12143,0.86240000000000006,NA
EBLN2,22.385,-0.34943,0.59484,0.86825
CARD18,1.0098,-2.1763,0.3969,NA
NPIPB8,5.1692,0.7599,0.5182,NA
NEDD8-MDP1,6.5169,0.86012,0.49312,NA
POLR2M,1076.7,0.27068,0.18424,0.59312
LY6G6E,0,NA,NA,NA
FDXACB1,46.301,0.46159,0.21482,0.63066
OR10G2,0,NA,NA,NA
RAB44,2.9657,0.13531,0.92012,NA
TRIL,26.084,-1.5887,0.03266,0.27649
OR4D2,0,NA,NA,NA
OR6J1,21.164,0.55579,0.33764,0.73288
MTRNR2L8,13393,0.24902,0.49831,0.82173
TIFAB,0,NA,NA,NA
TAS2R20,10.974,-1.5531,0.040281,NA
KDM4F,0,NA,NA,NA
CYP2A6,3.3151,0.47455,0.77879,NA
CTSO,705.39,-0.17833,0.26165,0.67585
MTRNR2L10,337.8,0.15511,0.57051,0.8573
COA8,512.08,-0.17976,0.2815,0.69283
TRAPPC2B,77.803,-0.040033,0.88631,0.9716
DNAAF4,56.072,0.17782,0.58539,0.86303
ZNF432,221.63,0.56516,0.10007,0.46125
SMLR1,1.6389,-1.0925,0.55915,NA
TAS2R30,4.3968,1.5647,0.17668,NA
MTRNR2L3,1.0037,0.13275,0.95177,NA
ZNF10,115.64,0.25979,0.33719,0.7328
ZNF486,153.95,-0.059753,0.78269,0.93992
SMIM3,2412,0.40282,0.045255,0.32117
HMBS,260.05,-0.17745,0.38931,0.76796
ZNF225,167.31,-0.15631,0.52666,0.83633
PPIAL4D,0,NA,NA,NA
ASIC5,0,NA,NA,NA
TAS2R31,1.7964,-0.64274,0.72018,NA
DND1,27.912,0.46184,0.2967,0.70138
SALL3,0.33481,1.9145,0.63565,NA
POLG2,129.38,0.032742,0.89358,0.97414
SMIM10L1,584.22,-0.0019968,0.98851,0.9976
OR13A1,0,NA,NA,NA
MTRNR2L1,5589.7,0.1889,0.40952,0.77944
CLEC12B,5.6996,2.7377,0.013414,NA
LIMS4,8.0561,-0.19862,0.80501,NA
ZNF350,152.71,-0.089201,0.68702,0.90286
PGA5,33.969,-0.96063,0.047204,0.32652
STH,0.1749,1.0785,0.79155,NA
ZNF253,76.397,-0.75977,0.0086486,0.14098
KLRF2,2.0437,0.091745,0.96249,NA
C17orf100,39.508,-0.62677,0.13152,0.51561
CAPNS2,2.2082,0.75421,0.6821,NA
SLC5A8,1.5044,-0.18342,0.92232,NA
MTRNR2L7,1.281,-1.4296,0.51931,NA
LIMS3,9.6103,0.48183,0.65538,NA
KHDC1L,0.17073,1.0985,0.78777,NA
GPR142,0,NA,NA,NA
HP,2.0853,-1.9838,0.4011,NA
SLCO1B3-SLCO1B7,0,NA,NA,NA
C11orf97,0,NA,NA,NA
DENND11,444.86,0.071942999999999993,0.70414,0.90942
LSM14A,2093.5,-0.070454,0.53719,0.8405
NHLRC4,8.2672,-0.58449,0.46314,NA
OR11H12,0,NA,NA,NA
TAS2R38,0,NA,NA,NA
GATC,685.71,0.26142,0.04142,0.30952
ZBED6,1839,0.24202,0.13743,0.52469
MGAM,1.2138,-0.29578,0.88549,NA
FNTB,396.73,-0.2827,0.061535,0.3652
ZNF878,2.1336,-0.073871,0.96398,NA
RPL36A-HNRNPH2,1993.4,-0.17771,0.34022,0.73487
ZNF625,47.604,0.21009,0.55974,0.85247
GALNT4,434.35,0.2458,0.25028,0.66588
INAFM1,210.82,-0.19478,0.32841,0.72488
CNPY2,682.04,0.054904,0.7264,0.91939
MGAM2,0,NA,NA,NA
CUX1,2540.2,-0.089385,0.39916,0.7731
TEN1,278.26,-0.20007,0.2915,0.69877
TEX49,0.17087,1.099,0.78768,NA
OR9A4,0,NA,NA,NA
MAP1LC3B2,6.7151,0.25162,0.78404,NA
PRSS58,0,NA,NA,NA
CLEC5A,0,NA,NA,NA
CHURC1,1228.4,-0.1718,0.14835,0.54021
C17orf49,660.73,-0.10436,0.49757,0.82153
RTEL1,813.97,0.11319,0.56102,0.85364
ZNF578,111.31,-0.086468,0.76619,0.93352
PDF,216.63,0.075596,0.71102,0.91327
RNASE12,0,NA,NA,NA
OR11H2,0,NA,NA,NA
SPESP1,66.343,-0.25273,0.40008,0.7734
TRIM6-TRIM34,2.0503,-4.415,0.10646,NA
BCL2L2-PABPN1,249.46,0.61612,0.013159,0.17566
SYNJ2BP-COX16,86.63,0.10101,0.73753,0.92417
TRIM34,136.38,0.019819,0.94016,0.98689
C20orf141,0.42653,2.2535,0.57409,NA
OR4C13,0,NA,NA,NA
RNASE4,490.3,-0.51606,0.017921,0.2059
MC1R,222.41,-0.009835,0.95868,0.99015
DUXA,9.667,-0.085135,0.9096,NA
CEP95,340.04,0.23773,0.3212,0.71969
TUBB3,1773,0.48282,1.9261e-5,0.0026056
TMEM179,15.165,0.97133,0.1655,0.56628
TSPY1,0,NA,NA,NA
TVP23C-CDRT4,132.54,0.40308,0.24773,0.66248
FPGT-TNNI3K,34.125,3.049,1.3571e-5,0.0020527
POC1B-GALNT4,37.837,1.0649,0.1374,0.52469
NDUFC2-KCTD14,28.519,-0.55336,0.28583,0.6938
SMIM6,0.79441,1.8693,0.51112,NA
ITGB3,1846.6,0.29405,0.18737,0.59694
SLC35G6,1.112,-2.333,0.37234,NA
ZHX1-C8orf76,24.882,-8.0429e-4,0.9988,0.99963
INAFM2,335.42,-0.1601,0.35721,0.74608
ST20-MTHFS,78.994,0.1852,0.52387,0.83521
GH1,0,NA,NA,NA
TGIF2-RAB5IF,5.4147,2.15,0.20594,NA
CTXND1,10.689,0.22108,0.75133,NA
THTPA,301.55,0.16563,0.39228,0.76965
MRPL46,167.31,0.023504,0.91163,0.97916
BLID,10.058,0.61775,0.43443,NA
IGHV3OR16-17,0.16271,-0.85107,0.83478,NA
SLC22A31,2.1871,-0.46154,0.78879,NA
LYPD8,0,NA,NA,NA
RBM15B,2399.5,-0.074578,0.49959,0.82263
TGFBR3L,42.9,-0.33359,0.36849,0.7537
HOXB7,428.75,-0.23121,0.13017,0.51309
SPDYE6,31.214,0.44782,0.34059,0.73487
CCDC187,0.070865,-0.30016,0.94117,NA
FRRS1L,12.791,1.0076,0.1434,NA
PMF1-BGLAP,131.12,-0.029719,0.89753,0.97572
ARMH2,0,NA,NA,NA
TBC1D3G,0,NA,NA,NA
MRC1,0.33272,0.12903,0.97477,NA
HSPB9,1.5143,1.159,0.54656,NA
SCX,38.218,0.21408,0.6036,0.87152
C16orf95,43.056,-0.30273,0.49896,0.82222
KCNJ18,0,NA,NA,NA
DUX4,10.46,0.78308,0.30924,NA
ANKRD20A1,22.22,0.48155,0.41337,0.78224
TLE7,0,NA,NA,NA
SERTM2,0,NA,NA,NA
XKR7,0.35793,2.0206,0.61653,NA
CCPG1,2632.7,-0.093763,0.48314,0.81691
SULT1A3,247.1,0.42119,0.055435,0.34755
TMEM178B,5.1296,1.1379,0.27957,NA
EPPK1,27.85,1.5636,0.26753,0.68067
CLEC19A,17.041,-0.15627,0.79469,0.94293
ZNF865,498.93,-0.1905,0.17299,0.57667
BOP1,859.47,-0.081097,0.60075,0.87049
GOLGA8T,4.6187,-2.1281,0.16251,NA
MUC22,0,NA,NA,NA
FIGNL2,10.598,0.835,0.24028,NA
PECAM1,13.476,1.1937,0.093731,NA
TUBB8,1.4463,2.5127,0.24761,NA
TP53TG3B,0,NA,NA,NA
TMEM249,14.382,-0.031787,0.96082,NA
TPBGL,4.9562,2.4119,0.041491,NA
GAN,262.22,0.16507,0.40107,0.77377
GOLGA6L7,0.32677,0.12963,0.97466,NA
C15orf65,22.066,-0.1054,0.84978,0.96108
LY6L,0,NA,NA,NA
SCRT1,1.3909,1.6817,0.43285,NA
HPR,0.24605,1.4867,0.71441,NA
GOLGA8S,2.2302,4.6674,0.040693,NA
BOLA2-SMG1P6,350.82,0.21057,0.16714,0.56966
TCF24,2.3508,0.54284,0.69831,NA
GOLGA8H,40.451,0.80932,0.099245,0.45952
ISY1-RAB43,561.08,0.12631,0.57648,0.85942
MIA,1.345,2.7564,0.20887,NA
SMIM36,4.3042,0.1229,0.91097,NA
PCDHGA9,81.044,-0.072015,0.81619,0.95023
GFY,0,NA,NA,NA
LINC00514,10.495,0.70068,0.37133,NA
C17orf114,4.1852,0.71008,0.58372,NA
MYMX,0,NA,NA,NA
PCDHGB3,232.67,0.59899,8.3451e-4,0.03712
CORO7,252.06,0.38867,0.13961,0.52614
MMP12,32.716,-0.95618,0.040689,0.30838
SPDYE9,9.4553,0.086955,0.90651,NA
CCER2,2.3025,0.52205,0.74355,NA
SMIM28,0,NA,NA,NA
PCDHGA4,602.77,0.21068,0.11903,0.49599
OR1D5,0,NA,NA,NA
SPON1,798.15,0.4285,0.087358,0.43237
OVCA2,295.5,-0.20033,0.36387,0.75104
MRPL12,662.14,-0.3131,0.051462,0.33917
C19orf84,0,NA,NA,NA
CCNQ,236.03,-0.013146,0.95278,0.98999
GTF2I,8007.5,-0.053934,0.54667,0.84652
ZNF234,221.74,0.056014,0.77626,0.93766
MYZAP,0,NA,NA,NA
DPEP2NB,0,NA,NA,NA
PPIAL4A,0,NA,NA,NA
TMEM238L,0.35353,2.0031,0.61968,NA
PPIAL4C,0,NA,NA,NA
SRSF8,575.82,0.10143,0.42008,0.78557
FAM72C,36.733,0.39545,0.40623,0.77813
IKBKE,217.8,0.16933,0.42541,0.789
MSMB,0,NA,NA,NA
LINC02210-CRHR1,41.312,-0.52255,0.18018,0.58696
GDF2,0,NA,NA,NA
LINC00672,50.416,0.35503,0.41346,0.78224
NBPF11,695.36,0.32258,0.091928,0.44365
RHEX,1.5904,4.1724,0.093153,NA
AKR1C8P,3.1385,-0.026231,0.98344,NA
ANXA8L1,8.6034,0.50703,0.71563,NA
NOTCH2NLA,710.08,0.45175,0.062527,0.36781
DYNLL2,2087.4,0.056955,0.58951,0.86485
MYH4,0,NA,NA,NA
OTUD7B,819.33,0.17773,0.28563,0.69371
NPY4R2,0,NA,NA,NA
GJA5,1.2774,-1.4223,0.47205,NA
ANXA8,10.222,1.3439,0.15398,NA
RBP3,0.16903,1.0927,0.78886,NA
RBM8A,1823.7,0.021195,0.88208,0.97005
TIMM23,679.94,-0.14722,0.31034,0.71206
RNF115,828.91,0.10024,0.45092,0.80089
CFAP298-TCP10L,137.57,-0.27148,0.4154,0.78373
RPL17,15953,-0.11467,0.35509,0.74476
ZNF488,1.1545,0.49682,0.81301,NA
SEC22B,2760.8,-0.024551,0.83673,0.95617
FSBP,66.329,-0.48253,0.10401,0.46942
TXNIP,5264.9,-0.76,2.9414e-9,2.2704e-6
SRGAP2,1742.9,0.29575,0.071181,0.39361
BAHCC1,1363.5,-0.18247,0.26481,0.67927
RASSF5,119.8,-0.52196,0.14407,0.53267
STRADA,431.35,-0.11127,0.45303,0.80132
PNLIPRP2,0,NA,NA,NA
KLF14,21.507,-0.65717,0.21531,0.63122
NBPF15,1584.6,0.22898,0.1067,0.47446
NCOA4,3482,-0.067475,0.50486,0.82533
MRPS21,888.82,-0.2244,0.089601,0.43822
GDF10,0.82214,0.68861000000000006,0.83016,NA
MYO15B,139.8,1.191,3.4019e-5,0.0041333
IGBP1P2,0,NA,NA,NA
FXYD1,45.101,-0.49153,0.22767,0.64274
AARSD1,363.4,-0.17784,0.33203,0.72816
ZNF850,71.28,0.33381,0.40029,0.7734
PTGES3L,9.5771,0.7486,0.33629,NA
LCN6,0,NA,NA,NA
C17orf113,10.623,-0.2305,0.74838,NA
ATF7-NPFF,9.5218,3.1686,0.0035932,NA
UPK3BL1,637.94,-0.03764,0.7694,0.93533
APOC4,0.2389,0.13783,0.97304,NA
ZNF285,70.068,-0.55091,0.079405,0.41347
S1PR2,621.38,-0.3645,0.0043505,0.099281
CGB1,0.18652,-1.0063,0.80521,NA
FDX2,177.3,0.12048,0.57403,0.85848
ZNF224,427.29,0.19296,0.24575,0.66013
EDDM13,4.7142,0.75208,0.47421,NA
SMIM22,0.73099,0.63653,0.82892,NA
LIN37,180.5,0.0775,0.68755,0.90305
NDUFA7,191.84,-0.047391,0.80381,0.94676
CCDC177,0.50721,2.533,0.52627,NA
MAGEA9B,0,NA,NA,NA
SSX4,0,NA,NA,NA
ERFL,6.9859,0.25524,0.78703,NA
NBPF12,820.2,0.39744,0.013484,0.17837
GABRQ,10.174,-0.33736,0.65749,NA
SLC6A14,4.4004,1.8384,0.14531,NA
SMIM17,9.9696,0.86715,0.26017,NA
OPN1MW,0,NA,NA,NA
ARL14EPL,0.17473,1.09,0.78937,NA
TCP11X1,0,NA,NA,NA
SCGB1C2,0,NA,NA,NA
FAM156A,869.9,0.031054,0.94989,0.98999
SSX2B,0.60278,-2.6258,0.45378,NA
NFILZ,0.97339,-0.84912,0.75214,NA
MAGEA2,0,NA,NA,NA
TEX13A,0,NA,NA,NA
CTAG1A,0.21499,1.1975,0.76915,NA
ZNF723,0.81181,-0.47409,0.86792,NA
HSFX2,11.81,0.89541,0.22403,NA
H3Y2,0,NA,NA,NA
CSAG2,0.16302,1.05,0.79694,NA
CSAG3,0.16244,1.0479,0.79732,NA
CT45A1,0,NA,NA,NA
ERVV-2,4.7938,-0.36275,0.73134,NA
SPANXN2,0.53078,2.5878,0.48155,NA
FAM236B,0,NA,NA,NA
MTRNR2L12,50636,0.26792,0.22103,0.63663
CALR3,0,NA,NA,NA
ZNF728,1.0814,-0.29098,0.9132,NA
CT45A3,0,NA,NA,NA
TRABD2B,1.9678,-0.85589,0.60535,NA
FBXO17,583.53,-0.23658,0.11889,0.49599
MAGIX,15.594,-1.1413,0.092313,0.44436
IKBKG,655.41,0.27447,0.062214,0.36691
ZNF587B,170.18,0.29004,0.20553,0.62039
SPIB,15.149,1.229,0.048356,0.33102
NXF2,0,NA,NA,NA
OPN1MW3,0,NA,NA,NA
NXF2B,0,NA,NA,NA
H3Y1,0,NA,NA,NA
DMRTC1,0,NA,NA,NA
ERVV-1,0,NA,NA,NA
TMEM185A,474.12,0.028103,0.84392,0.95861
CT45A10,0,NA,NA,NA
ZIM2,0,NA,NA,NA
NBPF9,2022.4,0.3266,0.057273,0.353
CCDC194,0,NA,NA,NA
SLC25A53,25.88,0.41192,0.37829,0.75983
SSX4B,0,NA,NA,NA
RNF225,1.8948,4.4313,0.034378,NA
EGLN2,1410.7,-0.10395,0.39771,0.77213
COMMD3-BMI1,24.911,1.1636,0.042916,0.31367
FMC1-LUC7L2,325.56,-0.090859,0.67575,0.89808
MEI4,0.13883,0.94517,0.81682,NA
ZNF559-ZNF177,17.921,-0.31829,0.5909,0.86547
NCBP2AS2,215.68,0.14278,0.46052,0.80466
BIVM-ERCC5,11.555,1.956,0.60186,NA
MTRNR2L11,767.54,0.2083,0.3796,0.76036
H4C15,112.49,0.17051,0.59293,0.86651
PPIAL4H,0,NA,NA,NA
HEATR9,0.13408,-0.75368,0.85346,NA
MTRNR2L13,0.49917,-0.77312,0.8192,NA
PRAMEF5,0,NA,NA,NA
URGCP-MRPS24,2.751,-2.0945,0.21925,NA
NBPF14,5301.4,0.63245,0.0039624,0.095578
TAF15,2778.9,0.15633,0.11163,0.48159
MTRNR2L6,747.89,0.30756,0.21667,0.63321
HSPE1-MOB4,76.625,-0.007438,0.98929,0.99802
GAS2L2,0.84384,0.75921,0.76646,NA
RPS10-NUDT3,306.1,-0.21154,0.29047,0.6987
C17orf50,0,NA,NA,NA
H4C14,67.848,0.55293,0.13537,0.52234
RASL10B,6.6408,-1.1353,0.28596,NA
CT45A9,0,NA,NA,NA
CTAGE15,15.889,-1.1819,0.073117,0.39752
TLCD4-RWDD3,22.654,0.26858,0.60655,0.87264
UGT2A2,0,NA,NA,NA
SRXN1,1953.2,0.30004,0.0058391,0.11505
CTAGE6,0.78871,-3.037,0.4096,NA
NBPF19,2422.2,0.737,5.3424e-5,0.0060434
NBPF10,1636.5,0.54494,0.0080266,0.13555
MMP28,2.6487,2.0366,0.31742,NA
CT45A2,0,NA,NA,NA
CCL5,5.7099,0.99718,0.36305,NA
PPIAL4E,0.31739,-1.7256,0.66917,NA
LIX1L,1093.2,-0.090451,0.50756,0.826
MILR1,20.54,0.015531,0.97793,0.99392
SMIM32,0.15329,-0.83098,0.83863,NA
ANKRD34A,28.297,0.072215,0.87284,0.96809
GTF2H5,558.4,-0.22007,0.27988,0.69177
H2AC19,201.83,0.53172,0.020949,0.22285
NUDT3,1944.8,0.096995,0.45305,0.80132
KMT2B,1282,0.35639,0.053231,0.34336
POM121C,1378.1,0.17389,0.18955,0.5992
IFNL4,0,NA,NA,NA
CD24,52.612,1.7492,0.10787,0.47613
FAM47E-STBD1,17.55,-0.6364,0.49651,0.82107
CFAP206,5.1936,0.96319,0.34422,NA
MUSTN1,11.731,-0.47858,0.49195,NA
ZNF595,108.02,0.22314,0.37107,0.75444
DOC2B,7.0652,0.55883,0.57634,NA
PCDHB16,130.06,-0.085857,0.71911,0.91742
KRTAP10-7,0,NA,NA,NA
DCP1A,572.59,0.32964,0.016364,0.19761
ATP6V1FNB,16.661,0.13869,0.81671,0.95042
RBAK-RBAKDN,22.592,0.056072,0.91283,0.97936
C2orf15,5.3381,0.095425,0.92553,NA
GRIN2B,2.7189,2.9443,0.12544,NA
LYPD4,0.3342,1.9314,0.63281,NA
NBPF26,300.4,0.24125,0.28896,0.69708
SNURF,21.196,0.90235,0.36839,0.75367
H3-2,80.397,-0.22757,0.45372,0.80173
TMEM271,0.51695,2.5573,0.49067,NA
ZBTB8B,31.896,1.0486,0.034607,0.284
TBC1D3K,0,NA,NA,NA
FOXD4L6,0,NA,NA,NA
SPDYE8,9.4553,0.086955,0.90651,NA
AGBL1,4.3607,0.80047,0.4567,NA
H4C12,17.367,-0.017425,0.98045,0.99534
CWC25,509.08,0.08238,0.54877,0.84817
SMIM11B,113.94,-0.07765,0.92258,0.98234
EPOP,211.58,-0.22345,0.38704,0.76567
ZNHIT3,334.18,-0.080891,0.65491,0.89178
CT45A7,0,NA,NA,NA
H2BC14,4.2489,-0.08218,0.94944,NA
LHX1,1.1523,-2.0672,0.44349,NA
CYFIP1,3778.7,0.08039,0.46397,0.80669
CEACAM20,0.18893,-0.93727,0.81833,NA
H2BC8,17.93,0.94781,0.18796,0.59749
USP27X,93.385,0.2902,0.26712,0.68043
TAF9,676.15,-0.026048,0.84387,0.95861
NOL12,271.17,0.16176,0.37897,0.75983
GOLGA6L1,10.269,0.68341,0.50904,NA
H3C8,1.8293,0.41781,0.80877,NA
CASTOR2,1115.2,0.04107,0.8046,0.94676
OR4M2,0,NA,NA,NA
NATD1,703.66,-0.19878,0.29718,0.70138
H2AB1,0.78942,-3.037,0.27366,NA
ANTXRL,0,NA,NA,NA
SOCS7,456.2,-0.029822,0.87821,0.96911
TBC1D3H,0,NA,NA,NA
GGTLC3,0,NA,NA,NA
GAGE13,0,NA,NA,NA
CBSL,2033.1,-0.45521,1.4843e-4,0.012327
ADRA2B,0.86213,2.0215,0.47148,NA
H2BC6,24.055,0.45579,0.47648,0.81389
ZNF658,140.06,0.035783,0.87193,0.96765
TMEM269,9.2852,0.62243,0.41333,NA
TPTE,0.87787,-2.1948,0.3856,NA
TBC1D3D,0,NA,NA,NA
C8orf89,1.0068,-3.405,0.23915,NA
TBC1D3L,527.21,0.36514,0.077877,0.40805
RCC1L,906.65,-0.13623,0.3405,0.73487
SEBOX,1.0232,3.5462,0.29094,NA
DGKK,0,NA,NA,NA
RIMBP3B,46.226,-0.7506,0.11264,0.48337
TBC1D3,0.31601,-1.7187,0.67044,NA
H4C6,4.1662,0.97412,0.4444,NA
H2BC17,2.7355,-1.1087,0.50946,NA
CCL23,0,NA,NA,NA
KRTAP7-1,0,NA,NA,NA
H3C6,23.753,-0.38073,0.53011,0.83796
PRAMEF27,0,NA,NA,NA
TBC1D3B,27.824,0.32284,0.57256,0.85785
NPHP3-ACAD11,31.206,-0.64629,0.18923,0.5989
TBC1D3I,10.347,0.36004,0.61772,NA
H2AC12,1.7711,-2.0422,0.36208,NA
ZNF280B,38.188,-0.13823,0.73227,0.9225
MLLT6,2661.1,0.061269,0.54256,0.84423
TP53TG3E,0.16114,-0.80904,0.84283,NA
PPP4R3B,1435.6,0.073607,0.48889,0.8186
SYNRG,774.9,0.42566,0.012381,0.17073
NUDT18,202.55,-0.21916,0.29421,0.70011
ZNF2,105.7,-0.44941,0.072,0.3947
GAGE2E,0,NA,NA,NA
H4C13,1.6515,-0.48302,0.79076,NA
CCL16,3.6847,-0.14667,0.89904,NA
LENG9,80.678,-0.27009,0.33961,0.73428
H2AC15,0.63789,-2.7234,0.42435,NA
CCL4,0,NA,NA,NA
PRAG1,37.649,0.2824,0.50202,0.82355
H3C11,1.1105,-2.3268,0.36485,NA
CCL18,0,NA,NA,NA
FCGBP,14.112,1.162,0.095223,NA
HNF1B,0,NA,NA,NA
C17orf98,1.1809,1.4961,0.55609,NA
FAM236A,0,NA,NA,NA
ELOA3CP,0.66683,1.5909,0.60134,NA
GRIFIN,0.51621,2.5568,0.49097,NA
XKR5,16.885,-0.20415,0.73066,0.92145
H4C7,0,NA,NA,NA
AATF,1066.9,0.073546,0.54989,0.84847
H2BC9,7.4672,0.052371,0.95147,NA
H3C1,0.63165,-2.7175,0.43079,NA
CCL15,0.31712,-1.7243,0.66941,NA
LYZL6,1.4711,-0.16658,0.92967,NA
HNRNPCL2,0,NA,NA,NA
RIMBP3,59.31,0.24084,0.51503,0.83086
ARHGAP23,4188.8,-0.019586,0.85728,0.9633
TUBGCP5,516.5,-7.5273e-4,0.99589,0.99932
U2AF1L5,899.67,0.12807,0.45279,0.80124
PRSS2,0,NA,NA,NA
TBC1D3F,0.69994,2.9921,0.43588,NA
SPATA31A3,0,NA,NA,NA
SIK1B,95.808,0.78745,0.0030537,0.08228
DUSP14,838.84,-0.15361,0.26905,0.68222
SPATA31A7,0,NA,NA,NA
UHRF1,1441.6,-0.28275,0.15958,0.5599
ORAI1,413.28,-7.1046e-4,0.99716,0.99957
CCL4L2,0.19891,-0.96699,0.81267,NA
CRYAA2,5.4677,-1.3061,0.25773,NA
CCL3L1,0.3343,-1.7872,0.65763,NA
OR13C2,0,NA,NA,NA
H4C9,35.361,0.63928,0.15987,0.55995
ANKRD20A3P,2.1508,-0.13964,0.93956,NA
PIK3R6,14.484,1.7529,0.10836,NA
TADA2A,211.46,-0.020678,0.92224,0.98229
OR4E1,4.5127,-0.70192,0.59735,NA
KCNE1B,1.8349,3.2307,0.10714,NA
PIP4K2B,2603.2,-0.0084888,0.93086,0.98393
H2AC14,2.7006,-2.0833,0.21426,NA
CCL14,0,NA,NA,NA
H2BC3,2.294,-0.7109,0.68967,NA
FAM25C,0,NA,NA,NA
PCDHGB5,1426.5,0.22324,0.036012,0.29098
SPATA31A5,0,NA,NA,NA
RAB7B,459.5,-0.1804,0.40298,0.77501
DACH1,0.70152,-1.7669,0.55636,NA
PADI6,0,NA,NA,NA
H2AC16,3.7809,-2.6562,0.076257,NA
GSTT4,0.81953,-1.7902,0.52628,NA
H4C5,16.475,0.31716,0.69258,0.9057
HNRNPCL3,0,NA,NA,NA
H2AC8,7.41,-1.9161,0.064186000000000007,NA
TYW1B,79.15,0.14624,0.61219,0.87592
F8A3,113.22,-0.012512,0.96291,0.99139
H4C4,2.5631,2.1352,0.17655,NA
PIGW,193.1,-0.20925,0.3771,0.75882
H2BC7,5.6338,-0.6123,0.65988,NA
PCGF2,868.71,-0.19654,0.1595,0.55985
FAM243B,11.019,-0.32675,0.65859,NA
GOLGA6L6,0,NA,NA,NA
SRCIN1,18.641,0.72969,0.28935,0.69732
GPR179,2.7955,0.94669,0.54614,NA
MARCKS,8129.5,-0.37412,0.0061138,0.11731
ZNF670,65.571,0.14772,0.64865,0.88985
PKD1L3,1.2692,-3.7215,0.16418,NA
GPIHBP1,0.15796,-0.83395,0.83806,NA
PNMA8C,5.5241,-1.3111,0.24999,NA
OR13C5,0,NA,NA,NA
NEFL,2.1368,-1.0776,0.52236,NA
CCL3,0,NA,NA,NA
H2AB3,0.35293,1.9984,0.62051,NA
H3C7,1.9618,-0.85897,0.64596,NA
PSMB3,843.42,-0.15194,0.33098,0.7275
H2AB2,0.35293,1.9984,0.62051,NA
GOLGA6L22,2.6155,-4.7678,0.063766,NA
SRD5A2,0.8106,-1.7559,0.49444,NA
OR52E5,0.15329,-0.83095,0.83863,NA
CISD3,584.64,0.03,0.87238,0.9679
RDM1,6.83,-0.24611,0.8102,NA
DDX52,693.75,0.16491,0.21934,0.63663
TEX28,0.15822,-0.84923,0.83514,NA
CT45A8,0,NA,NA,NA
ZNF8,216.37,0.12948,0.55899,0.85202
P3R3URF-PIK3R3,1.6291,0.7286,0.77806,NA
SSTR3,0.14469,0.98113,0.80998,NA
PRICKLE4,136.61,0.57287,0.0068916,0.12388
MYO19,671.31,-0.046113,0.78656,0.94061
CT45A6,0,NA,NA,NA
TBC1D3C,0.45962,-2.2608,0.57171,NA
GGNBP2,1566.1,0.024388,0.86043,0.96418
ZNF229,273.05,-0.27289,0.20557,0.62039
H2AC4,0.60664,-2.658,0.50379,NA
C17orf78,0.16271,-0.86538,0.83205,NA
POTEB3,3.4678,0.54687,0.73102,NA
DHRS11,66.384,0.075468,0.83126,0.95449
ACACA,1844.3,0.21588,0.035646,0.28934
TMEM191B,30.613,0.70177,0.14932,0.54212
NR2E3,2.9725,-0.5131,0.70709,NA
H2BC10,5.1266,0.60081,0.67034,NA
TBC1D3E,0.35752,2.0187,0.61686,NA
C11orf98,290.65,0.10809,0.56103,0.85364
MRM1,84.3,0.10607,0.70008,0.90881
H4C1,4.4089,-0.6479,0.68096,NA
GOLGA6L10,132.28,0.32478,0.309,0.71064
H2AC17,8.4062,-0.90937,0.41418,NA
IQCA1L,0,NA,NA,NA
H4C2,3.376,2.1225,0.15801,NA
PWWP4,0,NA,NA,NA
H3C10,8.0754,-0.51397,0.56409,NA
MRPL45,746.41,-0.08753,0.51116,0.82825
TP53TG3F,0.34124,-1.8236,0.65098,NA
OR51G1,0,NA,NA,NA
OR2S2,1.9826,-2.2241,0.25996,NA
SMIM34B,4.6187,-0.44649,0.7376,NA
OR10A6,4.3418,0.15613,0.9129,NA
OR51B2,0,NA,NA,NA
OR6Q1,0.3177,-1.7271,0.66888,NA
OR10X1,0,NA,NA,NA
OR8D2,0,NA,NA,NA
PRAMEF13,0.32916,-1.7912,0.65716,NA
TSTD3,49.505,0.66776,0.068202,0.38648
OR2L8,0,NA,NA,NA
OR52R1,0,NA,NA,NA
OR2T11,2.3606,1.4613,0.35566,NA
OR5L1,0,NA,NA,NA
OR4N4C,0,NA,NA,NA
OR2AG1,5.4389,0.036721,0.97171,NA
OR4C16,0,NA,NA,NA
OR5D13,0,NA,NA,NA
PPIAL4F,0.31739,-1.7256,0.66917,NA
PRAMEF18,3.3473,0.73876,0.59049,NA
OR8U3,0,NA,NA,NA
OR51F1,0,NA,NA,NA
GATD3B,1148.4,-0.16088,0.1965,0.60886
OR8B4,0,NA,NA,NA
OR1B1,1.6494,-0.42317,0.83313,NA
PCDH20,0,NA,NA,NA
OR1S1,0,NA,NA,NA
OR12D2,0,NA,NA,NA
PRAMEF26,0,NA,NA,NA
OR8K3,0,NA,NA,NA
CCDC163,22.664,-0.20045,0.70242,0.90942
LINC02203,0,NA,NA,NA
PAGR1,677.85,0.044841,0.78264,0.93992
RPS4Y2,0,NA,NA,NA
TMEM272,2.0214,1.7313,0.30019,NA
BLACAT1,1.9595,-0.48734,0.77765,NA
GIMAP1-GIMAP5,0,NA,NA,NA
TMEM265,35.259,0.04824,0.90879,0.97851
CYP3A7-CYP3A51P,2.1793,0.34551,0.8494,NA
TEX13D,0,NA,NA,NA
ADORA3,0,NA,NA,NA
DUXB,0.16971,1.095,0.78842,NA
TEX13C,0,NA,NA,NA
C1orf232,0,NA,NA,NA
TMEM275,0,NA,NA,NA
KLF18,0,NA,NA,NA
LBHD2,0.15223,-0.82696,0.8394,NA
CENPVL2,0,NA,NA,NA
IQCJ-SCHIP1,239.92,-0.61359,0.0094706,0.14769
C13orf46,38.325,0.25242,0.6452,0.88886
SPRR5,0,NA,NA,NA
CCDC201,7.16,-0.49425,0.56356,NA
FAM237B,4.0812,1.1658,0.39941,NA
TEX54,1.0379,3.5616,0.21413,NA
SMIM33,0,NA,NA,NA
TEX52,5.5288,0.76394,0.4552,NA
CTXND2,0,NA,NA,NA
FAM240B,0.67609,1.6109,0.55683,NA
CFAP97D2,0,NA,NA,NA
CNTNAP3C,0.35025,1.9921,0.62171,NA
CCDC195,0,NA,NA,NA
CSNKA2IP,0,NA,NA,NA
SPEM3,0,NA,NA,NA
HSFX4,0.50728,1.0233,0.78814,NA
FAM240A,0.3269,0.12935,0.97471,NA
ZNF511-PRAP1,0,NA,NA,NA
LITAFD,7.4805,1.3925,0.16045,NA
PRRT1B,0.32162,0.13431,0.97374,NA
TCAF2C,17.686,-0.51176,0.42465,0.78828
C19orf85,0,NA,NA,NA
FAM236C,0,NA,NA,NA
EXOC3L2,17.228,0.20562,0.75032,0.92893
ETDC,0,NA,NA,NA
LMLN2,7.3672,1.4985,0.11219,NA
MYOCOS,9.0632,0.14162,0.89178,NA
HSFX3,0,NA,NA,NA
VSIG10L2,1.0053,-1.5971,0.59943,NA
PRSS50,0.6618,1.5787,0.64849,NA
TAF11L11,0,NA,NA,NA
CPHXL,1.0451,2.3772,0.42761,NA
PMIS2,0,NA,NA,NA
TAF11L13,0,NA,NA,NA
PRR33,3.1905,-0.34121,0.79178,NA
SSU72P4,0,NA,NA,NA
TPTEP2-CSNK1E,130.87,0.23662,0.4346,0.79333
TAF11L8,0,NA,NA,NA
GNG14,1.5951,1.6338,0.38047,NA
TAF11L9,0,NA,NA,NA
SLURP2,0.68333,2.9526,0.44589,NA
SSU72P5,0,NA,NA,NA
TAF11L6,0,NA,NA,NA
SCO2,215.03,-0.12646,0.6363,0.88597
TAF11L5,0,NA,NA,NA
TAF11L4,0,NA,NA,NA
SSU72P2,0,NA,NA,NA
C2orf81,81.677,-0.18826,0.56682,0.85588
TAF11L10,0,NA,NA,NA
TAF11L2,0,NA,NA,NA
PERCC1,12.944,0.37594,0.61509,NA
SSU72P7,0,NA,NA,NA
TAF11L3,0,NA,NA,NA
TAF11L7,0,NA,NA,NA
SMIM39,5.7656,-1.0718,0.33089,NA
THSD8,0,NA,NA,NA
LYNX1-SLURP2,11.594,-1.0132,0.16345,NA
SSU72P3,0,NA,NA,NA
OR8B3,0,NA,NA,NA
SCYGR1,0,NA,NA,NA
SCYGR4,10.043,0.31424,0.6693,NA
SCYGR8,0,NA,NA,NA
SCYGR2,0,NA,NA,NA
OR4F16,0,NA,NA,NA
SCYGR5,0,NA,NA,NA
OR8B2,0,NA,NA,NA
TMEM247,0,NA,NA,NA
SCYGR3,0,NA,NA,NA
SMIM38,4.8442,0.0037902,0.99723,NA
SCYGR7,0,NA,NA,NA
OR8S1,1.3305,-0.67054,0.78304,NA
SCYGR6,0,NA,NA,NA
TMDD1,3.8117,0.29275,0.85311,NA
OR4F29,0,NA,NA,NA
EEF1AKMT4,32.192,0.053773,0.9103,0.97885
TBCE,245.87,0.34477,0.21999,0.63663
SMIM41,11.759,0.37624,0.58488,NA
CCDC39,61.087,0.73427,0.03058,0.26859
OOSP1,2.2781,-0.30534,0.83518,NA
EEF1AKMT4-ECE2,0,NA,NA,NA
UPK3BL2,153.83,0.024975,0.91632,0.98067
OOSP4A,0,NA,NA,NA
ARHGAP11B,100.15,-0.14976,0.59661,0.86904
OOSP3,0,NA,NA,NA
ABCF2-H2BE1,492.47,0.083895,0.64514,0.88886
H2BE1,4.1504,0.48848,0.70278,NA
TBCEL-TECTA,6.2604,-0.49367,0.59346,NA
FAM90A9P,0,NA,NA,NA
FAM90A16P,0,NA,NA,NA
FAM90A19P,0,NA,NA,NA
FAM90A22P,0,NA,NA,NA
FAM90A17P,0,NA,NA,NA
FAM90A23P,1.2126,3.7864,0.16222,NA
FAM90A14P,8.2955,1.3516,0.20365,NA
GET1-SH3BGR,7.1251,-1.2853,0.33922,NA
MSANTD5,0.34016,1.9593,0.62777,NA
FAM90A18P,0,NA,NA,NA
FAM90A8P,0,NA,NA,NA
FAM90A10P,0,NA,NA,NA
FAM90A7P,0.35653,2.0143,0.61765,NA
SPDYE15,6.4593,0.37494,0.70362,NA
NOTCH2NLB,124.41,0.2527,0.26832,0.68163
SPDYE13,6.4593,0.37494,0.70362,NA
ASDURF,9.9484,-0.53233,0.61,NA
SPEGNB,11.696,-1.0691,0.16176,NA
FAM246A,0,NA,NA,NA
NOTCH2NLR,0.1675,-0.83138,0.83855,NA
SPDYE14,6.4593,0.37494,0.70362,NA
DERPC,362.82,-0.66971,5.4966e-4,0.029317
FAM246B,0,NA,NA,NA
NOTCH2NLC,476.58,0.38347,0.050581,0.33695
SPDYE11,9.4553,0.086955,0.90651,NA
ARMCX5-GPRASP2,35.926,-0.19285,0.66903,0.89618
H3C2,5.7493,-1.9166,0.19233,NA
SMIM40,0,NA,NA,NA
H3C3,4.1102,-2.7973,0.082312,NA
GUCA1ANB,0,NA,NA,NA
SMIM42,0,NA,NA,NA
DUS4L-BCAP29,343.05,-0.009323,0.96846,0.99243
C8orf44-SGK3,30.793,-0.16575,0.73740000000000006,0.92417
NPBWR1,0,NA,NA,NA
CDR1,521,-0.82075,0.50532,0.82533
ACTL10,22.266,-0.54533,0.26714,0.68043
PRRC2B,5601.5,0.27768,0.017492,0.20297
UGT1A3,0,NA,NA,NA
UGT1A5,0,NA,NA,NA
F8A2,113.22,-0.012512,0.96291,0.99139
F8A1,413.7,0.031828,0.85202,0.96149
