gene,cond1_1,cond1_2,cond1_3,cond2_1,cond2_2,cond2_3
TSPAN6,15.697,16.456,17.696,13.024,17.43,13.376
TNMD,0,0,0,0,0.14,0
DPM1,54.8,55.222,62.748,51.431,65.172,50.802
SCYL3,3.911,4.156,5.336,5.515,4.645,4.708
C1orf112,5.612,6.362,5.06,6.689,4.079,6.487
FGR,0,0,0,0.397,0.182,0.235
CFH,5.309,5.552,5.415,5.807,6.713,6.037
FUCA2,58.547,56.777,58.196,60.916,60.394,59.933
GCLC,10.228,10.73,10.923,9.698,7.357,7.867
NFYA,12.047,11.595,12.717,11.37,8.639,11.104
STPG1,6.607,7.336,6.654,8.414,7.012,7.698
NIPAL3,35.651,41.439,43.309,44.956,41.493,49.13
LAS1L,21.428,21.328,20.451,18.515,16.851,22.798
ENPP4,2.87,4.178,4.27,3.287,2.909,3.499
SEMA3F,6.464,10.7,8.7,6.9,15.404,12.855
CFTR,0,0,0.023,0.208,0.019,0.059
ANKIB1,25.708,27.969,26.544,25.59,19.675,23.357
CYP51A1,36.292,35.985,32.177,29.279,30.534,28.735
KRIT1,31.073,29.931,25.399,27.796,22.255,23.789
RAD52,11.94,10.169,11.99,11.873,9.033,14.41
BAD,81.575,79.403,80.926,87.679,113.514,90.979
LAP3,45.005,42.144,42.867,43.801,40.282,39.639
CD99,976.182,969.587,947.51,1014.31,1053.047,1002.476
HS3ST1,0.029,0.033,0.035,0.01,0.248,0.022
AOC1,0.211,0.702,0.678,0.129,0.252,0.254
WNT16,0.026,0.078,0,0.048,0,0.024
HECW1,1.525,2.052,2.22,1.407,0.779,2.218
MAD1L1,21.518,19.747,18.745,20.522,19.192,20.5
LASP1,181.15,194.553,192.698,195.059,210.72,207.51
SNX11,13.564,12.217,11.499,10.761,11.696,12.412
TMEM176A,0.094,0,0.2,0,0.315,0.171
M6PR,66.249,64.259,64.955,59.281,56.19,57.184
KLHL13,0,0.201,0.038,0.169,0.258,0.39
CYP26B1,4.554,5.513,5.49,4.571,4.746,4.838
ICA1,0,0.171,0,0.058,0,0
DBNDD1,2.413,3.75,3.111,4.416,3.744,3.448
ALS2,12.579,13.771,14.169,11.894,9.707,10.357
CASP10,1.781,2.15,4.005,2.431,2.285,2.75
CFLAR,52.298,54.303,47.062,43.167,37.368,47.124
TFPI,83.76,73.593,69.635,90.48,62.872,68.6
NDUFAF7,8.317,10.862,11.831,7.895,9.019,7.963
RBM5,56.352,58.181,60.403,52.948,51.689,54.922
MTMR7,0.881,1.076,0.931,0.674,0.357,0.774
SLC7A2,0.094,0.062,0.078,0.104,0.009,0.038
ARF5,153.104,155.492,161.98,152.262,198.52,148.915
SARM1,9.921,5.35,7.699,8.23,6.105,6.202
POLDIP2,53.735,53.177,56.777,56.402,67.27,50.693
PLXND1,42.778,51.491,61.116,66.064,60.373,65.284
AK2,91.114,97.234,93.518,105.147,109.908,94.076
CD38,0.071,0.057,0.075,0.065,0.038,0.141
FKBP4,35.466,45.145,40.9,39.642,32.474,33.091
KDM1A,44.662,49.235,46.243,44.459,43.478,41.39
RBM6,40.289,39.184,47.566,43.825,41.243,49.315
CAMKK1,22.893,25.175,27.461,22.873,19.995,26.817
RECQL,51.099,39.152,39.972,44.37,31.99,36.706
VPS50,7.527,9.471,10.469,12.341,8.926,8.426
HSPB6,15.48,21.268,19.594,22.64,24.23,23.818
ARHGAP33,6.581,11.32,11.123,7.92,4.248,11.839
NDUFAB1,55.56,56.831,51.68,55.962,59.556,50.926
PDK4,10.814,15.89,16.444,4.283,3.521,4.167
SLC22A16,0,0,0,0,0,0
ZMYND10,0.448,0.542,1.413,1.124,1.282,1.612
ABCB5,0.148,0.281,0.035,0.317,0,0.078
ARX,0.086,0,0,0,0,0
SLC25A13,5.599,5.456,4.454,5.533,4.191,4.681
ST7,14.526,14.416,14.82,12.708,14.861,13.208
CDC27,45.287,48.943,44.708,48.771,37.226,41.792
SLC4A1,0.151,0.128,0.047,0.078,0.038,0.078
CALCR,0,0,0,0,0,0
HCCS,17.028,15.503,17.334,16.962,19.078,14.042
DVL2,27.166,30.614,30.652,26.29,30.169,31.024
PRSS22,0,0.094,0,0,0,0
UPF1,35.13,34.062,34.424,31.257,23.583,32.799
SKAP2,19.885,20.723,21.155,20.291,14.765,16.778
SLC25A5,202.183,195.145,188.684,182.559,204.887,181
MCUB,19.285,20.716,24.039,21.627,19.417,21.437
HOXA11,1.374,1.905,2.079,2.257,2.693,2.461
POLR2J,65.113,62.565,68.663,61.973,79.639,63.047
DHX33,9.211,9.169,8.334,8.372,6.959,8.123
MEOX1,0.062,0,0.033,0,0.028,0
THSD7A,0.015,0.022,0.024,0.007,0,0.027
LIG3,6.025,7.552,3.749,5.133,4.254,4.724
RPAP3,19.176,17.807,15.632,15.541,15.267,14.754
ACSM3,1.045,1.186,1.338,0.207,1.029,1.017
REXO5,2.862,3.945,4.28,3.892,4.713,4.74
CIAPIN1,19.056,15.861,19.724,18.738,15.418,19.708
SPPL2B,36.476,35.396,39.229,31.925,30.684,40.927
FAM214B,24.715,25.048,23.814,30.017,26.137,31.073
COPZ2,91.746,87.278,95.48,104.984,150.681,115.265
PRKAR2B,1.676,1.256,1.267,1.385,1.23,1.36
MSL3,24.096,22.176,23.237,25.314,25.543,26.465
CREBBP,26.076,22.968,28.825,17.49,14.095,20.838
TSPOAP1,1.039,1.066,1.429,1.404,1.708,1.968
MPO,0,0.026,0,0.023,0,0
PON1,0.035,0,0,0.032,0.063,0.096
GCFC2,11.133,10.242,11.3,16.371,6.708,11.474
WDR54,35.964,35.123,36.297,38.412,37.405,38.26
CROT,9.147,11.508,13.57,10.7,10.979,9.522
ABCB4,0.022,0.143,0.047,0.18,0.672,0.193
KMT2E,42.621,38.91,40.368,39.741,27.382,38.043
RHBDD2,31.771,33.847,34.112,32.439,34.301,33.577
SOX8,1.867,1.653,1.249,1.142,0.48,1.089
IBTK,20.005,19.438,18.412,20.405,15.76,20.19
ZNF195,11.241,13.04,12.046,8.711,8.087,10.81
MYCBP2,16.201,15.088,18.731,12.731,10.335,13.561
FBXL3,34.267,37.203,37.066,36.645,34.172,35.193
ITGAL,0.13,0.162,0.106,0.03,0.059,0.249
PDK2,19.343,24.81,23.316,19.477,23.03,25.613
ITGA3,32.475,26.566,21.101,24.389,15.799,23.137
ZFX,21.957,29.908,22.561,22.833,16.281,25.217
LAMP2,92.489,87.431,85.2,85.987,79.121,81.658
ITGA2B,0.268,0.047,0.284,0.299,0.172,0.26
ASB4,0.215,0.214,0.228,0.297,0.077,0.214
GDE1,48.867,47.212,43.141,36.46,40.695,36.933
REX1BD,72.154,76.102,68.123,64.66,63.386,70.091
CRLF1,60.08,62.264,63.444,78.363,84.421,80.749
OSBPL7,1.444,2.374,3.55,2.301,2.558,2.983
TMEM98,88.233,92.178,91.269,90.717,119.067,92.016
YBX2,0.053,0.184,0.227,0.098,0.327,0.164
KRT33A,0,0,0,0,0,0
MAP3K14,3.725,5.174,4.759,4.758,4.205,5.789
ABCC8,0.075,0.045,0.08,0.014,0.013,0
CACNG3,0,0,0,0,0,0
TMEM132A,14.756,13.712,12.784,15.557,13.453,13.911
AP2B1,84.986,91.39,87.444,73.959,68.829,72.827
TAC1,0,0.092,0,0,0,0
ZNF263,29.778,32.728,33.114,22.545,29.958,28.198
CX3CL1,0.028,0.071,0.077,0.051,0.16,0.119
SPATA20,45.841,49.214,50.591,48.061,45.694,55.836
CACNA1G,1.143,0.441,1.149,0.573,0.477,0.496
TNFRSF12A,416.619,369.482,303.806,299.248,263.194,305.229
DLX6,0.009,0,0.039,0,0,0
MAP3K9,0.048,0.115,0.118,0.062,0.075,0.031
RALA,43.42,44.168,42.188,53.092,46.798,49.782
BAIAP2L1,4.925,4.718,5.651,6.86,6.782,8.171
KDM7A,2.746,2.544,2.932,2.841,1.659,2.252
ETV1,17.778,15.456,17.654,16.754,7.402,11.154
AGK,13.858,12.575,14.591,13.547,14.121,13.693
ALDH3B1,27.206,34.212,37.155,34.171,47.44,46.92
TTC22,0.288,0.634,0.068,0.139,0.109,0.183
PHTF2,17.312,17.83,17.186,18.715,14.757,17.31
CCL26,3.744,1.775,1.525,0.811,1.311,0.785
FARP2,18.729,17.846,16.814,14.588,12.928,20.426
USH1C,0,0,0,0,0,0
GGCT,25.766,29.485,27.024,27.35,30.189,28.365
DBF4,4.945,5.095,4.861,5.777,4.247,4.607
TBXA2R,4.184,4.251,4.029,5.22,3.905,4.874
IFRD1,23.656,25.584,30.377,23.248,27.389,25.92
LGALS14,0.689,0.699,0.293,0.128,0.125,0.751
COX10,7.375,6.056,6.685,5.596,6.924,7.732
GTF2IRD1,6.691,7.289,11.83,8.909,10.686,9.797
PAF1,36.816,37.637,44.127,41.493,41.685,42.401
VPS41,36.92,42.334,39.457,30.868,27.832,32.467
ARHGAP44,1.853,2.41,1.966,1.611,1.121,2.91
ELAC2,40.098,37.382,33.777,35.682,30.334,35.433
SCIN,0.219,0.232,0.265,0.475,0.059,0.632
ARSD,11.16,11.695,12.386,9.141,9.534,10.916
PNPLA4,6.03,6.34,7.808,9.359,7.073,7.518
MYH13,0,0,0,0,0.048,0.012
ADIPOR2,27.06,27.661,28.192,25.662,25.555,25.961
CDKL3,3.891,3.052,4.701,2.542,4.036,2.799
UPP2,0.069,0.104,0.147,0.031,0,0.125
PRSS21,0.119,0.478,0.253,0.11,0.233,0.217
MARK4,27.529,26.364,30.076,26.432,15.455,27.47
PROM1,0,0.034,0.02,0,0,0
CCDC124,117.133,110.066,107.992,103.215,122.518,103.096
CEACAM21,0,0,0,0,0,0
PAFAH1B1,55.811,62.778,59.136,60.85,53.457,61.473
NOS2,0,0,0.026,0.022,0.044,0
DNAH9,0,0,0,0.024,0,0.039
KIAA0100,68.265,60.414,59.286,65.706,53.662,61.321
SLC13A2,0,0,0,0,0,0
GAS7,35.398,37.408,42.347,35.064,33.606,37.409
TRAPPC6A,8.37,10.249,12.108,9.525,14.682,9.029
MATK,0.262,0.399,0.63,0.847,0.237,0.411
CEACAM7,0,0,0,0.032,0,0
CD79B,0,0.438,0,0.399,0.268,0.386
SCN4A,0,0,0.032,0,0.018,0
ST7L,6.904,9.338,9.17,6.996,5.896,7.05
TKTL1,0,0,0,0,0,0
PAX6,1.386,1.132,1.651,1.391,1.296,0.552
RPUSD1,22.546,21.054,19.764,19.82,21.215,20.644
RHBDF1,70.05,71.412,70.744,58.542,48.304,72.533
LUC7L,51.64,48.717,59.22,52.028,32.274,53.365
CACNA2D2,0.249,0.227,0.266,0.123,0.149,0.289
BAIAP3,0.287,1.098,1.012,0.244,0.431,0.447
TSR3,78.293,77.842,74.461,78.376,93.494,84.677
PIGQ,28.501,30.473,31.465,27.649,23.669,29.532
CRAMP1,11.972,14.63,15.002,12.339,6.984,14.79
TEAD3,20.703,17.934,17.884,17.083,15.672,17.016
SELE,0,0,0,0,0,0
DNAJC11,26.699,27.593,28.53,29.16,27.134,28.94
FMO3,0,0,0.177,0.076,0.411,0.038
MYLIP,3.539,8.285,6.852,6.441,9.474,8.818
NOX1,0,0.278,0.148,0.349,0.125,0.156
E2F2,1.045,1.248,0.888,1.677,0.733,1.844
PSMB1,166.333,178.094,166.724,176.259,204.158,169.569
SYN1,0.603,0.285,0.32,0.354,0.273,0.959
JARID2,7.75,7.195,6.661,7.019,4.399,5.962
CDKL5,2.938,2.982,3.052,2.751,2.352,3.404
CAMK1G,0,0,0,0,0.062,0.062
CDK11A,32.736,32.804,30.144,22.946,22.994,25.401
NADK,46.427,42.786,39.869,49.028,44.336,45.105
TFAP2B,0,0,0,0,0,0
TFAP2D,0,0,0,0,0,0
DLEC1,0.143,0.118,0.101,0.15,0.021,0.117
CYTH3,31.093,35.016,35.066,36.1,46.321,43.268
ADAM22,0.15,0.159,0.11,0.084,0.148,0.41
SYPL1,73.75,71.789,66.499,72.176,62.713,69.804
CYB561,13.279,16.802,16.682,16.38,21.05,22.271
SPAG9,53.855,54.302,56.859,44.721,35.946,46.547
CELSR3,0.307,0.293,0.223,0.166,0.188,0.284
AASS,6.877,8.705,8.895,6.453,6.575,8.622
PLEKHG6,0.814,1.243,1.156,0.821,0.889,1.119
SS18L2,16.432,15.742,15.412,12.648,12.995,9.65
MPND,13.229,11.208,9.837,12.236,13.655,9.722
MGST1,131.762,125.775,118.675,122.281,144.332,125.89
CRY1,5.62,5.223,5.509,5.641,4.751,6.174
PGLYRP1,0,0,0.662,0.145,0,0.709
NFIX,169.546,212.397,232.316,202.249,209.558,250.026
ST3GAL1,11.132,9.069,9.6,13.076,12.736,13.374
MMP25,1.373,1.681,1.343,1.109,0.757,1.507
IL32,14.285,16.673,18.417,28.579,32.992,25.95
PKD1,276.193,332.43,353.873,331.683,245.404,383.557
MAPK8IP2,0.196,0.168,0.552,0.409,0.201,0.203
MED24,29.636,27.727,32.661,25.282,22.698,29.762
RHOBTB2,13.318,13.714,11.948,13.535,11.75,13.592
HEATR5B,8.564,12.5,11.997,8.556,5.674,8.67
SEC62,101.266,93.131,93.06,93.109,87.397,79.62
RPS20,3375.136,3430.498,3435.34,3383.988,4012.225,3378.083
CSDE1,332.644,356.939,387.057,322.938,343.079,304.28
UBE3C,46.952,40.707,38.813,43.467,37.52,42.501
REV3L,18.878,27.21,39.928,32.297,29.012,41.061
TENM1,0,0.006,0,0,0,0
PAX7,0,0,0,0,0,0
MASP2,1.882,1.541,2.33,2.371,0.524,1.521
IYD,0.237,0.108,0.232,0.105,0.026,0.296
FAM76A,6.991,7.077,9.209,7.989,7.428,8.878
TRAF3IP3,0,0,0,0,0,0
POMT2,18.056,14.15,11.59,10.714,15.235,13.412
VTA1,47.573,42.895,42.481,45.956,41.137,42.404
MLXIPL,0,0,0.22,0,0,0.024
BAZ1B,49.549,48.398,50.076,52.329,41.432,49.712
RANBP9,45.813,48.656,46.684,48.016,53.002,50.482
ETV7,0.395,0.307,0.564,0.267,0.476,0.206
SPRTN,7.023,5.551,5.56,5.188,5.054,5.998
EEF1AKNMT,19.454,17.521,16.156,18.611,18.841,17.183
DYRK4,11.883,11.098,13.785,12.205,16.539,14.634
ZNF207,84.153,83.8,78.175,75.316,66.152,75.023
UQCRC1,105.709,93.637,91.152,96.199,113.716,96.761
STARD3NL,30.092,31.595,27.659,29.585,24.772,26.873
CD9,31.754,38.333,35.678,39.301,30.941,34.006
HHATL,0,0,0,0,0,0
NCAPD2,33.745,41.67,41.878,39.028,33.035,40.724
IFFO1,33.441,39.661,42.074,36.408,33.777,41.555
GIPR,0.697,1.348,1.804,0.948,1.161,1.325
PHF7,3.922,4.264,6.528,3.88,4.679,3.96
SEMA3G,0.016,0.016,0.068,0.179,0.029,0.044
NISCH,47.448,56.713,59.032,46.059,39.94,57.994
STAB1,0.169,0.04,0.127,0.045,0.153,0.919
FUZ,10.862,11.891,14.918,14.692,16.348,15.293
SLC6A13,0.044,0.327,0,0.04,0,0.22
IDS,62.06,62.613,61.307,51.813,42.295,54.172
PRSS3,29.145,28.83,25.101,35.821,16.102,27.873
ZNF200,3.831,4.203,4.643,5.081,3.675,6.081
CD4,0.264,0.565,0.252,0.395,0.146,0.289
LRRC23,12.266,15.259,14.7,12.386,15.634,14.011
BTK,0,0,0.032,0,0.102,0
HFE,11.821,15.612,14.46,11.21,11.299,10.955
SCMH1,19.058,21.387,18.186,21.994,22.798,22.98
FYN,85.137,95.036,94.903,90.836,118.025,105.251
HIVEP2,17.134,15.142,14.491,15.937,12.554,15.297
FMO1,0,0.086,0,0,0,0
ELOA,25.458,27.057,26.724,26.933,24.402,26.472
LYPLA2,37.606,35.885,36.068,31.44,33.225,38.576
CLCN6,5.555,6.974,7.427,4.831,3.166,4.917
MRC2,329.732,340.497,340.464,322.245,335.603,381.752
NME1-NME2,19.64,14.93,24.715,15.951,16.974,12.724
SLC6A7,0,0,0.074,0.032,0,0
TSPAN9,29.4,25.49,27.442,23.305,24.163,24.473
BTBD7,14.292,14.353,15.32,14.502,10.696,15.56
APBA3,10.397,10.724,10.23,9.24,9.889,10.571
MKS1,6.297,9.56,8.416,9.11,6.245,9.594
ABHD5,26.226,23.251,22.673,27.751,19.137,19.765
ANOS1,0.089,0.025,0.094,0.104,0,0.034
AKAP8L,36.202,43.245,40.048,27.394,28.797,35.598
MBTD1,4.858,6.652,7.039,4.953,5.627,5.842
UTP18,25.018,23.672,20.034,22.132,21.783,23.185
RNF216,26.853,24.276,25.651,25.137,21.705,25.292
TTC19,22.281,20.828,20.959,18.256,18.369,17.685
PTBP1,131.699,130.589,126.636,132.703,106.036,127.509
DPF1,2.905,2.275,1.882,2.507,2.24,3.591
SYT7,6.192,5.356,4.102,9.573,4.129,7.034
LARS2,9.431,9.046,7.689,9,8.101,7.848
PIK3C2A,18.836,15.842,25.021,21.801,13.977,18.444
PLAUR,254.134,167.516,140.704,178.483,106.801,143.371
ANLN,37.867,45.524,48.749,50.83,47.625,50.341
WIZ,31.896,31.978,33.756,28.395,24.765,33.732
RABGAP1,20.968,24.696,24.865,22.4,27.948,26.032
DCN,1991.599,2424.646,2812.291,2790.641,4148.398,3268.319
QPCTL,5.919,7.217,8.217,6.283,6.574,6.499
PPP5C,43.453,42.253,37.637,47.292,42.038,43.692
CEP68,10.222,11.477,11.801,9.679,10.37,11.462
MAP4K3,13.684,12.683,12.727,13.499,10.087,13.237
ZBTB32,0.088,0.132,0.623,0.828,0,0.08
TYROBP,0,0,0,0,0,0
TMEM159,36.844,43.021,39.246,30.351,37.452,34.566
GABRA3,0,0,0,0,0,0
BRCA1,13.961,13.807,14.871,16.854,8.8,15.989
ERCC1,75.694,71.377,79.97,85.109,83.973,78.743
CD22,0.382,0.145,0.199,0.296,0.549,0.603
SEMA3B,4.534,6.298,8.808,8.536,9.997,13.352
MBTPS2,15.893,14.951,16.473,15.2,13.547,16.654
PRICKLE3,6.543,7.177,7.789,7.151,7.508,9.493
LTF,0,0.034,0,0,0,0.036
EXTL3,19.64,12.436,13.664,15.194,14.736,14.07
NR1H4,0.517,0,0.14,0,0.117,0.235
ELOVL5,66.522,57.896,61.273,56.346,58.006,58.783
ALOX5,0,0.035,0,0,0,0
KDM5D,0.228,0.069,0.015,0,0,0
CALCOCO1,87.206,105.733,116.993,99.725,102.258,96.525
UBR7,18.704,19.354,17.003,23.023,16.353,19.992
MAP4K5,28.979,28.181,28.54,31.386,26.176,28.442
EHD3,26.841,28.164,25.959,37.705,29.591,34.773
PSMC4,48.215,42.315,46.978,42.099,44.251,43.292
MAN2B2,37.727,38.875,40.593,36.511,37.661,41.125
SLC7A14,2.737,3.414,2.843,3.949,1.796,2.824
CLDN11,473.38,458.377,423.835,582.33,418.094,506.889
SLC25A39,80.079,77.075,76.165,67.93,70.888,78.916
MVP,170.845,185.557,179.509,174.926,161.331,178.582
NUB1,51.52,52.036,53.729,56.476,55.501,48.705
PGM3,50.368,57.756,39.342,51.929,40.893,43.284
RWDD2A,4.378,4.199,4.842,4.163,3.914,3.962
CLK1,22.583,24.757,30.466,26.886,21.153,29.234
POLR3B,6.583,7.233,6.436,7.132,5.711,6.093
ANGEL1,7.323,8.588,8.383,5.492,6.39,7.349
RNF14,44.128,47.187,43.189,39.926,40.423,41.659
DNASE1L1,9.013,13.045,12.123,12.818,15.155,12.441
DDX11,24.951,24.459,22.863,27.189,15.063,27.942
HEBP1,77.834,75.764,68.591,70.896,88.01,74.118
GPRC5A,8.114,7.178,6.249,8.087,6.413,9.314
MAMLD1,14.075,10.88,9.916,17.398,10.046,15.757
CD6,0,0.126,0,0,0,0
TACC3,28.808,35.103,32.859,37.42,34.194,39.709
UFL1,15.199,15.675,17.579,15.547,14.086,17.621
POLA2,10.309,12.729,11.165,12.642,11.584,12.535
ZC3H3,11.736,13.293,11.581,10.57,8.416,9.762
CAPN1,95.462,98.336,87.647,106.943,91.242,93.615
ACP3,0.105,0.075,0,0.506,0.067,0.307
MDH1,93.699,99.853,97.495,102.251,108.136,102.288
SLC30A9,18.094,16.687,17.047,18.783,16.043,17.774
MTMR11,17.795,18.317,18.687,19.913,15.457,21.693
COX15,8.438,10.362,10.964,9.398,9.648,10.466
CCDC88C,0.031,0.136,0.028,0.019,0.019,0.041
YAF2,14.096,13.663,13.692,14.637,12.369,12.703
ZMYND11,49.44,45.21,47.352,47.441,42.821,43.098
WAS,0.048,0.446,0.411,0.198,0.358,0.593
DPEP1,0,0,0,0.051,0,0
BID,38.003,30.017,32.235,35.839,32.892,36.07
MATR3,131.524,126.643,125.074,120.72,125.764,119.743
NPC1L1,0.016,0.047,0.035,0,0.045,0.029
XYLT2,20.521,21.647,20.218,21.495,16.648,19.99
RGPD5,12.264,12.8,13.134,9.887,8.846,11.492
STMN4,0.037,0,0,0,0.049,0
NUDCD3,19.45,17.827,17.241,18.3,17.597,17.591
ISL1,0,0,0.107,0,0,0
CHDH,0.262,0.4,0.695,0.613,0.792,1.509
IL20RA,0.327,0.33,0.238,0.402,0.393,0.307
CLCA1,0.055,0,0,0.1,0,0.025
CLCA4,0,0,0,0,0,0
GLT8D1,81.258,76.166,83.024,85.329,90.666,91.312
ATP2C1,58.859,61.61,52.66,61.236,50.776,52.992
IGF1,0.107,0.592,0.335,0.278,0.31,0.434
SLC38A5,45.026,34.492,30.49,79.051,52.345,64.825
RALBP1,60.034,60.843,54.199,53.924,55.575,55.813
RUFY3,20.922,28.487,29.822,17.078,14.663,21.195
CNTN1,0.382,0.484,0.29,0.469,0.133,0.684
SLC11A1,0,0.271,0.048,0.164,0.102,0.205
WWTR1,150.636,103.474,87.756,98.246,50.218,85.215
AGPS,26.816,23.98,26.713,21.63,18.194,21.266
STEEP1,9.756,9.88,11.73,9.878,9.328,9.76
ATP1A2,0.109,0.039,0.078,0.088,0.106,0.175
TTC27,14.331,14.331,13.39,13.007,14.932,13.11
ZNF582,1.875,3.859,3.587,2.777,3.047,2.393
VSIG2,0.478,0.082,0.424,0.074,0.073,0.512
PHLDB1,51.318,59.597,63.686,48.133,43.088,57.043
MARCO,0.337,0.096,0.256,0.22,0.392,0.131
CYP24A1,0.063,0,0.203,0.057,0.057,0.035
PRDM11,1.829,1.523,1.949,2.227,2.532,2.54
SYT13,0,0,0,0.056,0,0.015
SNAI2,32.919,36.245,45.708,39.241,44.191,38.24
CD74,0.083,0.168,0.442,0.306,0.3,0.075
HGF,0.676,0.714,0.489,0.955,0.756,0.838
ZRANB1,11.126,12.834,13.597,11.614,11.969,12.096
NCDN,23.74,23.913,26.335,19.474,19.38,19.584
ADGRA2,50.727,64.847,68.262,66.471,82.094,82.03
ZFP64,11.041,12.265,13.302,14.105,12.961,13.024
MNAT1,34.156,32.097,26.614,34.329,24.745,30.503
SAMD4A,31.286,29.09,28.583,29.3,21.023,28.589
RUNX3,15.687,16.777,14.82,18.118,15.354,17.009
MRE11,11.638,14.262,12.684,14.494,10.685,12.991
PLEKHB1,0.673,0.907,0.272,0.272,1.198,0.752
SERPINB1,9.037,9.976,12.196,12.22,14.569,13.955
CYP3A43,0.54,0.149,0.314,0.448,0,0.204
SLC7A9,0,0.262,0.301,0.052,0.051,0.103
SPAST,8.862,8.844,9.238,8.354,6.624,8.184
NRXN3,0.018,0.018,0.01,0.017,0.075,0.047
OSBPL5,39.705,40.05,38.963,44.516,38.316,47.501
AQR,7.174,7.739,9.331,7.836,6.006,6.871
CPS1,3.108,4.363,4.64,4.34,4.267,5.128
C8B,0,0,0,0,0.255,0
FHL1,59.828,72.719,86.693,80.969,166.854,115.457
RTF2,79.702,85.605,82.91,80.376,95.782,83.612
GABRA1,0,0,0,0,0,0
NLRP2,1.042,2.563,1.848,0.412,0.575,0
SLC45A4,3.814,3.661,3.083,4.232,2.422,4.139
RNF10,95.271,94.405,111.914,96.532,106.628,102.381
ZNF839,8.364,10.108,10.023,8.822,10.443,10.379
ZDHHC6,22.13,24.119,23.44,26.671,24.028,24.891
GRAMD1B,1.635,2.221,2.075,2.737,1.482,2.956
RNH1,333.351,319.326,317.181,373.064,386.732,420.867
NDUFS1,34.797,39.616,35.136,36.395,27.56,31.895
RB1CC1,27.689,33.819,35.265,32.65,27.526,32.114
ERP44,22.043,21.541,21.331,23.213,21.327,20.575
ALAS1,18.686,19.815,19.14,16.653,17.764,17.206
BIRC3,3.289,2.343,2.873,2.194,1.407,1.669
AKAP11,18.218,19.197,20.162,17.993,11.142,17.436
GLRX2,20.708,19.847,20.5,19.086,19.613,13.761
SNAPC1,14.004,14.967,15.348,14.66,15.761,14.239
DERA,33.817,32.252,32.381,40.77,31.133,33.462
STRAP,123.539,111.948,105.93,114.231,115.782,105.191
ABCC2,0.301,0.451,0.641,0.398,0.394,0.41
DEF6,0.825,2.118,1.744,0.638,1.511,0.769
PLEKHO1,22.166,21.025,21.002,16.869,20.28,16.839
GCLM,21.834,19.87,20.694,24.504,21.417,22.628
UBR2,13.83,16.005,15.683,12.258,9.3,13.136
EHD2,283.623,297.946,285.296,275.9,269.437,298.193
DEPDC1,7.229,9.376,8.218,8.973,6.188,10.798
CCDC28A,8.627,14.738,9.568,9.561,10.595,10.736
RRAGD,0.195,0.36,0.234,0.164,0.09,0.218
HSF2,10.955,7.773,15.174,10.538,8.969,10.333
PHF20,19.934,19.188,21.697,18.911,16.263,19.859
HSD17B6,0.237,0.178,0.252,0.835,0.495,0.483
NR1H3,4.843,6.007,7.91,6.382,6.094,6.537
TYMP,15.882,14.392,14.228,22.27,18.188,18.687
NCAPH2,25.079,28.262,25.49,33.755,26.997,32.712
TOMM34,29.479,20.359,20.876,24.06,17.671,21.333
SEC63,41.037,44.89,40.898,50.161,43.074,40.769
KPNA6,20.618,18.849,20.346,20.093,16.37,20.031
VIM,10631.356,11614.542,12066.706,12994.301,13573.242,13624.411
FAS,39.26,44.072,50.961,49.139,54.934,52.632
RNASET2,41.515,43.225,48.203,41.323,59.163,41.97
CD44,1296.332,1293.152,1261.731,1194.769,1022.248,1026.04
KCNG1,10.345,13.171,10.181,13.998,16.417,15.472
AGPAT4,4.545,3.91,3.593,4.791,3.726,3.07
SLAMF7,0.072,0.126,0.077,0,0.098,0
BTN3A1,10.583,16.505,21.306,11.936,14.162,16.348
MIPEP,11.287,12.96,11.783,11.2,9.619,10.661
PRKCH,0.342,0.284,0.25,0.67,0.692,0.795
INSRR,0,0.015,0.049,0.112,0.055,0.056
IFNGR1,35.895,39.024,38.539,33.766,42.626,34.923
B4GALT7,24.635,25.6,29.452,20.893,22.665,22.289
SH2D2A,0,0.056,0,0,0,0
VRK2,27.729,23.682,22.352,24.693,20.891,21.16
TNFRSF1B,11.553,7.955,8.759,10.291,7.801,8.435
VEZT,31.093,34.458,35.762,42.103,29.359,34.948
POU2F2,13.562,8.471,9.89,15.676,6.301,14.995
BRD9,31.218,28.391,30.454,28.994,26.147,29.279
SNX1,84.342,88.235,91.865,73.857,82.918,80.224
TBPL1,20.166,22.066,22.152,19.797,17.123,14.913
ARNTL2,19.697,15.821,12.342,26.125,11.433,17.241
BCLAF1,87.003,88.958,90.175,78.629,55.329,67.834
SLC39A9,20.873,24.215,22.851,19.166,22.445,23.383
ANK1,0.567,0.663,0.758,0.941,1.468,1.459
IBSP,0,0,0,0,0,0
TFB1M,2.857,3.59,3.857,4.133,3.958,3.633
RABEP1,36.267,34.339,41.296,35.67,29.307,32.74
HMGB3,33.621,33.761,36.953,31.7,29.359,31.175
NUP160,17.874,17.555,17.041,19.366,13.548,17.749
BAK1,13.872,12.975,11.752,12.858,13.686,12.118
MUSK,0.011,0.705,0.123,0,0.009,0.032
IKZF2,1.704,2.886,2.1,3.717,1.78,1.974
GRN,289.426,314.378,318.152,289.329,305.075,343.208
FAM13B,26.331,28.798,35.207,26.101,21.393,25.871
ARHGAP31,6.364,5.971,7.945,6.322,5.557,7.146
CENPQ,6.683,6.147,7.75,9.099,5.522,7.982
SARS1,201.293,226.173,247.777,235.761,321.451,262.192
RANBP3,40.438,40.792,38.79,41.015,39.028,41.434
ARID4A,9.997,13.214,11.414,10.124,9.862,13.344
EIPR1,16.568,15.012,16.189,17.038,16.056,17.831
PNPLA6,48.437,47.393,39.789,33.888,33.797,40.951
IFT88,8.335,13.146,9.667,7.647,8.402,9.425
ALG1,25.581,25.209,25.3,27.137,31.902,28.663
ZCCHC8,10.94,10.575,12.861,11.802,11.096,13.5
ABCF2,18.568,18.514,18.578,16.128,18.823,17.013
CHPF2,53.649,47.12,46.868,47.493,46.569,51.305
LRRC7,0.146,0.2,0.235,0.137,0.11,0.228
FUT8,41.17,39.762,35.989,46.082,36.4,39.974
UBA6,20.761,21.754,16.703,22.773,14.225,15.289
GAB2,7.183,8.958,8.538,7.856,6.776,7.244
ATP6V0A1,20.101,21.887,21.721,15.254,11.117,18.455
PIAS1,10.383,10.488,11.732,11.125,9.345,10.033
SLC4A7,19.915,17.7,18.534,17.547,10.151,16.619
APBA2,1.162,0.734,0.586,1.083,0.657,1.048
MAP2K3,95.63,74.081,66.828,65.362,64.677,74.915
EFCAB1,0.152,0.866,0.753,0.349,0.136,0.428
TMSB10,6719.99,6467.773,6244.53,6489.404,6575.645,6013.329
ASTE1,3.484,5.642,5.348,5.397,4.603,3.959
RNF19A,15.348,19.542,17.39,17.059,14.706,17.142
PEX3,9.822,7.126,8.756,10.065,7.189,8.347
GABARAPL2,115.982,114.407,115.691,112.246,121.297,107.903
MYOC,0,0,0,0,0.073,0
SH3YL1,32.083,33.758,33.004,27.743,27.877,35.776
FAM136A,35.001,30.374,32.097,30.771,28.651,28.393
VCL,118.329,115.46,118.189,125.128,112.186,129.572
DEPDC1B,1.813,2.786,2.488,2.541,2.45,2.248
DAPK2,11.081,11.659,11.988,12.601,16.544,17.054
NSMAF,30.674,30.777,29.57,29.021,27.472,28.017
ADSS2,57.57,44.82,42.894,52.434,39.881,42.141
STAP1,0,0,0,0,0,0
TIMP2,775.732,749.64,774.58,650.278,647.401,714.265
RFC1,20.548,23.337,26.528,23.301,19.96,23.922
TBC1D23,34.061,30.745,33.891,35.066,32.397,32.862
CUL3,42.325,40.234,42.782,42.504,41.347,38.513
MYOM2,0.443,0.516,0.681,0.448,0.775,0.402
OTC,0,0,0,0,0,0
CYP46A1,0.797,0.891,1.712,0.984,1.25,1.159
ZZZ3,22.218,23.863,24.299,25.545,23.58,24.455
SLC18A1,0,0,0,0,0,0
USP2,0.39,0.114,1.146,0.208,0.317,0.285
CASR,0.249,0.465,0.422,0.366,0.153,0.355
TUBG2,30.669,31.082,34.526,32.294,23.734,33.1
RPL26L1,45.489,50.082,53.14,44.596,49.546,36.83
FLT4,0.421,0.86,0.854,0.615,0.355,0.818
NSUN2,37.976,30.885,30.794,33.127,27.063,30.407
FBXO42,16.737,16.905,14.207,13.701,18.018,17.016
MFAP3,13.386,14.646,12.44,17.696,16.821,16.782
MRI1,13.302,13.712,13.827,10.066,8.683,14.189
METTL1,14.574,10.711,9.446,12.681,10.903,11.307
HOXC8,25.476,30.475,33.697,29.618,40.351,39.228
AGA,14.25,16.074,12.936,12.411,16.922,17.825
PI4K2B,23.731,21.306,22.057,26.961,16.976,20.361
BOD1L1,22.959,28.547,27.737,22.282,17.698,23.363
MAT2B,39.384,42.468,42.181,43.64,44.694,40.609
TLL1,0.048,0.095,0.051,0,0.088,0
EDC4,18.872,19.501,17.638,16.125,13.605,19.173
TRIO,61.363,60.897,59.921,63.655,41.712,68.7
VCAN,70.864,83.34,85.083,80.578,58.713,79.739
CLEC16A,9.013,8.735,10.105,6.611,6.648,9.403
MSR1,0.281,2.669,2.639,1.945,0.343,1.465
CDH1,0.585,1.589,0.839,0.204,0.748,0.234
MTREX,35.471,36.09,35.443,34.07,29.365,32.41
DNAH5,0.184,0.272,0.222,0.338,0.294,0.351
ZFYVE16,10.867,10.846,12.441,12.187,9.359,10.291
RIPOR1,63.265,63.578,64.769,52.931,44.964,60.498
C6,0,0,0,0,0,0
RAI14,73.628,49.723,41.927,69.711,40.107,49.777
SOX30,0,0.053,0.056,0,0,0.048
PNKP,57.992,53.138,43.81,46.003,27.789,34.29
BEST2,1.089,0.589,0.414,0.167,1.35,0.378
PHLPP2,5.392,5.23,6.248,4.927,4.107,5.451
SPDL1,29.403,27.1,37.272,37.219,36.756,34.592
STAU2,18.27,19.379,23.474,21.493,18.089,21.82
SLC66A1,15.517,13.172,12.391,11.061,9.103,13.265
CTNS,22.769,21.905,20.131,15.232,13.013,17.806
RTN4R,0.638,0.53,0.209,0.539,0.559,0.443
PHF23,35.053,36.806,36.192,39.939,44.433,39.02
CDH10,0.024,0.048,0.076,0,0.128,0.108
INPP4A,14.18,11.358,11.843,11.191,10.076,12.064
RAB27B,0.259,0.347,0.168,0.041,0.112,0.133
PSMA4,146.563,133.878,129.745,135.53,152.294,125.61
MYO16,0.012,0.046,0.061,0.01,0.01,0.021
LSG1,18.107,16.488,15.794,14.367,11.144,14.801
PARP3,21.83,24.617,25.151,30.092,27.447,33.965
TNC,657.781,702.481,753.167,845.611,772.368,994.091
THAP3,12.714,12.752,14.822,14.49,18.212,16.942
RIPOR3,2.207,2.747,2.811,2.252,1.551,2.089
TDP1,13.206,12.224,12.988,16.933,14.727,15.71
AIFM2,9.941,11.089,11.573,11.436,12.022,12.317
SPATA7,9.934,10.984,12.526,10.589,10.904,11.612
MED17,13.646,13.468,11.174,10.023,10.122,12.632
RETSAT,33.818,36.432,36.046,31.094,32.172,31.351
CAPG,93.6,97.535,97.214,128.096,130.259,128.425
AP2S1,270.147,266.469,233.458,275.35,308.123,259.876
USH2A,0,0,0.004,0.011,0,0.015
ZPBP,0,0,0,0,0,0
TG,0.506,0.781,0.732,0.801,1.223,0.754
ADAM28,0.491,0.898,1.136,0.763,0.223,0.328
BARX2,0,0.136,0,0,0.245,0.041
DCUN1D1,22.371,19.209,20.128,19.915,15.931,18.734
JADE2,14.342,14.829,15.831,18.826,14.904,19.972
ZIC2,0.084,0,0,0,0,0
LCP2,0,0,0,0,0,0
TRIT1,10.077,10.767,11.833,11.694,7.868,9.39
ADRB1,0.083,0.054,0.116,0.025,0.124,0.098
GUCA2B,0,0,0,0,0,0
CUL7,25.512,25.962,25.851,22.442,20.254,25.673
CTNNA1,179.856,170.885,160.538,162.048,139.863,159.667
PHKA2,5.182,6.399,6.79,5.127,4.08,6.36
CNTLN,6.257,7.358,6.844,6.962,6.224,6.837
EPHA3,0.027,0,0,0,0,0
HSPA5,355.901,367.25,367.559,379.809,367.612,381.688
DSG2,0.607,0.663,0.326,0.265,0.318,0.085
GEMIN8,25.307,28.241,27.384,26.354,29.012,26.891
OFD1,10.296,10.108,12.995,8.755,7.673,8.89
GPM6B,1.101,0.715,1.113,1.112,0.678,0.751
MAGEC2,0,0,0,0,0,0
PREX2,0.079,0.173,0.218,0.229,0.34,0.341
WDR37,13.733,11.353,13.879,12.509,8.374,11.125
YTHDC2,6.485,7.62,7.227,5.827,5.382,7.096
CTPS2,7.254,7.901,8.55,8.698,6.212,7.447
ATP6V1H,27.278,26.001,27.573,25.779,25.561,25.077
POLR2B,59.154,61.269,58.381,60.114,51.601,53.631
FAM214A,13.343,14.977,18.796,11.019,8.541,11.227
ARAP2,0.052,0.161,0.022,0,0.029,0.019
TPR,36.155,42.777,41.265,35.367,27.019,36.858
CP,0.039,0.39,0.094,0.162,0.14,0.153
KATNIP,12.662,14.348,14.5,11.189,10.119,10.447
DTNBP1,20.033,20.295,20.012,15.259,19.154,18.614
XK,0,0,0,0,0,0.028
ANO2,0,0.184,0.024,0,0.159,0
C12orf4,8.242,8.45,9.522,11.235,10.185,9.787
SCML1,12.93,12.797,15.242,11.127,9.512,11.86
WWC3,12.866,11.144,12.521,10.215,8.453,11.237
ARHGAP6,1.88,2.28,1.972,1.759,1.682,2.185
FAM184B,0,0.031,0.065,0.093,0.051,0.056
MAP4,199.699,207.622,209.13,191.456,165.048,194.022
GOPC,22.506,28.884,28.547,25.609,23.686,28.268
ROS1,0.086,0.206,0.051,0.113,0.029,0.072
USP28,15.753,15.882,14.119,17.349,14.586,13.989
HDAC9,2.607,3.997,5.269,3.4,2.638,4.225
TSPAN17,44.135,39.304,37.417,35.553,34.824,38.967
NOP16,44.84,29.57,24.306,36.264,31.158,40.442
CC2D2A,4.765,6.178,8.252,5.132,4.633,4.507
RRM2B,21.533,22.127,22.984,21.879,20.369,20.51
ZNF800,12.028,13.861,14.071,12.561,10.763,11.605
TNFRSF17,0,0.575,0.583,0.49,0.344,1.037
SNX29,28.708,29.358,28.47,26.259,18.799,26.214
LMO3,0.222,0,0.256,0.196,0.365,0.382
MRPS10,29.047,28.483,28.483,26.009,27.279,25.144
GUCA1A,0.169,0,0.073,0,0.063,0.336
RSF1,25.921,26.301,30.698,22.437,21.94,22.626
VPS13D,9.354,9.594,9.438,8.059,5.956,8.602
CELF2,17.225,18.992,17.666,23.479,14.321,23.288
FAM120A,100.27,99.58,95.542,97.698,80.986,98.364
R3HDM1,17.669,13.357,18.153,15.468,10.671,13.206
COL9A2,0.174,0.145,0.53,0.465,0.209,0.151
KITLG,65.355,71.867,73.121,72.713,58.415,70.173
ERCC8,6.637,6.021,6.364,7.431,6.541,8.255
ADAMTS6,9.616,8.829,7.203,8.295,3.931,7.423
H6PD,28.479,28.218,30.306,28.971,24.844,31.403
VAMP3,106.485,104.977,109.453,112.711,109.66,109.398
PER3,7.019,10.429,12.499,14,13.165,15.909
UTS2,0,0.186,0,0,0,0
TNFRSF9,0.499,0.527,0.467,0.382,0.253,0.444
EPN3,0.153,0.918,0.628,0.139,0.201,0.532
LTBP1,248.618,214.602,190.352,178.018,91.139,149.146
RCN1,379.046,370.781,388.743,429.919,460.145,426.618
ELN,137.884,166.198,199.456,253.625,501.21,395.326
RFC2,19.088,20.972,14.45,24.551,19.103,22.428
ARID1B,20.051,22.768,23.584,23.604,19.65,25.63
CLPTM1L,53.468,51.94,51.033,50.281,54.093,54.449
NEDD4L,8.685,6.751,6.279,5.844,4.495,4.855
FOXP3,0.037,0.115,0.589,0.034,0.17,0
PPP1R3F,6.065,7.065,6.711,3.477,5.59,8.084
HEXB,102.004,106.532,100.491,93.337,112.188,91.965
PTCD2,5.136,6.326,5.687,6.794,5.997,7.443
NEXMIF,0.007,0.013,0.014,0.006,0.006,0.012
JKAMP,48.643,48.385,46.548,41.269,42.622,39.115
DKK3,447.257,485.872,476.412,544.959,605.569,573.494
ARHGEF5,7.877,10.92,9.06,9.422,11.465,8.632
NFE2L3,2.269,3.466,2.277,3.773,1.697,3.067
MCUR1,17.202,15.821,17.228,19.536,17.225,13.705
LIMA1,119.008,133.261,155.463,119.295,147.442,135.88
LETMD1,37.604,46.024,50.355,43.939,51.64,46.97
SLC4A8,1.294,1.75,2.231,1.879,0.94,1.5
LAMC3,0.403,0.201,0.302,0.183,0.114,0.317
PTGER3,0.113,0.13,0.274,0.123,0.127,0.176
TNIP3,0.987,0.427,0.759,1.162,0.731,1.283
MAPK9,37.869,39.51,37.097,38.791,36.296,35.847
COL23A1,2.631,1.284,1.072,0.992,0.514,0.466
BCAR1,81.394,68.02,61.831,61.04,48.727,66.948
FAM160A2,15.149,18.238,17.531,14.847,10.015,16.242
HERPUD1,86.29,105.919,105.007,113.576,129.479,113.038
HOMER3,118.632,91.239,78.801,96.676,71.956,94.103
RAD51,9.768,8.487,8.361,13.482,10.745,9.529
POLQ,1.981,2.208,2.08,2.857,1.555,2.358
PIK3CB,10.386,8.316,7.726,7.598,7.968,6.872
CYBA,151.189,151.452,139.409,155.391,163.625,166.185
THOC3,28.983,26.288,24.737,30.6,29.588,30.545
HEBP2,53.604,44.561,38.333,42.099,54.942,45.941
MPHOSPH9,8.48,7.406,9.717,12.578,7.976,8.518
PLEKHA5,8.829,9.729,8.941,9.873,8.246,7.91
PRSS8,0.461,1.672,1.2,0,0.553,0
SIKE1,8.114,8.832,9.85,9.472,9.341,10.163
RRP12,15.484,12.909,13.195,11.388,8.876,14.289
FNIP2,3.492,5.433,4.401,4.699,2.462,5.346
MSMO1,20.999,17.743,20.129,16.419,17.177,15.159
TTC17,31.634,33.714,32.878,29.983,30.476,31.585
ALX4,0.194,0.111,0.237,0.202,0.187,0.239
FSTL4,1.902,2.265,1.736,3.335,0.516,1.888
FOXN3,12.595,14.959,16.164,16.985,17.196,16.247
METTL24,2.697,1.797,2.163,2.967,1.022,2.382
AKR7A2,97.026,95.297,83.251,86.351,75.265,82.007
MRTO4,30.904,26.77,24.224,33.246,25.913,25.949
NNAT,1.47,1.841,1.378,1.494,0.751,1.571
USE1,27.763,32.215,29.875,27.572,39.671,31.376
MCF2L2,0.101,0.349,0.036,0.12,0.061,0.123
NRIP2,1.628,1.58,3.24,1.524,0.554,2.221
LAMA3,1.503,2.311,1.663,0.817,1.093,1.044
AP5M1,16.113,12.858,14.276,13.543,10.345,14.743
ANAPC4,14.597,16.489,16.986,17.481,12.399,18.254
KCNQ1,0,0,0.281,0.121,0,0
TRAPPC3,70.132,61.673,59.374,58.814,66.108,56.64
THRAP3,63.266,66.171,69,64.467,54.339,61.024
PHPT1,184.937,189.704,180.978,209.299,228.341,209.245
ENTPD2,0.203,0.041,0,0.055,0.269,0.054
LY75,0.596,1.239,0.768,1.045,0.673,1.003
ARID4B,17.477,20.807,24.291,18.991,14.515,18.173
OPN3,12.63,11.374,10.418,10.003,6.683,8.81
SDCCAG8,32.974,29.426,24.119,28.845,18.759,23.01
PTPRN,4.462,3.784,3.408,4.111,4.581,3.523
HHAT,1.731,1.779,1.767,1.677,2.376,1.49
KIF1B,18.944,19.212,19.902,19.242,13.774,18.185
FOXC1,7.887,8.467,9.021,7.583,8.888,8.78
TBC1D22A,20.925,21.136,21.021,23.401,25.043,24.176
SYNE2,4.526,4.972,8.748,4.833,2.437,4.3
PLEKHH1,0.23,0.204,0.115,0.143,0.087,0.131
ATP9A,24.78,25.178,24.086,24.582,18.611,23.381
SPO11,0,0,0,0,0,0
CBLN4,0,0,0,0,0,0
CHRDL2,0.306,0.231,0.534,0.07,0,0.139
FAM168A,21.352,24.921,26.231,22.922,19.093,24.506
RELT,6.762,5.429,5.865,4.211,3.297,5.273
GALC,9.02,10.868,10.565,9.018,10.156,9.921
NOP58,44.557,38.508,35.253,41.682,36.825,35.121
SZRD1,104.45,107.942,101.679,103.189,97.679,97.44
KCNH2,0.038,0,0,0,0,0
CUL1,41.093,42.676,40.695,43.126,39.141,39.685
FAM114A2,18.661,14.126,15.777,17.964,17.549,15.205
CYFIP2,9.159,8.521,7.393,7.964,5.983,6.89
TAB2,34.894,37.721,35.705,35.777,31.918,32.991
GINM1,104.157,103.56,101.696,104.186,110.435,106.328
EIF2AK2,18.363,21.927,19.417,16.326,12.9,16.958
USP36,30.205,30.325,30.389,28.599,22.752,24.654
KMT2C,12.806,14.941,19.096,16.395,7.722,20.511
MCOLN3,0.323,0.208,0.092,0.129,0.027,0.129
CCDC85A,1.67,3.276,3.408,4.7,8.783,6.506
PUM2,29.844,28.682,33.175,32.872,24.881,32.793
MRPL43,65.686,68.338,68.083,60.085,75.455,68.404
ITIH4,1.29,1.325,1.391,0.755,0.664,0.683
ITIH1,0.059,0,0,0,0,0
HPF1,28.526,32.562,27.068,29.374,29.112,24.646
ZFR,50.607,47.368,50.152,44.8,38.208,43.835
ZNF280C,1.475,1.444,2.005,1.636,0.944,1.308
NPFFR2,0,0,0,0,0,0.04
PHF21B,0,0,0,0,0,0
TRAF1,1.018,1.536,1.557,1.165,1.133,1.999
RC3H2,12.451,12.601,17.44,17.771,12.161,16.897
IL17RB,2.341,2.644,1.811,1.827,2.33,2.177
TRAF3IP2,44.488,58.747,61.417,62.746,54.035,60.137
GYG2,1.588,1.211,2.081,1.875,2.21,2.046
DCBLD2,227.647,176.297,151.118,218.053,98.94,154.003
SERPINB3,0.771,1.546,0.175,0,0.694,0.053
SOAT1,18.05,20.962,21.322,17.631,14.307,17.371
PKP2,0.095,0.452,0.149,0.017,0.121,0.312
MSH4,0.025,0.1,0.294,0.137,0.09,0.296
F7,0.108,0.134,0.245,0.263,0.233,0.209
GDI2,196.045,187.767,191.773,214.568,210.527,200.573
PRDM1,6.35,4.664,4.429,5.499,2.773,5.212
ATG5,18.967,18.053,18.634,20.32,18.402,16.057
TMCC3,0.055,0.111,0.118,0.202,0.1,0.05
PITHD1,38.412,39.441,38.537,37.277,34.79,36.647
MTA3,15.91,15.719,17.037,16.73,19.846,16.427
USP13,7.753,10.402,7.953,9.36,5.779,8.974
ATP11B,32.512,30.647,26.76,30.759,20.208,27.517
LAMC2,3.648,5.283,2.446,3.282,3.472,2.451
CDK14,22.47,19.931,18.441,21.148,13.749,18.354
SEC61A1,226.403,222.342,214.616,227.76,218.707,232.377
PPP1R12A,43.288,43.939,48.934,41.693,33.427,39.683
RASGRF1,0.013,0.038,0.062,0.011,0,0
CAMK2B,2.348,0.625,0.951,1.31,0.784,0.986
CROCC,19.763,21.412,23.115,17.255,13.729,20.552
POLR3E,13.867,14.204,13.919,12.845,11.571,11.326
ATP2B4,159.097,163.36,150.332,168.188,90.68,151.397
ZC3H11A,43.681,39.706,44.449,39.587,31.294,41.087
RIOK2,22.661,25.005,17.126,21.59,20.67,16.476
YIPF1,14.114,15.823,13.429,12.165,14.222,11.732
NDC1,10.189,10.033,9.247,10.15,7.799,8.925
DGKG,0,0.027,0.056,0.108,0.023,0.024
FLYWCH1,42.812,49.2,46.016,44.218,31.994,42.743
UNKL,11.336,11.452,13.518,12.442,10.478,13.129
TBXAS1,0.392,0.145,0.152,0.591,0.074,0.226
PARP12,7.52,8.205,7.772,6.65,5.158,5.972
ALDH18A1,46.797,39.987,37.829,46.142,45.016,41.551
TARBP1,10.326,9.235,8.296,7.463,4.927,8.13
GATB,9.792,10.174,10.694,11.095,12.176,12.734
MXD1,3.606,3.578,4.055,3.449,2.292,4.043
CDK17,36.207,33.867,35.332,34.563,26.537,31.282
DNAJC25,10.09,9.001,8.839,8.018,8.449,7.606
SLC2A3,46.278,56.174,54.847,41.944,33.609,41.362
PSD,4.587,2.742,2.758,1.655,2.208,1.208
CTDP1,15.066,15.017,12.446,13.899,12.793,13.358
YBX3,234.885,230.845,235.045,247.986,257.012,251.045
STYK1,0.36,0.453,0.442,0.632,0.567,1.257
WNK1,47.506,55.33,53.119,43.023,30.079,42.125
CCAR1,30.831,30.538,33.813,26.385,22.724,27.501
OGFR,65.839,59.552,56.24,61.051,63.46,68.085
GNA15,0.41,0.671,0.238,0,0.503,0.135
CREB3L3,0,0,0,0,0,0
PIGV,7.939,9.5,10.281,9.817,11.895,10.913
PTPRU,6.665,5.646,5.89,7.143,6.994,7.933
SNRNP40,28.47,24.191,27.258,25.663,26.617,26.047
RIMBP2,0.025,0,0.037,0.031,0.157,0.031
COL11A1,0.276,0.278,0.437,0.18,0.329,0.706
QSER1,15.206,13.479,13.207,13.157,8.118,12.613
MPC1,24.451,33.051,27.822,25.243,26.35,24.103
ACAA1,46.694,49.409,49.279,41.357,47.237,43.148
BCAT1,24.105,29.459,28.108,35.831,28.207,34.38
HDAC7,66.489,68.171,68.332,71.909,63.374,86.815
LZTS1,0.658,0.563,0.724,0.666,0.741,1.022
PRDM6,0.12,0.103,0.219,0.086,0.108,0.093
WNT8A,0,0,0,0,0,0
SPAG4,9.819,11.569,13.152,16.382,10.7,15.817
NCKAP1,86.093,84.825,80.502,89.22,71.537,84.273
MRPS35,31.726,31.086,29.281,34.457,34.545,31.002
GUCY1B1,2.566,3.242,3.429,3.645,3.666,3.33
SFSWAP,23.313,22.742,24.953,19.269,17.069,24.747
TNK2,31.764,33.103,44.417,24.558,20.804,31.285
MON2,14.075,16.751,17.699,13.169,12.789,15.313
CDH3,0.831,1.672,0.696,0.05,0.847,0.05
ARSF,0.039,0.04,0.127,0.072,0.106,0.037
GPBP1,32.037,32.541,35.773,32.194,34.375,34.066
DGAT2,0.829,0.455,0.66,0.742,0.311,0.51
ZNF112,4.47,3.283,5.255,2.921,2.961,3.029
CS,81.021,80.796,74.084,84.59,72.591,82.08
LTK,0.343,0.287,0.428,0.282,0.086,0.477
MRPS24,113.674,118.999,136.43,116.225,170.342,132.953
ELMO2,20.36,22.336,19.429,19.89,18.573,20.814
WAPL,17.862,19.217,19.719,18.41,16.268,17.531
VMP1,67.362,84.768,83.315,63.705,50.691,65.484
APPBP2,14.347,21.965,19.904,12.515,17.434,16.216
POLD1,13.915,14.336,13.461,20.971,12.363,19.483
SEZ6,0.085,0.224,0.487,0,0.034,0.18
EIF4B,434.745,467.416,490.109,471.567,547.782,504.449
SLC6A16,1.878,1.403,3.435,2.656,2.085,4.305
BICRA,6.751,8.793,10.232,5.879,4.183,10.264
SPHK2,11.92,11.261,11.409,10.029,10.602,13.214
RPL18,1920.308,1911.313,1875.491,1911.723,2299.732,1891.24
CA11,2.358,1.931,3.283,1.777,4.312,2.704
ISOC2,41.823,43.224,40.222,45.349,57.935,46.751
U2AF2,127.22,117.844,120.238,131.388,116.531,133.279
EPN1,102.497,100.506,96.549,106.632,105.064,113.155
MED29,20.558,22.17,20.981,19.365,21.68,21.185
AHRR,22.569,29.012,25.993,24.444,24.021,29.173
GSC2,0.032,0,0,0,0,0
ZNF275,6.693,6.957,7.198,7.031,5.471,7.087
MTMR1,9.95,8.753,7.387,13.421,8.88,10.387
GPC1,79.612,81.048,77.264,77.17,89.582,90.35
ADCK1,4.135,4.107,4.738,3.45,4.066,3.858
HAGH,48.651,45.797,44.243,48.546,44.077,45.431
RNF4,47.996,45.315,39.94,51.073,43.349,44.253
CASP8,12.582,14.26,14.292,11.712,11.887,12.829
LIMCH1,2.725,6.087,5.731,3.974,5.385,6.176
INTS13,16.369,19.118,14.565,20.566,18.58,18.423
TM7SF3,35.937,46.663,45.22,37.899,30.383,35.004
DLX3,1.242,0.385,0.649,0.556,0.449,0.408
SPA17,3.591,2.887,3.334,3.169,4.037,3.766
TSPAN32,0.659,0.765,0.699,0.362,0.653,0.24
CCN5,49.599,98.338,116.46,118.896,159.369,153.676
DMRT3,0,0,0,0,0,0
ST3GAL6,0.252,0.138,0.221,0.552,0.08,0.392
ATP2C2,0.333,0.287,0.325,0.664,0.444,0.58
NGFR,0.24,0.767,0.255,0.83,0.799,0.74
CDON,7.04,14.68,17.711,13.973,12.829,18.476
TAF2,12.988,13.413,16.352,13.652,10.962,12.43
HIPK2,7.634,7,6.261,5.965,3.403,5.544
TNPO3,23.141,26.569,25.5,24.12,20.246,23.442
BORCS8-MEF2B,0.472,0.739,1.16,0,0.382,0.535
RFXANK,24.051,32.317,30.189,27.646,29.919,33.434
TMEM161A,18.617,19.292,19.665,18.393,20.564,20.138
LPAR2,4.218,5.416,4.154,5.297,2.192,4.438
CTSA,228.045,241.151,251.505,227.605,228.313,231.493
SUGP2,29.945,29.812,31.972,29.258,19.269,30.439
SLC12A2,9.367,9.02,8.857,8.936,6.381,8.609
SNX24,19.26,20.678,13.606,19.75,18.106,13.453
EYA2,2.775,3.077,3.273,4.184,6.578,4.375
CNN2,109.719,151.426,194.488,172.416,233.058,255.383
ABCA7,1.018,1.94,1.679,1.033,1.81,1.947
SNCAIP,0.433,0.228,0.649,0.534,0.647,0.485
DDX20,9.929,7.528,7.56,8.227,5.892,7.16
BTBD1,48.626,44.212,44.366,42.93,37.812,39.018
FAR2,10.014,10.021,7.226,10.548,6.007,10.14
BCAS1,2.39,1.21,2.62,2.187,0.763,1.326
POU1F1,0,0,0.064,0,0,0
CHI3L2,0.461,0.171,0.432,0.373,0.38,0.761
SBNO2,40.172,43.353,44.398,42.488,31.507,44.045
PMS1,14.62,14.464,11.581,13.627,9.661,14.695
HMG20B,127.345,133.952,141.482,118.545,111.873,124.271
CALCRL,0.359,0.347,0.693,0.348,0.417,0.383
TAF11,14.594,13.222,16.495,16.179,16.45,16.657
ANKS1A,5.578,6.147,6.742,5.778,5.133,5.642
AP3D1,77.373,73.981,69.438,69.858,58.748,71.99
ZNF76,15.018,15.948,18.342,15.931,11.741,17.003
SLC9A3R2,69.721,78.223,72.38,78.548,99.325,90.332
NTHL1,14.578,13.183,13.824,13.72,19.174,16.865
UHRF1BP1,4.702,5.336,5.944,5.28,4.1,5.629
GNAI3,21.821,20.37,19.693,22.48,21.021,19.803
IPO5,159.777,160.823,162.633,210.663,200.847,212.239
OAT,119.913,111.198,97.614,110.411,107.538,103.973
WDR3,13.538,13.318,11.151,12.072,11.158,11.889
PKN2,15.33,23.186,18.723,19.191,14.226,19.905
WDR18,31.54,31.084,32.153,30.739,41.076,36.885
TRAM2,76.367,91.767,98.271,98.574,85.256,104.588
NTN1,6.409,8.04,8.926,6.705,7.399,8.295
GLP2R,0,0,0.02,0,0,0
MCM10,6.207,4.618,7.164,9.381,3.515,6.088
DGKA,30.67,41.533,34.814,35.23,34.855,38.849
ERBB3,0.851,2.248,0.933,0.71,0.576,0.708
ROPN1,0,0.045,0.058,0,0,0
ANKRD44,2.743,2.461,5.484,2.68,4.342,2.068
KARS1,83.56,70.064,73.907,79.005,89.136,76.843
ADAT1,7.687,7.824,9.126,8.366,4,6.797
PDIA5,46.561,46.866,45.029,50.462,54.514,53.229
TBC1D22B,4.62,5.528,6.463,4.959,5.814,5.54
NDUFB4,143.652,137.72,140.761,158.334,165.223,135.496
SPEN,16.72,16.877,16.597,13.978,9.932,14.481
MYLK,60.51,61.18,68.22,72.27,65.922,77.56
ZC3H15,48.443,43.74,47.476,41.066,45.08,40.427
MAP2K4,13.242,13.989,13.38,13,12.726,13.148
PACC1,5.676,3.387,3.555,3.712,3.806,3.69
SNAP91,0,0,0.021,0,0,0
SLK,36.776,34.715,31.442,35.368,21.654,28.37
CYB5R4,4.589,6.985,5.129,4.436,4.53,3.643
COL17A1,5.305,5.381,1.684,0.258,2.055,0.429
GSTO2,2.648,2.069,2.626,2.162,2.35,2.43
SEC61A2,7.471,10.288,8.478,5.45,3.03,5.786
PRKCQ,0.054,0.054,0.171,0.049,0.024,0.049
TLE2,13.603,11.964,13.135,14.909,18.003,18.394
ASB1,18.557,17.088,15.091,16.742,16.652,16.99
FAM107B,54.285,27.141,19.642,27.526,17.883,21.216
ME1,6.28,6.889,7.936,6.388,8.189,7.924
TBC1D1,30.158,27.405,26.205,31.453,25.591,28.804
CDK13,21.636,19.981,21.615,18.26,16.136,18.5
MTHFD2,124.976,139.1,139.738,148.903,175.104,166.037
SLC9A7,14.933,10.874,8.656,13.96,6.429,12.32
FOXJ2,16.724,19.121,19.798,17.808,15.141,18.889
YBX1,1234.801,1165.833,1105.411,1177.539,1081.695,1074.323
PDE4A,17.357,18.362,18.199,17.978,15.615,19.896
PPP2R5A,24.474,24.74,26.314,23.116,21.112,22.323
CTNNA2,0.093,0,0.039,0.024,0.067,0.052
ELAVL1,59.578,53.313,51.512,57.199,55.672,55.434
TIE1,0.062,0,0.265,0.057,0,0.151
DIP2B,5.789,6.395,6.335,4.209,4.273,4.803
SMARCD1,41.521,37.45,36,39.709,27.775,42.279
KDM4A,24.924,26.878,28.599,21.357,23.773,25.032
NFYC,29.651,32.771,20.984,26.461,35.549,23.402
ZMYND12,0,0,0,0,0.105,0
SLC9A3,13.566,16.611,16.909,9.075,7.007,14.52
NGEF,6.474,10.114,8.88,9.78,7.511,11.132
ASPM,8.226,10.298,11.243,11.956,7.195,11.249
CD84,0.092,0.041,0.1,0.049,0.082,0.009
ELOVL1,125.574,110.565,98.605,118.6,103.877,102.209
SPI1,0.081,0.351,0,0,0.073,0.313
POLR1H,21.454,20.315,22.519,23.342,31.408,22.53
MPPED2,0.223,0.256,0.105,0.091,1.217,0.243
CLDN18,0.564,0.491,0.603,0.493,0.176,0.555
ZBTB11,8.134,9.927,8.455,9.657,6.687,9.055
ATXN3,13.578,13.476,15.82,13.545,13.202,18.125
GOLGA5,35.244,34.705,33.425,38.041,36.564,33.568
FGFR2,0.268,0.419,0.405,0.124,0.334,0.149
LRRC40,10.058,9.621,10.114,12.699,10.574,10.662
ISOC1,5.815,5.382,5.289,6.489,5.437,4.956
EML1,21.66,26.464,20.684,17.432,22.375,20.557
TRMT11,10.755,8.733,8.748,12.547,9.485,12.05
THUMPD1,11.917,12.574,14.982,13.297,12.099,13.896
MSANTD3,67.837,56.259,52.606,67.712,57.483,50.364
KIF26A,2.168,2.269,2.107,2.661,1.981,2.127
ATG2B,7.892,8.342,8.593,7.38,4.497,7.328
ARFGEF1,15.193,14.836,20.676,15.936,12.6,19.277
ACSM2B,0.441,0.878,0,0.413,0,0.401
ZFAT,3.677,4.044,4.077,3.55,3.846,3.359
MTFR1,13.949,12.149,12.047,12.352,12.122,11.069
STAG3,21.455,21.568,31.617,20.552,13.429,16.886
FECH,22.556,25.747,25.144,23.425,23.294,25.914
MYO9A,15.131,16.895,18.075,13.822,10.349,13.508
DDX3Y,0.307,0.676,0.142,0,0.033,0
PFKP,152.406,132.954,116.635,168.821,122.197,151.061
IDI1,20.173,21.247,19.693,16.381,16.013,15.636
SP100,71.718,80.803,76.757,74.721,65.744,67.512
KLF6,142.935,143.037,136.743,142.883,102.601,138
PLPP1,31.782,46.197,60.744,39.981,93.89,58
NEO1,7.001,6.788,7.336,4.417,3.84,5.006
TRAM1,126.178,121.263,120.769,129.481,138.248,126.98
PHKA1,0.957,0.873,0.593,0.936,0.517,0.766
TNFRSF1A,156.404,173.995,180.387,157.894,181.611,170.24
CACNB1,6.166,6.874,6.016,6.901,5.452,6.878
EVI5,13.334,6.669,12.563,7.2,8.259,7.164
STOML1,11.21,11.854,16.048,14.311,18.571,19.964
PKM,1939.739,1756.092,1678.7,1851.027,1660.453,1731.239
DHX29,35.236,28.358,27.39,28.953,21.291,26.084
DNTTIP2,13.811,15.541,16.897,13.709,15.232,14.014
METTL22,14.995,13.846,19.743,12.218,15.145,13.751
TP53BP1,23.615,27.785,27.373,21.256,21.107,26.57
TRO,4.944,6.824,7.091,5.267,6.269,7.064
RRP15,3.65,2.994,3.42,3.662,3.141,3.546
RHOA,521.947,507.213,505.778,565.716,578.915,545.298
DHX8,29.25,25.885,28.716,23.248,22.44,25.872
PRKCZ,2.396,3.05,2.631,1.488,1.977,2.082
ZFY,0,0.031,0,0,0,0
IARS2,75.654,74.07,69.692,72.488,64.638,67.538
SYT1,0.061,0.122,0.448,0.28,0.127,0.323
NAV3,17.827,11.701,11.674,18.384,6.002,12.498
IDH3G,50.158,45.498,51.557,46.83,48.019,48.487
ROGDI,12.953,14.087,16.76,13.23,16.094,15.866
PDZD4,1.725,1.594,1.721,1.649,1.771,2.176
ATP2B3,0.047,0.024,0.12,0.032,0.054,0.021
ROCK1,24.903,24.674,24.769,22.8,17.901,22.017
CBFB,44.204,33.058,32.644,30.368,26.066,36.478
PDK3,2.78,2.581,2.55,3.401,2.897,3.95
HYAL2,20.569,18.22,14.342,16.428,19.227,17.015
HDAC4,5.466,6.317,7.787,5.024,5.026,7.091
RASSF1,29.099,27.175,27.874,38.979,36.975,42.032
FGFR3,2.111,2.166,1.113,1.514,0.911,1.337
IFI35,18.114,23.842,22.148,20.518,29.876,24.599
HEATR6,6.733,9.941,9.162,6.742,7.306,9.369
COASY,35.206,32.506,33.686,30.488,31.754,32.026
PLEKHH3,13.118,17.141,15.096,15.513,16.354,19.038
MEF2A,25.694,24.13,22.392,22.679,21.159,25.185
OTUD5,48.876,50.149,44.622,43.399,44.642,44.379
TFE3,63.955,62.177,60.4,70.257,69.402,70.193
TBC1D25,8.653,8.988,10.382,8.451,8.146,10.145
ACSL4,54.082,42.271,39.403,34.978,24.62,30.059
INPP5A,20.667,23.125,18.526,18.769,19.996,21.938
GPKOW,14.137,16.687,16.337,14.88,17.188,17.801
GRIPAP1,17.581,20.708,23.045,16.138,16.678,22.162
FTSJ1,35.377,30.377,30.259,37.743,25.732,33.436
PRR11,13.223,17.112,19.132,17.639,13.306,14.782
REEP1,0.032,0.31,0.233,0.428,0.187,0.071
ATP11A,14,15.563,14.165,12.337,8.479,14.89
POLR1A,12.678,10.776,10.344,9.986,7.186,10.31
LAPTM4A,425.486,429.654,410.814,453.405,479.268,459.495
TTC7A,23.138,27.708,32.429,26.682,22.996,34.821
IP6K2,54.507,66.529,72.379,65.477,60.897,64.242
STON1-GTF2A1L,0.395,0.915,1.45,0.421,0,0.587
SRBD1,6.124,6.207,6.518,6.463,6.009,6.443
KIF2A,21.33,23.431,20.184,24.824,17.579,21.188
RASGRP2,0.685,0.332,0.723,0.366,0.943,0.98
PSME4,21.273,18.447,19.063,20.682,14.024,18.479
IFT80,28.241,32.59,29.346,34.086,25.248,36.461
SIRT2,43.93,52.96,51.932,47.111,50.654,43.679
ERLEC1,48.381,45.996,47.165,43.742,46.071,41.972
PPP2R5B,21.441,19.334,18.914,21.598,16.13,21.993
PYGM,0.032,0.288,0.102,0,0.144,0.145
PAGE1,0,0,0,0,0,0
PITX1,1.549,1.473,1.043,1.292,0.762,1.087
TRPC7,0,0,0,0,0,0
MAST4,6.9,2.698,4.145,6.728,5.216,4.768
ADGRF5,0,0,0,0,0,0
SDK2,0.242,0.288,0.33,0.252,0.187,0.379
ADAM7,0,0,0,0,0,0
NUP133,12.162,13.61,13.19,13.776,13.809,15.015
NUCKS1,69.585,73.067,77.587,89.503,78.216,85.671
VPS35,37.53,34.325,34.719,37.946,38.154,33.373
DNAJA2,41.58,41.842,39.64,40.23,37.694,37.088
BCL3,13.691,24.606,24.728,26.244,24.18,33.756
KCNAB2,8.303,7.698,8.155,7.629,6.25,10.701
ABCC9,0.925,1.272,1.695,1.101,1.088,1.517
GAL,2.16,0.585,0.918,2.541,0.521,1.047
CLEC2D,9.371,6.894,9.671,9.423,2.671,5.281
FUNDC1,12.267,13.198,12.358,14.332,14.868,13.134
MAOB,0.033,0.065,0,0.119,0.029,0.089
RORA,8.205,9.789,8.739,8.683,6.574,10.155
DRD4,0.518,0.391,0.551,0.238,0.35,0.647
TGFBR3,26.086,52.194,60.402,39.121,51.405,59.219
PLA2G10,0.729,1.488,1.161,0.681,0.991,0.829
HES2,0.769,0.636,0.638,0.652,0.293,0.041
ATP1B3,100.812,90.078,79.283,81.93,65.074,71.365
NEDD4,17.494,17.365,16.412,17.669,11.954,15.666
PIGB,5.646,6.57,7.583,8.568,9.347,7.997
MAPK6,24.044,23.726,22.993,21.499,19.368,19.755
GNB5,31.1,29.833,29.083,25.238,23.337,28.441
RAB27A,15.773,15.235,15.891,10.868,11.358,12.625
HDHD5,29.64,28.237,23.247,32.132,31.391,30.694
UFD1,73.272,65.927,67.707,62.78,70.13,59.582
LRP6,11.566,10.58,9.154,7.852,7.283,10.128
GUCY2C,0,0.063,0,0.019,0,0.038
SCT,0.488,0.25,0.259,0.229,0,0.222
PHRF1,26.584,23.572,21.792,22.575,17.248,25.129
ELP1,25.37,24.755,24.528,25.248,21.193,25.327
NUCB2,103.674,100.898,98.974,107.176,115.341,113.772
PFN2,126.132,114.703,114.827,105.92,108.5,103.958
PTPN3,1.716,1.942,1.646,2.083,1.259,1.839
SPTB,0,0.023,0,0.022,0,0
DAPP1,0.057,0.141,0.03,0.051,0.101,0.102
FGF10,0.065,0.424,0.333,0.531,0.673,0.477
SLC44A1,68.434,69.44,67.272,61.141,58.256,66.81
TMEM260,7.753,8.572,9.07,7.28,7.311,7.444
SMG6,25.789,29.291,31.861,26.814,28.874,30.523
EXOC5,31.877,31.525,31.031,29.356,29.602,29.547
CLTCL1,3.126,5.081,4.705,3.793,3.178,3.628
FGF22,0.572,0.985,0.684,0.722,0.322,0.894
FSTL3,32.058,44.906,45.713,45.63,33.694,53.073
DGCR2,35.212,37.553,36.082,33.024,34.264,35.723
RNF126,39.595,31.069,29.109,35.466,30.708,40.41
MNT,14.204,16.996,17.877,10.946,9.863,14.55
ZXDC,11.868,13.834,12.757,10.125,9.741,9.929
JMJD6,22.188,21.143,20.389,25.934,20.445,24.872
POLB,6.523,9.117,10.153,8.313,11.288,7.364
ST6GALNAC1,0,0,0,0,0,0
WIPI1,86.74,71.82,67.51,54.624,54.112,49.58
FRMPD1,0.342,0.994,1.921,0.786,0.014,0.534
GBA2,21.037,24.479,21.666,20.052,16.008,22.995
NDST1,107.458,113.742,107.638,119.58,129.094,137.092
ASNS,109.917,118.232,135.331,101.607,126.993,121.608
AP3M2,10.204,11.042,11.651,11.65,12.917,12.251
CNGB1,0.105,0.073,0.153,0.053,0.07,0.033
ST6GALNAC2,0.545,0.377,0.598,0.345,0.784,0.347
CHAT,0.064,0.064,0,0.059,0,0
PABPC1,988.449,1036.406,1143.823,1085.225,1185.831,1150.678
TESK2,2.984,3.754,3.54,1.808,3.114,2.363
CFAP20,31.965,27.294,27.712,34.363,26.158,29.282
CSNK2A2,40.112,40.886,53.014,36.982,47.303,40.775
PTPN21,20.831,19.589,19.568,18.433,15.956,18.137
EIF2B3,19.542,21.718,22.62,26.052,23.28,19.663
CAMK2A,0.183,0.135,0.092,0.134,0.165,0.349
TCOF1,18.744,17.773,16.559,20.401,14.457,19.893
CDC42,179.094,172.45,166.372,193.37,176.031,179.33
OSBPL3,17.959,21.316,22.533,24.392,21.769,27.275
EPHA8,0,0,0,0,0,0
SLC12A3,0,0.019,0,0.017,0.017,0
RAD18,5.703,7.647,7.521,7.608,4.644,7.768
ATP2B1,67.796,50.459,46.033,51.86,33.668,50.794
TRPM5,0.021,0,0,0.038,0,0
NCK2,38.703,36.251,35.936,30.959,33.983,29.485
MAP4K4,398.117,271.22,239.786,305.082,180.242,235.655
MGAT4A,0.075,0.028,0.06,0.078,0.068,0.018
RPL31,3018.478,3045.956,2979.542,3071.443,3778.252,2837.609
WDR1,244.055,211.096,212.817,235.201,219.537,227.886
SNX13,12.925,13.514,13.8,11.784,10.816,12.349
MS4A12,0,0,0,0,0,0
ARHGAP10,20.746,19.803,19.779,19.675,19.912,19.03
RPS6KA2,58.489,68.75,82.545,69.26,93.388,95.334
ING3,10.98,12.612,10.303,10.07,12.098,10.557
VASH1,7.798,8.308,10.267,6.732,5.314,7.686
LMCD1,43.575,64.261,75.281,55.226,101.792,86.17
BUD23,50.815,44.508,52.446,49.41,54.978,52.242
SEL1L,47.636,47.253,53.781,46.254,39.222,42.437
TRIP13,12.726,13.462,12.584,18.642,14.88,16.602
ATP6AP1,66.03,63.178,62.015,54.711,63.214,62.297
TCF3,79.428,68.086,66.348,77.644,67.024,76.431
TRIB2,27.258,18.303,18.068,23.666,18.129,21.323
DAZAP1,83.37,78.06,70.907,81.13,72.878,72.497
MBD3,64.088,56.581,54.808,58.416,55.74,61.953
PRLH,0,0,0,0,0,0
HLTF,18.023,24.553,21.044,19.987,15.788,21.299
FAM50A,114.041,113.131,111.432,107.6,103.829,108.385
FAM3A,39.876,40.437,40.827,35.096,44.871,46.211
CPSF1,44.113,45.528,50.28,41.25,34.855,46.485
MYO3B,0.013,0.077,0.027,0.07,0.092,0.139
CYBRD1,160.632,174.638,178.207,166.502,165.746,171.909
CDH19,0.025,0,0.096,0,0.023,0.057
PDCD2,47.483,51.284,45.166,49.473,51.232,46.998
SLC6A15,0.702,0.923,0.635,0.296,0.22,0.72
RDH11,36.758,33.079,33.775,33.272,30.278,35.731
PRKACA,66.235,62.119,67.128,65.394,61.682,70.095
ADGRL1,5.388,6.846,5.19,6.429,5.594,8.545
SPP2,0,0,0,0,0,0
ACTN1,184.248,148.921,163.303,193.344,202.913,187.664
ZFYVE26,5.241,6.452,6.902,5.824,4.99,6.058
RPS6KA6,1.733,1.608,1.884,1.334,1.252,1.476
EPN2,38.177,35.703,36.145,31.511,27.031,37.018
PTPN18,19.556,19.535,18.862,18.5,13.649,17.061
LIMS2,8.626,11.351,13.844,16.807,21.734,22.175
ASIC4,0,0.199,0.211,0.121,0.267,0.12
SPEG,41.659,49.822,41.986,54.351,39.198,66.458
LNX1,14.314,15.38,14.246,16.023,12.927,15.689
ALDH3A2,42.277,43.19,51.079,34.101,57.373,43.063
TFRC,82.598,67.196,60.737,68.414,46.122,56.779
SREBF1,10.429,16.001,18.161,11.924,10.124,15.186
TRPC5,0.032,0.006,0.068,0.041,0.081,0.059
AFF4,34.399,35.645,38.644,33.282,22.184,29.643
UBE2D1,15.149,14.836,14.086,17.465,15.21,16.173
MPP5,9.719,12.934,11.537,10.57,9.163,11.251
RHOBTB1,2.656,3.536,4.837,4.151,6.206,5.2
SMC1A,29.516,29.831,27.79,31.595,21.426,32.343
HSD17B10,40.887,35.782,37.476,37.393,46.208,40.159
MARK2,17.84,18.51,18.271,15.768,14.631,17.526
HMMR,11.8,13.387,12.955,16.001,12.728,13.71
CHFR,18.064,19.127,19.131,21.396,25.939,22.634
TRHDE,0.078,0.214,0.055,0.141,0.187,0.18
P4HA2,122.951,134.5,130.549,165.979,160.315,159.667
FCGR2B,0.081,0.038,0.022,0,0,0.073
NFATC3,7.621,7.773,7.342,9.851,6.864,8.169
TRNT1,13.465,10.386,10.26,11.296,9.655,10.242
ACADVL,519.089,495.802,493.675,402.506,299.825,389.191
STK10,13.351,13.905,13.311,13.562,10.778,13.5
FBXW11,36.217,33.448,37.337,32.273,31.975,33.228
ACAP1,1.036,0.835,1.349,1.37,1.292,0.909
CRMP1,19.694,20.999,24.435,20.197,13.12,22.488
EVC,57.095,63.867,60.674,60.855,47.367,65.173
DERL2,46.267,43.223,51.425,45.63,41.388,38.643
SIDT1,0.033,0.067,0.018,0,0,0.061
NDE1,27.617,35.226,36.569,34.544,30.709,35.998
IRAG1,0.217,0.485,0.274,0.442,0.819,1.187
TMEM38A,1.108,0.736,1.518,1.729,1.162,0.672
AP1M1,67.63,64.63,63.722,70.904,62.801,69.535
PVR,35.289,28.65,29.146,35.43,27.183,29.861
XRCC1,21.806,24.597,27.999,25.291,24.193,24.91
SCARB1,3.812,5.735,4.996,4.749,5.69,5.75
CYP2W1,0.114,0.293,0.121,0.033,0.131,0.133
MCM2,21.516,19.903,19.868,30.122,18.5,27.95
MOV10L1,0.065,0.19,0.702,0.228,0.441,0.537
PANX2,2.079,2.538,2.241,1.402,1.021,1.544
SELENOO,22.633,21.518,20.702,17.653,14.468,20.154
TP63,0.601,1.109,0.518,0.706,1.136,0.645
ALPK1,3.929,5.686,5.956,4.189,4.634,5.484
LLGL2,0.542,1.119,0.549,0.306,0.486,0.318
PDE8A,21.728,21.805,21.484,21.837,18.739,20.773
CLCN4,0.406,1.135,0.324,0.69,0.171,0.754
NLE1,14.033,11.719,13.244,15.947,17.864,14.972
SDHA,100.248,109.732,123.995,112.629,108.643,120.421
SMARCE1,89.736,96.835,95.379,92.34,93.995,88.347
FNDC8,0.336,0,0.25,0.287,0.191,0
GSDMB,5.224,7.313,8.928,5.357,3.537,6.657
KDM5A,14.564,17.021,16.036,11.636,10.354,13.563
ADAM11,0.298,0.398,0.352,0.332,0.238,0.15
PPP2R3A,21.594,23.834,21.176,21.297,15.514,18.001
FERMT2,67.72,70.593,69.167,86.685,86.193,78.562
ABCB11,0,0,0.012,0.011,0.01,0.011
DHRS9,0,0,0.122,0,0,0
CD5L,0,0,0,0,0,0
PTGS2,4.993,5.008,4.65,7.266,3.593,5.291
IGF2BP2,50.63,44.504,45.254,56.594,48.845,54.119
MAP3K13,14.049,13.966,14.379,14.226,15.436,16.179
ST6GAL1,0.667,0.168,0.681,2.308,0.42,0.631
TBX21,0,0,0,0,0,0
FRY,1.548,1.69,1.949,2.142,1.855,2.725
PICALM,116.957,110.789,104.447,106.216,94.716,103.396
NSF,25.638,24.689,27.38,24.166,22.457,21.16
GLI2,2.837,3.908,3.236,3.453,3.077,4.147
CLASP1,12.672,13.457,13.093,11.419,7.54,12.226
MRPS34,71.372,69.09,65.111,75.752,78.421,74.419
NOTCH3,22.288,19.182,19.351,17.476,11.516,20.116
CLNS1A,94.188,106.945,99.383,112.512,118.399,107.553
PPP2R2C,0.053,0.265,0.261,0.29,0.309,0.054
TEAD2,20.949,16.856,17.106,20.205,21.691,23.509
EED,14.949,14.686,15.916,16.119,14.658,14.767
CDHR2,0.378,0.286,0.153,0.097,0.036,0.081
SNCB,0.328,0.13,0.069,0.636,0.205,0.118
TSG101,48.533,50.094,47.776,46.939,59.691,47.181
NCBP3,7.345,12.383,9.765,7.986,5.222,9.975
ATP2A3,1.71,2.216,1.378,1.535,1.23,1.411
CA12,28.881,32.831,28.826,35.069,20.837,28.09
MGLL,95.267,75.288,66.284,102.441,82.481,95.03
NTN4,31.942,28.609,32.011,20.621,24.886,22.965
BCS1L,22.167,30.252,25.492,26.275,22.264,27.269
NUAK1,5.237,4.644,6.641,3.751,3.723,4.159
DPP8,14.251,16.567,17.208,13.177,12.393,16.053
SLC24A1,3.831,5,4.543,4.749,5.072,4.809
ZNF532,22.714,35.372,36.832,38.948,34.727,39.188
SCARF1,0.431,0.548,0.747,0.571,0.519,0.745
LMAN1,92.001,89.048,89.839,95.37,76.254,89.674
HACD3,47.711,45.033,44.782,47.944,39.535,45.136
IPCEF1,0.037,0.203,0.295,0.307,0.606,0.202
ZZEF1,10.362,10.519,10.893,9.641,7.353,10.186
NOX3,0,0,0,0.079,0,0
ENO1,1680.252,1453.848,1339.671,1813.263,1496.244,1614.134
SLC12A1,0.017,0.034,0.125,0.091,0.031,0.177
MYDGF,216.838,192.857,183.474,237.242,260.021,215.323
ANO8,8.895,9.792,9.045,8.781,4.784,10.998
TUBE1,9.8,14.622,15.741,14.825,17.097,17.269
ARHGEF10L,14.993,14.84,14.221,13.579,13.51,15.773
TXK,0,0.114,0,0.151,0,0
WSCD2,0.046,0.034,0.033,0.057,0.042,0.046
KCNQ2,0,0,0,0,0,0
TACR2,1.013,0.956,1.193,0.88,0.815,1.457
ACTR6,18.37,16.78,18.59,14.556,15.401,15.586
TIPIN,6.726,9.832,10.176,11.438,7.637,8.171
SRI,118.851,118.955,112.781,112.463,130.691,114.989
EIF4G3,49.887,45.557,44.604,40.08,31.989,38.382
NUP37,23.416,24.519,23.902,28.47,28.505,22.246
SEMA3A,7.037,6.417,8.23,9.579,8.185,9.321
GTSE1,10.684,12.12,13.505,14.9,11.633,14.193
SEMA3C,79.712,111.151,126.139,90.312,115.797,110.95
TTC38,17.406,18.155,18.421,27.331,15.901,17.902
ACAT1,43.045,40.811,42.666,50.143,48.867,46.464
GRAMD4,16.395,17.654,13.727,14.247,15.268,18.337
CELSR1,0.628,1.049,1.548,0.436,0.364,0.693
WNT8B,0.079,0.08,0.085,0,0,0.036
ZNF638,38.234,35.353,38.95,34.057,29.247,33.838
SLC25A40,5.858,6.97,6.791,6.869,5.274,7.127
TIMM21,15.983,17.827,15.326,20.654,15.988,15.932
ADD2,0.304,0.508,0.647,0.993,0.55,0.515
FGF4,0,0,0,0,0,0
RASAL2,8.453,9.718,10.24,8.879,4.496,8.952
VPS9D1,28.078,28.543,30.2,25.29,21.158,26.066
ZNF37A,14.331,16.311,15.912,13.679,9.84,14.867
MARK3,61.853,59.181,61.492,60.75,52.247,56.831
SLC25A3,719.524,741.568,718.72,745.967,828.523,788.666
FNDC3B,59.754,60.832,67.117,49.688,50.421,64.774
FOSL2,38.339,47.662,58.079,37.601,41.067,41.149
CACNG5,0.076,0.09,0.158,0.099,0.033,0.087
CACNG4,0,0.023,0,0,0.061,0
FRYL,15.045,13.341,10.833,12.118,6.386,9.625
TMEM131,31.331,30.777,28.248,27.384,18.388,28.339
FSCN1,192.18,171.747,160.799,191.688,175.647,197.777
ACTB,1426.841,1344.09,1377.421,1804.873,1921.682,2033.583
MOCOS,6.304,7.13,6.356,6.575,7.035,8.168
PLD1,1.687,2.564,3.96,1.893,2.579,2.552
ATP12A,0.183,0.283,0.253,0,0.157,0.02
WDR62,6.084,8.789,7.966,7.143,4.486,7.868
DLG1,34.184,32.811,28.829,29.238,28.169,33.31
RAB7A,202.576,181.323,169.582,184.608,162.193,169.049
BCAP29,78.064,71.762,62.028,65.212,61.628,60.473
SEC31B,6.482,7.354,7.12,6.494,3.321,7.013
SART3,23.276,25.006,24.357,21.848,21.557,26.685
ARHGAP15,0.257,0.177,0.311,0.355,0.163,0.341
TUBA3D,0.658,0.583,1.139,0.494,0.477,1.138
PAX2,0,0,0,0,0,0
EXOSC7,32.506,31.373,32.775,35.418,45.675,36.012
KIFAP3,20.652,19.496,20.841,19.915,16.833,19.291
MKRN2,25.841,27.673,31.577,27.303,27.943,29.497
MCM6,27.105,24.894,24.054,36.767,23.529,30.548
REXO2,173.84,154.287,167.346,187.587,199.781,175.022
RBM7,24.133,27.793,33.588,34.016,31.361,26.032
RBMS2,17.494,16.382,14.153,26.668,13.127,17.931
BAZ2A,23.101,27.372,27.56,26.047,18.232,27.599
PTPN23,28.297,31.66,30.336,22.04,18.732,25.284
MLH1,17.077,19.357,17.809,21.903,22.523,24.06
UNG,27.713,26.058,24.672,35.507,28.224,27.988
FMO4,0.477,0.331,0.703,0.77,1.09,0.899
KLHL20,13.553,12.372,12.895,12.471,13.165,10.756
RGS11,6.381,8.991,8.36,8.54,4.837,11.292
SLC46A1,3.833,3.909,4.593,4.515,3.901,4.524
PLXNA2,4.345,4.691,4.95,5.243,3.87,5.591
SPAG5,13.649,14.43,13.641,15.537,12.783,14.681
ANKRD13A,52.49,55.306,51.781,63.53,63.106,67.528
TPD52,0.065,0.558,0.34,0,0.441,0.05
ACACB,0.849,3.108,3.064,1.895,1.966,1.915
TRAF4,24.969,24.649,25.076,26.56,24.005,25.905
PAG1,3.155,2.855,2.433,2.503,1.112,2.222
GPATCH1,3.81,4.992,5.15,5.111,4.517,5.466
ICAM3,20.209,18.164,18.323,17.818,12.81,18.371
NT5C2,32.624,33.314,32.332,25.045,35.527,28.562
MCAM,0.148,0.616,0.404,0.521,0.311,0.291
GPC4,2.841,2.82,3.144,4.08,3.223,3.662
MBNL3,1.43,0.868,0.674,0.858,0.451,0.622
CAMSAP3,0.117,0.273,0.104,0.036,0.104,0.089
RAP1GAP,0.168,0.222,0.143,0.186,0.18,0.336
XAB2,25.395,27.798,28.329,22.777,28.188,28.507
ARHGEF1,51.136,47.753,52.285,46.274,38.377,48.6
STXBP2,5.197,4.533,5.855,4.814,3.834,3.958
MAP2K7,24.473,29.86,26.921,25.258,22.617,27.343
NMRK2,0,0,0,0,0,0
DGKD,6.577,8.912,7.087,5.83,4.368,5.998
CTTNBP2,0,0,0,0,0,0
ACTL6B,0,0,0,0.604,0,0
RARB,0.032,0.032,0.154,0.324,0.058,0.088
TOP2B,45.303,45.577,44.105,43.289,35.075,42.582
TM9SF3,105.355,99.019,88.216,99.468,79.079,90.14
NFKB2,28.668,27.65,29.165,22.795,20.061,23.09
UBE2T,22.607,24.391,20.695,25.303,25.449,23.799
PPP1R12B,2.072,2.496,2.887,1.678,1.971,2.614
DNAJC10,27.611,26.52,25.318,26.634,25.452,24.994
GTF3C1,29.498,30.22,33.838,25.018,20.903,29.334
IL4R,43.109,25.471,24.259,29.225,20.906,24.268
USP33,29.435,35.659,36.896,32.784,31.29,32.758
PAK3,0.163,0.122,0.13,0,0.581,0.194
CAPN6,0.046,0,0,0,0,0.084
DCX,0.018,0.013,0.05,0.047,0,0.012
SNRPA,42.071,40.721,48.117,51.261,51.377,53.19
SPAG6,0,0,0,0,0,0
EXOSC5,22.871,23.687,20.044,25.591,40.222,29.244
DYNC1I2,94.577,96.104,86.406,91.211,91.269,92.01
APBB1IP,0.634,0.538,0.337,0.433,0.456,0.546
LRCH4,13.939,16.944,13.094,13.259,12.146,14.752
FAM76B,8.275,10.15,9.109,10.005,5.452,8.624
SIRT6,19.378,19.237,18.819,16.75,16.433,19.378
TYR,0,0,0,0,0,0
POLD3,14.365,14.773,13.313,15.545,14.123,14.499
ACTN2,0,0.134,0.221,0.039,0,0.039
CAPZB,427.73,380.574,359.87,431.832,389.185,377.224
GPR137B,26.928,20.02,19.065,19.465,14.747,18.104
NAALAD2,0.329,0.86,0.888,0.129,0.074,0.522
JADE1,20.674,20.409,24.014,23.664,21.966,27.688
SLC25A43,31.781,28.565,27.455,35.271,29.68,33.68
UBE2A,75.722,81.991,68.865,74.238,76.777,63.995
FGFR1,124.781,127.772,133.509,121.161,113.329,120.857
FKBP6,1.502,1.662,1.741,1.647,0.494,1.613
SMC1B,0.038,0.022,0.081,0.122,0.086,0.052
FBLN1,452.785,547.453,582.005,558.907,729.259,680.622
ITGA8,3.035,3.159,3.303,4.965,3.5,4.187
CST7,0,0,0,0,0,0
MAP2,0.524,0.757,0.816,0.261,0.479,0.362
PIAS2,9.782,11.282,8.221,8.775,8.783,7.721
AMPH,1.189,1.997,1.547,1.549,2.391,2.257
ARAF,34.426,34.73,38.585,32.639,33.007,40.03
MCCC1,11.102,11.824,13.34,12.62,12.664,11.695
LAMP3,0.086,0.077,0.027,0.047,0.116,0.024
FAP,137.719,148.038,158.826,162.914,157.514,156.863
NEBL,0.143,0.114,0.122,0.025,0.162,0
ACER3,10.013,6.934,8.332,9.171,5.16,7.774
UBE2K,63.002,55.488,55.81,58.849,50.513,51.19
PIK3C3,26.261,22.672,25.017,20.376,19.882,20.81
N4BP2,2.366,2.508,2.846,2.204,1.634,2.312
TIGAR,5.607,3.832,3.537,4.826,4.862,4.75
TULP3,37.025,43.178,41.975,43.533,35.245,39.553
SYNJ2,62.447,52.145,48.527,58.107,34.689,54.049
ADCY2,0.086,0.095,0.14,0.065,0.619,0.086
PPP2R5C,79.48,80.803,81.815,85.205,74.036,76.263
RBFOX1,1.373,2.206,0.911,1.089,1.231,2.417
GNB1,301.874,266.218,255.772,304.494,256.831,284.584
HOXA9,10.931,12.768,12.851,16.204,13.726,16.122
EDN1,0.842,0.928,1.299,1.654,2.314,2.408
MLLT10,17.395,17.696,15.705,18.511,15.445,17.444
ZCWPW1,4.186,2.405,4.244,3.847,4.497,2.763
ADCYAP1R1,0.025,0,0.119,0.044,0.041,0.056
FGF20,0,0,0,0,0,0
P2RY10,0.103,0.437,0.271,0.217,0.089,0.259
ITM2A,0,0,0,0,0,0
NRDC,76.01,72.569,79.944,74.464,75.999,77.176
VDAC3,83.188,79.231,82.181,85.505,80.388,84.522
PCM1,35.751,41.175,41.873,37.855,33.99,40.794
TNRC6C,4.615,5.867,5.245,4.787,3.459,6.457
CBFA2T2,6.904,7.693,8.518,6.809,5.28,6.48
BRINP1,0.752,0.755,1.087,0.519,1.303,1.27
ITCH,24.157,26.833,27.564,27.277,23.116,27.249
PKD2L2,0.306,0.377,0.851,0.621,0.107,0.371
TP53INP2,2.506,3.569,5.262,2.987,3.967,3.777
SDF4,222.343,216.995,211.181,229.338,253.473,250.137
MYH7B,0.571,0.352,1.078,0.332,0.683,1.05
BPIFB2,0,0,0,0,0,0
TP73,0.292,0.491,0.32,0.312,0.351,0.288
TOLLIP,35.574,32.612,29.763,28.245,26.19,27.821
UBE2D4,8.547,6.746,7.596,8.691,7.097,7.511
CLUL1,2.65,3.124,1.728,1.844,2.273,1.277
RUNX1T1,10.141,18.544,18.453,15.95,13.874,24.729
CDH17,0.067,0.763,1.015,0.56,0.403,0.622
THOC1,17.714,19.138,20.944,16.126,17.895,15.712
FKBP7,23.81,24.757,24.769,28.713,31.188,26.621
OSBPL6,10.495,8.867,7.136,9.324,4.484,8.016
SLC1A3,8.462,6.317,6.62,7.204,5.064,6.57
XRCC5,115.261,108.08,106.754,114.212,100.856,104.181
LXN,11.476,9.947,9.224,10.555,8.58,9.366
SP140,0.149,0.089,0.273,0.085,0,0.273
MKNK1,20.661,21.164,27.404,19.017,21.299,24.154
TNS1,40.335,48.057,49.257,46.386,31.719,53.72
REXO1,15.693,17.305,16.886,14.322,8.921,15.208
SAR1A,86.98,78.33,85.231,85.644,94.403,86.078
CDC14A,1.211,1.435,1.494,1.963,1.612,1.367
RAPGEF3,2.679,4.498,3.826,5.006,4.065,7.833
CEACAM1,0.432,0.43,5.72,0.166,0,0.11
SENP1,8.169,7.714,8.594,7.017,6.34,9.511
DUSP13,0,0,0,0,0,0
CIC,31.286,33.413,34.472,33.213,25.78,41.412
LIPE,2.75,2.656,2.475,3.193,3.25,5.048
FDFT1,50.802,52.074,53.77,43.294,56.158,48.956
PAFAH1B3,16.797,14.905,16.198,15.39,15.44,18.644
OPHN1,4.046,3.941,4.823,3.812,2.393,3.317
AFM,0,0,0,0,0,0
KIF22,18.983,25.307,25.122,25.862,24.844,29.638
SCGN,0,0,0,0,0,0
CARMIL1,1.86,2.77,2.691,2.695,2.366,3.164
PGM1,66.883,59.86,55.858,69.579,61.874,60.364
DDX1,79.06,75.164,77.246,72.243,78.229,70.887
DNM2,72.553,67.736,68.689,63.956,55.363,66.72
EPB41L2,61.699,70.416,88.307,69.27,83.358,83.583
RIMS1,0.167,0.212,0.291,0.189,0.305,0.229
MOXD1,86.367,97.872,96.561,135.24,140.215,129.761
STX7,41.784,38.486,44.832,43.064,31.22,34.866
RABL2B,28.006,22.912,34.272,28.3,17.192,27.929
KEAP1,50.566,49.108,47.399,57.017,52.727,57.115
DDX43,0.242,0.277,0.147,0.032,0,0.031
PTPRH,0.413,0.318,0.287,0.414,0.595,0.544
DCT,0,0.016,0.017,0.032,0.032,0.072
SLC35C2,26.183,26.316,26.497,23.229,26.256,28.332
CRYBG3,8,8.678,9.011,7.896,5.436,8.23
EPHA6,0,0,0,0,0,0
SCTR,0,0,0.151,0,0,0
RFX3,0.794,1.138,1.949,1.021,0.623,1.24
RIF1,11.873,11.456,12.108,12.29,7.539,12.221
RAB21,8.018,7.183,7.6,6.934,6.446,7.221
SLC4A4,1.303,1.029,1.154,1.085,0.51,0.968
SMARCA2,47.578,57.075,62.681,54.231,45.784,63.282
RDH8,0.545,0.061,0.503,0.735,0,0
SESN1,6.47,8.909,9.746,8.924,11.626,11.157
MID2,3.758,3.402,4.77,3.607,4.126,3.983
DNAAF6,0,0.082,0.062,0,0.095,0
COL5A3,108.965,86.303,76.334,80.79,49.993,73.242
SRCAP,40.099,43.224,41.232,31.198,24.821,37.159
PUM3,23.865,18.447,18.154,22.954,17.252,20.177
CPB2,0.204,0.24,0.135,0.412,0.3,0.31
CHRNA3,0,0.055,0.146,0,0,0
KCNN2,0.373,0.77,1.03,0.222,0.323,0.224
CNOT4,10.999,14.407,13.227,12.556,11.102,10.357
PSEN1,43.609,42.474,48.871,43.684,37.788,40.209
CPOX,30.447,28.793,27.527,26.884,23.587,24.619
CLDND1,53.022,52.599,50.654,52.278,43.871,47.214
MOK,9.223,11.911,13.072,8.973,11.639,8.546
HSP90AA1,474.599,402.197,386.438,421.014,367.591,367.231
RBL1,8.561,8.293,7.111,10.43,6.219,8.476
DLGAP4,93.657,94.585,101.433,89.191,68.79,96.852
IGSF9B,0.951,0.788,1.177,0.877,1.033,0.918
CFHR2,0,0.236,0,0,0,0
NDC80,13.708,17.998,21.948,16.75,15.237,18.376
AP4E1,6.926,6.567,6.854,6.265,5.602,7.025
RSBN1,5.907,6.381,5.688,6.463,5.95,6.662
MAGI3,4.221,5.481,5.421,4.787,3.067,4.747
CXCL2,8.933,4.85,5.442,4.194,1.782,3.394
AFP,0.069,0.173,0.144,0,0.25,0.22
COL4A4,0,0.023,0.017,0.014,0.007,0.152
TCF7,3.849,4.15,4.492,5.795,3.452,5.716
OSTM1,18.428,14.429,15.883,12.161,13.533,11.667
CDH7,0.131,0.244,0.052,0.129,0.025,0.038
IMPG2,0.104,0.113,0.041,0.068,0.093,0.162
PCNP,105.72,137.824,139.976,130.719,118.743,125.483
EXD2,11.836,12.788,12.096,12.462,12.832,11.931
ARG2,2.609,2.538,3.403,3.875,2.5,3.309
MEF2C,0.616,1.761,1.458,1.766,0.589,0.664
PTPRC,0.939,0.725,0.887,1.457,1.016,1.162
CACNA1S,0,0,0,0,0,0
PKP1,3.251,6.278,0.875,0.15,1.698,0.309
UBA5,29.581,27.158,31.241,29.214,21.589,28.792
STK17B,14.178,12.624,12.828,17.832,13.095,15.438
CDC14B,17.307,19.632,24.192,18.231,20.019,20.359
ZNF510,4.209,4.384,4.508,4.781,4.023,4.462
LRP2,0.06,0.158,0.164,0.027,0.036,0.094
ZNF506,7.654,10.103,10.939,9.071,5.664,8.775
JMJD4,8.915,10.08,8.954,9.36,9.815,10.633
DUSP12,22.918,24.351,24.443,21.53,22.707,20.493
AACS,11.739,12.816,11.608,11.814,13.578,13.419
DELE1,27.048,27.491,33.468,26.868,24.293,30.685
SLC13A1,0.064,0.021,0,0.02,0,0.039
CADPS2,3.392,2.575,3.232,1.681,1.909,1.813
PCDHB4,0.15,0.277,0.364,0.37,0.23,0.252
PCDHA6,0.126,0.276,0.142,0.208,0.217,0.212
PCDHGA2,3.473,4.324,4.811,2.769,3.213,4.152
HSPB11,40.778,43.954,43.442,43.239,39.156,45.624
PHLPP1,4.133,4.087,4.753,4.951,3.195,4.101
ATP8B1,29.302,27.424,27.802,34.838,32.159,34.743
IL12RB2,0.179,0.082,0.067,0.07,0.106,0.109
SMARCD3,21.741,22.556,23.174,22.806,25.251,23.498
WDR70,18.461,21.069,19.575,17.074,21.099,17.623
FYB1,0.051,0.154,0.053,0.062,0.075,0.189
MPP4,4.452,5.02,4.193,6.112,2.857,4.419
STRADB,22.445,25.016,20.734,21.561,24.645,23.24
BZW1,293.682,226.021,188.347,270.026,173.994,209.69
PGR,0.006,0.006,0,0,0,0.032
C1QTNF3,1.231,1.072,1.833,1.606,1.108,2.245
ME2,19.563,18.528,18.279,19.728,17.785,19.401
C5orf22,6.656,6.703,5.949,6.334,5.954,6.571
CCNT2,10.327,10.915,11.932,9.607,6.6,10.724
FAM135A,2.587,3.968,3.83,3.509,2.485,4.217
COL19A1,0,0,0,0.008,0.016,0
EPB41L3,44.613,39.277,44.592,36.655,27.713,37.804
COBLL1,1.958,2.208,1.345,2.141,2.252,2.442
DLG3,4.697,4.284,4.597,4.526,4.79,4.537
KCNK2,124.417,153.109,169.957,164.863,186.304,172.707
SERTAD4,0.902,1.725,1.807,1.961,2.71,2.373
TRAF5,4.423,4.482,4.503,6.043,4.284,5.958
MRPL22,31.768,32.349,33.917,28.529,34.252,31.393
GEMIN5,9.548,8.779,9.236,8.157,7.088,8.449
OPRK1,0.016,0.032,0.035,0.029,0,0
NFE2L1,133.918,154.594,157.8,153.172,147.781,160.774
SEMA5B,0,0,0,0,0,0
GSK3B,25.596,26.415,23.374,28.177,21.74,27.304
ITGB5,370.679,377.592,346.573,358.715,335.084,348.155
ERC1,22.694,23.66,20.825,22.988,16.019,20.784
XPO1,77.56,83.882,95.153,80.34,54.553,77.563
RNF13,39.018,36.884,37.471,37.99,38.408,33.363
TRPM3,0.047,0.224,0.167,0.102,0.017,0.211
PALB2,5.748,4.426,5.858,5.671,4.307,4.772
DOP1A,6.449,6.787,7.6,7.122,6.467,6.435
LYRM2,17.569,24.162,18.731,17.196,19.287,17.568
BCKDHB,10.424,13.62,15.389,11.142,21.326,17.531
KAT6A,18.445,19.335,17.846,18.475,13.27,15.911
TUT7,23.842,18.202,20.278,16.605,10.003,15.005
ULK2,13.627,13.5,13.924,13.64,13.058,11.295
GRHL2,0.08,0.159,0.016,0,0.082,0.014
TNPO1,42.012,47.144,41.898,44.239,38.294,49.813
PLOD1,312.477,323.283,307.313,384.116,368.172,383.765
P2RX5,0.839,0.338,0.706,0.303,0.666,0.617
ITGAE,4.782,4.67,5.044,3.594,5.685,4.688
DIS3,19.882,19.718,17.691,18.828,14.363,17.751
PIBF1,8.637,8.872,10.021,9.646,8.921,8.995
TDRD3,8.28,9.857,10.056,8.245,8.599,8.882
NUFIP1,4.505,4.197,4.719,4.485,3.736,4.322
PDS5B,15.872,14.723,11.013,15.343,13.542,13.68
OXCT1,15.019,16.554,15.705,15.089,12.181,14.94
RRAGB,9.045,13.028,14.253,13.387,12.106,14.241
EPYC,0,0.061,0,0.166,0,0
CYLD,19.752,20.096,21.268,17.551,16.205,18.359
SLC27A5,3.413,3.132,5.544,3.586,5.764,4.268
ZNF324,7.411,7.09,9.727,6.792,6.645,9.257
ZNF671,4.347,3.129,5.2,4.204,3.877,4.921
ZNF416,3.059,3.587,3.744,3.779,4.855,4.775
ZNF586,4.5,5.85,5.289,5.629,9.164,5.346
ZNF446,7.201,9.104,11.93,8.753,10.719,10.349
ZNF264,8.036,8.887,10.518,8.516,6.712,7.15
RPS5,1712.674,1767.13,1725.134,1641.971,2062.883,1694.92
FAT1,69.905,73.218,79.923,69.062,49.751,78.204
YTHDC1,36.768,42.14,47.282,32.55,36.296,41.157
CHMP2B,24.949,27.651,25.503,25.669,23.689,22.8
SMAP2,19.932,18.371,18.698,21.701,17.891,20.528
PPIE,38.129,36.41,41.815,36.395,48.56,41.556
ZMPSTE24,43.693,37.912,37.958,37.859,34.299,37.659
STARD7,42.566,38.925,40.723,44.371,38.453,40.791
NOA1,25.6,27.66,25.934,24.726,27.974,25.351
REST,10.999,11.616,12.463,9.639,7.836,9.643
HAL,0.021,0.063,0.304,0.038,0.038,0.26
SSH1,19.292,16.531,15.873,19.74,14.426,18.16
GSTP1,531.898,544.64,506.554,530.667,620.13,538.162
APLP2,1104.011,1062.639,1024.024,975.416,902.795,926.674
FAM234B,2.466,2.757,2.503,2.49,2.17,2.483
SLCO1A2,0.021,2.25,0.502,0,0,0.691
WBP11,21.38,22.45,22.12,22.094,20.709,22.545
EIF3I,242.293,228.388,248.896,243.336,277.154,247.005
NKAIN1,0.22,0.085,0.09,0,0.331,0.103
COL16A1,98.302,112.263,122.414,130.768,135.584,151.406
TXLNA,37.069,35.683,37.071,35.979,33.331,38.803
APOB,0,0.105,0.056,0,0.024,0.048
NCOA1,9.55,11.483,11.993,9.424,7.989,9.907
AGBL5,15.958,19.752,22.831,17.276,21.601,17.666
EFR3B,1.479,1.592,1.862,1.839,0.86,1.719
KIF3C,17.544,19.208,15.486,17.047,14.207,13.875
RAB10,99.7,92.253,87.465,96.613,83.936,88.62
GCKR,0.536,0.583,1.099,0.373,0.859,0.719
HADHA,140.653,140.738,140.649,123.982,129.741,122.591
MAPRE3,15.51,18.019,19.474,16.173,14.735,15.407
CAD,18.664,17.059,16.482,15.898,11.264,17.508
CD59,1767.711,1476.099,1355.545,1657.168,1321.69,1386.152
CD82,9.641,8.234,11.854,12.109,14.21,14.037
BCORL1,7.229,7.053,8.49,6.167,7.638,7.287
ATRX,33.756,36.542,34.591,31.604,22.822,32.1
AK6,51.416,47.327,41.426,43.346,53.065,44.692
FCN1,0.429,0.376,0.401,0.356,0.267,0.347
MYNN,7.473,8.636,9.153,10.291,9.492,10.278
MECOM,0.721,0.882,0.768,1.059,0.353,0.33
SCAMP1,38.171,36.317,36.899,31.676,25.78,34.311
PREP,24.265,21.061,20.457,21.328,19.525,18.447
HACE1,8.322,7.229,7.432,7.565,5.432,8.851
SEH1L,19.278,14.893,16.485,19.241,17.96,14.997
WDR47,13.445,11.909,12.734,13.006,9.884,13.837
WDFY1,24.735,24.079,26.869,25.102,25.141,28.273
OVGP1,2.012,1.743,2.182,0.671,0.523,1.089
SLC25A24,27.812,25.889,22.379,28.19,22.995,25.625
MAP3K4,11.088,14.536,13.147,10.907,11.398,11.629
PILRA,0.278,0.073,0.299,0,0.084,0
IGSF9,0.207,0.449,0.287,0.152,0.182,0.095
ABCB1,0.053,0.085,0.054,0.032,0.016,0.032
ZNF213,12.408,12.145,9.834,9.209,11.081,10.039
AKR1B1,68.83,68.296,69.634,71.782,86.365,78.654
CPNE3,62.895,55.56,55.515,50.851,36.078,44.089
RRN3,26.975,25.15,25.869,22.404,17.735,23.045
CTTN,220.139,195.838,203.421,204.104,165.542,207.115
WNT11,0.091,0.915,0.097,0.248,0.246,0.083
MTIF2,20.514,24.731,24.715,19.017,23.09,21.387
DDHD2,23.105,26.55,26.153,20.625,17.466,18.944
TTC39A,0.405,0.558,0.629,0.732,0.948,0.328
EPS15,22.936,24.487,26.34,25.187,23.108,24.898
ORC1,2.853,2.746,1.968,4.093,2.629,3.867
MGST2,11.875,10.136,12.829,10.096,14.837,11.873
CHERP,18.649,20.03,18.919,16.367,15.935,18.37
ATG16L1,12.594,12.209,12.061,12.609,12.973,12.928
USP40,16.786,18.716,20.879,19.025,15.984,21.518
POMGNT1,43.455,39.584,34.882,34.49,33.474,36.251
RAD54L,5.409,4.381,4.621,5.885,4.27,6.042
MAST2,34.268,35.162,35.514,32.958,23.998,35.621
DNAJA1,124.031,94.032,96.077,97.609,98.901,90.744
B4GALT1,70.103,78.885,78.9,78.462,86.301,86.499
CHMP5,56.796,54.073,57.502,50.929,52.064,47.625
NFX1,17.483,20.308,19.664,19.433,19.868,21.725
AQP6,0,0,0.04,0.035,0.068,0
DIMT1,31.243,30.854,22.914,25.229,27.564,26.275
IPO11,12.778,11.497,13.278,11.373,10.845,12.87
FOLH1,1.406,0.48,0,0.658,0,0
EIF2AK1,46.23,43.211,46.802,47.118,39.477,46.957
NME8,0,0,0,0,0,0
EPDR1,15.334,17.209,17.928,16.417,17.764,16.267
SNX10,0.27,0.107,0.461,0,0.229,0
SEPHS1,32.635,38.025,39.948,37.267,41.515,32.887
MRPL28,38.964,43.221,37.417,46.096,54.682,48.467
HBQ1,0,0.498,0,0,0,0
ITPKC,9.451,10.366,11.709,9.047,12.277,12.315
CEACAM6,0.064,0.22,0,0.201,0.058,0
FAT2,0.132,0.397,0.129,0.196,0.209,0.18
RBM22,30.718,29.596,29.613,31.231,28.208,28.986
TMED2,153.038,154.056,143.959,161.904,159.053,157.917
ERO1B,4.262,5.42,3.564,3.19,2.825,3.005
ZFAND6,62.104,56.258,54.795,60.154,54.615,52.485
HSD17B2,0.279,0.62,0.637,0.318,0.108,0.327
TXLNG,10.091,10.22,10.205,11.675,9.254,11.014
PPEF1,0,0,0,0,0,0
LAT2,2.039,1.847,2.615,1.155,0.431,0.851
HUWE1,51.335,64.378,66.139,47.8,34.539,52.661
ZW10,11.415,13.029,11.871,11.872,9.936,12.033
ALG9,11.618,11.308,12.762,11.556,10.235,12.751
MYBPC2,0,0,0,0.082,0,0
NOX4,0.701,0.324,0.325,0.957,0.774,0.939
ACOX3,14.16,14.438,13.461,13.02,9.808,13.444
MTMR2,18.563,18.169,18.985,19.376,17.095,17.696
PPP1R15A,110.327,140.846,147.4,109.019,117.784,116.762
HSD17B14,0.335,0.689,1.666,0.421,0.611,1.002
TRIP6,132.012,130.531,130.089,140.592,172.612,171.854
ACHE,0.157,0.237,0.225,0.18,0.063,0.026
FTL,3165.593,3478.129,3788.637,2882.667,4066.636,3257.907
SRRT,77.712,74.195,71.785,68.348,53.211,66.48
BAX,178.819,182.331,180.442,186.448,239.78,208.764
NLK,3.415,2.937,2.721,3.365,2.76,3.715
PIGS,26.299,30.94,30.428,29.377,33.111,28.21
ADAMTS2,44.457,47.157,45.246,54.345,57.07,64.833
TMPRSS11E,0,0.121,0.043,0,0.036,0
ATXN7L3,40.42,40.94,37.7,50.776,42.776,52.552
PGS1,29.732,24.389,28.657,28.373,19.251,25.394
PSMC5,103.892,103.358,100.968,108.341,110.169,100.238
UIMC1,25.782,24.683,22.282,19.622,19.847,20.434
CETP,0,0,0.123,0,0.157,0.105
MMP2,1131.192,1214.869,1286.032,1116.203,1257.492,1293.361
MT3,1.879,0.386,0.397,3.165,0.687,1.023
LPCAT2,9.852,8.923,9.305,7.442,7.333,8.028
GNAO1,0.069,0.136,0.593,0.075,0.196,0.233
OGFOD1,38.711,30.6,27.159,34.674,29.247,26.582
SH3BP2,20.562,20.388,20.861,22.749,16.405,27.248
NOP14,35.358,29.133,30.685,31.591,28.623,30.688
ADD1,121.075,128.364,124.263,119.835,115.428,128.354
L2HGDH,4.558,2.984,2.74,4.32,1.887,1.934
TXNDC16,2.61,2.994,3.248,2.663,4.018,4.231
RTRAF,100.128,103.263,94.111,106.786,111.95,92.311
NID2,30.005,29.69,26.11,33.5,24.349,33.025
GMCL1,7.357,8.036,7.316,7.242,6.428,6.663
SF3B2,123.565,123.573,114.352,107.685,110.306,107.556
KLHL42,14.955,16.895,18.156,15.408,9.775,12.109
GNAS,795.63,837.315,839.514,905.114,991.184,971.356
DNM1L,42.032,40.714,38.462,40.693,31.869,37.332
PTHLH,5.692,4.575,3.628,4.302,4.436,3.27
PHACTR3,1.95,2.62,3.296,3.168,8.826,4.311
ERGIC2,51.407,53.633,48.458,47.843,56.226,52.339
TFAP2C,22.975,21.205,20.069,24.908,20.274,27.432
AURKA,17.792,19.008,23.638,23.31,19.702,21.516
CASS4,0.372,0.399,0.509,0.263,0.336,0.597
PIR,2.174,3.353,6.207,3.535,5.86,3.381
AAMDC,51.921,53.915,57.927,48.004,68.746,45.196
RFX2,6.084,8.955,8.7,5.029,10.593,8.726
METTL2A,6.244,5.938,5.321,6.433,4.661,5.904
SULT2B1,0.548,3.544,1.331,0.15,1.129,0.177
ALG6,3.325,4.185,4.194,3.566,3.236,3.174
CNOT3,40.111,44.926,40.538,43.697,41.066,43.094
GP6,0.593,0.548,0.838,0.314,0.174,0.38
PTPN4,3.844,5.224,6,8.445,5.899,8.765
DDX18,26.62,23.662,23.415,27.053,22.594,26.756
KHSRP,115.945,114.603,105.75,100.074,97.729,107.091
GNA11,58.222,50.247,56.31,63.205,57.113,72.653
ASAP3,14.42,16.372,19.004,11.909,18.031,17.789
EDEM2,22.096,20.993,21.849,19.797,23.085,19.978
DNMT3B,2.259,2.189,2.232,2.556,1.143,2.735
REM1,0.053,0,0.113,0.097,0.239,0.048
TPX2,30.997,35.562,37.116,41.987,38.429,41.35
PDRG1,9.374,11.993,10.206,9.006,11.057,9.546
EPB41L1,46.747,40.729,48.439,43.824,47.523,51.763
SLC15A1,0.147,0.143,0.208,0.052,0.096,0.101
DOCK9,13.962,13.366,14.955,13.382,14.403,16.079
ANKRD10,58.428,67.565,67.787,41.127,27.734,48.598
TGDS,5.913,4.908,6.857,6.248,6.941,6.423
DOCK3,0.164,0.293,0.405,0.181,0.327,0.353
C3orf18,14.824,19.285,18.19,20.01,20.49,23.439
COQ9,21.993,28.433,25.847,23.891,24.207,22.582
TMEM40,9.981,10.991,8.388,9.076,12.291,9.408
KIF9,7.783,9.991,10.96,6.364,8.514,6.434
ARHGAP28,1.311,3.216,3.215,2.016,2.677,2.74
CRLS1,33.923,25.434,28.459,32.981,31.323,29.733
DEFB127,0,0,0,0,0,0
PPP1R13B,4.752,3.175,4.433,2.587,2.253,2.624
ATRN,33.533,34.733,33.754,33.826,27.349,32.703
SMOX,27.109,21.583,20.302,19.943,15.687,17.812
SIGLEC1,0.13,0.093,0.079,0.102,0.034,0.152
FKBP1A,324.423,295.188,291.872,340.335,304.818,314.397
NSFL1C,37.598,36.823,36.245,35.259,36.88,34.596
SLC4A11,4.694,7.647,5.558,5.541,3.123,3.448
C20orf194,9.524,10.665,10.916,9.525,8.667,10.726
ZNF343,8.254,9.932,9.932,9.269,9.11,10.332
EBF4,2.595,2.653,4.171,3.257,3.253,3.718
CPXM1,0.532,0.177,0.415,0.518,0.575,0.322
MAVS,20.7,21.416,22.141,19.428,14.102,19.496
LZTS3,4.835,5.382,5.84,4.63,3.894,4.318
F11,0,0,0,0,0,0
XRN2,50.933,51.234,47.54,49.103,45.181,48.395
KIZ,12.5,15.78,21.301,15.044,20.97,15.994
DYNLL1,436.101,419.858,409.951,402.023,478.881,404.656
TESC,0.107,0,0,0,0,0
SNX5,73.734,69.102,73.919,81.946,71.428,82.829
RPL6,2285.222,2272.946,2223.169,2422.951,2719.03,2295.311
SIRPG,0,0,0,0,0,0
MAPKAPK5,21.914,21.549,17.01,18.67,17.635,18.025
P2RX7,0.524,1.422,1.519,0.512,0.797,0.996
ESF1,14.73,15.077,14.58,13.119,9.692,11.418
RBBP9,9.175,10.08,10.421,9.474,8.471,8.982
ANAPC5,72.939,76.361,82.322,70.421,68.574,74.164
SLC23A2,10.5,11.919,11.672,10.744,6.959,10.009
SLC8B1,10.349,15.698,14.402,14.035,14.821,13.636
TMEM230,114.656,113.849,117.304,126.422,131.538,119.164
DZANK1,1.951,2.567,2.893,2.06,1.841,2.051
KDM2B,15.066,12.48,14.342,14.589,10.732,13.669
CFAP61,0,0.221,0,0,0,0.072
LHX5,0,0,0,0,0,0
TASP1,3.951,4.8,3.987,5.005,4.574,4.676
OAS1,0.558,0.719,0.809,0.232,0.675,0.197
GCN1,29.942,27.744,28.927,26.347,20.663,28.454
RPLP0,4239.24,4306.973,4221.515,4550.156,5165.285,4635.029
PXN,156.546,129.284,118.696,139.014,92.923,138.412
SIRT4,0.689,1.773,0.814,1.267,0.829,1.192
RPH3A,1.252,3.798,3.012,1.68,0.793,3.047
KIF16B,7.815,10.179,8.598,8.5,9.424,6.279
TRMT6,9.467,8.268,7.529,10.246,7.432,7.749
CHGB,0.102,0.034,0.089,0.062,0,0
PEBP1,198.991,195.628,185.253,207.471,201.628,182.875
TBX5,7.041,7.914,8.311,9.279,5.883,8.774
BRAP,12.04,14.414,14.032,13.789,13.911,11.972
ERP29,106.697,120.204,113.716,107.632,141.508,121.529
NOS1,0.209,0.265,0.295,0.186,0.15,0.172
FUS,248.114,244.846,239.014,216.337,168.949,211.604
IGBP1,59.28,66.697,66.613,67.382,86.275,65.812
FXYD5,339.125,333.706,322.219,367.571,340.854,345.135
ZNF302,15.754,20.688,22.863,16.929,17.463,21.44
GRAMD1A,34.906,41.552,39.378,35.322,36.784,37.354
FXYD3,4.511,6.645,1.61,0,2.137,0
HEPH,9.106,11.676,11.388,11.694,16.382,13.494
CDIP1,6.579,7.357,6.738,8.518,8.169,9.467
CMTM1,4.653,5.277,4.425,4.933,3.955,6.165
KCNH4,0.022,0,0.023,0,0,0.04
GANAB,237.659,247.497,241.201,248.49,234.04,263.661
GMIP,7.606,8.006,7.004,6.556,4.015,8.272
RBM41,8.53,8.438,9.933,9.65,6.15,8.506
BIRC5,20.129,26.412,27.128,29.8,28.674,29.504
LAG3,0.261,0.567,0.509,0.536,0.392,0.613
MLF2,165.301,168.936,162.44,151.621,173.634,152.363
OTUB2,0.633,0.775,0.662,0.821,0.584,1.147
DDX24,79.891,78.112,80.198,78.291,81.884,78.533
ZBTB25,4.443,5.462,6.739,5.253,5.725,7.967
NECAP1,14.036,22.473,22.311,21.958,17.513,16.869
ARHGAP4,1.919,2.112,0.914,0.789,0.279,0.828
ANKRD24,0.299,0.695,0.883,0.605,0.523,0.618
DHX32,30.117,24.362,23.033,31.023,24.529,28.55
RCOR1,13.223,13.211,12.897,12.937,9.442,12.023
GPATCH2L,22.773,19.701,21.906,14.525,15.672,18.617
LTBP4,72.874,96.767,96.687,92.898,85.898,104.897
BLVRB,43.804,54.009,53.589,54.356,73.16,61.734
SLC9A1,30.391,24.01,23.609,23.785,14.656,22.048
SPTLC1,56.882,58.153,62.568,54.208,55.299,53.642
PAPOLA,81.672,79.703,83.04,82.826,70.152,75.172
CCNK,29.383,30.937,33.981,32.172,27.52,28.108
PCBP4,48.221,45.774,42.962,51.563,49.728,60.299
RGS1,0,0,0,0,0,0
YPEL3,82.763,116.572,118.275,98.176,125.672,121.74
MRPS33,41.273,46.259,49.694,46.981,56.042,44.935
NDUFB2,216.572,207.179,181.575,190.582,210.566,183.415
NUDC,80.226,70.555,74.102,76.702,76.201,78.815
MAEA,53.589,50.347,49.398,50.507,51.122,52.671
ICAM1,3.479,3.79,4.549,0.432,0.64,0.506
STRN4,58.632,55.205,58.95,54.356,65.093,62.372
IRAK3,3.81,4.007,3.483,3.651,2.478,3.129
LYZ,0.404,0.135,0.229,0.166,0,0.347
SI,0,0,0,0,0,0
MUL1,33.625,29.941,31.614,27.732,29.895,28.473
TFAP4,6.476,7.495,6.003,7.083,11.174,6.627
PDCD7,23.859,23.323,29.571,23.953,23.492,22.045
SPG21,58.211,55.735,59.158,51.954,53.392,55.58
FETUB,0,0,0,0,0.084,0
DNAJB11,42.389,42.135,41.239,44.551,43.313,45.063
P3H2,5.788,4.767,5.159,6.147,6.223,4.681
THPO,0.401,0.312,0.11,0.125,0.42,0.318
CHRD,2.006,2.831,3.083,3.126,4.009,4.877
FLT3LG,11.408,11.71,13.646,15.674,24.108,19.415
RAB11FIP3,42.88,41.146,39.068,39.056,33.923,41.098
GNPTG,74.684,74.537,82.307,67.896,91.424,85.32
ZNF268,7.852,9.415,9.167,9.207,8.428,10.227
GOLGA3,39.044,40.579,35.768,33.006,24.363,38.837
PABPC4,242.059,252.961,288.919,242.305,276.709,252.724
CD209,0.098,0.146,0.149,0.075,0.088,0.132
CERS4,7.766,7.297,7.937,6.768,7.981,6.696
MCOLN1,12.141,16.933,13.408,13.251,15.152,14.395
USP48,34.652,35.919,36.588,33.562,27.518,34.46
EFNB1,18.655,17.826,16.685,17.417,19.398,18.684
PDPR,14.57,16.888,19.194,13.231,9.941,15.154
AARS1,71.077,82.221,90.45,95.393,101.773,112.117
GLG1,116.562,130.47,131.591,105.767,112.654,119.345
KIF4A,7.36,7.221,7.423,8.314,7.099,8.876
TNRC6A,18.712,19.505,21.102,23.048,15.506,26.422
PLEKHG2,16.491,16.204,18.452,18.354,12.275,24.558
DLL3,0.974,0.744,0.996,0.926,0.695,0.649
NAT14,16.922,14.792,12.984,20.999,27.158,21.292
PITPNM2,4.116,3.807,3.393,5.282,2.717,4.254
EXOC1,21.934,24.11,27.097,22.748,18.636,22.975
RBM27,7.182,6.519,6.981,7.192,5.136,7.201
POU4F3,0,0.032,0,0,0.029,0.059
OSBPL8,53.787,53.331,51.071,46.32,36.682,44.086
DTX2,9.778,11.407,10.67,10.665,7.766,10.677
NLRC4,0.334,0.243,0.213,0.2,0.132,0.486
PUS7,12.543,8.205,6.748,11.118,9.039,8.694
LAMB4,0.165,0.046,0.195,0.257,0,0.199
NRCAM,0.831,0.406,0.662,0.307,0.69,0.571
LAMB1,178.536,190.82,199.159,181.576,143.415,178.705
SLC26A4,0.563,0.61,0.385,0.433,0.133,0.243
SLC26A3,0,0,0,0,0.052,0.026
DLD,71.074,67.274,64.191,63.936,63.707,63.734
WDR7,6.089,5.545,7.233,5.644,3.688,4.493
TXNL1,69.847,67.295,77.279,68.479,86.66,67.896
IL5RA,0.014,0.029,0.061,0.013,0,0.039
ABCC6,0.124,0.406,0.147,0.153,0.028,0.225
CMTM6,49.006,41.971,39.127,40.541,35.558,35.499
ITGA6,30.858,29.479,27.274,32.036,19.294,29.499
RAPGEF4,1.262,1.151,0.635,0.928,1.442,0.796
MAP3K20,47.985,47.163,43.955,50.469,31.11,40.064
SMPX,0,0,0,0,0,0
FH,43.87,39.887,40.841,47.92,44.686,43.188
SEL1L3,3.504,3.954,4.339,3.878,3.748,3.725
TF,1.628,1.72,1.928,1.855,1.396,1.916
CDV3,122.221,108.981,109.558,107.444,107.883,112.676
MYO15A,0.221,0.904,1.586,0.429,0.388,0.638
ALKBH5,57.764,51.162,50.697,63.49,58.632,63.973
APOH,0,0,0.306,0,0.544,0
NLRP1,16.342,17.877,18.155,17.481,11.043,20.513
PITPNM3,1.248,1.127,1.555,1.274,1.059,1.293
SPAG7,84.399,81.997,87.688,85.158,87.271,92.678
ORC6,12.056,13.79,12.054,16.19,10.092,14.368
ZFHX4,1.84,2.233,2.675,1.86,1.921,1.962
SLC17A6,0,0,0,0,0,0
CPA1,0,0,0,0,0,0
ZC3HC1,11.148,12.697,11.475,11.31,13.994,13.169
ESR1,0.349,0.41,0.609,0.162,0.084,0.449
RGS17,1.549,1.633,1.331,1.539,0.495,0.964
ANGPT2,0.263,0.156,0.281,0.238,0.2,0.278
TMEM101,18.841,21.276,20.5,19.459,25.935,19.126
CD200,0.455,1.536,1.221,0,0.206,0.826
CCDC80,231.896,284.677,324.58,410.089,484.795,458.073
CMA1,0,0.59,0.421,0.098,0,0.334
PSME1,175.389,176.777,158.303,138.971,186.128,145.69
PPP2R3C,29.958,31.034,31.537,28.133,25.963,26.406
HAUS4,17.033,21.094,18.322,28.12,30.798,24.6
JPH4,0.084,0.023,0.025,0.064,0.152,0.064
MYH7,0,0,0,0,0,0
CEBPE,0,0,0,0,0,0
SLC7A8,2.779,3.837,3.755,1.673,4.558,3.158
OSGEP,13.268,13.433,11.506,10.256,11.251,12.258
SLC22A17,18.418,21.471,26.865,17.965,19.762,23.894
RNF31,36.111,33.104,32.538,27.757,27.212,36.675
SCFD1,40.035,41.771,43.68,43.933,43.942,44.814
G2E3,7.586,11.086,9.778,11.917,7.87,9.736
HECTD1,58.727,62.855,53.702,46.475,36.041,46.117
HNRNPC,341.709,360.069,369.201,352.195,387.181,344.656
RPGRIP1,0.171,0.129,0.182,0.36,0.154,0.71
SUPT16H,55.464,55.483,57.383,61.709,52.08,59.392
TOX4,26.97,26.357,27.851,27.737,24.791,23.88
GEMIN2,9.883,10.268,10.078,7.561,10.052,10.576
TGM1,3.616,6.494,1.868,1.686,3.894,2.189
TINF2,33.024,30.003,30.561,34.549,34.121,30.526
DAZL,0,0,0,0,0,0
TBL1Y,0,0.073,0,0,0.066,0
SEMA6A,0.419,0.689,1.044,0.405,0.425,0.979
TRPM7,23.971,25.244,25.838,22.419,16.902,24.979
TYRO3,7.971,8.003,7.147,9.683,7.171,7.746
WDR76,9.7,11.724,9.971,18.468,10.924,12.722
CAPN3,3.909,6.9,6.419,6.615,5.168,8.426
SNAP23,38.504,47.839,46.623,50.092,39.01,45.423
TBX15,21.892,21.427,21.54,23.724,25.293,26.43
PHGDH,153.442,179.966,201.106,169.131,226.7,218.125
COL9A3,0.191,0.269,0.214,0.122,0.272,0.213
EZR,53.245,49.514,50.623,55.521,52.089,52.901
MYL6,1493.935,1404.397,1468.111,1664.178,2042.231,1602.891
AGO1,8.128,8.943,10.126,8.896,7.47,9.264
TEKT2,0,0,0,0.243,0,0.055
CLSPN,6.777,7.372,5.902,9.046,4.833,7.289
RFFL,14.342,12.712,17.091,8.969,10.089,13.656
UNC13D,0.849,0.515,0.774,0.589,0.804,1.681
MFSD11,16.592,15.382,19.559,16.634,18.876,19.027
DPYSL2,94.063,99.028,112.059,96.077,94.069,116.71
TGFB2,0.338,0.428,0.433,0.489,0.484,0.435
GPATCH2,6.467,5.105,5.656,5.625,4.404,5.386
NUP50,25.721,25.739,34.067,25.64,21.03,26.723
CDC45,8.732,8.11,7.408,14.19,7.553,12.643
COMT,139.37,146.335,143.661,153.031,194.7,186.138
ADA2,3.532,4.151,3.852,5.101,5.38,5.317
VNN3,0,0,0,0,0,0
ECHDC1,47.056,44.79,49.002,45.989,52.45,46.695
LRRFIP2,111.402,90.941,101.311,110.277,90.044,101.93
SEC22C,40.142,40.358,37.553,37.258,41.111,34.96
XYLB,4.571,4.266,4.061,4.323,2.131,4.648
HDAC6,13.375,17.904,17.567,17.053,15.104,18.181
OR1I1,0.606,0.505,0.629,0.593,0.292,0.707
GABRP,6.529,8.941,8.004,8.084,3.486,9.863
KRT31,0.166,0.055,0,0,0,0
CDC6,16.043,16.487,17.768,23.869,11.393,18.44
UPRT,5.887,6.862,6.654,6.736,5.122,5.545
CDC23,14.081,16.23,18.02,17.593,16.075,16.193
AAAS,28.814,35.434,33.767,32.423,30.759,36.611
CBX5,15.512,15.735,13.964,21.404,14.211,21.977
FMO2,0,0.015,0.016,0,0,0
SUCO,12.2,12.172,11.833,10.672,7.687,9.915
MSH2,24.995,25.849,24.422,27.981,21.254,26.135
MAP3K1,1.751,1.87,2.366,1.999,1.948,2.668
DHPS,54.646,52.846,64.049,50.761,53.988,57.645
HOOK2,18.031,18.909,22.741,18.537,13.395,20.474
NXPE1,0.128,0,0,0,0,0.08
ARCN1,89.537,83.053,84.77,95.403,90.104,95.805
EPB41L4B,0.263,0.182,0.065,0.165,0.254,0.147
TMEM38B,16.134,6.641,11.055,5.48,9.999,6.915
PSMD5,24.953,27.386,28.108,28.047,27.25,26.395
PTGS1,127.85,87.271,67.086,89.046,45.28,78.158
NUP188,22.396,22.98,21.813,23.319,16.935,21.674
CRAT,64.786,65.384,60.194,69.905,62.795,71.048
SH2D3C,0,0,0.145,0,0,0.124
NANS,52.876,45.441,49.295,48.791,58.216,42.985
TBC1D2,4.248,5.949,5.548,5.573,6.386,6.839
WHRN,4.879,5.44,4.55,3.346,4.925,3.66
PDE6C,0.049,0.146,0.156,0.178,0.044,0.133
CWF19L1,8.594,9.761,10.014,7.801,7.671,9.78
SEMA4G,1.965,1.925,2.776,1.752,3.207,1.993
BTAF1,13.713,13.911,15.596,12.984,7.128,11.594
IKZF5,5.606,6.783,7.137,6.761,4.021,6.518
BLNK,0.477,0.637,0.931,0.366,0.168,0.279
TLL2,0.192,0.248,0.277,0.173,0.042,0.342
CYP26A1,0,0,0,0,0,0
TDRD1,0.164,0.197,0.234,0.373,0.032,0.21
SORBS1,0.139,0.322,0.37,0.263,0.269,0.24
CRTAC1,0.089,0,0.424,0.162,0.097,0.161
BAMBI,2.494,4.429,4.311,3.279,9.127,4.952
IL11,13.861,13.225,10.378,11.234,7.567,14.785
MYO3A,0,0,0,0,0,0
WAC,66.246,72.985,66.485,72.696,65.34,67.661
CREM,17.883,18.853,11.58,18.502,14.073,11.302
NUBP2,46.622,46.413,45.874,38.146,48.798,47.59
TPSD1,0,0,0,0,0,0
SMIM24,0,0.352,0.367,0.193,0.156,0.318
HIVEP1,5.134,5.799,6.351,5.387,7.497,5.502
TREM2,0,0,0,0,0,0
KCNK16,0,0,0,0,0,0
CRISP3,0,0,0,0,0,0
FKBP5,4.395,4.989,3.467,5.169,3.998,4.784
SRPK1,20.965,18.14,17.441,19.959,15.286,18.676
BRPF3,11.993,13.145,13.138,14.99,10.366,13.379
MRPS18A,26.182,29.076,24.891,19.174,30.9,23.871
PGC,0,0,0,0,0,0
TMEM14A,48.501,43.432,46.16,41.61,46.828,36.283
EFHC1,14.084,15.79,19.186,13.379,13.791,15.993
NCR2,0,0,0,0,0,0
HSP90AB1,575.713,559.899,562.054,535.112,570.014,536.443
MLN,0.89,1.248,0,0.361,0,0
CDC5L,16.432,15.996,15.829,15.874,12.863,14.352
ITPR3,67.23,57.645,50.319,58.261,27.881,51.311
ZNF184,2.627,3.796,4.162,4.24,4.702,4.738
DSP,9.934,17.204,8.9,5.648,8.678,5.986
SIRT1,13.27,15.76,14.139,12.536,11.963,12.089
HNRNPH3,100.791,104.619,100.645,90.542,93.231,88.941
IFT74,16.679,20.171,19.364,13.3,16.242,11.102
JAK2,8.279,8.968,8.299,11.168,7.173,9.092
IL12RB1,0.632,0.76,0.572,0.309,0.462,0.618
ABL1,112.116,92.298,89.169,90.768,76.96,89.291
ACOT7,61.918,56.467,49.529,64.569,50.623,51.443
SH3GLB1,74.142,68.626,66.541,71.065,61.392,64.5
CDC7,3.929,3.587,5.258,6.082,4.117,7.119
SYDE2,0.425,0.703,1.078,0.737,0.592,0.764
PCSK5,2,2.12,2.145,1.341,4.617,1.465
SCD,12.042,14.361,9.982,7.529,7.86,6.188
TMED1,37.043,44.667,43.072,46.199,46.503,38.353
ABLIM1,0.74,1.501,0.991,0.438,0.771,1.485
ERMP1,5.088,5.908,5.953,4.936,4.216,5.061
RAB18,129.574,143.795,131.235,115.131,152.689,115.48
NRP1,561.558,405.977,351.058,383.607,259.456,334.222
PRTFDC1,5.949,7.753,7.84,8.829,7.986,9.395
PALMD,0.666,0.896,0.708,0.682,0.966,1.013
TSPAN15,0.206,0.31,0,0.189,0.464,0.374
MACROH2A2,11.133,10.05,9.457,11.357,13.858,11.122
WASHC2A,30.77,30.664,34.448,23.113,23.193,25.541
MAST3,4.825,6.202,7.064,4.741,4.338,6.601
MZF1,18.114,20.889,20.536,18.241,15.954,21.279
OCEL1,14.692,16.898,16.563,14.188,17.052,16.961
MYO9B,77.104,65.842,60.072,61.564,40.741,55.537
KCNK6,4.027,4.28,4.356,3.92,3.348,4.635
CATSPERG,0.234,0.247,0.574,0.219,0.222,0.183
PSMD8,166.207,160.506,160.437,166.258,153.548,153.015
FBXL19,17.896,18.795,19.843,18.198,13.455,16.716
STX1B,3.132,5.11,6.013,3.632,2.133,3.569
HSD3B7,106.969,110.294,107.231,137.77,105.639,130.33
SETD1A,15.183,13.804,15.841,17.779,9.843,15.585
BCL7C,101.223,101.497,90.029,104.266,128.249,117.867
MAGEB2,0,0,0,0,0,0
EFNA2,0,0.035,0.111,0.095,0.031,0.126
CIRBP,294.29,325.019,383.633,326.667,350.096,368.707
ATP5F1D,139.899,122.717,136.697,136.957,160.591,148.281
CBARP,4.694,4.318,3.959,3.662,2.844,3.785
PCDH11Y,0.068,0.055,0.169,0.138,0.015,0.064
AMELY,0,0,0,0,0,0
IGFALS,0.448,0.08,0.317,0.416,0.171,0.173
HNRNPM,175.256,158.415,150.514,147.13,125.598,129.434
MARCHF2,35.717,40.287,33.828,29.28,35.216,40.932
NDUFB7,140.469,151.451,147.572,158.337,201.703,169.063
TECR,73.953,77.47,78.189,62.736,72.552,69.034
TIMM13,70.811,67.008,58.2,60.294,75.406,67.405
CDC34,44.227,49.936,48.684,49.215,57.505,50.048
MTAP,27.596,19.236,19.679,28.401,18.4,20.068
MISP,0.201,0.172,0.214,0.026,0.052,0.052
CEP170B,32.289,29.233,27.553,24.777,19.52,28.269
POLR2E,103.502,100.535,114.083,103.806,142.064,97.484
POLRMT,22.741,16.806,15.749,18.953,16.239,18.382
HCN2,6.062,4.992,5.901,5.484,5.226,6.268
CDHR5,0.805,1.101,0.853,1.077,0.033,0.488
IZUMO4,4.691,6.494,7.058,4.627,3.949,5.882
RASSF7,2.821,4.257,5.34,3.961,5.063,5.744
GADD45B,54.129,83.769,100.595,95.798,138.505,131.538
PALM,24.083,29.757,26.827,28.01,34.688,35.172
MADCAM1,1.089,1.114,0.641,0.648,0.229,1.005
MKNK2,66.003,89.224,93.139,66.388,118.878,110.73
ARVCF,2.983,3.886,3.486,2.716,3.961,4.338
TRMT2A,17.43,19.578,19.464,19.902,18.9,21.886
RANBP1,142.55,124.735,115.505,166.916,132.671,152.035
ZDHHC8,65.837,55.681,62.896,57.836,40.287,60.866
KLHL22,27.189,27.23,30.914,28.112,25.432,33.609
MED15,47.024,52.296,52.951,57.565,47.199,56.051
SERPIND1,0,0,0.052,0.246,0,0
SNAP29,26.213,26.188,36.587,26.427,28.229,29.225
CRKL,21.702,19.555,18.167,24.498,18.431,24.35
LZTR1,35.912,32.86,31.747,29.294,22.497,28.98
MMP11,2.772,2.775,3.308,3.965,4.418,4.318
CECR2,0.049,0.049,0.139,0.045,0,0.126
SMARCB1,74.053,64.904,62.092,63.947,86.735,64.81
P2RX6,1.053,2.089,0.907,1.602,2.481,3.327
DERL3,0,0.465,0.538,0.498,0.276,0.421
SLC7A4,0.073,0.073,0,0,0.033,0
BCL2L13,22.111,24.872,25.102,25.745,25.917,25.463
DDTL,2.684,2.483,2.749,2.477,1.237,2.179
DDT,115.433,100.632,95.954,136.56,121.937,146.74
GSTT2,0.95,0,0,0.513,0.242,0
OSM,0,0,0,0,0,0
CABIN1,27.916,25.437,23.616,23.75,17.78,26.927
TBC1D10A,16.111,17.183,17.499,16.342,16.312,17.399
SUSD2,0.57,0.725,0.937,1.156,0.933,0.729
SF3A1,40.64,31.235,34.587,29.07,24.175,34.057
GGT5,1.862,3.462,4.117,3.032,1.87,2.403
RNF215,21.581,18.298,21.288,16.528,16.901,16.701
SEC14L2,11.468,10.259,11.272,14.364,8.778,10.74
SEC14L3,0.317,0.136,0.079,0.192,0.031,0.287
SPECC1L,26.005,27.985,24.336,23.745,22.97,26.761
PPIL2,17.137,18.149,20.325,19.485,14.573,19.208
UPB1,0.103,0.131,0.513,0.143,0.16,0.157
YPEL1,3.282,3.374,3.924,3.97,3.522,5.697
SNRPD3,84.834,83.072,83.688,105.365,98.88,99.785
PES1,77.019,72.08,71.166,70.299,83.356,70.088
MAPK1,60.143,59.707,55.257,65.411,55.522,63.3
GGT1,1.656,2.336,2.915,0.75,1.552,1.677
PRODH,0.202,0.998,0.507,0.554,0.468,0.432
PPM1F,38.061,36.44,34.845,32.331,31.417,36.958
SLC35E4,25.192,19.538,18.287,21.881,17.035,19.967
TOP3B,10.893,11.397,16.327,12.85,9.626,15.723
CRYBB3,0,0,0,0,0,0
CYTH4,0,0,0,0.024,0,0
ESS2,6.386,6.761,5.878,5.738,6.601,6.119
MFNG,0,0,0.228,0.202,0.074,0.419
CARD10,6.426,5.361,4.835,6.137,5.623,6.505
SLC25A1,92.769,86.485,88.316,91.224,101.887,97.621
GRK3,0.605,0.614,0.812,0.788,0.649,0.637
PLA2G3,0.064,0.032,0.068,0,0.029,0
LGALS2,3.79,3.082,2.611,2.255,1.64,1.097
GGA1,29.932,33.246,33.887,29.4,27.363,29.387
HIRA,20.495,18.338,17.926,18.72,17.774,20.408
SH3BP1,5.723,5.961,5.387,4.731,4.414,4.733
SEZ6L,0.013,0.057,0.054,0.052,0.023,0.104
LGALS1,7122.519,6938.558,6717.322,7568.343,7719.164,7073.952
HPS4,10.568,12.048,14.628,12.319,11.685,14.52
PIK3IP1,14.782,18.103,24.217,18.143,21.094,22.066
SRRD,5.249,6.025,5.85,5.444,5.152,6.079
PATZ1,5.645,6.849,6.442,5.891,6.19,7.321
TRIOBP,173.415,146.2,143.409,161.67,132.971,153.631
TFIP11,19.819,24.375,23.293,19.905,15.762,20.937
GCAT,16.019,13.505,13.486,12.264,11.721,10.217
GGTLC2,0.562,1.196,0.792,1.405,0.84,0.815
CRYBB1,0.186,0.281,0,0,0,0
ANKRD54,19.458,19.605,20.292,18.253,19.556,21.31
EIF3L,336.112,344.185,346.842,358.517,392.352,358.996
SNU13,133.532,111.544,114.269,127.429,136.488,125.355
MICALL1,29.641,25.955,22.861,29.929,22.294,29.06
POLR2F,132.458,123.351,121.313,103.818,137.228,108.055
SOX10,0.029,0,0.296,0.026,0,0.079
CCDC134,1.224,2.009,1.565,1.467,1.36,1.662
DEPDC5,4.095,6.488,4.338,3.434,2.377,3.779
PICK1,3.857,5.681,6.194,5.675,4.652,5.516
TTC28,10.945,12.671,16.072,12.063,12.161,16.514
SLC16A8,0.735,0.778,0.956,0.448,0.11,0.705
CENPM,10.004,12.034,10.081,13.004,13.312,13.708
SEPTIN3,0.465,0.476,0.404,0.538,0.209,0.464
SLC5A1,0.051,0.116,0.054,0.015,0.076,0.046
SLC5A4,0,0,0,0,0,0
KDELR3,63.017,69.703,59.665,88.798,87.121,82.548
CYP2D6,0.874,1.594,1.348,1.191,0.418,1.194
DDX17,131.293,139.636,154.671,133.997,109.019,149.164
DMC1,1.678,3.314,2.004,1.819,1.961,1.801
TCF20,18.024,20.457,22.778,18.799,15.572,18.417
HSCB,19.325,18.87,18.19,16.348,17.994,18.812
CBY1,38.674,39.542,42.777,42.192,51.185,50.574
TOMM22,34.91,28.795,32.199,32.807,36.148,31.569
RSPH14,0.079,2.964,0.529,0.483,0.145,0.127
XBP1,98.534,101.657,87.463,105.876,125.13,120.364
RTCB,48.868,46.782,48.372,41.992,59.042,46.782
JOSD1,38.415,37.572,34.867,48.124,35.438,39.364
FBXO7,65.112,63.705,62.925,67.271,67.787,69.957
GTPBP1,16.182,17.193,19.877,16.118,17.086,20.886
POLDIP3,38.792,41.614,45.296,42.309,48.068,46.047
RAB36,4.731,3.521,7.438,4.819,4.746,4.506
TIMP3,1371.441,1274.548,1221.264,1619.195,1192.906,1466.116
PPP6R2,33.044,34.84,35.727,28.666,27.798,36.214
SBF1,45.644,45.708,46.864,41.52,40.155,45.262
SUN2,64.982,59.56,58.159,67.138,58.384,69.791
CYB5R3,365.256,379.608,367.548,402.76,431.245,450.793
DNAL4,14.412,17.763,19.446,15.953,17.388,17.315
C22orf31,0,0,0,0,0,0
MIOX,1.1,1.105,2.66,0.752,0.79,0.92
LMF2,76.51,81.303,74.796,75.287,71.645,86.697
RHBDD3,8.64,13.443,12.542,9.927,12.235,14.481
PACSIN2,37.283,33.703,31.572,32.378,27.005,29.713
TTLL1,10.531,10.465,11.315,11.803,12.988,12.813
RASL10A,0.063,0.19,0.067,0.14,0.046,0
AP1B1,28.533,29.903,25.467,27.055,25.326,27.277
HMGXB4,20.516,20.615,19.425,20.181,18.959,21.363
TOM1,30.451,32.19,32.52,26.923,35.961,33.168
NEFH,0.685,1.689,0.911,0.974,1.097,0.971
CHKB,31.014,38.608,38.492,35.671,28.333,42.203
BIK,0,0.422,0.111,0,0.094,0.19
HMOX1,106.598,78.827,89.507,62.511,72.052,68.12
MCAT,13.514,13.247,13.363,11.695,15.809,14.047
THOC5,39.711,41.927,46.63,39.96,39.472,42.481
MCM5,34.243,41.368,33.969,55.308,37.575,53.987
APOBEC3H,0,0.342,0.316,0,0.083,0.554
ARSA,40.494,44.048,46.588,39.874,46.167,43.994
TSPO,317.325,317.321,289.243,362.88,392.308,380.058
RASD2,0.024,0.308,0.05,0.065,0.512,0.301
TTLL12,24.907,22.307,20.001,21.907,18.628,21.04
CBX7,12.406,19.429,18.899,17.029,15.601,19.558
PDGFB,0,0,0.239,0.02,0.076,0.02
ACR,0.253,0.063,0.166,0.116,0.141,0.344
CABP7,0.051,0.051,0.082,0.137,0.023,0.159
RPL3,3174.503,3256.139,3190.986,3436.586,4136.602,3508.387
ZMAT5,22.941,23.277,21.464,21.073,28.129,20.443
RBFOX2,97.576,106.886,102.086,108.956,97.628,102.638
SYNGR1,18.771,26.278,25.203,21.259,35.492,30.685
TAB1,12.449,18.476,17.338,16.945,17.4,16.72
ASCC2,24.637,26.824,26.8,24.467,23.821,26.429
MTMR3,12.652,13.363,15.313,11.302,12.513,12.756
MIEF1,14.832,13.735,14.833,15.338,13.173,14.748
APOL4,1.353,2.237,3.084,2.341,1.524,2.324
PNPLA5,0.232,0.039,0.046,0.141,0.07,0.071
APOL1,19.9,27.339,32.115,23.073,30.392,28.377
PNPLA3,2.226,2.421,2.919,1.84,1.824,2.632
MYH9,250.847,230.36,224.705,211.172,164.68,222.153
CACNA1I,0,0,0,0.012,0,0
SAMM50,36.189,38.431,32.805,35.146,38.68,35.722
TXN2,70.452,77.949,79.989,77.671,97.923,89.576
FOXRED2,9.295,13.578,12.465,8.676,7.751,9.93
GRAP2,0,0,0,0,0,0
EIF3D,167.466,180.821,175.936,186.162,214.346,190.104
TNRC6B,6.152,8.52,8.861,5.706,4.42,9.026
SGSM3,38.918,40.715,41.405,37.9,27.599,40.181
IFT27,22.193,25.671,25.243,19.463,21.619,21.016
PVALB,0,0,0,0,0,0
KIAA0930,60.774,63.955,72.305,59.683,70.597,74.041
NCF4,0,0,0,0,0,0
CSF2RB,0,0.04,0.018,0,0,0
SLC25A17,17.938,13.343,15.054,15.754,16.273,16.123
UPK3A,0,0,0,0,0,0
FAM118A,6.767,9.694,11.196,8.263,7.455,9.714
KCTD17,35.158,31.34,31.653,28.828,28.765,28.415
ST13,273.247,270.792,294.126,245.265,317.241,259.171
IL2RB,0,0.307,0.183,0.266,0.313,0.218
RBX1,54.882,54.846,48.424,55.034,62.998,53.995
EP300,20.765,23.974,24.451,18.802,13.237,19.967
L3MBTL2,12.388,10.981,11.527,11.222,14.743,14.115
CHADL,0.132,1.006,0.628,0.657,0.685,1.158
RANGAP1,56.893,47.233,48.34,59.79,51.801,58.756
ZC3H7B,52.623,49.534,51.257,56.056,53.136,59.478
PHF5A,34.736,35.945,32.733,34.016,38.041,33.456
ACO2,40.565,38.444,38.999,36.004,34.107,36.363
POLR3H,38.511,36.259,33.754,35.681,38.683,36.531
TRMU,19.728,19.017,19.734,16.542,18.717,18.023
PMM1,72.419,75.032,70.087,74.94,87.065,74.84
DESI1,21.904,23.037,22.804,21.595,19.909,22.876
CERK,34.155,30.759,30.442,33.628,27.359,30.982
BRD1,16.861,17.304,16.971,16.619,13.995,18.577
ZBED4,6.604,5.685,5.468,6.709,5.156,5.711
MLC1,0,0,0,0,0,0
HDAC10,29.861,32.023,32.934,23.125,15.023,28.726
KCNK10,0.011,0.032,0.011,0.057,0,0.019
ABHD4,17.138,24.085,25.146,16.999,22.859,26.636
KHNYN,44.855,49.522,51.575,45.384,34.905,54.911
FKBP3,69.654,61.098,59.703,57.619,51.865,47.694
SDR39U1,25.695,31.773,28.659,24.615,18.666,25.449
CTSG,0,0,0,0,0,0
GZMH,0,0,0,0,0,0
GZMB,0,0.23,0,0,0,0
RBM23,39.941,41.74,50.948,39.773,49.964,39.959
PRMT5,39.719,45.738,36.001,42.658,38.368,41.478
COCH,0.41,0.342,0.17,0.382,0.407,0.304
AP4S1,5.826,7.052,6.675,5.388,3.814,5.788
POLE2,4.575,4.211,3.742,5.413,3.794,5.798
VCPKMT,6.723,8.641,10.204,5.823,5.932,6.06
SOS2,11.02,11.217,12.363,11.442,9.164,11.009
CDKL1,3.81,4.935,3.414,3.304,2.728,3.838
NIN,30.331,27.266,27.136,25.098,17.025,20.282
PYGL,34.135,35.607,33.324,32.481,35.483,32.021
TRIM9,0.271,0.084,0.134,0.175,0.186,0.122
PSMC6,45.598,56.498,53.589,55.176,55.255,50.732
GNPNAT1,54.789,39.468,32.704,49.788,30.313,37.492
DDHD1,11.922,10.876,9.589,14.335,8.015,12.252
CDKN3,19.221,30.335,31.155,26.914,32.282,28.248
CNIH1,165.324,152.524,152.076,152.24,142.029,133.044
CGRRF1,14.844,10.471,11.004,9.326,11.899,8.587
ATP6V1D,65.968,64.983,64.427,69.361,61.761,64.556
CCDC198,0.694,0,0.687,0.225,0.778,0.024
PLEK2,1.95,2.195,2.049,3.193,2.32,2.239
PIGH,12.334,10.808,14.539,10.45,12.238,10.188
LRRC74A,0,0,0,0,0,0
PSMA3,81.658,87.621,89.095,82.798,85.871,82.785
VTI1B,95.042,99.686,87.154,98.98,112.977,86.991
TIMM9,41.901,38.969,47.692,37.283,41.284,43.657
GSTZ1,12.483,12.819,14.094,11.13,15.241,15.344
KIAA0586,8.459,8.474,8.719,10.365,7.406,5.828
TMED8,5.351,4.996,4.584,4.917,3.245,5.231
SAMD15,2.546,1.176,2.324,2.144,1.29,1.511
AHSA1,106.898,84.901,83.821,90.656,89.555,86.565
DAAM1,4.115,6.773,7.885,4.949,7.051,6.419
ISM2,0.21,0.215,0,0.276,0,0.191
SPTLC2,20.54,16.852,14.135,17.404,13.592,15.764
RIN3,28.718,30.355,29.552,35.522,31.87,36.732
LGMN,45.373,47.569,51.364,40.876,53.243,47.698
ALKBH1,3.667,3.476,3.834,4.429,5.183,4.029
SNW1,46.151,49.377,53.178,52.271,53.982,50.211
CHGA,0.043,0,0,0,0,0
ITPK1,31.93,31.912,33.18,31.011,31.073,30.033
DHRS7,84.379,70.459,74.353,62.219,53.169,56.547
PPM1A,35.062,35.453,35.464,36.143,31.117,34.201
SIX4,4.669,4.843,5.749,5.045,3.049,4.144
GALNT16,2.115,2.449,2.751,2.928,4.28,4.529
ASB2,0.064,0,0,0,0.041,0
CEP128,3.007,2.882,4.548,2.779,1.939,2.923
ERH,177.169,170.522,174.015,186.333,180.039,161.325
HIF1A,135.402,117.096,124.588,140.015,110.358,126.374
SUSD6,8.05,7.769,6.662,7.439,6.136,7.049
SRSF5,309.891,348.92,387.488,294.653,292.576,325.168
SLC10A1,0,0.043,0,0.078,0,0.117
EIF5,229.733,231.734,222.934,196.945,174.067,186.77
SERPINA4,0,0,0,0,0,0
SLC8A3,0.058,0.03,0,0,0.014,0
DICER1,9.775,10.939,12.291,10.758,7.548,10.772
ZFYVE21,61.612,64.154,71.112,64.954,71.821,69.663
MTHFD1,38.041,36.577,34.66,45.84,35.106,39.443
TCL1A,0.766,0.156,0.325,0,0,0.139
ZC3H14,46.707,45.895,45.994,45.294,41.224,42.509
TELO2,20.333,19.786,18.414,21.901,17.016,21.315
PCNX1,15.377,13.087,13.851,14.15,10.307,15.624
BDKRB1,33.774,16.484,15.53,23.414,12.806,15.696
GSKIP,18.37,16.225,16.537,17.192,15.864,18.262
VRK1,10.738,10.874,8.626,11.674,9.65,11.005
PSMC1,79.555,74.546,70.591,80.034,84.814,74.005
PAPLN,1.432,1.116,1.197,1.038,1.419,1.174
RPS6KA5,1.694,1.677,2.779,1.047,0.687,1.076
PPP4R3A,24.122,24.497,22.744,25.042,20.866,24.457
C14orf93,7.063,8.528,9.783,8.345,11.016,8.37
PSMB5,143.529,141.495,144.349,151.898,168.88,141.434
YY1,55.727,60.395,63.226,51.912,60.285,56.754
ACIN1,101.082,99.816,112.755,88.902,75.326,99.957
CCNB1IP1,31.614,32.836,34.085,31.787,32.475,28.106
TRIP11,16.813,16.819,25.174,18.048,13.523,13.865
APEX1,176.876,174.464,164.326,179.228,192.951,162.022
PABPN1,159.88,159.7,165.461,133.424,118.045,140.892
EFS,10.625,13.583,11.817,14.435,14.406,17.681
ARHGAP5,25.158,31.522,27.694,29.665,29.289,29.334
CINP,48.206,43.332,48.645,49.922,51.57,47.752
DHRS2,0.373,0.88,0.803,0.192,0,0
SRP54,33.772,34.182,36.605,31.427,31.822,29.996
CPNE6,0,0,0,0,0,0
CHD8,20.493,21.619,23.451,17.918,13.964,17.032
PCK2,39.502,51.84,56.206,52.852,69.628,65.875
PRORP,22.931,19.574,18.96,17.705,17.996,14.873
DCAF11,20.906,25.189,32.105,19.1,25.042,30.466
PSMA6,123.665,108.622,104.792,110.539,118.769,102.725
NFKBIA,32.534,32.633,28.775,19.446,24.016,24.312
EMC9,18.029,21.948,17.895,17.752,18.938,17.419
PSME2,122.595,139.58,132.666,100.551,110.21,131.721
BRMS1L,6.264,6.171,7.192,6.864,7.034,6.948
REC8,2.804,4.082,3.574,2.936,1.707,3.157
TM9SF1,75.721,66.257,59.554,65.133,72.303,67.634
SEC23A,88.232,85.226,81.879,101.61,92.784,105.867
GMPR2,46.528,48.938,59.437,47.988,58.675,52.127
PNN,49.383,44.236,50.942,42.103,28.373,40.361
RABGGTA,12.406,15.772,15.612,13.504,13.527,18.619
NFATC4,185.08,212.819,226.308,197.799,178.078,243.802
PLTP,8.65,11.063,11.817,11.839,11.774,15.558
PCIF1,10.699,12.371,14.446,14.029,14.847,17.607
GSS,38.775,35.909,38.436,35.198,35.216,39.294
MMP9,0,0,0.192,0.033,0.033,0
VSX1,0.174,0.089,0.187,0.04,0.078,0.08
TRPC4AP,61.253,61.648,60.448,60.863,56.518,62.152
PYGB,79.893,76.312,73.017,68.775,64.791,73.932
ABHD12,38.571,36.988,36.797,37.826,36.132,39.824
PROCR,23.505,24.803,23.967,26.323,25.273,23.055
GINS1,4.567,3.573,4.643,5.861,3.618,4.287
NINL,3.528,4.012,4.505,4.762,5.695,4.78
CD40,14.564,14.94,15.222,14.542,17.664,15.61
UQCC1,24.993,26.569,27.22,25.607,27.756,32.455
ZMYND8,14.949,16.362,18.197,19.092,11.024,16.716
SGK2,1.714,0.555,1.503,1.32,0.215,0.812
IFT52,33.106,36.54,37.9,30.534,37.086,33.224
MYBL2,13.91,15.379,12.957,22.536,17.134,22.913
R3HDML,0.069,0,0,0,0,0
HNF4A,0.101,0.192,0.243,0.164,0.116,0.479
NDRG3,20.332,23.878,24.484,23.197,25.296,24.081
SLA2,0.118,0.123,0.391,0.107,0.071,0.392
RAB5IF,93.081,74,74.709,83.035,92.038,74.58
NFATC2,0.91,1.339,1.54,1.668,1.92,2.582
RIMS4,9.783,12.559,1.194,13.226,2.433,14.311
PABPC1L,20.219,17.231,19.672,17.07,8.648,17.612
STK4,13.145,16.348,12.523,13.148,8.886,11.056
SALL4,0.09,0.413,0.262,0.091,0.148,0.223
ADNP,25.53,27.049,28.342,26.484,20.401,27.253
PFDN4,28.056,32.563,26.614,35.144,34.845,25.06
DOK5,13.881,12.571,9.787,16.978,17.982,15.357
CSTF1,16.28,17.725,16.969,17.697,21.014,20.777
BMP7,0.301,0.158,0.242,0.074,0,0.227
RAE1,21.88,23.418,20.324,23.745,19.028,22.513
TPD52L2,129.959,128.436,124.855,146.689,139.917,134.956
DNAJC5,35.885,32.859,28.529,31.85,29.239,31.497
NELFCD,40.545,37.181,37.049,40.143,35.34,38.337
CTSZ,340.573,344.208,314.845,375.276,382.553,385.872
PRPF6,50.967,54.036,55.186,46.305,51.634,52.903
TUBB1,0.025,0.074,0,0.18,0.044,0.09
PRELID3B,41.48,40.203,42.511,50.387,41.188,51.157
HRH3,0,0,0,0,0,0
MTG2,15.468,18.005,20.683,17.595,16.172,18.645
PSMA7,258.904,220.25,184.88,226.848,250.701,228.446
SLCO4A1,9.812,3.398,2.03,7.803,1.625,3.378
NTSR1,13.312,6.384,3.162,14.904,2.568,7.964
MRGBP,18.121,14.65,13.755,18.278,15.276,15.266
TCFL5,19.334,18.723,20.374,19.49,19.633,18.14
DIDO1,20.846,23.867,24.639,20.391,19.167,22.66
GID8,23.747,26.347,25.941,24.301,25.724,26.399
SLC17A9,24.488,20.063,19.631,26.997,14.695,24.841
BIRC7,0,0,0,0,0,0
NKAIN4,0,0,0,0,0,0
ARFGAP1,51.904,54.741,68.051,56.339,54.418,56.255
AVP,0,0,0,0,0,0
COL20A1,0,0.01,0.042,0.009,0,0.045
CHRNA4,0,0,0,0,0,0
EEF1A2,3.234,2.64,1.442,2.475,3.173,2.725
PTK6,0.528,0.669,0.372,0.389,0.442,0.726
GMEB2,8.325,8.174,7.009,8.243,7.904,10.079
C20orf27,52.519,48.728,50.759,55.889,58.805,53.32
SPEF1,0,0.338,0.239,0.051,0.152,0.459
CDC25B,39.01,57.054,60.922,43.939,39.235,50.533
ISM1,2.025,1.971,2.07,2.5,1.703,2.031
RNF24,42.613,43.908,38.248,46.96,30.576,42.797
ARFRP1,38.229,39.819,33.625,35.574,33.683,34.476
NDUFAF5,8.01,6.989,6.472,5.689,5.724,4.527
SEL1L2,0,0,0,0,0,0
TRIB3,29.98,42.073,47.703,33.802,51.347,45.833
RASSF2,2.986,4.102,4.39,8.258,6.087,8.181
CSNK2A1,68.326,72.091,73.663,80.664,72.423,68.497
SLC52A3,0.11,1.146,0.469,0.408,0.293,1.103
ANGPT4,0.058,0.115,0.075,0.156,0.031,0.124
RSPO4,1.606,0.844,0.935,1.758,1.17,1.231
CDS2,11.61,11.177,11.688,14.553,11.28,12.734
PROKR2,0.313,0.306,0.18,0.238,0.145,0.275
HM13,184.789,158.645,146.344,174.739,158.141,162.24
SNPH,7.17,5.722,5.884,4.248,4.321,4.118
MYLK2,0.03,0.089,0.189,0.135,0.027,0.188
SIRPB1,0.643,1.16,1.013,1.142,0.63,1.015
SEC23B,21.358,17.994,19.059,20.37,19.67,17.318
FERMT1,0.814,0.709,0.774,0.63,0.435,0.761
HAO1,0,0,0,0,0,0
PDYN,0,0,0,0,0,0
CCM2L,0,0,0,0,0,0
PLCB4,15.122,18.595,20.062,17.971,17.233,19.301
MYL9,161.382,173.41,183.951,211.454,277.098,222.979
HCK,0.081,0,0,0.16,0.045,0
TM9SF4,38.034,37.462,40.708,39.986,38.492,40.561
TLDC2,0,0.352,0.067,0,0,0.103
CRNKL1,13.787,16.106,16.346,13.461,13.183,14.046
POFUT1,34.204,35.132,32.446,33.917,30.753,31.932
SAMHD1,12.975,15.498,15.018,12.209,11.673,12.501
PAK5,0,0,0,0,0,0
KIF3B,35.517,32.374,33.787,29.235,27.489,27.777
MROH8,1.127,1.256,1.069,1.593,2.116,1.325
NOP56,91.199,72.535,65.726,79.739,62.041,72.389
MANBAL,47.266,44.126,47.308,46.775,53.549,44.363
IDH3B,50.191,49.527,54.359,47.177,49.976,48.014
MAPRE1,70.589,62.226,55.967,70.079,61.01,60.208
JAG1,1.124,1.802,2.563,1.653,2.55,2.985
CDK5RAP1,10.755,10.731,10.111,11.019,9.96,9.785
SNTA1,21.466,21.491,21.326,23.481,30.527,27.148
OXT,0,0,0,0,0.462,0
TTI1,12.197,11.28,13.647,10.785,8.488,10.784
E2F1,16.377,15.39,13.309,22.802,12.595,19.751
RPRD1B,11.986,12.656,12.288,13.121,9.37,12.343
PXMP4,5.334,6.74,7.374,5.813,7.414,7.706
CHMP4B,107.552,106.476,98.044,105.021,110.998,101.24
BPI,0,0,0,0,0,0
CST9L,0,0,0,0,0,0
SLC32A1,0,0,0,0,0,0
CST3,685.85,705.099,694.452,746.92,856.708,834.951
ASIP,0.175,0,0.206,0,0.704,0.797
CST4,0,0,0,0,0,0.131
ACTR5,4.732,4.405,4.626,3.895,3.756,4.443
WFDC2,0.475,0,0,0,0,0
AHCY,80.272,82.665,81.441,77.422,87.281,80.333
PPP1R16B,0.013,0,0,0,0,0
SPINT3,0,0,0,0,0,0
FAM83D,8.393,9.254,10.065,11.679,10.469,11.264
EPPIN,0.94,0.658,1.478,0.467,0.445,1.137
DHX35,6.763,6.427,6.382,8.148,6.082,5.155
DNTTIP1,56.89,58.033,51.862,49.456,48.325,56.885
MAP1LC3A,29.663,31.799,34.082,31.399,41.371,40.99
SYNDIG1,1.021,0.491,0.608,0.783,0.441,0.778
PIGU,13.303,13.94,11.457,13.405,13.294,13.492
TNNC2,1.497,2.899,1.735,0.922,2.584,1.67
ACOT8,18.818,27.059,24.759,19.087,20.573,21.783
APMAP,83.505,83.834,82.177,73.699,86.148,78.949
CELF4,0.047,0.073,0.433,0.533,0.098,0.344
ZNF516,10.961,17.864,18.766,14.293,11,13.229
CDH20,0.087,0.058,0.107,0.212,0.18,0.263
ADNP2,13.756,11.776,11.224,8.767,7.023,9.877
RBFA,25.008,25.309,25.152,23.078,22.145,24.989
USP14,50.023,37.879,41.932,41.653,35.046,40.156
VAPA,80.272,78.528,80.315,82.635,79.624,81.23
METTL4,6.674,5.523,6.586,8.434,5.873,5.079
LPIN2,20.835,17.362,15.892,17.157,13.619,16.077
SMCHD1,16.356,16.368,16.577,15.695,11.091,15.934
MYOM1,0.275,0.402,0.571,0.454,0.734,0.802
MYL12A,348.301,318.49,291.809,404.858,461.805,381.966
CEP76,3.337,4.885,3.732,3.127,3.245,4.809
ST8SIA5,0.054,0.085,0.092,0.109,0.026,0.163
CEP192,5.924,7.293,6.767,6.418,5.185,6.929
RNMT,13.674,16.472,13.973,14.845,11.887,13.292
SMAD7,17.202,18.73,18.975,20.96,16.684,22.121
LIPG,0.241,0.697,0.218,0.127,0.089,0.137
LAMA1,1.161,0.729,0.82,0.819,0.442,0.663
RNF125,0.304,0.447,0.489,0.206,0.31,0.454
ANKRD12,34.271,38.394,33.667,32.025,23.064,35.165
NOL4,0,0,0,0,0,0
POLI,18.811,16.48,18.884,15.759,11.771,13.412
MIB1,16.558,16.265,17.173,13.923,9.902,13.955
RBBP8,15.006,12.84,12.82,14.096,13.592,14.671
RIOK3,29.526,31.65,32.311,32.87,29.703,29.922
CSTF2,10.076,9.791,9.093,8.788,7.129,7.507
H2BW2,1.228,0.37,0.54,0.633,0.223,0.446
MXRA5,34.777,58.073,67.998,64.563,64.911,83.922
VSIG1,0.301,0.108,0.393,0.132,0.018,0.075
PSMD10,49.262,44.604,48.505,49.296,47.675,48.492
ATG4A,8.522,5.991,7.093,5.203,6.303,4.877
STS,18.816,20.58,20.721,19.146,16.51,19.009
TBL1X,24.651,20.535,19.563,20.334,17.866,20.412
GPR143,0,0,0.057,0.098,0.108,0.097
PGRMC1,129.057,146.493,146.533,156.129,162.451,157.719
POLA1,7.643,8.597,7.642,9.566,6.659,7.605
MID1,6.658,9.219,9.421,7.474,7.233,9.921
NKAP,18.417,20.408,19.793,15.476,16.189,14.178
RHOXF1,0,0.147,0,0,0,0.131
NXT2,5.726,7.425,7.509,8.067,7.662,6.506
GUCY2F,0.022,0.022,0,0,0,0
ATP1B4,0.108,0.127,0.023,0.078,0.02,0.276
MCTS2P,6.158,5.847,9.931,8.972,6.118,7.674
ALG13,27.511,23.905,24.862,29.646,21.496,30.028
PRPS2,27.952,24.057,27.344,33.809,26.102,27.656
TLR8,0.038,0,0.02,0,0.034,0.069
MOSPD1,12.528,12.024,12.756,12.003,11.799,10.297
AMMECR1,5.354,7.204,7.016,6.467,6.172,7.469
CHRDL1,0.273,0.32,0.335,0.281,0.471,0.382
WDR13,42.797,45.222,49.723,50.394,69.965,56.683
SUV39H1,4.863,5.181,5.272,6.222,4.431,5.489
PAGE4,0,0,0,0,0,0
SRPX,109.077,116.213,105.116,116.203,103.488,108.222
GLRA2,0.052,0.102,0.192,0,0,0.047
XIAP,12.794,12.725,13.015,9.476,7.44,10.253
STAG2,42.398,47.841,43.636,48.54,36.972,45.131
ATP11C,14.543,13.74,14.55,13.899,11.583,12.316
MCF2,0.045,0,0.048,0,0,0.041
F9,0,0,0,0,0,0
ABCD1,13.6,13.383,12.658,11.435,11.078,12.431
CCDC22,11.048,10.656,10.003,11.349,12.35,11.188
CACNA1F,0.353,0,0,0.163,0,0.012
SYP,0.991,0.967,1.159,0.966,0.52,0.818
PLP2,147.133,156.501,147.486,210.336,162.079,181.688
BMX,0,0,0,0,0,0
LUZP4,0,0,0,0,0,0
PLS3,72.479,71.081,66.6,88.889,78.934,80.267
NAA10,93.83,90.215,81.031,96.31,90.802,88.515
RENBP,0.687,2.302,1.682,1.007,1.184,1.64
ELF4,16.45,18.165,17.937,18.524,18.766,19.454
SMARCA1,32.506,32.582,32.799,32.977,32.927,35.399
MTMR8,0,0,0.067,0.029,0,0.057
ASB9,0.274,0.187,0.094,0.201,0.199,0.438
ZC3H12B,0.613,0.544,0.687,0.651,0.64,0.612
RBBP7,94.077,87.364,97.504,93.847,88.027,91.652
PPP1R2C,0,0,0,0.122,0,0
KCND1,0.425,1.475,0.826,0.835,0.358,0.72
OPN1LW,0,0,0,0,0,0
SLC25A14,7.847,7.236,8.513,8.693,6.685,8.559
FMR1,18.236,16.799,24.104,21.367,18.208,18.031
PIM2,3.932,3.797,3.659,3.256,3.15,3.732
SCML2,2.417,2.216,2.589,3.183,1.711,2.084
SLC35A2,21.086,19.275,20.164,24.076,24.943,21.578
PQBP1,61.81,64.82,63.023,53.372,73.532,55.143
RS1,0,0,0,0,0,0
PCSK1N,1.328,1.913,0.806,1.573,2.139,1.033
EMD,68.449,63.593,63.138,78.03,75.16,76.179
TAZ,20.285,24.56,24.104,24.969,19.961,25.716
RAB40AL,0.114,0.227,0,0.174,0,0
PGK1,395.499,331.152,290.717,466.763,350.038,394.245
GATA1,0,0,0,0,0,0
MAGT1,37.667,36.175,38.199,30.901,27.88,31.706
SMS,83.2,85.527,77.687,96.791,80.504,81.244
PHEX,3.183,3.435,2.537,3.507,1.1,4.301
UBL4A,26.2,23.246,21.544,32.379,29.793,29.804
CD99L2,56.235,59.919,65.868,60.549,65.667,66.548
EEA1,21.109,17.457,22.642,22.692,20.283,18.831
GPR50,0,0,0,0,0,0
RP2,13.568,11.648,12.163,13.991,11.469,12.166
JADE3,4.716,4.671,4.257,4.397,3.568,6.515
CDK16,78.487,93.819,88.289,87.488,91.475,95.365
USP11,23.026,26.165,26.33,21.532,22.48,24.423
PCYT1B,0.03,0.166,0.081,0.042,0,0.073
BRS3,0,0,0,0,0,0
HTATSF1,40.115,36.744,36.76,39.674,40.383,41.98
VGLL1,0.832,0.166,0,0,0,0
CD40LG,0.028,0.086,0.018,0.068,0.046,0.092
TIMP1,7264.731,6397.026,5641.457,5355.791,3971.069,4714.069
KLHL4,0.028,0.034,0,0.038,0,0.013
GABRE,21.385,25.422,32.399,21.903,13.393,30.897
PCDH11X,0,0,0,0,0,0
FGD1,13.014,14.715,13.747,12.327,11.148,14.405
PIN4,24.952,23.21,23.088,24.253,27.893,18.129
PORCN,16.281,14.358,14.021,13.526,11.689,12.863
ITIH6,0,0,0,0,0,0
MAGED2,96.375,102.447,100.895,108.062,124.502,115.056
RBM3,192.981,187.269,192.206,212.046,221.601,203.484
KLF8,1.15,1.566,1.065,1.51,0.741,0.889
SRPX2,75.365,88.416,75.211,67.06,54.156,65.139
SYTL4,6,5.896,5.6,4.022,2.72,3.122
ZDHHC15,0.103,0.12,0.205,0.079,0.064,0.21
CENPI,5.17,7.444,7.862,10.337,5.54,7.266
DRP2,0.13,0.288,0.271,0.284,0.208,0.493
TAF7L,0.081,0.278,0.077,0.185,0.182,0.478
PBDC1,31.44,29.355,25.241,34.865,28.177,30.879
GLA,15.341,16.746,14.273,14.102,15.993,14.211
ARMCX3,53.937,58.657,64.664,55.05,53.716,60.231
BEX4,16.355,16.175,22.313,15.277,18.352,16.239
RUBCNL,0.204,0.326,0.385,0.226,0.159,0.254
NALCN,1.656,2.182,2.267,1.991,1.086,2.373
FGF14,1.401,1.993,2.173,2.206,1.833,2.416
HTR2A,0.28,0.572,0.331,0.724,0.512,0.294
NDFIP2,18.34,19.219,17.189,15.548,14.881,13.719
TNFSF13B,0.538,0.352,0.58,0.71,0.735,0.617
FNDC3A,31.444,29.254,29.024,31.287,21.358,28.144
MLNR,0,0,0.239,0,0.068,0
CDADC1,6.291,6.073,5.475,9.395,9.844,6.735
CAB39L,10.939,10.862,11.506,8.461,8.523,10.264
KLF5,2.224,3.298,2.003,1.38,1.232,1.264
STK24,86.271,84.293,78.51,90.506,75.429,85.129
ACP5,0.648,1.286,0.748,0.482,0.83,1.203
DNAJC3,31.171,28.47,26.832,28.945,21.096,25.643
UGGT2,23.234,20.155,22.42,24.825,18.679,20.809
ARHGEF7,30.267,34.242,36.319,33.277,23.582,28.752
FGF9,0.269,0.749,1.027,1.071,3.05,1.932
SGCG,1.001,0.502,1.006,1.12,1.954,1.868
PARP4,36.059,37.455,34.962,34.672,24.888,31.001
SUPT20H,22.608,21.778,25.398,24.761,19.918,28.284
MRPS31,15.21,16.362,15.598,15.094,12.89,15.121
SLC25A15,5.903,6.068,5.002,5.814,4.034,4.495
KPNA3,34.301,26.277,25.815,31.142,26.403,28.027
FLT1,1.846,1.525,1.434,1.244,1.241,0.891
RGCC,9.928,9.19,10.221,6.967,5.788,5.541
VWA8,5.793,6.212,6.207,4.497,4.573,4.601
DGKH,2.589,2.146,2.667,2.427,2.162,3.353
KATNAL1,15.195,15.478,16.841,18.134,16.209,17.127
INTS6,19.701,24.33,24.623,20.259,17.314,23.157
ACOD1,0,0,0,0,0,0
DHRS12,7.611,4.135,4.71,6.582,7.809,6.588
MEDAG,16.737,14.207,16.16,18.467,20.344,17.498
TSC22D1,86.333,88.275,88.05,79.793,77.06,84.539
CLN5,31.853,32.72,36.52,27.392,27.92,28.05
OLFM4,0,0,0.062,0.053,0.079,0.026
MSLN,0.54,1.815,0.416,0.33,0.292,0.207
MGRN1,31.437,30.057,30.828,27.498,26.569,29.515
ZNF629,8.116,8.49,8.986,8.337,7.417,8.536
TRADD,32.812,37.039,32.443,27.135,33.766,34.225
HSF4,14.191,14.145,14.605,12.308,6.406,11.405
CORO1A,0.545,0.968,1.106,0.449,0.786,0.765
MAPK3,50.166,57.357,55.534,55.58,54.185,59.152
GDPD3,2.047,3.243,3.973,3.604,2.89,5.979
ELMO3,1.781,2.113,1.397,1.697,0.601,1.499
MT4,0,0,0,0,0,0
PHKB,26.798,28.641,26.515,26.213,32.349,31.448
LYRM1,14.236,19.944,17.244,18.64,22.213,19.738
NUTF2,94.187,84.728,86.299,83.633,88.981,85.778
NUP93,21.445,21.559,22.95,21.461,18.608,21.756
CENPT,49.232,46.787,49.678,50.07,34.241,54.285
TSNAXIP1,2.785,2.467,2.662,1.287,1.628,1.967
NFAT5,19.273,20.525,23.066,18.314,9.047,19.644
LONP2,26.182,29.576,31.73,25.143,21.508,26.85
N4BP1,11.054,11.515,11.461,12.51,12.544,17.484
CBLN1,0,0,0.037,0,0,0
ARL2BP,72.564,68.91,69.343,84.598,77.714,75.473
PLLP,2.113,2.149,1.757,2.488,1.213,2.869
ZNF423,0.181,0.211,0.184,0.403,0.277,0.578
CCL22,0.119,0.48,0.364,0.28,0.496,0.228
DHODH,3.475,4.528,4.149,5.664,4.785,3.378
CCL17,0,0,0,0,0,0
CTCF,23.63,22.481,22.294,21.316,19.468,22.745
ACD,15.788,17.043,16.682,18.357,16.8,18.23
POLR2C,39.602,41.99,42.699,38.52,45.971,38.776
PARD6A,0.895,1.381,1.61,1.402,2.318,1.963
ZNF821,4.34,7.641,5.625,6.62,8.406,7.801
MMP15,1.394,1.472,1.504,1.033,1.361,0.939
USB1,30.036,27.281,25.681,22.597,20.289,21.796
CYB5B,58.322,61.979,60.821,69.727,58.901,68.937
CCDC113,1.933,2.299,4.47,1.628,2.574,2.375
PRSS54,0,0,0,0,0,0
NME3,35.171,37.137,35.845,42.64,49.459,45.755
NDRG4,8.941,12.505,12.73,9.033,8.141,10.467
PSMD7,80.313,74.139,75.304,77.68,78.186,71.134
SETD6,4.316,3.96,5.135,5.276,5.012,5.257
SLC38A7,11.326,11.675,13.78,10.921,10.706,9.976
VAC14,12.764,14.748,14.018,12.91,12.862,12.552
HAS3,1.123,0.519,0.41,0.298,0.304,0.408
TANGO6,5.795,5.884,5.262,5.761,4.874,4.887
COG4,35.717,52.381,47.429,39.524,39.522,42.429
SMPD3,0.623,0.604,0.664,0.716,0.466,0.747
SLC7A6OS,9.985,9.294,13.49,11.043,7.032,13.8
SLC7A6,10.17,11.382,9.433,12.758,7.57,14.712
PLA2G15,19.225,20.771,17.772,15.908,16.059,19.467
ESRP2,0.757,0.68,0.077,0.044,0.109,0.259
FA2H,0,0,0.037,0,0,0
WDR59,22.395,25.346,21.47,17.919,15.808,22.451
MON1B,25.597,30.244,29.714,22.406,24.256,33.488
CMC2,50.066,41.207,39.971,39.652,49.649,42.874
AXIN1,25.654,21.288,17.232,18.957,19.17,21.792
HCFC1R1,42.896,62.676,60.902,66.194,105.457,72.354
NPRL3,30.398,31.704,31.251,23.774,23.321,31.302
MLYCD,1.807,2.009,3.029,1.652,1.507,1.36
MPG,134.418,130.697,113.427,129.162,139.273,131.08
NECAB2,0.249,0.467,0.81,0.535,0.224,0.415
HSDL1,10.467,11.371,9.751,10.428,8.566,8.918
TAF1C,19.745,23.372,24.506,22.98,14.866,27.62
NAGPA,10.923,15.538,13.898,11.026,14.671,12.036
WFDC1,0.348,0.143,0.151,0.065,0.627,0.387
SEC14L5,0.635,0.666,0.939,1.19,0.531,0.962
COTL1,225.981,189.569,180.067,224.168,214,203.25
USP10,47.23,42.952,36.732,44.936,39.386,37.423
CRISPLD2,15.601,12.234,15.168,13.919,15.455,14.703
TSC2,30.059,38.692,43.422,35.192,24.993,40.192
ZNF500,6.925,9.749,9.079,7.954,6.818,11.492
NME4,135.264,125.313,117.845,147.39,169.457,135.211
ABCC1,31.699,31.647,32.014,30.764,23.822,33.713
NOMO3,31.099,28.735,23.391,22.615,21.44,31.16
LMF1,11.863,13.08,15.066,15.833,10.702,13.069
FOXF1,0.394,0.44,0.567,0.38,0.209,0.231
CIAO3,14.088,14.783,14.884,12.778,13.782,16.062
MTHFSD,9.172,13.733,15.041,11.403,8.68,13.727
CLCN7,28.304,30.833,30.794,24.984,26.047,30.659
HAGHL,14.247,10.882,7.653,9.98,8.361,14.181
ANTKMT,30.175,31.47,31.342,25.993,30.075,29.956
SLC7A5,57.355,57.327,52.895,57.595,60.686,69.645
METRN,55.428,56.294,56.959,54.249,71.354,59.692
FBXO31,17.985,19.766,20.23,20.884,14.644,16.594
STUB1,128.09,122.082,104.485,106.76,124.442,117.638
RHBDL1,3.907,3.663,4.031,3.102,3.035,3.292
NUBP1,17.298,17.511,14.659,19.424,20.957,19.672
UBE2I,106.08,96.685,107.307,110.775,107.807,103.394
ZP2,0.216,0,0.09,0,0.1,0.079
MEFV,0.083,0.097,0.122,0.196,0.102,0.066
CRYM,0.259,0.118,0.325,0.288,0.316,0.068
EEF2K,7.439,8.729,8.745,7.899,6.13,8.388
CAPN15,34.293,29.54,25.609,28.902,17.476,32.241
PIEZO1,141.781,126.448,143.002,139.162,106.574,145.974
GSPT1,109.343,89.939,85.779,95.598,77.324,83.656
ZNF174,8.035,8.715,6.447,8.002,7.806,7.564
CLUAP1,23.333,26.807,24.524,20.533,22.091,23.461
UBFD1,51.073,49.474,52.519,44.297,38.282,42.961
PRSS33,0,0,0,0,0,0
EARS2,7.239,6.501,6.139,7.973,7.016,8.172
ELOB,271.365,268.38,274.266,289.126,341.724,285.228
GGA2,14.014,21.262,16.744,16.801,13.314,17.132
AQP8,0,0,0,0,0,0
CPPED1,11.855,14.432,14.079,17.08,14.099,15.141
USP31,2.759,2.267,2.234,3.054,1.837,2.057
HMOX2,33.444,30.744,33.335,29.909,32.21,29.455
DNAJA3,24.602,24.068,24.933,26.5,25.53,26.771
CORO7-PAM16,1.793,0,0,0.23,0.399,0.425
BFAR,50.141,54.546,57.113,55.847,55.978,49.759
SALL1,2.039,1.912,1.545,1.894,0.952,1.662
TOX3,0.016,0.032,0,0,0.015,0.015
RBL2,32.715,34.213,36.576,34.796,29.156,33.617
QPRT,0.932,1.628,2.675,1.79,2.374,1.62
XYLT1,23.473,24.206,23.559,25.176,16.929,22.941
PYCARD,29.163,27.493,22.604,32.406,35.977,31.165
RPGRIP1L,7.462,8.113,8.073,6.94,6.873,6.918
MAZ,146.808,141.511,142.816,178.564,180.923,202.199
STX4,99.38,92.749,99.226,82.044,75.907,86.006
CDIPT,101.122,106.756,101.29,93.887,111.991,101.76
BCKDK,37.423,37.957,34.517,51.467,47.856,49.063
KAT8,24.625,28.857,27.435,23.616,28.4,28.286
NOMO1,84.243,77.025,76.565,73.657,62.249,70.218
IL21R,0.218,0.415,0.393,0.436,0.452,0.43
SYT17,0.267,0.273,0.226,0.37,0.053,0.147
TMC5,0,0.089,0,0.121,0,0.101
CCP110,10.788,10.874,10.296,13.343,10.217,10.772
VPS35L,24.812,30.223,27.452,23.679,27.651,27.36
SLC6A2,0,0.055,0.027,0,0,0
RNF40,59.162,51.025,56.001,46.239,44.899,47.328
KNOP1,12.587,9.864,16.261,14.781,12.156,8.579
AQP9,0.137,0.089,0.146,0.126,0.314,0.215
AAGAB,27.942,24.797,22.516,23.629,26.084,23.805
IQCH,1.406,1.4,1.576,1.017,0.639,1.451
LACTB,13.58,13,18.725,11.875,13.355,8.851
CORO2B,25.028,17.58,15.847,20.568,9.686,15.521
CSK,43.368,38.131,39.368,39.635,40.793,40.849
HERC1,17.669,14.985,20.495,16.033,8.45,14.423
TRIP4,16.073,17.768,18.501,19.315,18.505,18.419
MTFMT,9.387,7.345,8.29,7.289,6.642,6.362
RASL12,0.401,0.506,0.389,0.303,0.362,0.332
AP3B2,0.869,0.979,1.201,0.5,0.657,0.517
ACSBG1,0.451,0.306,0.297,0.3,0.199,0.286
IGDCC4,0.81,1.429,1.511,1.188,1.053,1.706
RAB11A,164.401,157.132,142.772,154.848,146.328,148.896
CTSH,1.395,1.712,1.528,1.524,3.179,2.304
TTC23,12.601,16.034,19.477,17.822,15.465,15.1
CD276,94.31,93.083,81.965,81.69,81.463,88.3
FAH,30.243,28.166,27.241,29.248,28.105,29.234
CEMIP,141.381,79.919,81.363,62.872,105.118,91.351
RPAP1,12.043,11.819,14.917,12.761,10.664,13.214
HOMER2,4.525,3.959,5.309,4.458,4.047,4.483
EHD4,12.72,10.077,9.2,11.224,9.154,10.104
TMEM87A,27.084,28.784,30.623,25.35,23.06,25.203
ZNF106,18.878,22.718,22.614,17.754,15.447,17.659
CEP152,3.393,4.393,5.447,4.084,2.906,4.34
ATP8B4,0.687,0.6,0.627,0.536,0.73,0.495
OCA2,0,0.054,0,0,0,0
DTWD1,90.451,87.462,90.998,90.565,94.316,92.502
TGM5,0.22,0.264,0.094,0.122,0.04,0.03
FAM189A1,0.065,0.016,0,0.117,0,0.146
GABPB1,13.154,13,13.579,16.597,14.886,15.47
TJP1,30.407,28.236,27.297,26.817,21.727,30.98
BMF,1.702,3.116,1.054,2.318,2.334,3.32
DMXL2,5.465,6.259,6.331,5.105,3.409,5.496
SCG3,0.352,0.35,0.059,0.122,0.304,0.183
DNAJC17,9.417,12.035,11.906,16.525,14.953,11.531
EIF3J,50.443,44.945,42.554,42.692,45.527,41.04
SPG11,12.534,15.33,16.384,14.11,10.283,14.951
RHOV,0.267,0.536,0,0.049,0.289,0.146
VPS18,16.47,19.167,17.501,12.857,15.291,14.185
OIP5,3.842,3.913,3.893,4.237,5.731,4.413
SLC30A4,2.22,2.303,2.465,1.899,1.398,1.882
BLOC1S6,38.774,39.451,45.159,35.484,29.457,37.609
MYEF2,1.877,2.349,4.718,2.28,2.676,2.804
SGK3,3.507,4.53,3.464,4.183,4.122,5.95
PDGFRL,2.149,3.492,3.596,3.529,7.779,4.631
CSPP1,6.54,7.141,7.685,7.297,5.994,6.884
ZDHHC2,20.727,20.152,19.632,22.372,16.114,16.087
BRF2,6.093,5.796,6.327,5.984,9.697,8.405
TRIM35,11.758,10.313,10.197,9.219,8.653,10.093
ZFAND1,27.216,27.557,32.667,27.134,29.49,28.001
RP1,0.039,0.013,0.027,0.023,0,0.023
CA2,0.285,0.743,0.242,0,0.359,0
FZD3,1.582,1.286,2.224,0.785,0.38,0.381
INTS9,9.046,9.864,8.622,9.065,8.416,7.767
RIPK2,16.352,15.594,15.025,15.974,13.82,13.268
EYA1,0.051,0,0.055,0.07,0.023,0.07
NBN,17.431,20.725,15.123,17.79,16.206,16.283
TRPA1,3.953,3.954,5.368,4.947,5.204,4.257
CPQ,62.407,67.237,63.033,70.028,72.99,67.423
DECR1,36.756,45.698,38.637,40.899,50.889,41.787
CALB1,2.06,3.355,0.941,2.402,1.867,2.109
BPNT2,38.115,30.809,31.983,34.329,25.574,31.16
SFRP1,19.557,15.605,13.007,17.411,8.82,12.413
LAPTM4B,31.763,31.784,28.915,32.673,33.5,30.702
UBE2W,11.14,9.997,8.885,11.307,9.041,10.137
POP1,6.241,4.07,3.418,5.611,4.934,5.451
NIPAL2,13.463,17.191,17.565,18.048,20.344,20.435
IKBKB,25.179,23.495,24.534,25.247,18.388,24.302
PLAT,117.695,98.403,90.284,176.223,87.818,134.514
JPH1,0,0.017,0.019,0,0,0
DKK4,0,0.114,0,0,0,0
STK3,17.428,16.904,17.669,17.923,17.705,18.803
GDAP1,2.624,1.799,2.2,1.716,2.096,2.138
RAB2A,113.167,116.669,105.061,114.57,116.96,100.322
EIF3E,364.093,383.266,391.923,402.596,438.018,401.901
EMC2,26.928,32.803,31.246,25.07,29.591,30.471
ESRP1,0.591,1.181,0.175,0.036,0.117,0.024
CCN4,19.835,16.43,19.06,24.228,33.448,35.569
NDRG1,417.618,402.42,362.083,413.259,315.975,380.08
ZC2HC1A,9.045,12.652,13.018,13.145,7.999,9.543
IL7,3.362,4.414,3.55,3.535,7.681,5.072
STMN2,6.202,6.767,6.803,6.142,11.068,6.843
ARMC1,23.54,19.95,20.958,20.304,17.818,18.827
TRPS1,22.88,28.902,22.871,22.02,11.578,15.944
SPAG1,1.101,1.012,1.476,1.282,1.229,1.657
CHRAC1,23.734,21.694,28.598,34.264,27.932,26.193
NCALD,7.564,9.373,7.951,6.747,4.129,7.944
SNX16,5.707,7.175,10.821,10.541,10.613,10.046
GML,0,0,0,0,0,0
UBR5,32.351,28.18,34.025,30.51,27.284,26.951
GSDMD,41.193,46.04,47.138,45.172,45.701,56.006
GFUS,44.257,41.834,41.964,51.07,50.089,42.429
PYCR3,7.683,6.448,7.49,6.762,9.532,9.844
EEF1D,692.779,670.704,703.166,698.989,833.07,708.283
ANXA13,0,0,0,0,0.056,0
SQLE,23.251,21.691,19.003,17.154,15.712,20.177
SH2D4A,22.467,26.805,27.931,31.964,44.211,33.49
INTS10,25.811,29.294,34.787,24.231,25.524,25.389
ERI1,14.319,11.307,12.32,13.945,11.199,14.058
SLC39A14,62.209,47.725,48.25,49.098,37.725,43.618
MTMR9,7.735,7.219,7.104,7.144,4.906,6.703
LEPROTL1,18.255,25.038,19.728,20.005,23.334,19.809
DCTN6,46.182,50.308,48.09,51.325,52.203,44.199
R3HCC1,29.847,34.173,38.067,33.7,32.347,33.013
GSR,30.273,23.698,28.948,20.079,17.809,22.577
TNFRSF10A,3.668,4.06,3.508,2.108,2.879,1.806
UBXN8,13.271,15.171,17.905,18.946,17.354,16.214
PPP2CB,103.135,88.077,84.501,92.842,94.688,91.061
ERICH1,17.403,16.789,17.084,15.273,15.617,17.749
NEFM,0.326,0.225,0.248,0.32,0.135,0.25
TUSC3,89.223,89.503,84.533,94.148,95.409,94.641
ARHGEF10,27.242,28.203,26.89,28.851,25.201,32.168
KLHDC4,15.114,14.278,17.055,13.488,11.966,17.042
MCM4,36.745,35.651,36.379,51.131,30.547,45.51
ADAM2,0,0,0,0,0,0
KCTD9,46.59,43.111,44.563,49.922,40.565,46.93
FGL1,0,0,0,0,0,0
ASAH1,59.401,69.941,63.853,54.085,60.639,58.856
BNIP3L,198.612,187.232,170.08,194.691,179.732,182.488
MAN2B1,75.708,77.761,80.336,78.343,83.824,83.304
KCNN4,2.49,3.438,1.946,3.525,2.553,3.997
TULP2,0.354,0.541,1.037,0.228,3.884,0.45
NUCB1,238.194,252.921,258.582,260.28,273.92,268.671
DHDH,0.137,0,0,0.167,0.163,0.125
GYS1,55.799,48.331,45.932,57.53,39.772,52.979
MAP4K1,0.326,0.127,0.452,0.199,0.422,0.144
CGB2,0,0,0,0,0,0
ECH1,68.632,72.078,72.458,53.893,70.814,60.086
HNRNPL,188.512,194.699,202.961,197.555,188.915,198.724
NFKBIB,13.743,14.169,17.181,14.473,12.245,13.403
LHB,0,0.756,0,0,0,0
CGB3,0,0,0,0,0,0
TUBB4A,0.451,0.474,0.736,0.442,0.209,0.211
SARS2,9.557,11.218,10.464,9.895,10.658,12.453
KCNA7,0.395,0.345,0.259,0.159,0.035,0.111
SNRNP70,259.497,258.653,258.437,223.536,174.862,250.987
CLPTM1,78.755,82.063,75.155,71.376,62.714,73.93
RELB,15.789,13.574,13.937,9.962,9.722,10.55
CLASRP,36.114,36.362,36.543,29.987,23.324,35.673
LIN7B,6.971,6.698,7.038,3.778,6.983,6.719
PPP1R37,23.97,24.144,25.144,24.094,23.529,30.451
FCGRT,116.593,123.37,128.922,133.239,167.266,163.803
PIH1D1,68.824,71.179,70.73,76.936,78.65,84.795
CKM,0.172,0.057,0.061,0.052,0.206,0.208
ARHGEF18,12.979,14.272,14.802,11.54,12.218,12.839
PPP1R13L,11.695,10.27,13.192,15.709,14.283,18.991
PEX11G,2.225,3.516,3.349,3.213,4.095,3.827
ERCC2,17.078,16.022,19.403,17.93,16.517,17.086
DOT1L,17.853,14.516,11.887,18.897,9.712,15.714
PLEKHJ1,56.493,44.748,39.391,49.949,45.56,52.045
SLC17A7,0.701,1.065,1.203,1.475,1.084,0.963
RNASEH2A,27.96,25.083,25.959,31.931,34.657,30.48
KLC3,0.708,1.347,0.362,0.787,0.313,0.395
CD37,2.87,3.906,2.156,2.164,1.064,1.928
SF3A2,64.568,78.944,74.968,67.513,70.966,84.491
AMH,5.051,5.449,6.089,4.661,2.859,6.156
DKKL1,0,1.008,0.763,1.137,0.482,0.777
LYL1,0.545,0.929,0.967,0.944,0.164,1.332
OAZ1,852.395,779.309,779.541,850.875,994.159,801.609
TRMT1,32.298,29.243,29.677,25.955,25.484,33.405
STX10,66.61,57.892,63.748,59.664,73.323,61.375
RETN,0,0,0,0,0,0
FCER2,0,0,0,0,0,0
DMPK,48.162,57.323,60.471,53.524,56.087,78.13
CLEC4M,0,0,0,0,0,0
RSPH6A,0.3,0.451,0.372,0.208,0.18,0.227
TBC1D17,34.796,42.302,41.558,35.29,39.14,45.341
IL4I1,0.436,0.341,0.154,0.761,0.273,0.175
TLE6,0.368,1.003,0.885,1.021,1.268,1.064
CCDC130,27.401,28.482,34.764,25.636,22.5,30.472
PTOV1,140.996,143.269,139.703,128.766,123.992,147.418
TLE5,297.632,278.008,283.347,331.048,345.468,331.22
NOVA2,0.387,0.454,0.062,0.598,0.052,0.571
SGTA,44.156,44.791,44.481,46.83,48.276,47.612
LILRB1,0.579,0.709,0.478,0.412,0.25,0.275
MED25,27.235,27.399,31.847,23.915,24.376,28.605
LILRA1,0.073,0.037,0.078,0.033,0,0.099
SNAPC2,36.478,31.47,27.263,30.732,31.519,36.022
C19orf53,130.003,121.005,116.221,120.685,135.49,124.481
TIMM44,28.132,28.887,29.075,24.294,34.101,30.871
CCDC61,7.823,9.831,11.243,10.189,7.505,8.704
IL27RA,3.866,2.829,2.357,2.986,2.546,3.121
ASF1B,20.805,23.985,20.42,28.992,24.186,27.134
TNNT1,14.617,18.027,22.382,17.802,22.846,20.199
VRK3,18.293,24.954,24.334,18.957,21.378,20.91
FAM32A,78.936,83.99,76.94,83.148,88.551,83.364
PPP6R1,48.346,45.989,43.977,40.809,37.789,46.468
C19orf44,3.355,5.029,5.541,4.094,4.68,4.251
MED26,5.197,4.617,6.997,6.035,4.743,7.213
OLFM2,16.518,15.343,13.72,27.272,28.589,28.767
RASAL3,0,0,0,0.187,0,0.068
AKAP8,14.853,14.552,16.091,12.424,10.614,12.801
EPHX3,0.099,0.331,0.241,0,0.207,0
ILVBL,35.265,39.374,40.797,33.55,41.749,38.194
ZNF419,3.272,6.391,9.749,6.137,5.128,6.918
SYDE1,43.982,39.497,35.615,42.982,41.137,50.907
CASP14,0.654,0.831,0.4,0.455,0.495,0.57
SLC1A6,0.47,0.276,0.176,0.277,0.099,0.326
AURKC,0.762,0.792,0.98,1.514,1.881,1.384
POP4,18.694,28.69,28.02,22.127,18.5,21.266
CCNE1,7.509,6.035,5.705,9.3,6.178,9.519
URI1,74.024,63.063,67.929,68.363,65.185,59.799
PDCD5,200.946,169.986,157.477,189.978,189.989,152.327
ANKRD27,15.524,14.13,13.748,17.61,17.195,16.665
RPS16,2609.499,2657.536,2591.348,2600.441,3384.468,2581.162
TIMM50,51.235,50.83,53.842,51.938,57.448,53.497
LGALS13,0,0,0,0,0,0
FBL,226.214,250.725,234.413,268.917,274.437,254.052
DYRK1B,12.596,16.297,16.903,18.267,17.043,17.852
CLC,0,0,0,0,0,0
CCNP,0.413,0.28,0.204,0.228,0.149,0.15
GPI,290.421,298.368,251.413,297.099,270.969,318.229
AKT2,88.54,94.848,100.657,94.212,98.166,110.156
PLD3,240.525,258.299,256.557,242.406,307.858,261.097
PRX,4.48,5.589,6.086,4.674,7.54,5.487
PIAS4,11.113,12.666,11.455,11.248,10.339,12.642
NUMBL,40.761,57.331,63.204,45.334,53.637,63.311
EBI3,0,0.082,0,0,0,0
YJU2,11.798,14.063,15.89,11.774,18.423,14.204
SHD,0,0,0,0,0,0
TBCB,137.061,129,127.88,127.921,123.051,118.819
FSD1,5.781,5.985,5.298,4.416,5.154,4.817
POLR2I,102.642,94.532,86.288,91.629,101.185,89.1
OVOL3,0,0.17,0,0,0,0.304
CLIP3,44.267,53.614,59.359,43.479,48.723,51.938
ZFR2,0.185,0.051,0.166,0.16,0.046,0.093
SLC1A5,228.38,259.897,281.592,236.511,297.697,285.117
PRKD2,19.09,20.225,17.511,12.573,14.203,18.316
TJP3,0.029,0.114,0.061,0.078,0.077,0.078
APLP1,9.844,9.716,10.969,9.146,9.208,10.432
CACTIN,20.248,19.152,19.329,17.547,17.795,18.89
CCDC9,29.309,33.631,32.696,31.189,22.5,32.992
HNRNPUL1,120.39,124.921,138.997,138.926,134.538,144.46
FZR1,26.008,30.227,31.047,29.734,26.463,32.225
BBC3,5.864,11.871,13.705,15.026,27.283,22.974
TGFB1,153.098,140.355,129.315,120.404,110.58,123.108
DENND3,7.32,7.406,9.299,9.03,5.863,8.64
DMAC2,36.284,35.716,40.543,38.122,41.542,41.591
CEACAM4,0,0,0,0,0,0
PLIN3,243.229,226.029,224.774,254.245,240.368,251.42
MYH14,0.228,0.093,0,0,0.122,0
MRPL4,56.291,53.735,49.398,51.494,52.964,50.811
SIGLEC8,0.363,0.198,0.257,0.104,0.05,0.323
CD79A,0.695,0.438,0.462,0.24,0.313,0.552
LIM2,0,0,0,0,0,0
ICAM4,0.851,1.286,1.077,1.283,0.078,1.049
RPS19,3432.634,3352.374,3537.74,3450.61,4438.005,3645.622
NOP53,308.08,323.29,324.625,317.16,439.943,355.755
NKG7,0,0.14,0,0,0,0
ICAM5,1.334,0.762,0.608,1.091,0.245,0.682
ETFB,117.757,125.811,134.56,114.239,151.514,104.214
CD33,0,0.067,0,0,0,0
CEACAM5,0,0.023,0,0,0,0.087
CRX,0.099,0.158,0.147,0.072,0.087,0.233
BABAM1,61.28,57.285,61.954,58.368,57.693,65.796
TYK2,36.841,38.933,40.488,37.171,24.891,42.62
SULT2A1,0.182,0.228,0.097,0.042,0.082,0.042
CDC37,170.81,173.365,178.7,172.04,161.421,161.96
NAPA,48.266,51.975,58.771,54.751,61.029,63.736
RABAC1,258.732,266.771,245.193,260.918,308.655,292.78
ATP1A3,0.143,0.346,0.121,0.167,0.103,0.207
MEIS3,63.558,67.075,69.106,67.745,66.901,73.124
PTPRS,59.261,70.189,67.223,60.783,55.795,81.123
CNFN,2.152,4.165,1.115,1.12,0.718,0.652
ZNRF4,0,0,0,0,0,0
MEGF8,31.156,34.391,31.99,25.446,21.274,27.295
KDELR1,186.771,196.803,221.016,208.455,235.933,214.196
CYTH2,78.766,87.12,75.214,63.317,66.864,68.898
GRWD1,28.145,19.377,20.837,25.02,20.281,22.325
GRIN2D,0.853,1.27,0.908,1.183,0.637,1.207
SYNGR4,0,0.308,0,0,0,0
CLEC11A,167.801,175.511,167.969,160.674,166.355,178.715
ODAD1,0.275,0.582,0.58,0.28,0.115,0.42
CARD8,10.191,14.284,16.736,10.903,13.157,14.733
LIG1,16.981,10.645,13.651,17.888,12.417,17.53
SIGLEC6,0.193,0.09,0.098,0.123,0.124,0.144
ZNF175,7.683,8.622,10.505,8.67,8.627,11.119
PLA2G4C,1.441,2.89,2.734,2.018,1.47,1.802
SIGLEC5,0,0,0,0,0,0
CABP5,0,0.169,0,0,0.111,0
HAS1,0.175,0.082,0.131,0.275,0.184,0.405
RAB3D,6.652,7.354,7.886,8.316,6.039,10.327
DBP,7.238,19.887,24.412,21.025,27.446,28.239
TMEM205,60.988,55.11,45.067,49.544,69.313,58.404
CAPS,10.252,10.956,10.441,11.551,12.948,16.336
PLPPR2,46.493,47.584,46.368,45.153,48.174,48.53
FAM83E,0.21,0.162,0.357,0.13,0.071,0.237
RASIP1,0.257,0.308,0.027,0.187,0.162,0.07
THEG,0,0.082,0.328,0,0,0
FGF21,0,0,0,0,0,0
BCAT2,29.273,33.399,30.92,32.617,34.375,31.967
MIER2,11.958,12.632,11.556,13.391,11.097,14.639
PLEKHA4,42.214,46.405,46.769,39.888,40.569,45.869
PPP2R1A,131.65,128.482,121.881,129.832,127.678,146.072
TNPO2,40,40.712,46.057,40.073,32.005,42.241
WDR83OS,178.989,185.441,183.976,182.815,233.995,206.59
CACNG7,0.738,0.188,0.408,0.193,0.167,0.356
GCDH,14.337,14.664,12.463,11.984,13.43,16.438
LILRB5,0.102,0.13,0.055,0.216,0.138,0.07
KLF1,0.055,0,0,0,0.099,0
DNASE2,39.178,45.926,50.578,44.116,50.769,42.917
MAST1,0.066,0.082,0.137,0.177,0.163,0.458
LENG1,11.514,14.739,12.751,10.159,10.566,10.085
PRPF31,57.579,68.564,67.072,54.387,58.615,59.624
TFPT,20.809,14.668,17.809,20.888,19.363,20.778
JAK3,0.538,0.863,0.882,0.501,0.614,0.827
RPL18A,3337.735,3472.966,3199.21,3311.606,3933.261,3371.621
SLC5A5,0.212,0.114,0.051,0.042,0.081,0.147
KCNN1,0.023,0.139,0,0.106,0.114,0.147
ARRDC2,13.76,14.25,16.178,15.066,12.004,13.79
PIK3R2,47.602,50.67,45.838,41.695,41.266,44.26
RAB3A,1.608,3.091,2.229,2.352,1.943,3.098
PDE4C,0.362,0.198,0.582,0.552,0.321,0.588
ISYNA1,12.4,13.304,10.841,8.247,10.736,10.88
ELL,15.358,12.917,12.379,12.361,10.185,13.215
CRTC1,13.243,13.788,14.979,10.332,7.949,12.834
COMP,434.34,429.758,438.582,394.5,441.432,500.08
UPK1A,0.096,0.306,0.815,0.35,0.26,0.363
COPE,127.258,135.558,129.286,121.142,129.488,137.572
DDX49,28.96,29.569,31.633,28.876,31.511,31.666
ETV2,1.689,1.341,3.865,3.335,2.565,1.895
ATP4A,0.022,0.022,0.023,0,0,0.02
ARMC6,14.777,12.301,16.526,19.218,22.281,17.957
TMEM147,90.849,82.019,78.822,87.627,93.148,82.022
GAPDHS,2.2,3.517,2.779,2.78,1.178,3.558
MAG,0,0,0,0,0,0
TMEM59L,5.782,5.09,7.988,6.055,7.224,7.724
HAMP,0,0,0,0.352,0,0
USF2,125.819,115.679,104.041,98.679,103.147,92.62
LSR,2.395,3.224,1.473,1.363,0.795,2.008
KXD1,94.321,98.806,88.373,92.219,87.364,94.279
FKBP8,249.126,258.846,266.907,291.627,336.06,339.928
SUGP1,17.079,19.327,23.803,17.941,14.2,17.815
HPN,0.219,0.05,0,0,0,0
ZNF14,2.568,3.552,3.917,3.302,2.892,2.765
SCN1B,9.848,10.584,10.727,11.961,12.354,10.978
PBX4,3.056,1.986,1.785,2.196,1.728,2.394
ERF,41.892,49.072,41.382,44.169,43.723,41.47
GSK3A,51.122,49.036,42.963,43.286,38.241,50.115
ATP13A1,23.017,22.084,22.769,20.397,15.985,19.584
ZNF574,8.945,8.741,6.227,7.892,7.793,11.058
GRIK5,0.124,0.241,0.211,0.135,0.134,0.045
SIPA1L3,11.447,7.733,6.759,10.562,4.431,8.033
ZNF85,5.961,5.582,6.47,5.711,3.499,4.546
ETHE1,97.483,101.439,91.396,107.833,114.582,100.527
CADM4,3.145,3.421,3.14,2.693,2.692,3.101
SMG9,17.387,15.7,24.424,20.592,17.592,17.762
AVL9,9.811,10.716,11.327,9.256,7.408,9.191
RUNDC3B,0.124,0.125,0.047,0.08,0.018,0.081
CFAP69,4.892,3.523,2.788,3.863,1.789,2.715
GTPBP10,8.907,10.577,13.884,8.206,9.469,9.673
RASA4,32.487,39.448,44.767,38.785,42.7,47.059
CDK6,14.275,12.604,13.4,18.456,11.352,18.535
PMPCB,47.546,50.272,49.868,44.172,51.333,46.233
DNAJC2,18.602,17.446,18.422,18.247,17.87,18.02
TFPI2,132.909,48.466,40.313,56.243,15.465,30.919
BET1,29.809,26.508,28.35,27.827,26.665,29.898
NAMPT,56,43.981,49.464,41.663,29.452,36.38
POLR1F,7.851,7.967,7.203,7.182,6.595,6.897
PIK3CG,0.076,0.031,0.024,0.04,0.04,0.031
PON3,0.113,0,0,0,0,0
PON2,51.757,51.88,52.709,49.981,42.452,49.482
ITGB8,1.775,3.819,4.765,3.137,2.67,4.367
HBP1,55.501,71.885,63.691,61.549,70.378,64.054
DUS4L,1.986,2.416,2.767,2.036,2.153,2.601
SP4,1.653,3.336,2.42,2.25,2.919,2.247
WDR91,3.592,4.861,5.905,4.309,4.582,4.814
DNAH11,0.096,0.08,0.061,0.163,0.102,0.083
CBLL1,11.541,17.437,14.649,11.66,11.597,12.792
DLX5,0,0.128,0,0,0,0
MTPN,116.043,106.359,101.514,116.983,98.51,106.674
STEAP1B,5.732,2.592,2.037,5.578,1.799,3.077
PTN,4.598,5.471,6.302,7.133,7.951,6.41
MPP6,13.156,9.152,10.088,11.988,8.952,10.296
GSDME,21.451,17.403,19.978,14.178,18.005,15.515
ATP6V0A4,0.14,0,0,0,0,0
ZC3HAV1,24.19,24.056,25.832,22.819,16.721,21.093
TTC26,7.788,7.037,5.54,6.848,4.386,6.835
OGDH,43.903,40.428,41.049,35.82,33.228,39.109
NPVF,0,0,0,0,0,0
ADAP1,2.734,2.96,2.026,3.389,3.749,4.385
TFEC,0,0,0,0,0,0.068
H2AZ2,120.441,121.742,113.126,115.589,118.78,112.577
CAV2,100.327,101.224,93.915,128.749,104.104,107.231
CAV1,1305.72,1330.664,1255.061,1507.932,1259.174,1430.559
MET,26.301,22.734,17.343,27.933,13.218,19.356
RNF32,2.392,2.61,1.35,2.405,3.59,3.306
LMBR1,15.476,16.845,15.666,13.434,13.402,13.958
WNT2,0.736,1.933,3.232,5.244,9.028,9.241
HOXA1,0.468,0.757,0.725,0.49,0.728,0.773
DNAJB6,96.707,83.531,88.208,86.068,81.176,79.679
HOXA2,0.052,0.209,0.111,0.238,0.094,0.237
HOXA3,1.767,0.879,2.462,0.504,1.584,1.177
LFNG,13.547,15.055,16.054,12.483,14.765,16.642
HOXA5,1.054,1.956,1.57,1.881,1.947,1.531
HOXA6,0.796,0.703,1.163,1.198,0.808,1.155
BRAT1,26.148,26.24,23.785,23.041,22.834,28.637
IQCE,21.61,17.316,16.581,17.598,10.328,19.993
ANKRD7,0.299,0,1.021,0.257,0,0.512
VIPR2,0.12,0.088,0.045,0.096,0,0
TSPAN12,0.065,0.129,0.512,0.599,0.537,0.264
SSBP1,139.448,134.781,135.949,132.618,148.196,132.355
HOXA13,0.59,0.653,1.104,0.899,0.961,0.926
CPED1,9.786,10.215,9.792,16.01,13.649,15.337
EVX1,0,0,0,0,0,0
HIBADH,37.474,39.551,41.05,38.298,46.337,41.593
TAX1BP1,86.551,89.911,92.741,92.072,86.724,84.737
CPVL,0,0.118,0.044,0.315,0.136,0
CHN2,0.074,0.037,0.579,0.276,0.226,0.714
GRB10,14.721,18.206,18.343,20.478,17.164,23.719
ABHD11,18.507,15.604,13.74,16.516,12.131,11.456
COBL,0.05,0.13,0,0,0.058,0
FKBP14,16.338,13.536,14.663,13.484,14.415,12.745
PLEKHA8,5.845,6.642,4.872,5.619,6.032,6.044
STX1A,71.593,51.388,40.259,51.972,15.878,38.526
NOD1,4.057,4.968,4.638,4.682,3.006,5.728
GARS1,232.263,226.613,246.203,279.076,286.85,280.418
CRHR2,0.184,0.631,0.12,0.101,0,0.302
EPHB6,1.189,1.818,2.177,1.834,4.216,2.847
MINDY4,5.021,5.022,5.055,4.643,5.546,5.109
GHRHR,0,0,0,0.201,0,0
CASP2,13.874,12.3,14.408,13.489,10.574,17.385
CHCHD2,389.079,361.18,335.704,386.624,386.395,351.617
CCL24,0.066,0.307,0.456,0.193,0,0.644
HSPB1,339.652,377.098,372.457,376.432,514.692,443.496
NPTX2,9.172,6.78,7.67,3.942,3.975,5.428
PDAP1,129.036,129.122,142.285,107.521,126.11,93.534
BUD31,97.541,96.82,107.179,95.019,119.462,98.586
PTCD1,5.833,4.944,3.563,4.625,3.991,5.13
CYP3A5,1.392,1.643,2.555,1.582,1.325,1.419
ZKSCAN1,22.303,27.88,28.002,25.968,21.636,26.539
EIF3B,141.342,116.793,118.891,134.219,124.497,139.065
SNX8,18.36,18.688,17.893,19.416,16.78,15.319
NUDT1,42.706,46.311,51.31,48.337,56.775,47.759
PTPRZ1,0.122,0.168,0.076,0.028,0.052,0.028
TAF6,47.417,43.651,46.741,40.228,41.943,47.738
WASL,28.36,26.385,28.553,24.05,22.306,23.069
HYAL4,0.314,1.046,0.626,0.235,0.371,0.25
SPAM1,0,0,0,0,0,0
AIMP2,25.66,25.746,26.942,26.118,29.625,28.328
TFR2,0.336,0.316,0.183,0.794,0.465,0.521
FSCN3,0,0,0.042,0,0,0
MOSPD3,24.76,27.181,27.827,25.806,27.928,30.522
PAX4,0,0,0,0.039,0,0
PCOLCE,696.085,734.307,768.851,768.031,928.203,915.208
FBXO24,0.672,1.065,1.548,1.073,0.96,1.719
PPP1R17,0,0,0,0,0,0
RBM28,17.65,17.546,18.094,13.325,13.066,15.892
USP42,5.277,6.186,5.083,5.759,4.769,6.427
IMPDH1,54.081,53.425,50.064,55.054,51.294,57.915
AGFG2,3.449,3.489,3.665,4.76,4.769,3.639
LSM5,45.66,39.45,39.3,46.302,46.679,42.844
SERPINE1,1282.439,1184.739,1088.213,1477.203,1156.864,1401.2
AP1S1,118.216,105.47,96.413,104.802,120.139,107.693
MOGAT3,1.034,1.337,0.963,1.04,0.639,2.489
C1GALT1,64.432,55.38,56.931,66.458,64.198,49.789
PLOD3,110.77,105.673,112.146,112.435,111.091,121.334
RPA3,15.302,14.313,23.967,15.137,18.036,17.911
ZNHIT1,164.418,167.206,166.202,164.602,189.067,173.099
CLDN15,8.047,6.495,7.082,6.393,3.71,6.467
NOBOX,0,0,0,0,0,0
GLCCI1,3.496,4.639,4.178,3.384,4.463,3.281
MYL10,0.395,0,0.104,0,0,0.267
PHF14,16.58,14.906,18.429,13.578,12.946,13.742
NRF1,8.551,8.109,8.697,9.832,9.461,9.061
TMEM106B,13.442,11.578,14.129,12.966,13.43,12.219
EZH2,11.007,14.123,13.61,17.284,11.949,17.281
CEP41,5.099,6.565,7.186,5.934,5.678,8.76
ZNF862,14.332,16.67,15.007,12.221,7.691,15.639
SFRP4,0.863,0.289,0.43,0.526,0.26,0.419
MEST,5.603,16.512,21.948,17.641,51.646,27.221
MEOX2,7.323,11.811,14.864,16.181,18.623,17.452
ANKMY2,14.659,20.378,24.951,18.357,21.955,16.698
ACTR3C,0.031,0.083,0.068,0.014,0,0.042
POU6F2,0,0,0,0,0,0
TSPAN13,1.618,2.271,1.476,3,1.416,1.763
RARRES2,12.016,11.343,13.152,12.869,19.323,16.583
AGR2,0,0,0,0,0,0
AHR,22.887,31.747,32.744,26.644,26.528,31.551
CHCHD3,46.697,43.585,44.839,48.101,49.115,44.716
GIMAP2,2.374,2.635,6.994,4.925,4.279,4.65
TMEM176B,0.816,0.196,0.181,0,0.462,0.428
GLI3,10.391,12.413,14.569,14.544,13.835,15.588
PSMA2,106.047,102.69,93.068,97.008,111.036,91.185
MRPL32,48.344,48.439,48.193,47.269,49.392,42.288
COA1,59.428,63.582,57.17,58.755,59.241,60.954
BLVRA,93.658,87.345,77.532,81.291,77.475,77.594
URGCP,27.249,28.051,26.398,22.027,26.761,27.431
TMEM248,43.005,41.218,43.68,44.592,39.323,43.179
RHEB,116.268,107.261,115.928,117.242,126.787,108.723
PRKAG2,13.22,13.045,11.163,14.763,12.615,14.873
AEBP1,96,100.814,107.217,136.923,129.208,153.014
POLD2,101.306,88.666,88.231,119.763,110.973,110.866
MYL7,0,0.258,0,0.708,0,0.229
GCK,2.003,2.789,2.717,3.145,3.025,2.208
BCL7B,48.467,43.744,40.34,51.119,48.45,45.839
YKT6,96.357,78.999,75.301,88.793,84.977,81.1
TBL2,46.482,39.603,45.483,45.897,43.789,42.269
GALNTL5,0,0,0,0,0,0
CLIP2,61.105,59.083,53.386,51.869,46.327,51.944
EIF4H,233.712,231.36,233.842,249.92,256.123,248.989
LIMK1,34.252,28.684,29.935,34.647,29.898,35.576
SPATA6L,0.27,0.64,0.331,0.518,0.131,0.462
SLC1A1,20.119,16.949,13.294,18.975,9.418,14.029
LHX2,0.192,0.22,0.374,0.809,0.398,0.159
FKTN,8.986,10.322,11.359,9.695,7.279,8.676
FSD1L,2.835,3.776,3.686,3.11,1.946,2.332
CNTNAP3,0,0.049,0,0,0,0
SPIN1,38.6,38.166,38.105,38.26,36.963,37.955
NMRK1,16.225,16.291,18.907,20.032,14.037,16.578
TMEM245,27.928,30.915,29.764,23.401,19.042,24.117
PRUNE2,6.606,8.032,12.207,10.027,8.841,11.827
MEGF9,5.64,5.738,5.973,4.471,3.546,4.704
TRIM14,4.977,3.917,4.214,4.998,4.518,4.034
CORO2A,0.291,0.366,0.174,0.273,0.163,0.296
TGFBR1,38.696,41.739,39.224,31.444,26.307,31.539
SEC61B,203.451,195.374,180.875,195.208,234.002,190.66
C5,2.393,2.446,2.733,2.4,2.27,2.581
OGN,0.222,0.766,0.68,0.584,1.401,0.963
ASPN,0.443,0.514,1.014,1.293,3.598,2.098
ECM2,11.616,12.912,15.108,16.406,26.676,21.858
TLE4,21.925,24.425,25.304,19.99,16.827,21.56
LHX6,0,0,0,0,0.076,0
PTGR1,60.429,65.108,67.314,58.056,70.477,55.623
SUSD1,2.928,3.527,3.726,3.589,3.792,3.608
AMBP,0,0.074,0.223,0.393,0.397,0.466
AKNA,6.55,9.935,9.518,9.626,11.747,14.126
TNFSF8,0.117,0.021,0.023,0.054,0.053,0.053
DNM1,46.716,39.528,67.217,36.601,29.729,46.914
ENG,207.566,175.508,152.57,177.586,133.199,165.448
AK1,74.903,73.076,75.683,76.794,94.613,79.13
CDC37L1,11.649,12.991,14.473,11.419,13.922,12.181
RLN2,0,0,0,0,0,0
RLN1,0,0,0,0,0,0
PLGRKT,13.541,13.971,17.055,16.744,16.749,12.752
TBC1D13,18.454,19.003,19.131,17.809,16.888,20.316
RIC1,14.407,16.754,15.777,13.376,12.931,17.297
KDM4C,17.638,16.815,15.553,15.305,12.496,15.896
DOCK8,0,0.052,0.053,0.024,0.019,0.059
KANK1,7.246,8.659,8.115,10.22,8.9,9.237
ELAVL2,0.574,1.018,0.299,0.428,0.379,0.526
NCS1,37.126,33.528,34.533,37.391,32.072,36.892
TESK1,32.539,31.562,29.375,24.148,24.283,29.019
KCNT1,0.103,0.09,0.073,0.041,0.031,0.042
CA9,1.441,1.33,0.563,2.448,1.817,2.609
FUBP3,45.867,42.538,41.651,39.376,38.622,39.515
TYRP1,0.029,0.118,0,0.216,0.106,0
CREB3,56.649,51.687,51.969,48.145,56.852,53.87
RGP1,15.372,15.5,16.353,13.036,12.552,15.837
MPDZ,18.111,17.347,19.662,18.605,18.321,19.187
LHX3,0,0,0,0,0,0
DDX58,3.713,1.818,4.036,1.88,2.994,2.546
EDF1,427.607,403.513,409.089,466.549,543.498,424.218
PIP5K1B,0.094,0,0.142,0,0,0.028
GLIS3,5.987,6.228,7.318,5.559,3.359,5.118
BAG1,73.25,66.942,68.248,53.61,66.16,63.057
RAPGEF1,50.059,45.821,49.109,40.816,38.107,48.633
NPDC1,133.598,133.101,121.865,116.323,105.549,141.028
APBA1,3.723,3.65,3.461,2.562,4.149,4.148
SETX,30.036,26.534,27.474,26.666,18.086,25.014
SH3GL2,0.032,0,0.034,0.029,0,0
PTGDS,59.099,65.918,60.61,58.713,85.701,78.665
ABCA2,30.463,31.144,32.007,30.243,23.324,36.458
SHB,12.117,9.479,8.626,11.251,10.377,10.636
UBE2R2,35.076,37.735,39.704,37.363,36.952,36.164
ABHD17B,5.679,7.384,7.138,6.49,5.004,5.767
EXOSC3,18.877,16.064,14.128,19.19,13.457,17.74
ZFAND5,95.313,110.935,113.929,81.734,82.543,87.663
DVL1,61.678,60.957,61.072,59.838,48.956,65.633
PDLIM1,51.483,61.28,69.579,76.905,85.973,78.293
CCNJ,2.754,2.069,2.603,2.182,1.651,2.018
DNTT,0,0,0,0,0,0
GATA3,0.189,0.189,0.107,0,0.216,0
ATRNL1,0.056,0.226,0.358,0.051,0.677,0.024
HPS1,44.779,42.409,45.912,42.768,40.17,43.154
PHYH,24.178,26.767,24.138,18.654,25.001,19.31
RASSF4,1.329,2.24,3.677,2.068,2.058,3.301
DNMBP,21.724,18.073,18.615,16.743,11.927,16.563
RAB11FIP2,10.486,10.929,13.742,13.363,14.609,14.96
CXCL12,154.054,276.794,354.545,302.934,443.994,378.017
ERLIN1,92.93,93.505,85.541,99.498,77.335,85.939
EIF3A,168.785,148.453,155.596,135.072,118.707,136.529
PKD2L1,0,0.03,0.063,0,0,0
CUBN,0.793,0.89,1.027,1.514,1.052,1.404
TRDMT1,3.42,2.89,2.298,2.972,3.033,5.017
DDX50,38.048,37.331,35.776,43.379,43.904,39.761
MAPK8,14.723,14.198,14.586,14.821,11.029,13.343
SEC23IP,24.356,15.681,16.458,16.222,16.358,19.207
ATE1,9.701,8.088,8.865,10.85,7.887,9.24
NSMCE4A,23.812,21.006,24.672,25.66,20.187,23.368
PLEKHA1,21.283,18.702,17.78,20.477,16.234,18.796
PALD1,0.052,0.07,0,0.032,0.063,0.032
UNC5B,51.688,55.278,53.346,41.176,39.246,48.011
CDH23,0.117,0.258,0.14,0.111,0.039,0.256
VSIR,12.971,22.077,25.872,20.356,42.215,34.968
SPOCK2,0,0.048,0.081,0.174,0.028,0.043
MICU1,37.862,43.29,46.182,42.391,51.964,40.87
PPP3CB,47.268,44.226,47.917,47.862,50.386,51.712
CCSER2,17.603,24.726,23.802,20.931,20.215,22.603
BMPR1A,25.441,25.884,23.036,23.485,23.474,18.416
MINPP1,25.985,23.024,21.328,20.993,17.01,20.135
ACTA2,136.665,168.256,174.656,174.392,215.903,196.302
LIPA,30.361,33.972,36.075,29.573,33.329,31.301
TLX1,0,0,0,0,0,0
TWNK,6.976,3.414,3.534,4.917,4.665,4.783
LZTS2,58.652,53.586,51.978,65.438,67.365,72.425
SFXN3,43.179,48.145,48.829,46.402,35.556,50.517
KAZALD1,0.94,1.675,2.324,2.174,3.884,3.456
FBXW4,18.359,20.837,18.118,16.82,20.423,19.821
FGF8,0.256,0.086,0.152,0.079,0.343,0
NPM3,40.87,32.063,35.037,35.543,38.599,36.28
TNKS2,27.658,26.052,26.586,25.492,19.264,25.348
PITX3,0,0.159,0.472,0.145,0.285,0.92
GBF1,40.398,40.164,52.314,29.282,19.857,35.583
ARHGAP21,60.264,68.29,69.816,65.702,50.725,63.344
CPEB3,0.385,0.439,0.585,0.387,0.445,0.627
FBXL15,13.68,15.679,12.212,9.804,17.525,17.675
CUEDC2,65.857,71.337,75.634,75.292,95.418,82.174
SUFU,10.601,10.813,9.95,8.579,6.485,8.519
ANKRD26,5.586,8.564,9.341,6.364,6.235,7.537
ACBD5,18.889,20.224,17.221,19.153,16.947,17.989
LHPP,16.055,16.662,16.176,13.924,18.787,14.84
LARP4B,21.644,21.26,22.012,23.418,17.991,21.212
GTPBP4,19.955,18.837,17.973,18.076,16.807,19.781
EDRF1,8.448,8.8,11.33,7.927,6.675,10.178
BCCIP,47.593,44.622,45.78,45.138,44.083,42.671
MTPAP,7.507,7.367,7.824,6.19,7.111,6.271
NEURL1,1.168,0.734,1.136,1.037,0.336,1.301
SH3PXD2A,38.162,45.455,43.804,39.453,31.95,46.976
PITRM1,74.017,66.474,59.246,55.842,35.289,50.799
STN1,18.9,19.95,18.109,22.417,17.219,18.314
MAP3K8,5.635,8.43,12.907,4.038,6.038,6.854
DKK1,121.331,100.796,99.672,139.664,139.684,137.044
EBF3,7.816,7.363,9.599,7.578,5.925,7.933
GLRX3,79.765,69.19,69.78,70.404,63.413,62.206
SORCS1,0,0,0,0,0,0
TASOR2,18.475,21.843,24.439,19.635,15.831,17.075
XPNPEP1,34.442,33.081,31.718,32.343,33.962,32.877
SMC3,25.814,26.067,27.307,28.41,22.101,26.001
SHOC2,32.189,33.808,34.308,33.04,32.558,34.825
TFAM,21.472,22.444,20.874,18.247,17.614,14.725
CCDC6,17.907,18.426,20.908,18.549,16.63,18.491
CUL2,30.281,25.941,25.13,24.425,22.474,25.007
CCNY,38.953,34.287,35.017,35.714,33.948,35.069
UBE2S,133.095,108.802,108.181,110.44,125.229,120.427
RPL28,2805.769,2795.569,2838.628,2919.111,3353.712,2768.331
ZMIZ1,57.681,55.744,52.566,48.703,34.537,50.466
DNAJC12,0.076,0,0.162,0.167,0.245,0.252
PPIF,31.158,31.168,31.377,32.173,28.412,36.449
PBLD,5.159,6.838,7.545,5.766,4.322,5.582
TSPAN14,29.296,28.48,31.345,26.238,22.218,25.328
LGI1,0.543,1.051,1.513,0.93,1.559,1.25
TBC1D12,5.098,6.343,6.148,4.763,5.221,4.857
CYP2C18,0,0.061,0,0,0,0
KRT23,0.192,0.546,0.45,0,1.36,0
CRYBA1,0,0,0.14,0.367,0.119,0
NUFIP2,20.814,20.847,16.179,23.314,10.381,16.921
GIT1,28.227,30.861,31.893,29.46,24.533,34.096
RPL19,2262.886,2257.605,2276.029,2454.951,2877.001,2334.24
FBXL20,9.531,13.33,11.384,11.327,8.751,10.385
RUNDC3A,0.279,0.386,0.273,0.176,0.314,0.217
UBTF,48.846,50.461,50.933,54.75,54.379,58.064
CSF3,0.119,0,0,0.061,0,0
PSMD3,68.834,64.121,60.528,64.902,69.37,60.815
CASC3,38.762,41.181,38.992,38.138,34.127,39.737
RAPGEFL1,2.439,3.337,3.414,1.84,0.858,2.526
RGS9,0.176,0.293,0.251,0.418,0.474,0.122
RNF43,0.046,0.116,0.036,0.029,0.139,0.029
WNT3,0.999,0.922,0.823,1.322,0.83,1.251
ASPA,1.709,1.68,2.146,1.652,2.138,1.857
RAD51C,11.293,15.835,8.935,16.061,21.414,17.409
SEPTIN4,1.337,1.484,2.31,1.501,2.415,2.193
MTMR4,11.031,11.257,10.486,12.335,8.546,11.911
TRIM37,16.756,21.327,15.091,18.486,13.044,10.636
P2RX1,0.063,0,0.067,0,0.028,0
DHX40,32.24,33.088,36.444,31.791,34.401,32.951
KRT37,0,0,0,0,0,0.046
TUBD1,2.928,3.534,3.072,3.455,2.606,3.529
KPNB1,161.145,152.075,151.295,174.97,157.27,171.78
GOSR2,27.013,24.015,28.452,31.166,25.23,29.172
PNPO,10.165,8.677,8.757,10.535,11.912,12.012
RPS6KB1,21.274,24.55,25.88,21.566,17.544,20.19
CDK5RAP3,88.964,91.622,102.411,84.568,71.452,112.973
CBX1,78.898,77.265,77.02,82.097,80.181,80.448
RECQL5,13.14,14.161,15.314,12.928,8.687,14.148
PIGL,10.134,12.09,14.395,12.457,6.969,9.27
GALK1,23.344,24.666,22.558,26.435,26.754,29.557
INTS2,3.944,4.245,4.711,3.97,2.421,5.438
CAMTA2,25.625,27.89,29.144,24.829,17.634,28.564
MED13,12.557,12.715,12.376,12.087,8.831,11.788
HOXB6,50.842,47.192,42.573,52.696,38.543,47.537
ENO3,18.192,27.672,29.719,38.524,16.777,50.519
PFN1,1461.245,1345.824,1303.572,1635.376,1725.973,1552.558
RNF167,54.766,64.087,64.824,61.602,65.121,64.119
SLC25A11,28.868,30.573,30.992,31.718,36.857,30.477
RASD1,2.351,1.814,1.383,1.738,1.577,1.634
CHRNE,0.356,0.323,0.484,0.259,0.272,0.46
RAI1,13.252,13.065,13.533,15.258,9.292,13.678
NUP88,14.325,15.413,13.882,19.464,15.361,16.654
C1QBP,112.592,96.232,89.742,105.577,102.117,97.7
SLC6A4,0.205,0.088,0.071,0.208,0.126,0.221
BLMH,23.63,22.699,23.467,18.853,27.836,22.414
CPD,49.951,52.273,54.687,42.27,36.124,41.054
GOSR1,19.243,17.87,16.417,23.481,21.296,18
CCDC47,80.782,76.234,70.087,71.353,66.482,60.808
MED31,16.365,12.639,16.654,21.239,14.314,13.257
DRG2,24.203,25.074,25.156,22.165,24.916,25.156
FTSJ3,22.75,20.998,21.878,18.311,16.032,16.63
AKAP10,13.051,13.792,13.35,13.038,14.935,11.36
ALDH3A1,0.408,0.832,0.721,1.082,1.059,0.41
SMARCD2,54.169,55.029,57.275,56.792,64.412,65.753
ICAM2,0.556,0.525,0.733,0.564,0.312,0.219
SYNGR2,16.138,18.39,17.129,14.706,20.154,19.633
B9D1,13.376,14.115,15.312,18.42,19.277,18.089
UTP6,20.448,16.763,19.534,23.839,22.003,18.839
DDX5,475.111,433.672,454.671,426.949,337.535,412.05
C17orf75,15.848,10.932,17.185,9.753,10.341,10.93
CYTH1,13.392,13.991,14.27,11.577,11.543,11.659
PSMD11,28.871,24.063,28.514,30.001,25.122,28.862
LGALS3BP,133.83,140.037,142.822,151.05,167.458,179.113
ASIC2,0.026,0,0.165,0.059,0.019,0.02
CCL7,6.978,2.095,1.557,4.192,2.453,2.7
CCL2,38.166,30.759,29.829,42.689,30.96,29.241
CCL8,0,0.361,0.631,0,0,0
CCL1,0,0,0,0,0,0
PEX12,3.764,4.367,3.734,4.741,5.427,6.282
KRT32,0.043,0.043,0,0,0.077,0.039
DHX58,7.082,7.867,11.44,6.807,8.141,8.741
KAT2A,32.547,33.908,34.747,32.869,23.535,34.496
RAB5C,142.525,141.349,137.868,145.952,150.017,137.389
NAGLU,36.706,38.178,37.3,39.833,40.51,47.892
HSD17B1,20.962,19.905,16.788,18.312,19.803,19.023
MLX,29.345,27.285,25.529,33.874,32.882,28.45
CNTNAP1,14.077,16.242,16.757,15.382,11.525,16.799
ABI3,0,0.109,0.058,0.28,0.107,0.232
EZH1,17.923,20.656,20.374,15.534,17.079,18.51
DLX4,0.298,0.172,0.203,0,0.116,0.059
PPP1R9B,56.642,54.884,51.576,51.86,52.11,55.029
COL1A1,4757.078,5475.89,6257.594,5535.886,7108.067,8186.359
SGCA,3.683,4.294,6.65,9.303,7.716,6.968
PTGES3L-AARSD1,0,0,0,0,0,0
MRPL27,57.545,48.313,50.869,56.005,62.388,55.581
VAT1,286.05,298.93,300.862,286.929,312.192,299.121
LRRC59,86.146,70.401,65.564,88.039,74.959,74.604
RND2,0.354,0.448,0.926,0.496,0.702,0.765
ALOX12,1.725,2.184,4.451,2.427,1.901,2.364
HDAC5,36.39,35.879,36.062,38.188,44.04,46.087
ABCC3,33.821,32.332,31.163,24.634,17.772,26.322
LUC7L3,95.437,102.609,113.728,93.342,71.321,106.455
PPY,0,0,0,0,0,0
MPP2,3.108,3.474,3.37,4.35,3.671,3.623
SMURF2,103.925,75.283,66.078,125.929,76.251,97.937
DUSP3,32.982,26.846,24.915,29.093,20.617,24.933
CACNG1,0,0,0,0,0,0
EFTUD2,39.151,37.657,37.025,41.815,38.264,35.841
HLF,0.028,0.111,0.209,0.101,0.1,0.269
SLC16A6,2.604,1.22,0.576,0.951,0.178,0.529
PRKAR1A,203.995,186.553,177.918,190.92,147.133,170.652
EFNB3,4.161,5.409,6.167,5.347,6.455,5.258
FAM20A,28.407,36.643,39.819,23.074,24.874,27.033
YWHAE,369.462,340.459,318.076,336.165,374.628,307.718
MMD,11.622,12.13,8.147,8.163,9.133,7.65
RANGRF,20.618,17.521,18.643,25.668,24.31,21.553
DPH1,29.585,32.129,34.181,30.012,31.835,39.829
MAP2K6,1.288,1.562,2.688,1.512,4.375,3.849
DHRS7B,11.577,12.68,13.551,12.134,14.725,13.412
WSB1,105.625,117.004,122.077,143.827,82.915,154.924
RCVRN,0.17,0.238,0.181,0.062,0.092,0.216
MYH1,0,0,0.014,0.012,0.012,0
SLC9A3R1,19.281,19.524,18.718,16.889,17.86,17.022
MYH3,0.421,0.407,0.336,0.419,0.414,0.406
NAT9,48.323,48.824,44.824,46.913,39.061,42.54
TMEM104,7.411,6.803,6.36,6.547,5.571,6.028
VTN,0.272,1.087,0.453,0.298,0.294,0.812
TNFAIP1,23.828,27.539,25.555,26.144,30.98,26.776
IFT20,48.825,46.595,51.047,53.849,56.428,50.399
TMEM97,6.839,6.688,7.21,9.114,8.687,11.279
CDR2L,20.482,15.373,15.121,20.178,17.557,18.816
PMP22,92.09,112.884,120.663,95.792,118.139,116.456
FOXN1,0.024,0.119,0,0,0.021,0.022
UNC119,35.393,35.622,34.27,27.973,31.497,30.232
ALDOC,24.991,26.702,26.303,31.898,33.1,33.774
SUPT6H,47.111,48.355,47.704,40.892,31.351,41.341
RAB34,191.492,175.3,188.9,203.954,245.733,205.005
PHF12,17.319,14.851,13.882,16.917,11.736,17.776
PHOX2B,0,0,0,0,0,0
TMEM33,17.89,13.809,15.849,16.005,13.565,14.601
GABRA4,0.035,0.007,0.015,0,0.013,0.019
GNRHR,0.018,0.362,0.097,0.116,0.216,0
SLAIN2,29.131,31.854,27.81,25.985,26.287,24.405
OCIAD1,130.676,130.117,139.044,137.075,135.976,126.385
UGT2B10,0,0,0.032,0.055,0,0
CWH43,0.035,0.353,0.112,0,0.217,0
DCUN1D4,26.127,27.976,26.729,25.727,25.646,25.435
USP46,8.766,9.284,7.979,8.462,6.663,7.819
SULT1E1,0.099,0,0.052,0,0,0
ODAM,0,0,0,0,0,0
SMR3A,0,0,0,0,0,0
CHIC2,90.844,65.671,55.565,67.221,52.843,68.285
NMU,0,0,0.136,0,0.157,0
CRACD,0.045,0.467,0.056,0.097,0,0.096
LAMTOR3,21.767,22.286,23.062,19.995,21.626,22.19
PF4V1,2.039,1.331,0.155,0.541,0.527,0.794
NFKB1,23.692,22.544,23.847,22.924,21.693,22.971
AREG,2.486,6.366,2.162,0,2.649,0
MANBA,24.217,27.743,31.155,23.33,22.496,24.615
UBE2D3,185.903,184.808,203.172,192.73,185.249,186.669
MAPK10,7.595,6.636,8.885,5.07,4.194,7.651
ELF2,17.923,21.64,22.376,23.899,25.184,21.964
NDUFC1,46.368,39.485,44.094,47.371,56.524,50.229
UCP1,0,0,0,0,0,0
TBC1D9,16.121,12.969,11.419,13.05,10.333,12.129
ZNF330,20.858,21.363,24.267,17.252,25.16,19.318
INPP4B,8.072,6.038,5.054,8.232,5.718,5.276
GAB1,7.023,7.023,6.521,7.077,4.617,6.83
KLHL2,16.366,13.976,13.216,13.986,12.924,12.846
IL2,0,0,0,0,0,0
CPE,60.346,75.237,73.107,76.262,87.238,79.352
RPL34,1339.049,1376.37,1396.589,1285.563,1663.595,1170.737
WFS1,12.477,14.036,12.23,11.411,11.527,11.126
ANXA10,0,0,0,0,0,0.114
GRPEL1,18.166,16.38,14.648,20.257,17.935,15.744
GAR1,29.121,26.456,25.54,31.083,25.394,23.807
FRG1,113.893,124.542,129.876,110.82,128.905,111.79
CLCN3,31.511,31.281,33.759,29.918,26.107,28.072
AADAT,7.065,6.964,6.927,7.019,7.008,7.069
GALNT7,10.668,8.521,8.877,7.503,6.645,7.411
DHX15,78.238,65.176,63.541,73.007,53.09,60.955
SOD3,22.422,25.925,20.245,23.188,32.99,32.533
SEPSECS,2.114,2.786,2.867,2.701,2.583,2.798
CPZ,11.537,12.228,12.321,12.029,13.471,14.449
TRIM2,11.406,13.43,13.981,12.015,9.6,12.529
SLC2A9,0.465,0.513,0.94,0.637,0.712,0.668
FBXW7,5.875,6.477,8.027,7.805,7.099,8.009
NEIL3,4.389,4.321,5.049,5.11,5.3,4.695
TBC1D19,12.988,13.268,10.024,11.126,9.13,12.096
CLNK,1.802,1.693,1.137,0.535,0.324,0.587
NSD2,48.611,51.125,51.106,55.517,38.984,54.921
SH3D19,48.596,60.694,65.694,71.214,67.176,74.535
STIM2,11.432,15.104,11.577,9.181,7.574,8.611
NKX3-2,0.037,0.038,0,0,0,0.034
MFSD10,80.068,84.819,70.605,85.229,76.407,101.529
GLRB,13.105,12.662,15.614,15.042,10.672,12.782
BST1,15.85,15.098,19.198,17.217,21.985,14.986
RAPGEF2,16.002,21.496,18.296,16.96,10.908,14.41
HGFAC,0.207,0.341,0.543,0.311,0.074,0.155
SNX25,18.71,16.98,16.144,19.42,15.421,15.53
LRP2BP,0.965,0.615,1.379,1.111,0.345,0.756
UFSP2,16.66,21.208,21.929,25.255,20.755,20.233
KLF3,19.391,23.688,23.096,25.917,24.989,27.962
KLHL5,27.713,25.711,31.217,26.871,35.683,28.296
FAM149A,2.173,2.474,2.745,2.709,3.222,3.671
NCAPG,11.237,15.462,13.339,19.471,11.522,15.808
UGDH,98.343,92.477,86.009,107.465,77.398,91.094
PPARGC1A,0.025,0.226,0.517,0.126,0.276,0.29
DDX25,0.245,0.048,0.204,0.205,0,0.01
CRYAB,18.274,26.802,31.115,41.643,63.561,49.658
DBX1,0,0,0,0,0,0
HTATIP2,24.522,24.532,31.25,28.998,29.411,24.427
CTSC,54.217,66.634,60.96,83.296,103.752,91.165
CCDC34,10.54,16.435,16.219,13.832,18.084,15.316
ZBTB16,0.356,0.143,0.161,0.291,0.24,0.185
ELP4,9.573,8.326,8.207,8.728,9.81,8.332
ZPR1,23.809,21.985,21.879,22.997,18.727,20.142
MTCH2,54.855,45.93,43.567,54.766,51.014,48.802
FNBP4,20.419,22.789,24.93,21.551,18.58,24.344
TECTA,0.318,0.335,0.392,0.259,0.251,0.193
SC5D,19.626,23.432,17.165,19.01,14.127,14.216
CRTAM,0.257,0.243,0.057,0.243,0,0.214
JHY,2.863,3.605,1.782,2.86,4.027,2.883
B3GAT1,0.069,0.152,0.133,0.088,0,0.063
HSPA8,819.475,585.095,523.485,662.255,522.346,565.346
P2RX3,0,0.021,0.023,0.019,0.019,0
VWA5A,5.586,7.666,9.863,7.272,6.69,6.876
DNAJC4,30.978,31.726,31.117,28.829,39.845,29.68
SIAE,22.2,23.595,21.834,23.955,25.455,24.194
SNX15,23.779,25.334,26.275,21.827,24.976,27.713
LPXN,44.146,31.226,25.487,54.889,22.888,33.576
DTX4,0.225,1.494,0.82,0.658,1.203,0.828
ATG2A,10.612,10.518,10.486,8.907,7.15,10.935
EHD1,79.314,63.543,66.644,66.064,66.466,67.375
OSBP,23.819,26.621,25.026,21.476,21.043,22.061
UNC93B1,25.236,24.354,25.007,25.184,22.667,27.604
PUS3,10.385,12.251,14.53,9.58,10.459,9.511
DCPS,8.746,8.144,8.594,9.928,8.781,9.524
KMT5B,14.923,15.869,16.408,16.592,14.685,16.244
FOXRED1,9.285,10.325,11.477,10.844,7.909,11.096
PPP6R3,43.342,44.067,45.949,36.776,30.904,44.566
NRXN2,3.353,3.42,2.362,4.439,2.31,4.099
MS4A6A,0,0,0,0,0,0
MS4A4A,1.055,1.331,0.482,1.07,0.366,0.589
ST3GAL4,26.658,24.412,28.865,29.856,24.961,26.646
CPT1A,55.496,56.833,55.776,35.912,27.196,33.383
CCND1,803.483,571.451,499.77,691.158,396.804,571.661
CCDC86,26.244,22.109,22.024,27.015,23.38,22.884
PRPF19,50.539,52.035,48.718,60.866,60.931,53.871
TMEM109,105.514,103.688,103.79,116.995,114.051,113.4
CCKBR,0,0,0,0,0,0
HPX,1.495,1.13,0.96,1.282,0.61,1.064
TRIM3,14.22,14.289,13.41,12.905,9.869,12.272
CHORDC1,31.852,26.086,26.633,26.58,20.245,25.539
FOLR1,1.18,0.915,0.799,0.794,0.097,0.972
ANAPC15,35.778,28.911,33.559,35.732,42.793,35.736
FOLR3,1.437,4.21,3.216,3.745,3.25,2.592
PANX1,26.842,19.932,19.757,21.261,14.617,18.298
ARHGEF17,21.664,22.89,24.795,21.902,18.922,26.08
APOA5,0.046,0.138,0.147,0.205,0,0
APOA4,0,0,0,0,0,0
APOC3,0,0,0,0,0,0.432
CEP164,21.229,22.945,26.67,15.808,18.072,17.981
RNF141,17.914,21.295,20.109,20.838,24.507,18.525
CEP126,2.313,3.732,4.053,3.1,3.579,4.985
EIF4G2,712.269,675.497,659.242,654.224,538.489,607.246
IL10RA,0,0,0,0,0.02,0.04
GALNT18,0.871,1.039,0.855,1.191,0.422,0.517
BIRC2,39.858,33.908,34.278,39.56,35.995,35.214
UBE4A,15.748,17.216,16.942,16.767,15.621,17.675
DDX6,41.25,42.438,46.679,42.142,28.683,42.652
UPK2,0,0.216,0,0.099,0.193,0.485
CBL,8.263,7.141,7.626,7.415,3.968,6.784
NECTIN1,5.469,5.218,5.06,4.985,4.105,5.919
HIPK3,19.723,20.471,19.889,19.548,14.444,19.004
KIAA1549L,21.051,14.18,12.62,18.032,7.612,13.929
FBXO3,23.574,23.874,25.026,22.555,21.234,21.627
PDHX,20.908,28.025,20.318,18.691,18.071,17.284
SLC1A2,2.099,7.456,3.467,2.199,1.051,6.653
COMMD9,25.773,29.987,30.954,29.1,32.862,37.633
SLC15A3,3.886,5.388,6.953,5.067,7.084,7.993
CD5,0.026,0.053,0.084,0.215,0,0.048
ACCS,8.518,8.84,11.835,8.894,4.519,11.754
SCGB2A2,0,0,0,0,0,0
MDK,12.129,15.04,16.373,14.006,17.924,16.626
AMBRA1,10.297,12.544,9.899,9.204,8.656,9.324
MADD,15.375,15.282,16.277,16.343,13.035,16.893
PTPMT1,25.408,21.986,19.23,27.669,25.497,21.329
NAA40,12.827,13.299,13.475,11.785,14.036,11.687
CARS1,76.096,80.618,82.799,85.984,91.841,91.905
SLC22A18,11.233,11.441,12.979,11.759,11.27,12.088
CD81,741.859,796.132,819.152,836.386,1036.944,1018.033
SLC35F2,12.019,7.214,7.131,6.882,8.156,6.767
C11orf21,0.067,0,0,0,0.053,0.087
ELMOD1,0.268,0.161,0.292,0.043,0.128,0.275
CALCA,0.121,0,0,0,0,0
SOX6,0,0.044,0,0,0.028,0
C11orf58,209.252,206.733,225.515,180.179,228.605,180.67
PITPNM1,19.679,19.05,18.193,17.758,16.312,19.113
RPS13,1899.314,1976.983,1815.957,1942.785,2022.269,1838.618
AIP,70.52,72.014,75.697,78.499,102.98,79.831
NUP98,34.28,31.639,31.567,32.443,25.658,31.361
NDUFS8,78.257,75.441,73.873,84.34,86.906,82.208
TCIRG1,65.938,72.841,69.821,68.063,45.062,76.893
CHKA,11.753,9.096,11.398,9.108,6.651,8.598
EXPH5,0.346,0.63,0.648,0.515,0.407,0.815
HPS5,10.267,8.54,8.456,9.702,7.924,8.908
GTF2H1,33.707,33.775,33.345,35.896,39.451,34.302
POU2AF1,0.497,1.122,0.647,0.523,0.304,0.986
PTPN5,0.147,0,0,0.034,0.066,0
VWF,0.044,0.124,0.132,0.065,0.104,0.048
PSMD9,119.36,81.366,97.796,105.131,104.698,91.692
P3H3,38.408,37.755,36.313,39.121,44.219,47.088
PPFIBP1,137.796,118.301,101.151,113.692,67.754,107.166
PRPF40B,8.632,9.713,10.958,7.516,8.46,11.072
CD69,0,0,0,0,0,0
PRDM4,23.326,19.457,19.797,18.917,15.93,18.875
CLEC2B,190.846,136.93,133.275,137.942,109.069,114.897
COQ5,25.19,28.417,28.28,23.852,30.3,24.538
SELPLG,5.874,4.63,5.344,5.257,3.986,5.72
CORO1C,168.978,151.864,146.236,172.183,150.532,178.631
ASIC1,6.954,5.085,4.618,4.185,4.098,6.066
DAO,0,0,0,0,0,0
CAPRIN2,22.93,16.824,20.101,16.745,9.266,13.945
TSPAN11,0.975,0.708,0.915,1.149,1.015,1.129
KCTD10,64.678,76.869,67.688,62.393,48.956,62.613
SLC11A2,22.33,21.153,21.634,19.921,18.876,19.954
MLEC,59.361,62.212,61.285,60.506,58.204,56.23
MVK,7.095,6.854,13.431,8.454,8.279,10.161
CSRNP2,21.079,17.321,18.56,15.199,12.438,18.048
CAMKK2,34.355,32.283,33.06,30.768,29.163,33.753
BIN2,0,0.172,0,0,0,0
IL23A,0.28,0.942,1.093,0.947,0.422,0.339
ATP5F1B,353.995,337.765,330.765,359.023,377.532,335.998
PTGES3,216.534,203.028,199.973,228.989,204.259,205.118
SYT10,0,0,0,0,0,0
BCL7A,8,5.69,4.401,7.135,4.754,6.203
RSRC2,55.993,70.165,69.815,52.29,49.675,52.861
CYP27B1,0.817,0.482,1.237,0.681,0.64,0.387
MYF6,0,0,0,0,0,0
MYF5,0,0,0,0,0,0
LIN7A,4.149,5.656,6.831,8.68,10.11,8.604
KRT18,2.672,3.345,3.133,1.43,2.899,0.842
ACSS3,0.75,0.489,1.27,1.099,1.182,1.254
TNS2,39.5,45.483,45.921,49.255,42.054,52.96
GLI1,0.103,0.411,0.786,0.376,0.773,0.28
PPM1H,0.245,0.208,0.039,0.178,0.166,0.245
METAP2,106.828,105.897,128.03,99.512,109.409,97.716
LTA4H,50.604,57.825,56.759,51.425,59.306,51.172
ELK3,158.352,120.518,100.154,125.675,74.084,102.616
SLC6A12,0,0,0,0,0,0.118
WNT5B,204.601,166.341,146.094,197.82,164.297,191.157
MAGOHB,26.819,25.72,23.436,22.738,26.917,22.706
TRPV4,3.459,3.375,3.303,3.265,2.797,3.668
ITFG2,10.811,9.657,12.706,11.407,10.956,13.403
FOXM1,25.213,28.104,31.332,31.144,30.84,30.927
PRR4,0.407,2.47,3.919,1.603,0.797,0
PRMT8,0,0,0,0,0,0
PARP11,4.279,5.911,4.549,3.406,5.266,5.534
ARPC3,228.212,221.48,220.766,247.342,252.225,224.886
GPN3,20.269,22.712,21.628,17.392,21.602,22.384
VPS29,81.608,80.195,77.246,72.733,77.932,71.59
FGF6,0,0,0,0,0,0
MYL2,0,0,0,0,0,0
RAD51AP1,7.397,8.947,10.3,11.981,9.69,11.256
CUX2,0.012,0.024,0,0,0,0
SH2B3,39.647,23.692,20.121,33.846,19.803,27.561
AKAP3,0.246,0.222,0.485,0.179,0.221,0.335
MANSC1,2.006,4.675,4.546,3.443,3.063,5.736
KCNA1,0.01,0.039,0.063,0.009,0,0.018
DUSP16,2.74,4.253,4.042,3.206,3.72,3.708
CREBL2,25.683,29.683,28.984,29.276,28.496,28.486
ACAD10,8.713,11.848,12.807,10.718,7.11,11.061
ALDH2,24.412,25.107,27.253,24.549,28.329,26.615
CDKN1B,12.522,15.751,17.139,18.591,26.921,25.162
GPRC5D,0,0,0,0,0,0
NAA25,7.249,6.539,6.22,7.19,5.082,7.87
GSG1,0.632,0.515,0.552,0.787,0.802,0.608
SCNN1A,0.311,0.45,0.283,0.173,0.208,0.295
LTBR,99.31,99.17,92.959,81.87,96.825,93.32
OGFOD2,14.67,20.576,22.973,16.642,14.733,20.068
CDK2AP1,225.91,171.077,162.756,233.583,223.526,204.799
OAS3,6.186,6.176,5.458,5.802,3.826,7.18
OAS2,3.987,3.761,4.4,4.23,3.801,4.385
ART4,0.016,0.093,0.099,0.113,0,0.042
MGP,3.525,3.242,2.592,3.608,3.767,4.451
RASAL1,0.043,0,0.045,0,0,0.019
ARHGDIB,1.918,0.769,0.426,0.751,1.096,1.308
GTF2H3,28.525,21.51,24.344,25.931,23.572,20.092
EIF2B1,43.202,37.264,43.883,51.425,43.451,45.013
DDX55,12.139,11.042,11.381,9.566,7.473,10.443
SLC38A1,15.831,17.253,17.47,18.299,16.759,19.901
RERGL,0,0,0.105,0.42,0,0.09
ENDOU,0.118,0.071,0.063,0.217,0.107,0.033
SPRING1,9.966,10.093,12.679,9.625,8.646,12.115
VDR,16.542,20.797,20.978,16.01,23.553,21.6
FZD10,0.325,0.35,0.24,0.114,0,0.023
RFC5,10.213,11.409,15.408,14.926,10.49,12.554
STX2,35.998,33.545,34.643,38.88,35.124,38.302
ADGRD1,1.868,2.314,3.992,3.518,12.454,6.667
COPZ1,116.432,113.484,103.556,132.658,138.85,123.176
TBC1D30,0.015,0.473,0.096,0.027,0.094,0.112
CAND1,31.727,31.994,32.298,31.241,27.714,29.433
IL26,0,0,0,0,0,0
IFNG,0,0,0,0,0,0
RAB5B,64.168,64.468,66.851,62.443,59.778,60.959
MDM1,5.039,4.813,8.44,4.396,4.098,5.877
NUP107,15.63,16.546,15.212,17.407,15.783,18.189
CNOT2,32.111,35.405,32.784,39.957,32.42,35.515
TIMELESS,10.356,10.796,9.985,12.896,9.594,12.927
CPSF6,30.599,29.96,30.483,30.24,23.876,31.005
KRR1,26.628,24.798,23.3,23.947,20.203,22.345
MRPL51,153.975,145.362,168.954,149.201,195.884,150.572
GAPDH,5545.161,5642.39,5231.265,5970.291,5496.509,5649.298
NOP2,26.048,23.423,20.245,20.628,17.399,18.398
CHD4,64.052,69.109,75.65,61.167,49.25,62.91
ACRBP,0.092,0.636,0,0.169,0.331,0.749
UHRF1BP1L,20.439,21.968,22.468,19.337,12.253,17.517
COPS7A,71.628,70.306,69.126,77.904,73.722,79.934
ING4,31.643,30.73,41.777,34.723,48.662,40.89
GNB3,3.084,4.098,5.555,4.434,2.944,7.868
CDCA3,16.916,20.27,20.979,26.093,24.827,23.227
CHPT1,35.847,29.911,28.877,30.699,32.753,31.207
USP5,57.42,56.311,63.503,59.666,47.155,52.162
TPI1,1127.774,1006.186,968.688,1346.074,1225.715,1191.337
GNPTAB,20.617,17.709,19.286,21.352,16.314,17.419
SPSB2,14.959,17.14,15.857,11.836,16.956,15.795
ENO2,91.688,87.602,85.807,117.095,58.821,103.442
ATN1,55.424,60.375,61.331,51.366,43.527,57.362
C12orf57,224.684,221.791,225.28,209.955,275.802,215.734
PTPN6,0.079,0,0,0,0.177,0.16
LPCAT3,5.867,9.877,10.797,6.791,7.506,6.677
NT5DC3,1.721,1.981,1.846,1.77,1.145,1.924
SLCO1B3,0,0,0,0,0,0
APOBEC1,0,0,0,0,0,0
NANOG,0.095,0.267,0.168,0.14,0.082,0.253
SUDS3,15.813,15.194,15.836,14.581,14.774,15.796
GOLT1B,32.902,28.565,26.447,39.332,26.882,34.665
GYS2,0.026,0.026,0.109,0,0,0
LDHB,342.319,322.813,325.991,331.98,368,329.094
PRKAB1,15.291,17.998,19.128,17.168,21.375,12.757
CMAS,30.962,30.444,31.179,27.034,23.474,26.324
HCFC2,7.429,8.856,8.511,9.625,8.269,9.669
ST8SIA1,4.659,8.519,6.159,6.035,4.716,6.8
CLEC4A,1.495,1.094,1.56,1.785,0.555,0.558
C2CD5,10.904,12.778,15.693,14.165,11.732,15.161
AICDA,0.155,0.12,0.221,0.108,0.027,0.165
RAB35,55.956,52.081,47.896,50.123,45.058,46.837
PHC1,10.085,11.771,13.095,12.322,11.831,12.417
COX6A1,348.985,328.099,317.12,301.968,340.167,322.576
RFX4,0,0.185,0,0.084,0,0
RIC8B,8.736,10.744,9.645,9.422,7.952,6.873
SRSF9,183.064,155.774,162.316,171.366,178.497,172.326
FGFR1OP2,30.383,33.042,31.662,34.69,34.005,26.432
KLRB1,0.061,0.061,0.065,0.111,0.055,0.055
COL12A1,416.439,500.468,603.25,416.505,424.712,504.497
BTN3A3,9.245,14.803,14.478,12.232,15.203,14.574
TDP2,28.399,30.432,29.555,26.515,26.078,26.249
FRK,0.643,0.984,1.001,0.657,0.276,0.861
DSE,30.712,34.147,39.001,32.305,47.108,41.156
RWDD1,44.144,52.332,46.558,45.932,52.575,42.734
RSPH4A,0.123,0.193,0.341,0.177,0.116,0.084
MAK,0.211,0.247,0.202,0.402,0.208,0.345
TMEM14C,122.074,128.538,130.02,122.133,144.158,116.227
PAK1IP1,21.581,15.836,18.15,17.347,17.966,16.236
GCNT2,0.077,0.093,0.021,0.036,0.052,0.052
SMIM8,4.34,3.506,4.356,3.947,1.855,2.444
NEDD9,2.801,3.262,4.557,3.115,5.444,3.777
CEP85L,3.028,4.968,4.908,4.48,3.536,4.154
ADTRP,5.013,4.756,2.761,7.398,2.413,5.055
ASF1A,7.943,8.916,9.003,9.733,9.979,9.215
MCM9,3.701,3.963,3.008,4.296,2.712,3.502
FAM184A,0.233,0.524,0.247,0.963,0.068,0.091
RNGTT,6.905,5.933,6.524,7.643,4.37,5.347
MAN1A1,76.787,76.544,71.037,67.875,47.097,59.372
GABRR2,0.306,0.478,0.346,0.2,0.046,0.184
SERINC1,203.155,194.979,192.75,188.133,172.82,182.647
HDDC2,28.791,36.798,34.183,29.265,34.543,26.471
TPD52L1,1.322,3.382,2.247,2.622,4.793,2.801
HINT3,14.33,14.534,15.435,15.79,14.192,14.932
NCOA7,15.883,17.407,21.245,13.426,13.599,14.69
RIPOR2,2.906,5.997,6.693,6.82,7.473,9.797
SASH1,42.827,47.327,51.119,43.671,37.338,50.478
UST,12.43,12.856,11.12,11.359,9.559,10.748
ULBP1,2.583,4.319,3.922,3.101,3.704,3.202
FBXO5,14.448,17.491,16.662,20.604,15.743,19.615
MTRF1L,17.902,18.683,20.691,16.747,15.493,15.065
PPARD,23.004,23.57,22.575,23.624,21.514,26.431
OPRM1,0.179,0.38,0.287,0.315,0.168,0.258
FANCE,6.134,5.986,6.527,7.191,7.508,6.48
TULP1,0.044,0.045,0.095,0,0.08,0
SLC26A8,0,0,0.028,0.043,0,0
MAPK14,31.615,32.116,34.647,37.634,34.846,40.121
RHAG,0,0,0,0,0,0
KCTD20,34.837,34.217,34.084,34.791,34.691,36.235
STK38,36.232,45.217,46.541,42.809,49.879,46.696
SRSF3,134.225,125.154,129.002,119.006,123.168,115.719
SOD2,102.52,120.027,115.016,66.34,62.3,64.945
MRPL18,83.243,77.464,71.597,80.834,83.872,73.658
IL17A,0,0,0,0,0,0
IL17F,0,0,0,0,0,0
MCM3,37.18,30.739,31.311,50.184,30.744,42.959
RNF8,15.546,16.184,17.138,16.486,16.308,14.487
PHACTR1,1.918,2.373,1.933,1.249,1.423,1.097
MDGA1,11.436,13.222,12.334,8.928,5.51,10.571
CILK1,7.411,7.003,8.263,7.619,6.787,8.294
FBXO9,53.489,54.454,61.014,47.273,46.135,47.597
CD83,2.43,2.949,2.261,2.912,2.743,3.16
MDN1,5.292,5.049,6.258,4.642,2.923,5.166
GLP1R,0,0,0,0.011,0.021,0
SAYSD1,9.581,10.389,9.312,9.18,11.782,8.909
BMP5,0,0.02,0,0,0,0.019
BACH2,0.052,0.121,0.092,0.111,0.123,0.124
RBM24,0.404,0.463,0.399,0.622,0.676,1.068
CAP2,3.601,4.535,3.793,4.588,4.914,4.314
TREML2,0.494,0.171,0.594,0.098,0.772,0.136
ZNF451,14.447,18.357,19.853,16.545,11.535,16.301
BAG2,12.279,13.087,13.827,15.95,22.376,19.606
RAB23,23.369,24.18,26.272,24.901,25.999,26.256
TSPO2,0.245,0,0.162,0.148,0,0
FHL5,0,0,0,0,0,0
GPR63,0.24,0.226,0.298,0.17,0.132,0.315
KHDRBS2,0,0,0.077,0.033,0,0.033
FBXL4,11.147,10.364,11.105,10.994,7.775,10.841
CCNC,35.16,34.536,36.969,31.925,31.441,34.014
PRDM13,0,0,0,0,0,0
E2F3,11.619,8.576,8.122,11.111,8.516,10.797
PTP4A1,31.978,29.427,24.236,26.117,22.179,36.878
SIM1,0.688,0.728,0.969,0.918,0.91,0.9
ASCC3,20.481,21.136,20.843,21.066,17.477,20.506
HDGFL1,0,0,0,0,0,0
BVES,9.343,8.673,6.285,6.658,5.248,7.045
COL9A1,0,0,0,0,0,0
MED23,10.01,11.394,10.627,10.417,7.667,10.989
WASF1,17.169,17.963,19.652,16.235,14.454,16.973
GPLD1,0.197,0.153,0.272,0.216,0.101,0.258
ALDH5A1,0.413,0.818,0.457,0.241,0.505,0.426
CRYBG1,14.949,19.437,21.185,16.255,13.49,15.538
VNN1,0.147,0.189,0.224,0.134,0.019,0.191
VNN2,0,0,0,0,0,0
ACOT13,5.7,6.267,5.954,6.377,8.479,7.099
SMAP1,17.779,18.072,20.531,21.423,21.832,19.587
RPS12,4023.81,4070.55,3922.887,3690.583,4597.146,3594.31
C6orf62,130.609,136.852,148.159,136.448,127.13,130.734
B3GAT2,0.241,0.199,0.046,0.188,0.071,0.073
GMNN,16.833,15.486,17.367,17.584,18.277,16.365
EYA4,0.049,0.014,0.015,0.013,0.026,0.013
SOBP,3.121,2.047,1.451,2.262,0.951,1.699
NR2E1,0,0,0.07,0,0,0
SNX3,169.824,169.062,172.737,202.274,195.569,195.421
SLC17A2,0,0,0,0,0,0
HBS1L,52.174,65.861,57.508,63.873,55.518,47.446
TRIM38,5.916,6.448,6.828,5.838,4.427,6.356
PEX7,7.018,6.23,5.436,5.885,9.252,6.338
ZBTB24,3.554,4.089,3.673,4.166,3.116,3.791
FIG4,13.022,14.627,16.258,16.508,14.529,15.221
PERP,45.054,51.602,39.908,40.952,38.8,37.147
ARFGEF3,0.324,0.452,0.342,0.451,0.457,0.485
SLC16A10,0.346,0.226,0.194,0.156,0.084,0.122
HECA,13.572,14.334,14.175,13.213,10.872,13.702
ADGRG6,0.941,1.114,0.909,1.021,1.188,2.75
PHACTR2,14.067,17.465,13.603,19.074,13.474,18.812
EPM2A,5.247,3.369,4.164,3.972,3.974,3.229
OR12D3,0,0.046,0,0,0,0
SLC39A7,105.774,94.04,95.601,102.504,113.95,102.389
CCR6,0,0.173,0.107,0,0,0.025
UNC93A,0,0,0,0,0,0
SLC22A2,0.065,0,0.069,0.04,0,0.079
PHF1,49.623,52.899,61.075,52.775,55.679,66.332
CUTA,126.833,122.546,124.676,162.375,187.788,164.726
PACRG,4.663,4.887,3.37,3.932,2.835,7.11
QKI,114.219,93.496,94.539,107.77,100.036,97.251
C6orf118,0,0,0,0,0,0
PDE10A,0.039,0.017,0.098,0.057,0.017,0.031
MDFI,0.72,1.618,0.708,0.597,1.176,1.345
TFEB,6.693,6.767,5.684,6.917,6.573,7.607
SMOC2,0.104,0.463,0.483,0.422,0.775,0.533
CCND3,26.668,23.788,23.38,25.351,22.822,27.119
BYSL,22.041,16.322,15.521,21.466,17.005,18.894
FAM120B,16.564,18.064,19.824,16.505,16.469,17.049
TBP,10.326,9.663,10.762,11.456,10.753,10.325
GUCA1B,0.721,0.683,0.993,0.409,0.538,0.482
PRPH2,0.055,0.055,0.263,0.376,0.198,0.349
BICRAL,6.863,8.593,9.254,8.809,7.428,9.032
PPP2R5D,36.927,35.127,33.708,38.407,32.459,39.475
MRPL2,28.445,25.887,25.095,23.124,27.992,30.432
PTK7,107.629,112.668,138.123,113.319,160.098,148.307
SRF,22.427,24.417,24.58,24.237,23.761,31.944
CUL9,5.809,6.753,6.711,5.439,4.396,5.856
DNPH1,52.373,53.789,46.568,47.821,70.626,46.007
DUSP22,17.1,19.402,19.806,17.025,16.984,15.421
EXOC2,11.843,11.626,11.618,10.372,10.126,9.282
COX7A2,207.481,197.162,185.031,195.286,230.049,157.64
TMEM30A,122.291,110.988,109.491,111.344,86.467,105.513
GMDS,12.588,11.884,13.276,12.626,14.449,10.233
SENP6,33.06,35.222,36.196,34.744,31.124,36.117
IMPG1,0.248,0.126,0.052,0.147,0,0.225
VEGFA,437.981,380.906,354.687,406.81,200.335,356.83
PRPF4B,16.441,16.715,16.954,16.154,12.371,16.096
TTK,5.783,7.101,9.961,9.449,7.833,9.415
SLC29A1,15.963,14.157,13.422,24.996,14.768,18.233
CCN6,0,0.105,0.221,0.136,0,0.095
BTN2A1,28.314,28.875,27.528,25.873,18.361,22.264
LAMA4,236.167,274.68,285.974,215.698,180.703,232.271
TENT5A,9.843,18.921,22.704,18.248,23.626,26.144
CLIC5,0,0,0,0,0,0.039
FBRSL1,20.686,19.785,18.591,17.424,13.472,20.005
ENPP5,0.871,0.658,1.085,0.955,1.721,0.986
LY86,0,0,0,0,0,0
PRSS16,0.115,0.089,0.061,0.04,0.08,0.04
MEP1A,0,0,0,0,0,0
TBX18,17.498,24.584,23.686,20.863,15.46,22.308
ERBIN,27.798,28.849,29.478,27.598,23.634,26.985
PCDHB2,8.376,8.085,10.077,7.522,6.592,6.197
HARS2,19.828,20.145,17.656,16.493,16.097,18.35
NUDT12,5.047,5.891,5.365,6.987,5.145,6.18
CEP72,1.603,1.783,2.009,2.373,1.443,2.587
MAN2A1,26.88,24.711,26.091,27.399,20.067,24.005
SEMA5A,16.664,19.95,23.334,19.565,18.275,22.746
C7,0.028,0.043,0,0,0.013,0.013
TENT4A,16.24,17.246,15.035,18.578,11.695,16.975
GHR,1.421,1.53,1.93,1.923,1.367,1.907
HMGCS1,12.265,12.559,12.239,8.918,9.331,8.9
DAP,109.733,104.655,97.135,113.447,120.686,106.19
NME5,0.309,0.622,0.247,0.284,0.418,0.351
BRD8,29.394,35.726,37.592,33.901,30.509,36.638
KIF20A,12.139,16.451,19.757,16.708,18.411,20.937
NNT,18.299,20.161,21.837,19.743,20.134,21.227
MRPS30,15.253,16.16,16.28,14.544,14.946,15.739
HSPA9,151.827,151.614,148.828,139.768,152.476,144.151
MRPS27,33.301,36.56,39.879,34.921,38.05,35.24
PFDN1,55.262,56.535,48.787,52.431,53.001,50.958
HBEGF,16.129,7.624,6.659,9.918,5.183,7.562
SLC4A9,0,0.025,0,0,0,0
LOX,375.249,414.63,428.189,434.317,412.858,470.4
GZMK,0,0,0,0,0,0
CDH9,1.091,0.558,0.254,0.329,0.965,1.07
APBB3,9.695,16.664,17.017,14.519,9.624,14.928
TMCO6,5.047,4.583,5.593,7.411,5.287,6.256
SPARC,1254.125,1438.531,1579.352,1776.02,2570.292,2048.051
IK,80.245,72.861,76.887,74.485,78.012,75.579
HMGCR,14.967,13.353,15.675,12.041,11.067,15.362
CERT1,21.598,24.714,24.136,19.881,16.302,20.56
FAF2,27.846,27.803,27.552,27.547,22.523,27.008
HAND1,0.826,1.19,0.714,1.322,0.93,0.796
PCDHB3,0.6,0.599,0.825,0.551,0.5,0.747
PCDHB5,0.353,0.503,0.874,0.353,0.438,0.774
PCDHB6,0.28,0.244,0.512,0.393,0.375,0.326
PCDHB7,0.522,0.718,0.925,0.613,0.938,0.949
PDE8B,0.595,0.572,0.569,0.32,0.473,0.524
CLK4,7.696,8.442,8.487,8.696,9.255,8.531
PCDHB15,2.354,1.298,1.427,0.839,1.137,1.471
HAVCR1,0.301,0.097,0.204,0,0,0.428
GRM6,0.11,0.145,0.242,0.127,0.036,0.192
ITK,0,0.018,0,0,0,0
RNF130,69.689,64.252,65.196,62.053,66.21,64.18
THG1L,9.507,10.852,12.087,11.409,11.03,10.8
ARSB,18.781,16.651,17.035,20.322,19.359,19.211
CLINT1,47.309,47.153,48.626,49.417,44.84,51.546
THBS4,1.019,1.889,1.982,2.351,1.857,2.428
CNOT6,6.888,6.859,8.621,8.014,5.935,8.561
IL12B,0.328,0.36,0.422,0.163,0.193,0.198
BTNL8,0.071,0.072,0.076,0.131,0,0.065
TTC1,40.801,42.477,41.12,41.563,47.427,41.893
MSH3,9.029,9.504,9.952,9.126,8.728,9.445
RASGRF2,0.093,0.037,0.05,0.042,0.093,0.042
GABRG2,2.552,3.308,1.388,3.9,0.007,0.209
CCNG1,79.571,103.184,99.626,108.582,128.71,115.521
POLR3G,3.106,2.077,2.684,4.221,4.096,4.317
DROSHA,23.103,27.03,24.887,25.796,19.497,23.278
CDH6,0.113,0.101,0.381,0.167,0.645,0.266
LMNB1,18.675,21.05,19.293,30.222,22.255,29.868
ARRDC3,41.854,59.324,65.51,53.866,42.856,55.679
GOLPH3,75.723,74.03,67.2,74.527,73.95,67.757
SUB1,261.617,203.265,193.499,206.667,204.712,182.118
NPR3,5.858,6.095,6.288,14.937,12.461,14.046
FAM172A,16.652,19.808,18.958,17.474,15.194,16.997
SLC27A6,0,0.074,0.137,0,0.033,0.033
TARS1,109.883,112.15,109.333,128.379,122.068,131.798
IRX4,0.361,0.176,0.112,0,0.19,0
LNPEP,9.091,9.77,9.91,8.729,5.675,8.096
PDE4D,1.719,1.586,1.311,1.412,0.854,1.104
RAD1,14.732,14.364,12.947,14.607,16.16,14.888
BRIX1,24.051,21.022,19.534,23.904,23.347,24.927
AGXT2,0,0,0,0,0,0
PRLR,7.019,10.894,5.391,9.11,4.588,6.559
SLC12A7,5.956,5.718,7.003,5.9,5.211,7.785
IL4,0,0,1.536,0,0,0
RAD50,23.367,22.174,22.841,22.519,13.531,22.103
IL5,0.384,0,0,0,0,0
ST8SIA4,0.064,0.127,0.027,0.034,0.034,0.128
GNPDA1,27.132,27.128,25.951,20.915,24.474,21.771
PCDH12,0.404,1.061,0.416,0.241,0.752,0.976
SKP1,447.204,448.638,429.757,437.404,463.467,414.96
NUP155,8.827,10.615,9.738,10.671,8.176,9.852
PPP2CA,55.199,47.371,51.549,62.944,45.494,52.701
FGF1,2.918,2.814,2.36,4.376,4.728,4.35
NR3C1,63.625,65.655,70.209,74.907,73.605,78.801
C5orf15,51.357,46.171,46.085,48.649,46.973,47.104
PPWD1,21.626,26.092,24.44,24.541,21.769,28.036
LIFR,10.557,13.537,11.454,10.962,6.8,8.221
TRIM23,8.964,10.064,8.911,10.146,9.057,11.879
TRAPPC13,10.063,9.704,11.766,14.297,10.8,13.232
C9,0.03,0.18,0.16,0,0,0.027
SEC24A,15.549,12.969,12.906,14.07,9.811,13.156
TXNDC15,75.351,55.347,67.67,63.133,60.835,54.103
TTC33,4.185,4.891,4.762,4.168,3.702,4.535
RARS1,60.493,60.017,63.404,66.383,63.039,54.099
WWC1,2.321,1.657,1.405,2.949,1.57,1.952
MACROH2A1,81.784,75.424,71.057,81.315,68.7,82.478
TCERG1,21.789,20.258,21.126,21.115,15.119,19.37
DPYSL3,47.745,56.878,60.297,55.161,51.346,59.232
SMAD5,35.019,26.965,35.958,32.79,26.727,33.163
CSNK1A1,173.036,187.023,200.293,192.989,193.999,202.641
HMGXB3,15.138,14.116,14.627,13.391,12.95,14.122
ERGIC1,152.295,146.147,139.828,179.213,154.061,161.661
PDGFRB,232.034,237.885,267.56,224.913,219.249,267.191
CDX1,0,0.273,0.289,0.312,0.184,0.371
ATP6V0E1,191.504,173.934,196.341,169.835,197.1,162.359
BNIP1,11.367,10.495,10.947,11.182,9.625,9.402
STC2,106.156,116.256,114.159,135.652,126.727,155.53
CPEB4,7.483,10.534,10.151,7.527,4.418,7.462
HRH2,0.033,0,0,0,0,0.081
DBN1,117.863,103.099,105.274,108.905,121.843,111.572
ZNF346,8.945,9.661,8.889,8.539,10.099,9.386
UNC5A,0.152,0.087,0.07,0.094,0.059,0.168
EHHADH,2.436,3.234,2.911,3.771,3.095,3.871
CNTN3,24.497,27.201,26.521,25.938,21.263,25.75
SMC4,40.268,42.516,44.67,49.318,32.461,42.84
SELENOK,33.594,32.184,29.774,29.599,37.794,26.982
ACTR8,16.09,19.301,17.561,14.7,18.616,16.894
TBCCD1,5.841,6.944,6.875,7.786,5.906,7.38
TIMMDC1,51.201,48.138,51.79,46.16,49.95,43.895
CRBN,23.103,28.986,27.71,24.556,23.29,30.204
KNG1,0,0.038,0,0.017,0,0
HRG,0,0,0,0,0,0
BCL6,32.37,41.803,49.344,26.067,20.498,27.875
HGD,0.302,0,0.523,0,0.284,0
CLDN16,0,0.055,0.059,0.025,0,0.101
ARL6,5.355,5.184,4.968,4.79,3.113,5.061
NPHP3,14.396,14.817,15.995,13.073,11.087,13.233
CD86,0,0,0,0,0,0
AMOTL2,91.759,116.55,125.815,76.573,96.767,102.769
NIT2,17.053,15.263,14.974,12.416,14.778,15.02
FAM162A,42.429,54.854,46.926,64.691,62.032,60.11
OGG1,12.639,12.886,14.162,13.744,14.029,12.804
KPNA1,36.681,29.002,32.471,29.518,27.375,29.821
PCCB,17.077,16.967,16.497,18.685,20.087,18.089
UBE3A,41.358,47.61,42.993,40.914,33.795,43.562
ARMC8,13.776,15.376,17.8,15.02,13.084,13.874
CEP70,6.429,5.747,5.754,5.851,5.2,4.352
RBP2,0.16,0.163,0,0.448,0,0
RBP1,0.316,0,0.552,0.472,0.154,0.057
SLC25A36,29.882,25.812,26.907,31.781,23.784,33.639
GRK7,0.122,0.182,0.142,0.088,0.046,0.117
RNF7,101.643,96.791,90.735,93.834,98.341,88.927
TFDP2,17.442,18.163,21.647,15.166,12.666,18.178
XRN1,8.613,10.637,10.96,10.993,6.78,10.649
KAT2B,13.382,14.056,13.329,12.006,10.905,12.01
BCHE,0.035,0,0,0,0,0.032
SERPINI2,0.146,0,0,0,0,0
PDCD10,36.295,31.801,32.981,35.807,30.305,32.909
LRRC31,0,0,0,0,0,0
WNT5A,101.185,102.319,93.516,100.651,95.218,116.597
PFKFB4,8.344,6.39,5.153,10.39,6.419,8.268
COL7A1,43.915,43.829,41.012,61.717,34.496,72.626
FGF12,0,0.03,0.249,0.014,0,0.014
PRKAR2A,21.736,18.871,19.624,19.966,20.122,19.065
HES1,2.763,3.339,2.999,1.084,3.1,2.355
USP4,33.718,32.674,33.509,31.341,28.879,33.066
ACAP2,20.552,21.369,21.768,19.563,17.129,20.77
ECT2,20.348,21.366,21.27,26.572,18.979,21.387
GNAT1,0.185,0.094,0.148,0.103,0.082,0.166
GNAI2,328.943,336.353,320.625,334.052,348.544,345.205
TFG,75.936,73.253,72.604,81.787,81.976,78.833
USP9Y,0.041,0.112,0.009,0.015,0.029,0.059
HYAL1,0.446,0.279,0.723,0.2,0.154,0.523
TUSC2,16.825,17.353,18.906,14.38,19.718,14.506
NPRL2,13.468,16.303,14.877,13.867,14.843,14.062
RPL24,2003.987,1947.081,1964.873,1964.296,2483.525,1798.712
CYB561D2,12.761,13.001,10.807,15.444,14.097,16.463
C3orf14,16.549,16.831,19.068,16.478,17.607,16.624
FXR1,113.242,124.778,133.919,122.348,131.355,125.524
CBLB,11.511,17.436,12.723,18.615,10.71,16.02
BBX,25.403,27.243,28.913,29.213,19.053,20.382
IFT57,20.507,22.024,20.224,21.529,22.56,19.717
GNB4,28.447,23.884,23.873,31.664,23.164,28.677
HHLA2,0.149,0,0.04,0.232,0.117,0.075
IQCG,8.138,10.29,8.152,6.706,6.167,7.983
GBE1,116.981,110.51,111.591,140.096,123.368,125.713
MORC1,0,0,0,0,0,0
UMPS,15.675,10.558,20.279,15.939,7.67,12.898
NCBP2,80.993,78.508,81.969,74.963,67.122,75.691
SNX4,14.145,12.985,12.886,12.96,14.144,13.079
C3orf52,0.083,0.4,0.298,0.305,0.239,0.344
FRMD4B,1.429,2.382,1.709,1.53,1.424,0.808
SLC41A3,37.385,37.038,39.164,37.811,46.526,41.514
ROPN1B,0,0,0,0,0,0.038
PLXNA1,53.686,47.173,44.037,50.557,36.831,52.942
ATP6V1A,21.689,24.005,24.171,13.67,14.97,16.094
ABTB1,43.567,44.584,43.234,37.975,37.32,46.505
PODXL2,2.542,3.524,2.413,3.034,2.148,2.768
UPK1B,0.602,0.351,0.247,0.042,0.612,0.153
CSPG5,0.371,0.737,0.421,0.639,0.534,0.515
KLHL18,11.562,12.638,19.019,12.27,11.196,10.092
SCAP,35.743,35.77,33.903,30.629,32.612,36.209
EFCC1,0.031,0.062,0,0,0,0
CFAP92,0.631,0.737,1.293,0.948,0.613,0.62
NEK11,6.474,7.184,8.533,7.183,7.425,7.333
MRPL3,64.683,57.445,55.688,70.78,67.224,65.51
PLSCR4,21.879,30.658,33.77,23.577,28.858,29.952
HEMK1,17.208,18.799,16.824,18.41,17.397,18.662
CISH,0.467,1.447,0.995,1.785,1.875,1.581
MAPKAPK3,50.545,46.621,40.927,52.735,43.591,47.196
ACVR2B,0.94,1.109,1.226,1.023,0.579,0.991
WDR48,19.669,21.986,22.303,18.604,18.963,23.259
COMMD2,13.115,12.92,11.97,14.117,10.685,11.684
GORASP1,23.718,23.356,20.148,21.298,19.038,22.089
PEX5L,0.257,0.074,0.02,0.025,0.008,0.067
RRP9,19.075,15.259,18.935,16.196,14.739,16.056
ABCC5,28.322,29.415,28.769,24.062,14.455,21.17
AADAC,0.153,0,0.162,0.284,0,0
ABHD14B,35.935,43.051,42.832,41.028,48.489,46.479
EIF1B,48.166,44.895,52.672,48.64,57.488,47.808
ABHD14A-ACY1,0.805,0.495,0,1.769,1.225,1.287
ARHGEF26,0.681,0.645,0.319,0.634,0.355,0.591
KLHL24,9.303,8.987,14.46,7.225,7.316,7.268
PLCH1,0,0.092,0.028,0,0,0.035
VIPR1,0.035,0.21,0,0,0.084,0
DNAH1,1.47,2.238,2.007,1.477,2.526,2.351
SSR3,167.738,132.762,99.476,184.075,130.535,140.574
ZBTB47,22.98,20.086,23.214,26.822,25.949,29.141
TNNC1,1.465,3.955,2.576,2.73,4.424,3.533
NKTR,21.198,21.086,27.589,17.423,10.493,19.653
CLCN2,2.03,3.493,3.682,1.982,1.891,2.204
FOXP1,23.531,21.545,18.614,23.883,14.082,21.184
EIF4G1,166.256,147.727,145.044,156.976,127.64,156.758
SPCS1,85.282,76.786,81.542,80.977,88.263,77.203
NEK4,12.693,11.075,10.153,10.419,9.268,10.216
SLC4A3,4.139,4.117,3.949,3.663,3.061,3.939
INO80D,6.591,6.168,7.346,7.352,6.613,5.917
EEF1B2,945.172,902.613,877.655,906.382,1115.974,844.792
ADAM23,7.322,6.868,7.638,5.62,4.388,4.925
DGUOK,37.068,36.412,40.227,45.104,45.095,42.923
MOB1A,54.761,49.713,49.979,54.443,47.261,52.738
KANSL3,12.84,15.596,14.935,13.516,13.257,13.414
LMAN2L,12.517,15.721,15.421,12.233,16.516,14.441
RTKN,8.857,12.257,10.023,9.568,8.513,11.396
TTL,12.389,10.344,9.893,9.677,7.482,9.382
IL1A,0.383,0.469,0.634,0.155,0.996,0
CCL20,1.564,0.126,0.545,0.731,0.716,0
PIKFYVE,10.882,11.817,11.555,8.965,8.176,10.285
KCNIP3,3.611,6.197,3.961,5.696,6.086,5.021
FAHD2A,14.496,17.324,17.59,14.138,15.115,14.105
NCL,428.554,391.772,394.014,400.482,355.227,352.347
ACTR1B,44.393,41.09,40.999,45.828,47.149,45.989
SLC35F5,19.957,18.605,19.112,19.542,12.929,19.423
ZAP70,0.035,0.178,0.074,0.032,0.031,0
ACTR3,177.576,133.46,146.879,162.558,144.184,151.911
STEAP3,26.477,18.463,14.8,37.264,19.047,31.007
EPB41L5,6.99,7.86,6.741,7.558,5.583,6.183
TFCP2L1,0.051,0.084,0.072,0.038,0.046,0.008
SF3B6,138.897,137.362,131.632,145.944,141.213,134.772
TP53I3,28.251,31.359,30.031,34.359,37.154,34.914
DNAJC27,1.026,1.252,1.97,1.61,1.712,1.273
POMC,0.69,0.593,0.76,0.541,0.379,0.418
STAM2,12.721,11.372,12.791,11.772,11.175,12.16
OTOF,0.133,0.457,0.176,0.045,0,0.045
GPD2,17.421,17.54,14.014,17.734,10.961,15.422
CENPA,7.712,9.261,7.614,9.877,8.281,8.662
CYTIP,0,0.677,0.301,0.413,0.139,0.2
ACVR1,56.652,59.367,57.703,52.096,46.094,51.379
TANC1,5.401,6.835,6.868,5.422,6.341,6.807
SLC30A3,0.242,0.31,0.527,0.335,0.141,0.329
MPV17,62.116,65.724,70.477,71.738,83.953,70.117
GTF3C2,19.48,27.948,23.729,30.541,16.948,22.447
EIF2B4,33.002,30.09,27.856,26.845,25.115,29.662
NRBP1,96.691,94.622,96.537,89.329,97.2,85.715
ITGB6,0,0.073,0,0.017,0.066,0.061
FNDC4,30.579,26.22,24.467,24.369,20.427,21.03
ITGA4,25.005,30.75,30.068,30.291,30.661,32.314
PSMD14,59.908,55.911,49.176,55.046,49.479,47.943
SNX17,75.885,73.501,71.096,81.456,95.914,83.391
ASB3,11.08,13.356,12.363,10.764,9.449,12.519
PPM1G,81.103,74.815,66.913,79.246,78.414,66.876
PDE1A,0.344,0.227,0.448,0.237,0.703,0.557
REEP6,5.093,6.542,5.844,5.101,5.98,6.57
PCSK4,2.482,2.664,3.281,1.61,1.962,2.83
GCG,0,0,0,0,0,0
APC2,4.328,5.35,4.621,2.952,4.212,4.341
IFIH1,1.877,3.873,3.985,2.287,3.809,3.115
RPS15,1935.431,1895.354,1842.14,1978.365,2397.143,2026.527
GCA,1.567,3.337,3.374,1.786,2.29,2.13
INO80B,36.985,40.382,41.887,29.653,30.985,33.289
MOGS,35.17,34.021,35.08,28.313,26.217,35.084
TTC31,12.921,18.901,15.638,13.149,12.153,14.936
NDUFS7,51.554,46.285,50.083,50.91,63.554,58.956
PCGF1,20.547,22.565,26.789,23.398,28.687,25.52
GRB14,0.139,0.316,0.655,0.222,0.187,0.343
CLIP4,24.662,26.284,30.404,25.863,29.991,27.886
TLX2,0.078,0.062,0.108,0.072,0.071,0.113
SPTBN1,72.357,79.303,89.488,66.799,60.376,79.603
AUP1,105.044,93.962,84.868,92.122,78.869,86
RTN4,581.643,542.588,510.258,531.781,502.941,547.039
HTRA2,23.483,23.912,20.79,22.253,21.856,23.02
LOXL3,31.277,33.978,26.892,49.153,43.345,45.56
DOK1,22.683,21.742,20.868,21.365,24.528,23.402
GALNT3,0.303,1.168,0.306,0.037,0.353,0.11
POLE4,37.263,27.809,30.079,30.365,34.088,29.567
TACR1,0.204,0.084,0.125,0.061,0.091,0.137
CCDC88A,17.972,19.949,22.29,18.794,17.271,20.532
ACADL,0,0.033,0,0.03,0.09,0
EVA1A,55.043,37.207,37.796,53.992,51.286,50.854
MRPL19,26.881,28.536,31.169,28.189,31.244,28.446
LANCL1,26.758,27.8,28.134,24.896,21.131,27.573
WDR75,18.589,17.713,17.199,18.555,15.711,25.205
EFEMP1,156.062,193.294,243.695,228.975,390.943,297.881
REG1A,0,0,0,0,0,0
FANCL,15.013,18.851,16.833,18.703,11.448,15.964
FN1,11899.3,13446.745,14606.496,11461.094,9427.758,12496.279
STAT1,90.601,114.661,125.118,89.607,127.751,113.953
GLS,60.251,54.605,56.153,46.095,46.631,47.122
PAPOLG,2.224,2.276,2.964,2.366,2.723,2.602
DNAH6,0.012,0.024,0.02,0.006,0.005,0.006
PECR,3.464,4.029,3.936,4.054,4.722,3.332
UNC50,35.734,35.447,31.679,32.544,32.355,33.3
IGFBP2,33.625,30.429,25.499,30.618,30.824,23.468
ELMOD3,13.83,16.834,17.63,13.801,9.749,17.863
IGFBP5,23.21,23.376,22.642,54.665,39.134,46.586
USP34,43.199,43.513,50.21,41.778,26.075,41.933
EFHD1,0,1.5,1.552,0.441,1.372,1.629
KCNJ13,0,0.263,0.185,0.041,0,0.185
CCT4,105.881,97.98,97.201,100.468,107.874,99.087
GGCX,15.042,17.595,17.171,17.967,15.892,18.265
NEU2,0,0,0,0,0,0
EHBP1,56.303,73.276,81.816,70.125,74.166,78.177
OTX1,0.029,0.235,0.094,0.134,0.053,0.08
TXNDC9,28.369,24.068,23.894,31.636,29.754,26.741
COQ10B,26.78,30.06,27.99,23.221,19.583,20.463
GNLY,0,0,0.702,0.127,0,0.261
SF3B1,110.779,116.101,136.105,120.241,78.247,124.983
ST3GAL5,15.573,13.043,15.015,12.379,15.465,12.606
CHST10,4.734,4.907,4.951,6.381,5.226,5.911
PDCL3,18.727,17.708,14.88,22.575,18.612,14.322
MOB4,32.238,32.482,28.343,33.786,29.653,24.3
HSPE1,246.512,167.485,167.539,196.945,192.897,161.665
KDM3A,30.183,31.614,28.768,33.684,22.504,34.467
PLCD4,0.414,1.457,0.96,1.227,1.218,1.445
CHMP3,92.848,95.425,88.739,100.697,111.332,104.834
ZNF142,7.193,8.049,9.149,7.986,4.746,7.973
IL1R2,0,0,0,0,0.174,0.059
PRKAG3,0,0,0,0,0.069,0
SMYD1,0,0,0,0,0,0
IL1R1,66.352,50.363,52.371,55.492,43.986,51.029
WNT6,0,0.051,0,0,0,0
IL1RL2,0.786,0.668,0.836,0.416,1.025,0.533
IL1RL1,0.71,0.792,0.309,1.156,0.696,1.192
IL18R1,0.45,0.05,0.021,0.183,0.227,0.265
IL18RAP,0,0,0,0,0,0
SLC9A2,0,0,0,0.013,0,0.013
FHL2,280.693,234.117,219.434,259.813,266.016,257.91
MLPH,7.054,6.468,6.549,6.535,4.685,7.243
CNPPD1,37.129,42.962,40.78,45.548,43.461,46.875
UXS1,47.679,42.859,42.277,39.992,34.281,32.921
ABCB6,9.488,12.289,12.355,12.489,12.044,16.076
STK16,27.884,27.466,23.473,26.137,25.798,28.335
SLC5A7,0,0,0,0,0,0
HDLBP,543.777,570.878,599.136,601.005,578.366,598.892
PPP1R7,67.572,74.356,75.568,67.924,78.286,75.446
PASK,3.788,2.802,2.5,2.798,1.541,4.374
STK25,99.345,120.809,106.431,121.52,114.404,116.018
TPO,0.104,0.059,0.184,0.041,0.027,0.044
PROC,0,0,0,0,0.05,0
ID2,73.147,71.655,69.394,74.173,99.32,85.672
TAF1B,18.143,14.645,19.451,12.827,13.803,12.197
HPCAL1,70.03,59.255,49.47,54.575,34.256,42.276
ODC1,56.966,57.701,50.514,40.489,45.851,42.262
BIRC6,11.955,11.393,12.092,10.258,7.016,11.142
NOL10,15.196,14.486,16.289,15.769,15.647,15.469
PLEKHB2,40.053,37.42,35.18,34.903,32.738,31.416
GORASP2,70.42,71.223,65.356,70.928,79.059,69.048
STRN,12.688,12.929,12.253,10.701,8.325,10.916
CEBPZ,25.935,23.331,25.901,23.124,23.842,22.224
PRKD3,26.668,30.094,31.124,28.896,23.203,33.12
DCAF17,7.179,8.119,8.165,9.059,8.058,9.041
QPCT,9.978,9.216,9.502,14.128,11.671,10.527
RAB3GAP1,46.694,46.226,49.812,45.305,48.089,48.429
SLC25A12,8.316,7.649,7.908,7.305,6.963,7.303
RMDN2,6.977,6.447,9.147,4.774,8.039,5.204
DLX2,0.616,0.788,0.712,0.78,0.629,1.149
LCT,0.051,0.076,0.013,0,0.023,0.046
DARS1,82.025,60.646,63.837,78.702,80.067,77.865
SRSF7,122.331,109.576,106.399,109.665,99.202,105.802
SDC1,14.636,16.029,10.992,20.411,16.969,15.252
PLCL1,1.897,2.777,3.496,3.844,2.716,3.369
SLC1A4,18.97,22.159,24.34,24.328,23.198,24.533
SOS1,16.315,17.744,16.923,16.689,12.519,16.041
KYNU,0.835,0.656,0.854,0.576,0.36,0.628
WIPF1,50.486,59.946,59.618,61.937,59.818,68.033
ORC2,8.748,8.49,8.675,9.7,8.48,9.362
COX7A2L,61.315,58,59.775,55.488,63.856,58.25
PNO1,14.46,10.74,10.675,10.312,9.765,10.748
ORC4,13.41,18.937,13.431,12.623,12.979,13.6
PLEK,0,0.03,0.064,0.027,0.054,0.027
RND3,159.851,167.193,177.601,141.489,143.96,137.211
ATF2,18.872,18.689,23.451,22.953,19.125,23.052
THADA,11.982,11.988,13.139,9.38,8.45,11.627
AAK1,15.381,17.546,18.198,15.246,8.338,15.717
TRAK2,21.648,20.588,21.621,20.635,17.285,20.995
C2orf42,7.739,9.459,10.76,7.35,12.577,9.118
TIA1,26.323,33.755,32.482,27.764,20.898,31.729
PCYOX1,83.838,104.507,97.142,78.292,92.206,92.518
KISS1R,0,0,0,0.189,0,0.148
EPAS1,117.813,108.257,106.042,92.37,85.681,100.158
ARID3A,7.193,6.889,9.683,9.003,8.253,10.42
SUMO1,133.19,136.072,134.052,140.889,141.2,126.208
CD207,0,0,0,0.042,0.042,0
GRIN3B,2.249,2.597,3.005,1.934,1.911,2.653
VAX2,2.759,4.085,3.883,1.492,3.294,2.726
ATP6V1B1,3.629,6.498,5.047,2.774,3.517,3.204
NFE2L2,72.055,85.878,89.904,77.97,82.612,87.847
MSH6,35.452,32.563,32.803,40.419,27.016,36.229
PLEKHA3,4.527,4.865,3.601,4.029,3.082,2.643
SPR,15.949,18.679,16.492,16.639,22.498,18.599
EPHA4,4.173,4.075,4.068,4.498,3.926,4.904
PARD3B,3.538,4.656,4.97,3.947,5.839,4.825
FARSB,11.581,10.996,10.438,12.462,9.035,10.872
ALMS1,3.917,2.867,4.519,3.674,2.468,3.567
BCL9,2.787,3.903,3.998,2.842,2.228,2.894
PRRX1,135.593,93.514,81.002,123.467,45.76,85.146
DHCR24,23.497,24.709,22.803,24.541,25.705,23.92
DNAJC16,8.633,8.635,8.436,7.859,7.021,8.109
MARK1,0.091,0.08,0.182,0.093,0.108,0.084
TNR,0.262,0.215,0.393,0.196,0.138,0.433
MORN1,4.18,4.196,4.392,3.796,3.405,4.614
GPX7,21.195,21.553,19.477,25.098,35.835,29.071
CACYBP,72.612,54.18,82.705,65.025,50.501,47.321
SCP2,91.13,99.115,92.794,91.072,106.002,89.781
TPSG1,0,0,0,0,0.31,0
PAPPA2,2.094,1.968,2.333,2.137,2.203,2.839
RALGPS2,41.731,38.595,33.361,42.617,30.72,36.86
ANGPTL1,0.386,0.946,0.695,0.674,1.341,2.166
CEP104,12.723,11.57,11.706,10.272,9.211,11.062
FAM20B,25.344,21.004,22.091,23.798,19.931,25.564
TCEANC2,4.62,5.184,5.253,4.542,2.598,3.765
TMEM59,353.019,347.707,387.964,346.28,452.886,381.023
LRRC42,32.737,31.826,31.406,37.706,35.219,35.543
WRAP73,13.304,12.51,11.203,14.893,11.184,12.623
NPHS2,0,0,0,0,0,0
MRPL37,64.184,70.87,70.246,73.707,83.021,74.381
ICMT,65.876,62.456,56.681,66.232,51.799,57.63
RPL22,1037.187,1007.372,1085.891,1097.862,1309.165,943.993
CHD5,0.222,0.079,0.068,0.237,0.021,0.029
QSOX1,439.017,438.341,428.976,434.774,512.118,500.966
STXBP3,28.611,27.515,27.323,29.011,25.966,27.983
PHF13,19.862,19.239,20.589,21.017,21.904,23.596
ERRFI1,92.198,64.762,53.775,83.574,33,53.932
PARK7,342.067,314.654,320.14,349.06,391.129,304.792
ELAPOR1,0.264,0.436,0.33,0.301,0.167,0.358
OPRD1,0.16,0.321,0.234,0.277,0.083,0.242
AMPD2,32.37,27.999,29.787,32.656,28.537,37.379
SRSF4,77.919,76.901,80.906,72.698,61.052,69.774
MECR,10.548,11.27,11.608,10.442,11.836,10.908
KCNC4,9.285,8.081,7.461,7.775,3.953,6.488
EDEM3,33.725,25.383,24.347,25.724,15.971,21.574
WDR77,16.769,14.509,15.343,18.118,18.747,18.725
ATP5PB,103.342,105.656,107.7,111.792,131.613,105.278
RAP1A,71.581,77.269,69.705,72.207,74.369,64.341
HDAC1,60.58,61.556,63.423,60.089,58.825,60.346
CAPZA1,121.127,105.339,103.649,134.741,109.233,118.17
S100PBP,12.32,16.403,18.087,18.693,14.577,18.545
RNF19B,7.135,7.519,8.849,7.166,8.848,7.586
SCAMP3,49.645,47.135,45.966,42.436,42.169,40.233
TRIM62,3.232,3.123,3.87,3.058,2.372,2.798
ASH1L,16.896,17.608,19.015,15.234,9.787,14.785
DLGAP3,0.068,0.227,0.097,0.103,0.143,0.103
SFPQ,76.98,62.893,72.65,55.996,45.904,60.129
RHOU,0.674,1.367,1.348,1.654,2.26,2.428
GON4L,10.994,12.776,13.332,9.997,8.058,11.662
ARHGEF2,75.686,99.387,105.002,92.232,99.322,115.893
LAMTOR2,78.898,79.527,84.485,77.742,94.248,77.997
MEF2D,40.991,49.877,44.414,38.885,36.181,40.195
DOCK7,48.153,44.556,40.625,41.893,29.416,38.707
SRM,126.323,109.404,91.856,116.824,109.958,120.021
FBXO2,1.289,0.504,0.913,0.526,1.743,0.715
FBXO6,3.639,4.226,3.548,3.468,5.161,3.821
C1orf21,5.667,5.78,6.081,7.704,7.616,7.216
SWT1,3.646,4.597,3.05,2.934,3.12,3.606
MAD2L2,38.192,46.463,45.886,44.092,47.3,47.937
DNAJC6,2.274,3.443,3.477,2.483,2.456,4.198
LEPR,6.308,7.876,8.338,6.41,7.028,6.925
IVNS1ABP,20.39,21.873,19.28,22.542,16.333,19.406
KIAA2013,48.98,45.536,43.271,44.886,52.487,48.943
MFN2,46.712,41.69,42.153,42.453,40.32,43.927
PRG4,2.618,1.893,2.346,3.728,1.132,2.428
MIIP,11.164,13.761,12.92,11.918,11.78,13.022
SMG7,20.218,20.382,18.659,17.286,12.719,15.865
NCF2,0.207,0.502,0.084,0.036,0.376,0.105
PDC,0.24,0,0.085,0.968,0.072,0.615
SLC35D1,5.482,5.202,4.956,4.644,4.424,5.218
PLA2G4A,5.263,3.336,3.183,4.586,1.812,3.027
GADD45A,84.855,101.913,109.761,64.275,78.699,80.583
PRAMEF1,0,0,0,0.036,0,0
PRAMEF12,0,0,0,0,0,0
WLS,50.994,44.583,37.165,39.894,25.113,32.391
PRDM2,20.441,23.671,21.783,19.074,16.05,19.468
RGS2,20.385,17.289,14.836,14.66,7.936,8.054
RPE65,0,0,0,0,0,0
RO60,14.467,16.458,19.347,15.457,13.904,13.842
AMPD1,0,0,0,0,0,0
UCHL5,27.98,29.426,31.205,30.222,25.062,28.638
BCAS2,27.368,32.984,29.947,26.651,26.176,26.293
SRSF11,91.533,100.403,107.508,83.124,57.764,90.648
CTH,2.095,3.55,2.662,3.345,4.519,3.862
AGMAT,0.862,0.542,0.845,0.56,0.387,0.587
OLFML3,62.65,77.126,87.503,105.163,161.573,128.126
TNNI3K,0,0,0.544,0.125,0.557,0
CFHR3,0.058,0.114,0,0.026,0.025,0.181
PLEKHM2,52.861,59.849,59.879,51.806,51.966,55.384
CRYZ,39.824,38.361,39.121,37.352,30.991,31.981
PHTF1,14.106,17.632,12.321,12.596,16.028,14.313
ZBTB17,16.5,17.129,19.225,18.044,15.15,19.1
CD58,12.219,14.825,14.609,13.761,13.109,17.387
TFAP2E,0.831,1.021,1.285,0.724,0.748,0.72
CD2,0,0,0,0,0,0.052
TTF2,4.682,5.671,3.651,5.576,4.287,5.276
NR5A2,0.25,0.603,0.202,0.112,0.044,0.122
KIF21B,0.025,0.017,0,0.03,0.039,0.027
TMEM9,41.35,45.174,44.296,43.31,57.584,43.261
ADPRS,34.981,33.806,26.642,35.672,33.823,34.66
MAP7D1,107.216,98.88,91.986,112.453,105.862,114.87
WARS2,8.577,8.396,9.948,9.549,9.907,11.428
HAO2,0.061,0.106,0,0.15,0,0.313
OSCP1,4.762,5.263,5.766,6.511,6.13,5.757
MRPS15,56.015,62.772,58.091,54.101,75.669,54.561
EXOC8,6.084,6.74,6.754,5.549,4.431,5.872
GNPAT,28.535,32.314,32.521,26.128,29.861,26.514
TSNAX,23.613,23.044,23.272,22.475,18.231,20.818
C1orf109,13.592,15.898,15.46,16.149,14.258,16.116
RRAGC,36.603,38.229,39.015,32.601,31.378,28.762
NID1,135.12,136.289,140.944,130.689,121.84,141.072
LGALS8,32.007,31.334,30.13,28.882,24.433,32.047
NT5C1A,0.039,0.063,0.03,0.067,0.021,0.041
HPCAL4,0,0,0,0.017,0,0
MTR,16.426,15.794,16.745,16.756,11.346,17.002
BMP8B,0.187,0.315,0.088,0.242,0.092,0.319
MYCL,0.05,0.231,0.134,0.046,0.136,0.04
SIPA1L2,7.881,8.339,8.949,7.509,11.437,10.315
ZP4,0,0,0,0,0,0
RLF,8.373,9.575,8.561,8.118,5.86,8.867
KMO,0.195,0.109,0.206,0.182,0.021,0.128
ZNF684,1.558,2.93,3.641,4.125,2.122,3.147
KCNQ4,0.179,0.037,0.095,0.017,0.05,0.163
RIMS3,0.064,0.323,0.069,0.118,0.232,0.175
AKT3,32.225,33.48,35.093,37.347,29.028,32.133
ETV3,7.667,9.794,9.449,9.467,6.797,8.669
ACADM,16.558,18.55,18.453,17.363,19.452,18.085
ST6GALNAC5,0.373,0.545,0.718,0.679,1.227,0.977
SLAMF1,0,0,0,0,0,0
CD48,0,0,0,0,0,0
ADGRL2,29.968,25.155,21.504,33.384,21.677,27.654
PADI2,0,0.037,0.02,0.067,0.099,0.084
SDHB,64.061,58.229,60.422,63.379,68.892,63.084
MFAP2,78.945,73.772,74.046,98.729,108.137,101.059
RPF1,27.231,25.956,23.892,22.791,24.38,19.615
KDM5B,24.957,26.105,28.565,25.256,21.702,27.103
UAP1,112.988,87.538,85.222,106.896,86.838,98.009
ACTL8,0,0,0,0.096,0,0
CTBS,6.317,7.446,6.532,7.074,5.705,7.329
RGS4,9.432,9.393,7.542,18.515,11.768,13.119
KLHL12,16.431,19.689,19.538,17.919,18.372,18.123
IGSF21,0,0,0,0,0,0
SSX2IP,15.813,16.118,13.552,16.875,8.801,14.881
ZNHIT6,10.345,8.537,8.181,8.327,7.769,7.223
PLA2G2D,0.355,0.58,0.312,0.321,0.086,0.238
RBBP5,8.137,8.631,8.452,7.84,7.007,8.975
GBP3,27.682,31.023,27.348,26.536,35.249,28.105
GBP1,3.656,6.745,8.754,6.445,8.767,8.762
KIF17,0.297,0.274,0.243,0.145,0.295,0.083
GPR89A,12.863,13.749,10.992,10.992,12.256,14.164
CDK18,0.359,1.187,1.013,1.259,0.862,1.119
RAB29,14.663,20.655,20.125,14.382,16.494,15.315
CD160,0.531,1.389,1.766,0.954,0.3,0.82
ECE1,128.836,112.012,108.175,102.598,82.798,91.585
HMGCL,23.468,26.984,28.676,21.647,27.934,26.256
GALE,9.268,10.603,8.138,11.748,8.789,10.561
ID3,13.173,8.447,9.555,7.044,10.76,8.545
CR2,0,0,0,0,0,0
CD46,69.791,77.33,74.331,70.265,61.96,68.085
PRPF3,21.363,21.414,23.657,19.55,15.027,21.285
APH1A,82.414,89.049,87.005,87.589,105.693,86.927
P3H1,59.695,61.219,70.931,75.065,83.982,89.164
SLC2A1,82.871,71.631,52.247,78.526,57.312,72.738
EBNA1BP2,77.473,69.592,58.443,61.94,69.776,57.037
CDC20,25.964,28.626,30.168,33.045,36.616,33.933
MPL,0.347,0.27,0.341,0.452,0,0.657
ARTN,0.913,3.781,1.8,1.611,1.444,0.615
IPO13,15.567,16.653,14.47,14.661,13.09,14.905
ATP6V0B,65.404,68.256,61.464,48.476,59.042,57.953
B4GALT2,72.161,69.858,61.214,91.365,91.127,87.315
ERI3,44.65,43.109,39.332,40.877,49.578,42.066
PTCH2,0.604,1.485,0.992,0.938,0.839,1.954
AKR1A1,51.498,52.636,52.789,58.482,60.777,57.912
PRDX1,614.297,562.853,513.3,577.738,579.741,502.42
PIK3R3,0.858,0.308,0.455,0.398,0.358,0.34
TSPAN1,0.656,0.658,0.407,0.35,0.295,0.298
BLZF1,22.709,24.766,21.303,24.34,21.291,24.411
CCDC181,0.093,0.047,0.297,0.298,0.378,0.296
SLC19A2,1.909,2.278,2.076,1.918,1.785,1.739
FAAH,1.804,2.312,2.455,2.491,2.04,3.008
NSUN4,7.056,6.622,7.21,5.874,6.17,6.546
TMED5,43.468,37.646,38.106,26.588,23.286,25.569
MROH9,0,0,0,0,0,0
DR1,40.488,38.521,34.122,37.047,36.185,36.385
CNN3,82.419,90.096,87.339,90.404,117.443,103.15
PRRC2C,40.545,42.198,47.688,33.826,21.633,33.658
F3,32.219,44.322,53.575,29.523,48.218,39.051
ABCD3,24.877,19.97,21.982,20.793,16.497,19.014
VAMP4,16.007,15.615,16.195,21.421,15.369,16.549
DPH5,27.699,30.801,31.357,28.661,30.499,26.725
FASLG,0,0,0,0,0,0
PTBP2,6.342,8.349,9.654,5.591,4.271,8.36
TNFSF4,1.075,1.717,2.102,2.238,2.981,2.474
PRDX6,180.617,188.768,195.049,213.403,290.516,235.39
DARS2,10.141,10.154,10.612,11.71,9.73,10.684
HSD11B1,1.344,0.227,0.628,0.725,1.113,1.049
IRF6,0.783,1.646,1.106,0.263,1.366,0.23
UTP25,6.851,6.795,6.499,8.114,5.839,7.86
PLPPR5,0,0,0,0,0,0
PLPPR4,0.033,0.1,0.088,0.06,0.12,0.211
SERPINC1,0.057,0,0.244,0,0,0.156
RCAN3,8.082,8.978,6.161,7.789,5.914,7.819
SYF2,55.796,55.153,61.121,61.713,65.107,66.733
RSRP1,44.98,53.84,63.048,44.113,35.709,61.699
SLC35A3,17.662,16.193,17.154,15.323,16.767,14.149
RCOR3,15.869,18.074,22.25,19.622,13.833,18.555
STMN1,142.811,155.178,163.632,199.369,169.357,166.635
MTFR1L,58.318,57.263,65.787,57.499,57.333,61.773
MAN1C1,2.065,4.351,5.281,2.81,7.869,5.123
NEK2,7.272,8.86,11.806,9.328,8.843,10.049
RPS6KA1,1.194,1.288,1.314,1.518,0.898,1.052
DHDDS,23.97,34.656,29.453,33.543,22.958,24.109
NENF,92.968,91.521,95.646,86.49,120.289,90.609
NSL1,15.394,18.293,17.292,18.498,19.56,17.65
PROX1,0.112,0.226,0.235,0.042,0.048,0.084
ARID1A,13.434,16.028,17.874,14.199,11.037,15.537
CENPF,22.905,26.908,26.226,24.143,16.58,24.819
RPA2,24.987,31.671,26.018,31.666,28.116,31.829
PPP1R8,35.847,34.808,28.889,32.834,40.948,31.678
STX12,31.095,30.186,32.156,31.912,27.93,30.334
MTARC2,5.689,5.419,6.688,6.04,6.474,5.065
SLC5A9,0.344,0.345,0.57,0.14,0.023,0.382
OSBPL9,21.419,23.658,26.036,19.892,23.823,20.633
TXNDC12,56.787,56.25,63.872,59.121,66.201,59.866
ESYT2,77.211,80.808,71.694,84.473,69.858,79.707
POLR1G,6.937,5.862,5.606,4.623,5.762,4.833
MESD,22.107,20.031,18.253,18.957,20.369,20.717
RCN2,59.675,57.544,54.725,52.503,44.394,47.103
CHRNB4,0.067,0.137,0.15,0.128,0,0.123
MUC5B,0.022,0.03,0.009,0.008,0.004,0.275
CTSD,408.747,417.986,422.661,385.508,453.678,440.644
COLEC11,2.429,2.126,1.26,1.97,0,1.664
STAG1,28.069,30.666,32.217,30.766,27.874,30.999
A4GNT,0.637,0.344,0.522,0.717,0.221,0.489
STK11,43.777,42.14,44.992,43.035,49.571,52.875
KMT2A,13.654,15.613,15.197,12.077,8.276,13.711
TREH,0.204,0.122,0.137,0.072,0,0.418
IFT46,22.298,26.654,25.749,20.106,20.914,21.088
MMP8,0.39,0.131,0,0.025,0,0
APOA1,0.225,0.227,0.358,0.598,0.304,0
ZNF541,0.227,0.098,0,0.148,0.047,0.204
SLC8A2,0.045,0.045,0.072,0.021,0,0.021
KPTN,7.815,10.204,10.055,5.668,8.655,10.321
RPS25,2578.949,2526.297,2561.84,2690.263,3054.852,2513.245
KIF14,2.906,3.629,3.789,4.391,3.24,4.028
TNNT2,0.177,0.275,0.075,0,0.092,0.093
DDX59,11.605,12.315,13.301,15.168,13.767,14.389
CAMSAP2,27.815,28.408,29.128,26.125,17.113,23.036
ATF6,19.226,22.213,20.183,21.067,19.363,18.964
CRYGD,0,0,0,0,0,0
MREG,3.688,6.241,5.168,7.101,4.82,4.596
TNP1,0,0,0,0,0,0
FASTKD2,15.663,14.535,14.931,14.497,16.034,15.469
NRP2,5.894,6.358,5.045,7.451,6.752,6.686
CREB1,13.671,12.788,15.705,14.912,12.266,15.923
KLF7,16.493,13.979,16.38,15.996,10.142,14.241
TTR,1.264,0.368,0.767,1.349,1.8,0.821
B4GALT6,5.688,6.08,5.241,5.804,6.9,2.229
C1orf54,7.567,5.282,6.687,11.144,15.008,8.396
CA14,0.233,0.63,0.186,0.48,0.105,0.735
CFAP94,0.246,0.143,0.38,0.928,1.088,0.88
IRAG2,0,0.018,0,0,0.036,0
ATP10B,0.012,0.052,0,0,0.042,0
SPCS2,108.133,92.219,103.404,103.557,109.755,99.519
USP35,7.905,7.011,8.181,6.23,5.215,7.3
ELOVL4,4.491,5.475,4.546,3.293,3.745,3.702
FILIP1,0.115,0.181,0.147,0.229,0.124,0.101
CASP8AP2,8.239,6.8,7.886,11.302,6.508,9.787
HMGN3,29.216,38.299,34.612,30.709,34.654,30.656
UBE3D,3.452,3.729,3.959,3.728,2.665,3.011
CNR1,0,0,0,0,0,0
SPACA1,0,0,0,0,0,0
ANKRD13C,16.024,14.066,15.613,15.87,13.505,14.402
SGIP1,13.157,11.492,13.044,12.303,9.818,12.344
PHF3,23.453,25.959,27.882,23.993,18.302,23.963
ZC2HC1B,0.209,0,0,0,0.094,0.095
ADGB,0,0,0,0,0,0
PLAGL1,35.063,41.753,43.561,37.946,35.208,42.486
FBXO30,7.217,6.153,5.755,7.074,4.932,5.982
TNFAIP3,15.154,17.441,16.375,12.501,6.693,13.451
AKAP7,3.747,5.246,4.974,3.057,4.032,3.383
RAB32,64.422,62.298,56.953,64.225,82.501,63.995
MYB,0.305,0.092,0.236,0.421,0.139,0.184
ALDH8A1,0.379,1.725,0.692,0.142,0.339,1.539
SGK1,138.349,185.42,176.9,125.708,104.984,124.808
RNF146,39.229,33.135,42.818,29.905,26.461,33.357
ARG1,0,0.171,0.331,0.145,0,0.413
CCN2,154.026,237.822,265.898,308.499,451.591,428.751
TCF21,0,0.027,0.058,0.05,0.029,0
PMFBP1,1.74,2.019,1.121,1.002,0,0.479
FBXL5,33.627,36.203,35.105,30.459,31.667,32.357
MED28,6.065,5.907,6.409,6.176,4.831,6
SLC16A7,6.437,6.673,6.716,9.211,3.804,9.638
RXYLT1,17.639,16.895,16.03,15.708,15.602,17.052
ZNF430,6.099,4.753,8.704,5.338,4.383,7.511
VAMP8,0.855,4.803,1.073,0.798,2.288,0.778
DCLRE1B,7.295,7.199,6.192,9.114,6.229,8.347
MYL12B,362.4,331.068,319.358,380.213,405.505,361.553
FOXO3,20.147,20.932,21.997,17.953,17.14,19.168
ARMC2,3.829,2.162,3.145,3.161,2.956,3.348
GHRH,0,0,0,0,0,0
RPN2,153.909,158.361,159.284,184.037,176.821,171.426
TGIF2,3.09,3.323,5.355,5.142,6.247,6.237
CASQ2,0,0,0,0,0,0
OLFM3,0,0,0,0,0,0
PKD2,50.08,41.185,43.278,38.509,30.931,40.9
ABCG2,0.077,0.296,0.035,0.27,0.28,0.075
SPP1,0.543,0.907,0.461,0.832,0.555,0
STBD1,11.239,11.753,9.936,13.535,10.608,12.47
CCNI,229.17,233.943,250.279,220.909,228.44,236.884
RARRES1,0.493,0.308,0.218,0.228,0.668,0.372
MFSD1,83.151,67.852,57.907,67.943,49.435,57.959
RAB3GAP2,12.397,15.285,14.121,12.496,13.548,12.678
EEF2KMT,16.581,14.648,14.427,16.79,17.621,17.77
PPL,104.288,150.977,173.449,117.262,122.857,149.628
UBN1,28.665,30.541,33.076,28.711,24.509,29.64
KLF12,7.924,7.887,7.998,8.131,4.571,7.196
UCHL3,44.741,35.486,30.964,34.245,33.311,32.646
PCDH17,0.054,0.009,0.02,0.009,0,0.009
HS1BP3,16.004,24.071,20.391,13.006,15.972,19.263
LDAH,12.541,8.843,11.506,11.324,7.762,12.837
WDR35,5.653,4.832,5.378,4.825,3.704,4.912
CCND2,0.744,1.277,1,0.743,0.614,0.933
FGF23,1.54,1.814,1.989,1.052,2.302,1.547
ELL2,30.958,31.926,31.561,26.471,20.976,27.614
DNAH7,0.226,0.208,0.665,0.624,0.431,0.457
CYP20A1,8.909,10.322,10.118,9.184,8.438,8.522
NDUFB3,84.36,100.68,91.179,89.426,93.299,90.673
GTF3C3,22.817,13.733,17.531,13.225,12.565,13.044
SATB2,15.06,11.352,10.957,10.74,6.131,8.929
UBE2B,87.116,89.278,90.433,91.518,90.259,83.004
TRPM6,0.271,0.128,0.204,0.13,0.034,0.052
GDA,0,0.3,0,0.245,0.151,0.437
KLF9,4.3,5.504,7.454,7.805,8.095,8.905
TJP2,10.749,12.471,10.269,11.277,6.757,11.463
ECRG4,0,0,0,0,0,0
ITGB1BP1,80.809,69.964,75.658,90.823,76.651,74.447
CPSF3,24.794,26.333,28.815,28.787,25.808,28.33
PIGZ,11.531,10.087,10.083,9.916,8.96,10.183
SENP5,10.959,9.916,9.196,12.49,7.29,10.492
CCDC92,62.666,56.415,61.314,56.484,54.051,57.649
C1orf198,30.087,32.177,39.132,32.818,46.247,45.146
TRIM67,0.008,0.008,0.009,0.038,0,0.023
HEATR1,15.884,15.594,15.988,15.132,10.808,14.836
PTBP3,11.953,11.209,11.75,10.425,8.857,11.357
RAD23B,88.98,101.046,107.43,117.194,143.096,124.791
FKBP15,12.098,12.278,13.528,12.985,10.476,12.411
CTNNAL1,39.406,33.818,35.816,41.217,41.667,40.208
ABITRAM,19.118,18.029,18.555,20.018,21.367,18.431
DYNC2I2,38.528,40.055,38.093,44.677,50.075,47.607
SET,239.977,219.363,217.431,251.696,254.604,252.431
PTPA,105.458,102.856,110.732,129.219,131.945,124.821
GLE1,18.69,20.6,21.348,20.154,17.133,18.061
RAB14,44.481,40.346,39.452,44.67,39.57,48.033
CNTRL,3.682,4.122,4.932,5.064,3.863,4.225
TRIM32,13.734,16.519,16.293,15.227,13.334,15.388
FBXW2,15.938,14.284,15.03,15.772,12.746,16.385
PHF19,23.03,24.749,25.997,35.277,32.119,35.866
NEK6,56.131,52.218,50.643,54.59,42.354,52.13
BSPRY,0.109,0.145,0.116,0.066,0.033,0.132
PPP6C,17.022,17.779,17.641,19.17,18.952,17.904
NDUFA8,68.273,61.384,60.603,68.133,75.053,56.325
HDHD3,9.102,11.128,8.758,6.71,8.013,8.401
RBM18,9.627,8.364,9.347,9.485,8.188,9.068
SLC46A2,0.17,0.409,0.362,0.342,0.061,0.433
HSDL2,26.16,25.773,26.716,26.894,26.745,26.964
MAPKAP1,80.837,83.156,66.801,80.203,67.666,77.774
NR4A3,1.478,1.319,1.248,0.413,0.318,0.374
INVS,7.462,8.799,9.054,7.617,8.005,7.165
GALNT12,10.16,11.424,11.547,10.931,8.17,10.12
DENND1A,19.966,19.459,20.207,20.014,17.168,21.082
ALG2,27.919,27.521,29.847,26.049,29.935,25.879
CSF3R,0,0,0,0,0,0
KDSR,49.958,45.661,48.548,45.11,35.551,37.081
VPS4B,32.669,35.565,33.059,32.644,28.687,32.256
ONECUT2,0.014,0.033,0.01,0.009,0.008,0.039
C19orf25,21.282,22.747,24.619,23.097,24.106,24.56
ZBTB45,17.156,17.89,14.581,16.537,16.553,19.396
YLPM1,24.2,25.943,26.836,20.702,16.545,22.953
DCAF4,15.175,12.593,11.936,13.006,11.205,13.084
PROX2,0.228,0.932,0.176,0.245,0.019,0.414
VSX2,0,0,0,0,0,0
FCF1,45.624,44.705,42.694,38.937,43.938,43.979
PGF,23.906,15.487,12.082,17.909,11.347,14.694
IFI27L2,146.692,143.379,144.976,152.531,173.2,145.784
BBOF1,4.624,9.286,6.609,5.346,6.011,6.066
NEK9,35.704,38.013,42.235,32.032,32.188,32.086
ACYP1,51.937,43.488,32.701,47.223,27.427,36.609
IFT43,29.129,33.135,36.89,23.794,37.268,28.226
NPC2,141.2,168.401,158.528,131.784,154.139,121.017
DNAL1,11.109,10.87,5.886,8.034,4.915,7.658
IRF2BPL,50.29,40.999,38.105,35.402,36.701,38.313
ACOT2,19.673,19.969,22.741,21.998,21.655,21.873
LTBP2,394.823,441.101,450.648,394.281,329.918,454.894
AREL1,12.184,11.117,11.24,12.696,10.425,10.644
MLH3,5.284,5.837,6.616,6.78,4.471,5.127
TTLL5,9.953,9.649,10.549,9.648,8.208,8.519
FLVCR2,0.956,0.862,1.783,0.589,0.821,0.693
ABCD4,27.571,31.164,38.759,29.192,27.864,33.308
DLST,107.58,127.765,120.141,123.67,115.878,133.478
PPP4R4,0.105,0.084,0.217,0.205,0,0.153
TGFB3,1.169,1.714,1.771,1.693,1.929,1.664
ZC2HC1C,4.665,1.433,1.556,1.378,0.883,1.46
SLIRP,113.338,115.242,94.793,110.834,132.22,117.437
RBM25,55.227,55.729,58.915,47.764,30.409,53.326
ALDH6A1,6.44,8.862,8.2,7.931,7.7,11.771
GPR68,21.465,12.261,8.215,16.636,4.485,9.544
ESRRB,0,0.324,0.062,0.053,0.014,0.058
EIF2B2,10.15,8.607,10.259,10.031,9.301,8.853
NRDE2,2.185,4.131,3.022,4.331,2.451,2.823
COQ6,10.992,12.539,13.061,11.657,12.525,12.63
ZNF410,28.865,30.807,31.8,32.469,32.092,34.875
RHOQ,39.753,38.947,42.672,34.04,33.856,32.869
GPR75,0.734,1.716,1.172,1.117,0.367,1.074
SUPT7L,20.626,22.561,23.294,19.259,17.632,21.752
KLHL29,7.444,5.907,6.002,6.415,3.865,6.398
DNMT3A,5.419,5.62,5.032,5.478,4.944,6.181
TMEM214,54.504,56.03,51.083,59.207,50.004,59.631
ATAD2B,1.776,2.931,2.08,2.172,1.171,1.754
FKBP1B,6.613,8.491,6.098,8.309,7.221,7.483
ATL2,15.03,20.901,15.112,14.825,15.419,15.862
YPEL5,70.593,75.409,75.904,70.118,79.938,74.88
FAM98A,77.023,32.624,34.729,60.152,45.456,56.107
YIPF4,10.402,9.906,11.468,9.934,9.005,9.433
AFTPH,10.843,10.859,11.992,10.035,11.854,11.33
LGALSL,0.782,1.597,0.688,2.375,1.679,2.667
CNRIP1,39.127,38.626,38.611,42.534,43.857,35.692
BCL11A,1.032,2.383,1.116,1.302,1.086,2.199
CRIPT,5.904,5.365,6.526,5.659,5.829,6.257
EPCAM,0.467,0.199,0,0,0.052,0
SLC17A5,15.098,14.326,13.813,12.91,11.903,11.999
OGFRL1,9.65,8.595,7.757,8.971,5.574,8.329
SLF2,13.215,13.005,14.606,11.919,9.311,13.361
IDE,11.805,11.653,14.103,12.776,10.418,11.954
TECTB,0,0,0,0.027,0,0
ELOVL3,0.129,0.455,0.138,0.178,0.233,0.118
IFIT3,12.53,14.658,14.975,10.45,14.068,14.77
NKX2-3,0,0,0,0,0,0
IFIT2,1.934,4.569,5.087,2.672,4.148,3.669
GPAM,3.721,4.485,4.287,4.197,3.854,4.911
CUTC,16.184,15.192,19.815,15.314,21.464,20.685
PPP1R3C,38.414,49.112,51.565,51.46,69.895,60.663
PYROXD2,17.045,22.128,23.411,21.569,25.007,26.129
CNNM1,0.558,0.378,0.73,0.445,0.439,0.622
MXI1,63.63,62.762,58.18,64.354,69.122,65.73
SMNDC1,17.892,19.879,21.342,18.392,16.176,15.502
C10orf88,5.282,5.395,5.59,6.236,5.443,4.922
HELLS,10.245,9.405,10.75,12.322,7.889,10.17
PRLHR,0.03,0.06,0.016,0.013,0,0.04
TCTN3,24.618,22.829,24.681,25.28,22.836,25.277
DENND10,39.077,37.867,38.899,35.972,36.669,36.786
AVPI1,21.563,31.504,31.372,27.961,35.355,32.366
WDR11,24.517,25.145,25.545,24.881,21.717,24.941
ARMH3,18.329,18.236,19.624,17.773,17.406,15.123
KCNIP2,2.265,2.773,3.251,1.959,1.454,5.486
CFAP58,0.756,0.504,0.59,0.367,0.181,0.594
GOT1,22.785,25.834,25.443,21.926,28.976,26.166
CPN1,0,0,0,0,0,0
C10orf95,0.551,0.491,0.065,0.392,0.165,0.389
SFRP5,0,0,0,0,0.083,0
GNA13,19.431,23.158,20.792,21.819,19.161,23.806
HOXB8,21.573,22.75,23.13,24.753,18.214,23.838
KANSL1,15.393,17.128,19.662,15.269,13.133,15.742
HOXB5,18.468,16.36,16.322,17.049,13.063,16.043
CRHR1,0,0,0,0,0,0
HOXB3,40.199,46.794,52.063,45.865,33.819,53.667
HOXB1,0,0,0,0,0,0
DUSP1,47.965,84.182,89.129,108.333,122.433,136.442
PANK3,11.457,10.078,12.328,10.133,7.296,12.847
MSX2,2.163,2.2,2.433,1.595,1.921,1.576
TEK,1.681,1.667,2.047,3.332,2.562,2.947
RCL1,7.89,7.279,6.918,6.029,8.066,7.637
CAAP1,14.358,11.298,11.076,10.457,11.755,11.924
EQTN,0,0,0,0,0,0
MOB3B,0.11,0.012,0.026,0,0.033,0.044
INSL6,0.647,1.019,0.854,1.197,0.413,0.893
INSL4,0.088,0.044,0.141,0.04,0,0.12
MLANA,0.774,0.812,0.899,0.619,0.131,1.095
CD274,1.133,1.066,0.735,1.426,0.907,0.6
IFNA6,0,0,0,0,0,0
IFNA8,0,0,0,0,0,0
GRIA2,0,0,0,0.13,0,0
NUP43,18.735,14.399,15.024,14.526,16.57,16.948
MTHFD1L,53.63,51.383,49.461,55.999,68.44,63.866
LRP11,32.837,36.471,34.895,34.775,27.632,34.472
CCDC170,0.106,0.19,0.241,0.219,0.173,0.301
PCMT1,77.493,78.702,65.27,72.319,70.027,64.992
PLEKHG1,0.555,0.622,0.591,1.209,0.636,0.572
MYCT1,0.036,0,0.16,0.064,0,0.137
TASL,0.021,0.049,0,0,0,0.126
MAGEB4,0,0,0,0,0,0
CYSTM1,42.391,38.641,43.041,36.337,41.47,39.235
WDR55,12.157,12.078,11.444,12.336,10.06,11.478
ARAP3,3.468,3.418,3.616,4.116,2.805,4.389
PCDHB8,0.722,0.679,0.696,0.203,0.24,0.708
PCDHB10,1.353,1.821,1.879,1.685,1.998,1.848
PCDHB14,1.931,1.957,3.589,2.149,2.314,2.844
PCDHB12,0.595,0.451,0.881,0.654,0.369,0.665
SLC25A2,0,0,0.068,0.059,0,0
TNN,0.016,0,0,0,0,0
MRPS14,10.005,11.797,12.833,11.602,12.35,13.621
CENPL,6.149,7.032,7.269,7.672,7.185,7.661
TNFSF18,0.424,0.789,1.193,1.215,1.909,1.622
SEC16B,2.199,3.781,4.143,3.993,3.387,4.351
GORAB,12.379,12.843,11.584,10.019,5.08,9.078
GPR31,0,0,0,0,0,0
ACAT2,10.019,11.519,11.312,12.642,11.788,11.98
TCP1,178.731,170.712,164.186,174.167,172.947,168.675
TTLL2,0,0,0,0,0,0
SNX19,44.591,48.014,43.216,36.325,31.857,41.873
KCNJ5,0.266,0.264,0.188,0.179,0.122,0.183
MSANTD2,5.915,6.844,6.549,5.007,4.608,6.72
TP53AIP1,0.159,0.027,0.154,0,0,0
TEX11,0,0,0,0,0.024,0
ARR3,1.141,0.566,1.675,0.78,0.696,0.965
PDZD11,48.495,48.781,48.526,49.776,62.795,48.238
SLC10A7,3.053,3.781,3.955,4.023,3.355,3.06
NUDCD1,17.72,13.862,13.715,16.969,13.465,13.891
ENY2,101.396,88.926,97.032,83.957,101.397,77.71
MASTL,8.114,11.666,10.576,11.909,7.69,9.516
KIAA1217,12.765,12.574,13.422,12.356,6.717,10.591
LYZL1,0,0,0,0,0,0
PLXDC2,1.253,1.969,1.749,1.127,3.059,2.094
EPC1,12.1,13.838,16.037,15.153,14.801,18.198
IQSEC3,0.045,0.022,0.012,0.04,0,0.02
CCDC77,6.881,7.51,8.772,9.015,7.743,7.734
TAF12,26.499,25.86,29.24,21.437,30.075,23.686
ENOX1,15.838,16.998,16.235,14.047,14.228,13.593
TNFSF11,0,0.059,0,0.054,0.053,0
MTRF1,8.998,6.716,9.751,10.211,6.469,10.187
SOHLH2,0.045,0.17,0.096,0,0,0
DNAJC15,3.078,3.291,3.534,3.428,3.774,3.855
PROSER1,6.65,6.723,7.344,6.56,4.881,7.059
UFM1,64.038,60.401,58.116,61.527,50.231,59.301
WBP4,12.943,13.907,13.621,14.477,15.43,13.059
ELF1,45.976,41.816,41.809,38.94,33.2,36.213
SMAD9,2.848,5.04,4.583,4.43,4.572,5.111
HSPH1,52.87,37.672,36.962,39.274,30.76,31.869
KBTBD7,1.867,1.434,1.965,1.642,2.007,2.244
ALG5,26.294,26.938,28.725,30.194,34.61,26.81
EXOSC8,24.956,23.81,25.164,32.325,24.536,30.505
ETF1,67.896,62.475,68.499,64.222,55.337,60.521
TGFBI,1816.023,2035.809,2132.521,2500.699,2918.19,2786.186
FAM53C,19.401,26.648,26.232,19.965,22.108,21.597
SIL1,34.244,36.712,37.28,36.779,43.951,38.158
PAIP2,47.855,45.939,49.714,59.608,61.774,54.73
MYOT,0.122,0.122,0.065,0,0,0
KDM3B,17.677,19.788,22.627,18.19,17.214,21.448
EGR1,178.495,836.282,830.379,482.09,539.381,627.53
SERP1,81.153,76.377,69.19,71.313,75.854,76.442
PLS1,0.973,0.403,1.051,0.172,0.612,0.17
ZFP30,7.209,8.262,5.115,7.503,5.333,7.154
NR2C1,13.426,13.952,13.33,14.234,9.83,16.112
UTP20,7.281,5.953,6.23,5.869,4.029,5.62
TMPO,35.592,39.853,40.53,43.133,34.754,42.762
ARL1,82.563,79.399,73.693,77.491,78.623,70.035
GLT8D2,23.581,31.573,33.833,29.445,44.854,42.033
MTERF2,6.093,6.115,8.821,7.77,5.443,6.596
SOCS2,7.454,5.491,4.909,5.058,3.575,5.21
NFYB,15.419,16.354,15.427,17.473,19.666,19.86
WASHC3,59.453,56.473,57.829,62.237,59.423,56.169
APAF1,6.14,6.494,6.667,9.162,5.598,9.278
DUSP4,7.709,8.319,9.06,11.414,8.73,12.106
CLU,492.704,536.46,657.314,457.586,673.894,475.403
TNFRSF10B,48.497,48.982,57.105,49.778,53.721,60.785
SORBS3,141.157,139.718,143.649,145.403,147.618,152.678
PTK2B,2.77,4.679,3.526,3.106,4.168,4.117
CHRNA2,0.635,0.217,0,0.397,0.384,0.577
ADRA1A,0.081,0,0,0,0,0.134
PPP3CC,21.253,18.814,19.853,16.51,14.762,15.13
PDLIM2,231.127,257.859,241.074,283.249,368.094,343.156
EPHX2,1.64,2.504,2.742,3.198,3.442,2.204
RNF170,14.351,17.785,18.293,12.912,12.69,16.656
NPPB,0.156,0,0,0,0,0
UBIAD1,10.859,10.165,8.273,11.141,9.1,10.038
TARDBP,87.529,84.17,86.34,86.465,90.542,93.623
TNFRSF8,0,0,0,0.041,0.02,0.065
PRAMEF2,0,0,0,0,0,0
ZNF706,75.648,68.136,59.92,66.657,73.416,60.551
LYPLA1,36.195,29.949,27.681,30.836,26.623,26.577
CRISPLD1,0,0,0,0,0,0
COPS5,56.043,57.147,57.163,56.689,62.386,54.719
RDH10,7.332,9.232,9.846,5.918,16.68,12.693
EPX,0.031,0.061,0.098,0.084,0.055,0.222
AKAP1,11.498,14.647,12.211,15.945,13.501,18.198
COIL,10.675,11.154,10.078,10.136,9.722,10.291
TRIM25,29.951,35.834,34.267,26.631,22.542,25.065
SCPEP1,35.873,36.746,40.063,33.801,44.694,35.159
SPOP,32.875,37.042,39.834,39.703,39.254,38.581
TBX2,11.188,6.875,6.257,11.378,7.903,9.267
SLC35B1,29.349,27.033,27.681,30.528,29.241,28.147
TBX4,0.048,0.212,0.072,0,0.071,0
TEX14,0.033,0,0.053,0.076,0.075,0.121
FAM117A,2.009,4.618,4.98,2.745,3.988,2.907
NCAPH,10.115,13.333,12.346,18.109,14.277,15.032
LRAT,0.289,0.196,0.311,0.184,0.209,0.403
TMEM131L,4.551,4.879,5.422,4.364,3.996,4.508
MND1,3.427,5.452,4.647,6.74,6.517,7.014
TRIM6,2.361,2.19,1.982,1.929,2.51,1.9
ABCC11,0.108,0.135,0.087,0.086,0.189,0.189
TENT4B,5.705,5.673,5.56,5.759,4.337,5.548
ADCY7,49.623,42.601,38.107,56.814,47.247,56.008
CEP89,17.99,16.901,19.703,17.381,16.137,21.924
TSHZ3,26.825,18.647,16.722,22.756,13.136,19.069
ECHDC2,16.515,21.649,27.935,15.98,18.897,17.596
TAS2R8,0,0,0,0,0,0
PLBD1,0,0.66,0.479,0.281,0.158,0.279
TAS2R10,0.186,0.468,0.099,0.086,0,0.506
PRB2,0,0,0,0,0,0
PYROXD1,7.759,8.748,8.503,8.775,7.84,9.843
IAPP,0.093,0,0.095,0.203,0,0.178
KCNJ8,0.561,0.531,0.549,0.375,1.178,0.811
TAS2R7,0,0,0,0,0,0
BCL2L14,0.045,0.179,0.191,0.041,0,0
TAS2R9,0,0,0,0,0,0
PSPC1,17.523,16.7,15.422,16.939,18.467,18.394
ZNF549,3.561,3.287,3.537,3.168,3.162,3.417
A1BG,7.364,7.64,7.583,5.985,7.853,9.355
ZSCAN18,20.823,18.744,37.369,22.548,22.796,27.145
ZNF211,4.403,5.387,6.29,5.735,4.473,7.45
PDZRN3,43.628,44.23,43.738,44.836,40.886,47.255
RGSL1,0,0,0,0,0,0
LHX4,0.445,0.686,0.799,0.536,0.167,0.73
RNF2,17.839,15.153,19.61,18.479,13.923,15.609
TRMT1L,7.592,12.166,11.779,8.385,7.88,8.09
SEC22A,11.389,11.786,12.296,12.588,14.874,13.646
CSTA,15.408,21.487,7.565,6.887,17.865,4.887
DPPA4,0.06,0.238,0,0.027,0,0.109
POPDC2,0.136,0.287,0.947,0.594,0.378,0.65
B4GALT4,21.497,21.839,24.432,22.489,26.124,22.178
NAA50,119.214,108.196,101.678,114.643,91.099,98.966
CD80,0,0,0,0,0,0.028
KIF18A,3.062,3.347,3.513,3.877,3.875,4.233
GJA8,0,0,0,0,0,0
DESI2,31.187,28.95,29.576,31.212,25.525,31.384
MAPK8IP1,15.62,16.021,16.075,12.333,14.593,13.953
CRY2,9.916,15.373,16.986,11.566,15.132,15.777
PEX16,15.474,17.39,15.468,13.765,17.023,16.472
DEPDC7,6.533,5.643,5.824,7.123,6.111,7.115
CAT,76.937,82.041,78.716,62.083,57.531,58.935
PILRB,24.278,23.192,30.575,21.415,13.873,23.813
ZMYM2,11.627,14.313,14.42,14.748,12.735,14.713
GJB6,1.199,2.458,0.254,0,0.654,0.086
GJA3,2.037,1.988,1.63,1.058,0.73,0.959
TBC1D15,27.029,29.377,28.436,29.768,23.606,29.688
ADGRB2,5.646,6.001,5.964,4.94,4.307,6.274
HCRTR1,0.08,0.162,0.171,0.148,0,0
ZCCHC17,26.445,28.668,25.923,24.164,25.581,22.596
FABP3,1.683,3.231,1.986,2.645,1.492,2.041
KHDRBS1,79.011,80.897,77.211,83.493,75.779,82.694
TMEM39B,16.349,17.511,15.548,22.506,18.535,20.749
CCRL2,0,0.087,0,0,0.14,0.14
CCR2,0,0,0,0,0,0
POLR3GL,28.469,28.566,29.225,32.124,35.207,29.598
GHSR,0,0,0,0.025,0,0
TNFSF10,0.437,0.471,0.351,0.381,0.958,0.21
ZNF639,26.244,27.636,29.689,26.951,26.16,29.46
SLITRK3,0.018,0.018,0.02,0,0.049,0.033
PIK3CA,19.351,17.783,15.616,17.459,11.264,14.859
PDS5A,31.896,29.205,30.692,31.953,25.011,30.22
TMEM156,0.111,0.119,0,0.239,0,0.3
LIAS,7.007,10.947,8.497,9.634,9.931,8.936
CPXM2,15.548,15.296,15.298,20.281,16.054,18.917
TMEM54,33.157,32.033,29.251,32.998,40.615,36.63
ZSCAN20,2.033,2.563,2.837,2.648,1.869,2.726
CSMD2,3.962,4.705,3.651,3.982,1.817,3.048
HPCA,0.256,0,0.136,0.118,0.289,0.116
LRIF1,10.71,10.317,10.792,12.572,11.55,11.311
TMIGD3,0,0,0.087,0,0,0
CLCC1,25.998,28.919,28.533,27.361,23.235,27.088
GPSM2,18.344,27.186,31.11,26.65,24.811,25.545
GTDC1,10.113,14.087,11.693,16.894,18.208,13.496
CXCR4,0,0,0,0,0,0
ZRANB3,2.827,3.011,3.991,3.246,2.519,2.966
ACVR2A,6.187,9.326,11.824,10.28,17.007,15.568
POLK,23.357,17.923,19.95,21.318,16.909,18.321
SV2C,0.008,0,0.016,0.015,0.027,0.06
FLT3,0,0,0,0,0,0
RPL21,2584.912,2601.245,2542.41,2476.146,2812.605,2362.859
MTIF3,40.363,46.774,45.972,40.061,51.092,41.053
GTF3A,84.163,79.795,77.904,90.432,86.904,76.745
RASL11A,1.878,1.779,1.402,2.522,2.046,1.793
UBL3,42.364,42.661,43.956,48.082,45.215,48.486
FYTTD1,42.694,40.465,42.574,37.729,39.533,35.058
MTERF4,18.803,24.362,21.916,24.209,21.824,20.283
XPNPEP2,1.386,1.83,1.922,0.991,2.716,2.717
SASH3,0,0,0,0,0,0
OCRL,16.277,15.067,15.689,14.622,14.548,15.127
PAEP,0.868,0.226,0.234,0,0,0.602
OBP2A,0,0,0,0,0,0
MRPS2,40.838,41.236,39.251,39.529,45.052,44.659
TBX22,0,0,0,0,0,0
FMOD,21.766,22.802,25.044,22.031,25.932,25.384
MYOG,0,0,0,0,0.054,0.054
LAX1,0.552,0.535,0.401,0.389,0.135,0.366
PLG,0,0.023,0,0,0.073,0
KIAA1191,93.859,83.084,84.321,102.024,81.201,87.297
COPA,105.072,108.315,105.588,105.72,96.296,107.799
CD244,0,0,0,0,0,0
LY9,0,0,0,0,0,0
HS3ST2,0.036,0,0,0,0,0
RBBP6,19.567,18.519,25.307,19.912,17.876,19.386
ZC3H7A,25.134,27.247,30.485,29.517,26.685,31.362
PRM2,0,0,0,0,0,0
SERAC1,7.903,7.279,10.913,8.954,13.401,12.925
ANXA11,173.358,185.61,174.916,200.077,182.062,198.249
LDB3,1.24,0.321,0.407,0.247,0.132,0.484
OPN4,0,0,0,0,0,0
SHLD2,14.714,11.351,13.137,14.773,12.273,14.574
PRXL2A,0.467,1.155,0.621,0.589,0.62,0.255
ZNF205,10.745,13.818,13.159,10.307,14.098,14.494
NAA60,30.088,34.165,26.681,30.945,34.988,32.318
RPL5,1731.584,1770.541,1726.836,1730.334,1992.173,1625.92
ODF2L,26.69,21.821,25.378,26.681,21.71,21.498
PTGFR,30.927,56.282,63.6,52.23,48.441,56.093
SPATA1,0.133,0.561,0.232,0.176,0.036,0.299
TRMT13,10.238,10.948,12.959,11.571,8.946,12.202
LRRC39,0.431,0.612,0.982,0.204,0.186,0.611
RWDD3,12.835,13.022,13.264,14.118,11.747,12.339
ZNF644,10.796,11.857,14.377,11.044,8.447,12.103
CCDC18,5.214,4.98,4.652,4.995,2.644,4.604
RPAP2,4.466,4.585,5.571,4.248,2.643,4.271
SLC66A2,36.2,38.298,34.375,38.124,42.111,41.226
BBS9,10.421,11.531,13.191,9.245,10.259,11.418
PMS2,23.13,24.573,24.282,22.64,23.299,23.397
ZMIZ2,28.382,30.326,28.242,23.469,15.519,26.227
OCM,0.376,0,0,0,0,0.342
SEPTIN7,337.405,340.937,326.294,348.471,375.746,316.028
EEPD1,0.942,2.19,4.6,1.312,1.998,2.096
KLHL7,40.579,41.958,33.296,29.184,31.662,27.982
HERPUD2,26.575,26.343,26.043,27.096,24.47,26.302
CBX3,134.786,117.155,121.343,132.326,130.694,123.55
HNRNPA2B1,213.648,210.932,200.642,225.968,186.534,212.408
WIPF3,0.187,0.347,0.356,0.253,0.104,0.287
NXPH1,0,0,0,0,0,0
NPY,0,0,0,0,0,0
FAM126A,100.084,86.932,77.3,88.897,61.133,81.397
HOXA7,2.453,3.155,4.435,3.732,2.338,2.68
INHBA,8.919,8.476,6.145,7.554,8.498,9.331
FKBP9,329.209,350.09,364.567,395.723,456.214,422.099
NT5C3A,38.46,41.566,42.515,52.557,57.056,46.061
ARL4A,9.56,11.082,9.634,9.785,9.224,10.604
CCZ1,12.742,13.101,13.536,9.877,10.863,9.516
POLM,9.746,11.034,11.442,8.788,7.178,10.776
RAMP3,0,0,0.147,0,0,0
MRM2,23.661,25.309,23.962,26.17,26.65,26.924
TWIST1,89.484,121.37,121.294,113.534,156.254,142.673
SMU1,12.927,12.592,12.554,13.254,12.282,13.357
GLIPR2,32.116,35.889,43.935,50.464,59.713,56.798
SLC25A51,15.373,12.602,16.004,13.771,11.097,12.714
CLTA,202.418,211.208,183.358,188.937,229.278,201.838
RECK,50.456,62.83,71.413,89.696,124.213,110.969
SPINK4,0,0,0,0.362,0,0
TAF1L,0.013,0.039,0.014,0.012,0,0.024
ACO1,39.677,41.081,41.172,34.405,37.122,37.474
PHF24,0,0.069,0.118,0.013,0.025,0.076
DNAI1,0.066,0.133,0.103,0.172,0.089,0.03
DCAF10,11.017,12.016,12.814,11.016,9.536,11.02
CNTFR,0.218,0.33,0.231,0.201,0.285,0.099
KIAA1549,3.022,2.615,2.586,2.815,1.927,2.84
TRIM24,6.812,6.518,7.121,6.931,5.431,5.83
CYREN,32.193,32.616,30.212,30.563,29.394,29.814
CALD1,279.682,294.092,315.383,328.801,395.217,350.352
AKR1D1,0.031,0.031,0,0.035,0.028,0.086
NUDT10,0.482,0.691,0.7,0.93,0.133,0.408
SFTPA1,0,0,0,0.035,0,0
NEUROG3,0,0,0,0,0,0
PLAU,89.298,57.598,51.177,73.974,59.595,62.841
SRGN,6.818,6.167,6.027,6.896,5.595,5.703
CHST3,17.025,17.008,17.843,18.284,18.088,19.603
BICC1,37.921,41.29,46.99,43.298,45.987,48.268
CISD1,11.638,10.937,11.778,12.04,13.83,12.429
EGR2,2.569,11.021,8.819,7.522,8.157,9.709
ECD,14.28,16.043,16.899,15.837,14.214,14.964
P4HA1,143.599,137.817,138.955,193.276,192.115,190.046
SLC25A16,6.264,4.281,3.761,3.486,3.705,3.14
ZWINT,24.098,22.725,22.712,28.714,24.992,27.117
VPS26A,45.857,42.681,41.17,44.536,41.958,44.342
RBM19,13.156,13.146,12.417,10.098,7.863,9.643
CIT,11.157,13.322,13.712,17.315,9.386,14.641
IFT81,8.536,8.764,9.411,9.561,10.037,10.024
ACADS,10.7,12.434,13.553,9.604,11.877,12.857
HVCN1,1.252,0.95,0.724,0.775,1.827,0.874
DDX54,40.152,36.461,28.131,33.301,26.657,32.76
MED13L,36.569,40.653,44.238,37.297,31.969,42.339
CDKN2C,26.473,33.659,41.401,41.565,47.649,40.349
RNF11,78.702,73.883,69.949,71.519,75.163,71.637
RASSF8,115.033,90.111,82.101,88.195,45.886,71.027
BHLHE41,0.564,0.694,1.178,1.205,0.938,0.63
SSPN,3.83,4.238,6.549,3.928,4.432,5.62
ITPR2,3.775,3.486,3.913,3.912,1.756,2.289
CCDC91,18.15,15.611,17.031,14.642,14.289,14.769
NECAB1,1.04,1.156,0.894,0.855,0.775,1.112
WWP1,21.195,20.331,20.458,19.004,14.765,16.676
ACOT9,49.293,40.111,38.474,47.023,44.72,40.821
PRDX4,185.642,176.476,164.64,223.823,240.241,216.507
DDX39A,55.155,52.626,56.153,54.51,35.434,48.353
PKN1,87.256,89.086,92.529,102.175,114.507,106.904
TRIR,349.184,337.814,318.102,314.231,369.015,308.117
ADGRE5,65,64.774,58.366,62.386,53.84,67.256
WDR83,12.373,13.816,16.774,12.902,9.181,14.133
GIPC1,89.221,82.668,91.31,87.145,97.738,99.482
ACTRT1,0,0,0,0,0,0
CCDC70,0,0,0,0,0,0
SPRYD7,6.471,7.071,5.647,6.624,5.821,6.797
EBPL,57.264,51.928,56.117,53.257,55.638,50.404
ATP7B,1.897,2.39,3.007,2.28,1.673,2.21
ZC3H13,30.524,27.633,30.304,26.917,19.894,25.302
NLN,17.763,12.948,14.545,16.492,14.775,14.425
CENPK,14.953,13.626,13.537,18.947,11.54,15.138
OPTN,115.207,123.68,134.312,129.716,142.544,129.539
ITIH5,20.41,22.832,27.248,23.287,38.417,30.84
ATF1,23.969,26.168,25.669,22.666,21.554,24.673
TSFM,26.287,24.702,27.277,28.12,30.325,30.3
NEUROD4,0,0,0,0,0,0
ARHGAP9,0.152,0.059,0.031,0.026,0.334,0.197
NCKAP1L,0.036,0.036,0.048,0.026,0,0.048
MMP19,14.296,17.502,17.632,18.789,17.603,20.616
PFDN5,624.114,617.738,602.351,644.984,754.588,602.906
SPATS2,14.27,17.402,15.879,15.456,14.273,14.623
ORMDL2,16.808,16.755,18.093,23.979,19.216,17.61
NR4A1,4.673,12.698,11.059,19.013,17.245,25.286
PDE1B,0.079,0,0,0.023,0,0
HOXC13,0.107,0.036,0,0,0.032,0
CDK2,23.134,21.977,22.298,35.373,22.337,29.33
LRP1,354.168,416.062,471.855,278.364,213.878,365.024
HOXC11,0.714,0.8,0.447,0.422,0.681,0.458
ATG101,60.206,66.627,62.989,58.293,59.825,57.277
NFE2,0.077,0.267,0.247,0,0.211,0.213
HOXC12,0,0.025,0,0,0,0.091
IKZF4,3.15,3.591,4.837,3.179,2.163,5.033
SMUG1,17.812,16.969,16.972,19.469,23.147,22.687
TUBA1B,1049.232,1016.844,952.902,1162.412,1023.845,1088.898
EEF1AKMT3,10.912,7.653,8.437,8.069,7.918,9.851
KBTBD4,13.651,13.532,13.403,16.174,14.295,16.31
SARDH,1.218,0.811,0.765,0.832,0.643,0.612
DBH,0.061,0.091,0.064,0.028,0.082,0.055
ATPAF1,29.45,35.468,36.594,31.711,37.586,33.017
STIL,4.879,4.798,4.502,6.095,3.524,4.996
HJURP,14.983,17.772,19.063,19.102,13.608,20.853
IL13RA2,26.786,23.591,20.92,26.726,12.015,18.996
COL10A1,1.564,0.946,0.79,5.535,1.992,2.103
AMD1,52.18,36.611,34.762,42.164,33.367,40.115
NDUFAF4,7.866,6.053,6.473,6.793,6.735,5.457
USP45,12.714,9.834,7.459,9.32,6.02,7.026
PLP1,0.206,0.429,0.218,0,0,0.078
SERPINA7,0,0,0,0,0,0
MORF4L2,213.826,197.248,203.927,212.221,188.732,196.251
H2BW1,0,0.111,0,0,0,0
RAB9B,0.495,0.516,0.367,0.804,0.581,0.274
NRK,0.403,0.157,0.277,0.363,1.002,0.705
FAM199X,7.161,6.979,7.986,7.622,5.111,7.501
ESX1,0,0,0,0,0,0
MAGEA9,0,0,0,0,0,0
ATXN3L,0,0,0,0,0,0
RAB9A,29.713,28.809,32.195,27.313,28.537,26.801
METTL8,11.164,12.674,9.333,9.963,9.99,9.722
TTC21B,6.677,7.513,7.887,6.403,5.327,6.794
NMI,13.796,19.355,19.119,16.748,29.51,19.764
TNFAIP6,6.356,7.726,9.802,6.234,8.307,6.52
ACVR1C,0.364,0.658,1.078,0.577,0.352,0.596
BAZ2B,11.937,16.903,21.778,14.146,13.211,12.644
SLC36A1,9.738,9.326,10.435,9.674,6.24,9.259
LPGAT1,17.981,15.517,15.328,15.785,12.053,15.232
BATF3,1.733,0.125,0.658,0.688,0.336,0.9
G0S2,1.861,0.823,0.124,0.323,0,0.211
KCNJ2,1.222,1.792,1.21,1.202,1.592,1.439
RAP2C,16.911,15.061,17.336,16.517,13.811,14.82
EXOSC9,20.998,22.169,22.675,28.102,26.55,26.604
PLA2G12A,15.054,16.544,16.578,17.093,10.946,17.103
B9D2,7.178,7.739,8.568,8.144,8.054,7.839
COQ8B,15.859,22.349,26.369,17.89,18.005,19.61
PFKFB2,0.929,1.665,1.903,1.088,1.632,1.736
C4BPA,0,0,0,0,0,0
C4BPB,0,0,0,0,0,0
RAB38,3.366,2.786,2.078,3.582,1.534,1.946
GPR83,0.171,0.193,0.503,0.139,0.017,0.296
AGO2,10.421,9.533,11.637,10.275,5.348,11.388
MXD4,68.361,68.895,65.374,66.632,74.243,72.125
CKS2,56.966,60.132,57.834,60.383,60.325,61.542
DAW1,0.656,0.448,0,0.615,0,0.199
ACSL3,30.437,28.903,26.647,26.474,20.328,21.727
CHPF,51.195,47.539,45.341,38.086,43.312,45.211
DNPEP,64.425,63.881,53.942,50.749,59.427,54.945
INHA,1.418,1.765,2.011,1.363,0.609,0.675
MOGAT1,0,0,0,0,0,0
OBSL1,28.156,29.637,30.938,32.309,33.196,35.335
FAM124B,0.042,0.085,0.045,0.231,0.038,0
SLC12A4,47.836,42.811,43.61,45.009,44.752,53.426
ENKD1,17.951,13.496,13.953,16.528,19.043,17.906
MC3R,0,0,0,0,0,0
GCNT7,0.207,0.249,0.286,0.114,0,0.075
CTCFL,0.536,0.648,0.77,0.526,0.122,0.412
FAM210B,50.394,51.781,54.726,51.798,56.06,52.298
PI3,2.951,5.577,2.408,0.425,6.387,0.412
FAM209A,0.857,0.175,0.182,0.32,0,0
SNX21,78.303,88.605,81.033,76.921,74.924,79.782
SLPI,1.206,5.958,1.493,0.188,3.281,0.183
WFDC3,16.232,19.477,12.34,18.931,16.365,14.405
TTPAL,8.867,10.813,9.779,7.467,7.74,10.828
PREX1,19.06,11.498,9.002,11.281,7.019,8.64
KCNS1,0.106,0.442,0.189,0.322,0.478,0.338
SLC12A5,0.411,0.399,0.406,0.023,0.012,1.412
ARHGAP40,0,0,0.051,0,0,0
SDC4,335.109,258.383,237.602,236.412,179.242,202.411
NCOA3,29.555,28.905,29.384,28.747,19.229,28.446
PIGT,114.34,122.981,121.456,109.967,128.238,135.428
SEMG2,0,0,0,0,0,0
MATN4,0.217,0.305,0.046,0.113,0.078,0.112
NCOA5,23.227,19.986,21.253,23.746,20.201,20.083
VAPB,21.643,21.219,23.275,24.829,23.079,22.61
PARD6B,0.217,0.41,0.401,0.26,0.113,0.29
ATP5F1E,40.644,39.808,38.751,42.252,44.979,36.043
CHD6,7.916,11.398,12.109,9.008,7.114,9.265
PLCG1,24.611,26.08,28.453,22.861,17.677,23.974
TOX2,7.553,4.691,4.019,7.68,3.717,6.191
SRSF6,127.685,144.425,143.784,118.008,110.626,134.032
GDAP1L1,0,0.117,0.069,0,0.428,0.285
GTSF1L,0,0,0,0,0,0
ARFGEF2,13.032,13.443,14.135,12.022,9.758,11.532
ZNFX1,27.813,27.382,30.385,27.655,24.492,30.562
ZNF831,0,0,0,0,0,0
EDN3,0,0,0,0,0,0
CSE1L,50.798,47.261,47.125,58.127,45.795,52.126
PEDS1-UBE2V1,4.52,2.753,9.499,4.156,4.775,5.092
RAB22A,14.126,13.372,12.474,12.945,8.914,12.037
PTGIS,27.036,41.681,49.538,49.428,51.439,61.176
STAU1,85.028,92.59,88.329,80.68,77.005,77.426
CDH26,0.279,0.106,0.13,0,0.157,1.052
SNAI1,4.632,7.02,5.584,7.203,7.279,10.044
MOCS3,3.458,3.416,3.058,2.717,3.071,3.09
STX16,34.33,41.277,41.514,31.74,25.241,37.334
PMEPA1,16.166,13.671,11.316,16.829,15.447,21.728
RNF114,42.919,48.66,54.033,47.285,55.13,51.989
ANKRD60,0,0,0,0,0,0
DDX27,35.37,33.287,31.713,30.495,28.204,28.053
RBPJL,0,0.055,0,0,0,0
SEMG1,0,0,0,0,0,0
C20orf85,0,0,0,0,0,0
BCAS4,24.602,21.003,18.25,14.704,13.792,15.917
KCNK15,2.139,3.722,4.838,3.701,6.614,5
TP53TG5,0.383,0.708,0.344,0.339,0.344,0.422
PCK1,0.019,0,0,0.017,0,0.051
ZBP1,2.694,3.559,2.543,2.909,0.471,1.322
NEURL2,1.226,1.425,3.875,2.115,2.064,3.05
MAGEA10,0.172,0.126,0.111,0.165,0.028,0.289
MTRR,17.953,15.72,16.91,17.911,19.338,16.339
FASTKD3,3.779,3.801,4.121,4.346,2.833,4.066
PEPD,40.965,36.705,41.065,38.298,44.954,42.977
CHST8,0.093,0.188,0.198,0.073,0.168,0
IQSEC2,20.329,16.477,18.983,17.266,18.684,16.606
VAMP7,29.844,28.922,28.368,29.602,39.532,32.586
IL9R,0.576,0.4,0.283,0.486,0.399,0.651
XG,30.146,30.341,32.809,37.001,37.73,38.693
STAMBP,3.553,5.422,6.725,6.251,5.689,7.648
NAGK,113.541,116.785,121.139,113.716,107.285,115.852
MCEE,8.171,9.801,10.987,10.495,9.526,13.338
PAIP2B,0.352,0.691,0.643,0.378,0.588,0.651
SNRNP27,30.52,30.252,28.027,31.711,29.829,30.163
MPHOSPH10,23.679,20.953,22.567,22.771,25.037,22.154
IL17C,0,0.183,0,0.084,0,0
ATP8A1,0.632,0.789,0.759,0.59,0.6,0.573
USP22,76.658,85.283,92.014,81.345,73.997,77.038
POF1B,0.147,0.525,0.201,0.076,0.17,0.019
HIF3A,0.179,0.112,0.375,0.213,0.111,0.36
ZNF576,13.318,13.38,12.555,11.309,11.891,12.158
IRGC,0,0,0,0,0,0
ZNF45,8.452,7.858,6.636,7.129,6.507,5.878
LYPD3,10.802,10.082,3.716,11.409,4.89,7.122
PSG8,0,0,0.079,0,0,0.194
CEACAM8,0.271,0.354,0.298,0.038,0.036,0.138
NDP,0.816,0.511,0.853,1.632,0.827,0.972
USP9X,24.126,25.192,26.065,21.666,15.981,22.373
CRISP2,0,0,0,0,0,0
F13A1,0,0,0,0,0.019,0.019
GRM4,0.112,0.486,0.121,0.041,0.061,0.242
TRERF1,9.328,11.531,11.953,12.639,8.005,12.347
PACSIN1,0,0.019,0.142,0.035,0,0.156
BTN2A2,6.837,9.635,8.009,8.336,6.494,9.275
SIRT5,5.689,7.549,7.718,6.739,6.008,7.849
MRS2,8.224,9.512,9.844,8.797,8.895,9.844
WRNIP1,38.558,33.337,34.803,38.616,38.663,38.606
RRP36,48.297,48.375,41.146,48.686,46.06,38.234
BTN1A1,0,0.114,0,0.026,0,0
SNRPC,86.49,78.894,82.415,94.41,100.911,83.601
SLC17A3,0,0,0,0,0,0
SLC17A1,0,0,0,0,0,0
SERPINB6,92.323,95.588,95.646,109.386,93.513,106.325
XPO5,18.845,15.324,15.574,15.052,11.556,12.922
ABCC10,13.276,12.258,12.655,11.17,12.573,12.465
H1-3,0.548,0.695,0.146,1.78,0,0.498
PEX6,16.156,17.326,18.382,15.512,18.981,18.269
NQO2,64.446,65.261,64.474,55.891,70.154,60.92
OARD1,18.87,22.198,17.382,15.802,19.151,24.652
UNC5CL,0.109,0.274,0.581,0.25,0.211,0.236
AARS2,5.015,5.405,5.46,5.551,5.488,6.322
H1-1,0,0.144,0,0.132,0,0
ZNF391,0.44,2.047,1.508,0.947,1.433,0.944
RPS10,2051.366,2097.698,1963.185,2134.72,2513.369,2224.795
MOCS1,6.968,7.71,8.43,5.873,8.667,7.486
H2BC11,7.584,9.32,6.859,3.264,0.661,7.164
MED20,12.996,12.518,13.955,14.233,15.753,12.189
OR2B6,0,0,0,0,0,0
TBCC,15.99,19.412,18.407,17.011,21.659,18.362
SPDEF,0.093,0.047,0.099,0,0,0.126
TCP11,0.347,0.108,0.12,0.199,0.051,0.425
MAD2L1BP,18.875,17.534,19.704,19.054,18.301,17.006
APOBEC2,0,0.109,0,0.049,0.049,0.147
KLHDC3,41.696,46.664,48.2,49.23,61.479,56.368
GNMT,0.803,0.629,0.474,0.903,0.322,0.567
DNAH8,0,0,0,0,0,0
TREM1,0.186,0.374,0.493,1.004,0.167,0.168
MEA1,89.368,80.123,75.414,94.813,87.375,84.339
KLHL31,0,0,0,0,0,0
COL21A1,0,0.097,0.199,0.09,0.209,0.132
CDKN1A,147.866,236.453,239.272,224.758,350.983,284.216
SOX4,11.354,9.972,11.419,11.275,10.139,10.436
GLO1,90.96,88.518,84.859,93.65,83.325,87.384
CPNE5,0.178,0.802,0.195,0.27,0.263,0
KCNK17,0.052,0.052,0,0,0,0
RREB1,11.24,11.177,10.752,8.693,6.515,11.439
SSR1,105,98.973,94.106,100.303,94.915,91.41
RIOK1,16.917,12.93,13.429,15.397,13.566,13.616
NRN1,85.076,96.571,97.102,119.991,138.207,124.604
SLC35B3,22.473,23.967,22.061,24.093,22.083,26.472
RPP40,10.784,8.655,10.689,11.169,10.198,9.244
ATXN1,7.107,9.827,11.266,8.818,8.597,11.497
NUP153,18.316,17.752,18.008,19.656,13.996,17.943
DEK,146.708,155.019,150.25,183.728,159.514,161.082
EEF1E1,29.663,22.347,24.979,36.377,28.948,22.2
CRISP1,0,0,0,0,0,0
RUNX2,4.328,5.89,5.792,5.365,3.721,6.984
OPN5,0,0,0,0,0,0
GCM2,0,0.033,0,0,0,0
LRRFIP1,78.598,69.22,65.253,68.581,55.159,59.739
RAB17,0.771,0.389,2.296,0.877,0.1,0.1
CXCL6,9.392,6.575,4.49,6.201,2.498,3.472
EREG,0.221,0.314,0.335,0.154,0.072,0.11
TRIM51,0,0,0,0,0,0
MYRF,0.305,0.329,0.351,0.394,0.438,0.642
SCGB1D2,0,0,0,0,0,0
SCGB2A1,0,0,0,0,0,0
AHNAK,546.302,580.324,617.796,449.488,278.569,478.852
EMC3,64.02,61.165,63.15,55.472,64.144,60.234
SSUH2,1.307,1.765,1.355,1.34,1.264,2.431
WNT1,0.035,0,0.037,0.133,0,0.066
SH3TC1,1.242,0.417,0.154,0.652,0.747,0.527
CNOT1,48.792,48.279,60.324,52.012,47.655,48.472
BBS2,35.352,36.3,38.369,33.901,36.18,33.386
MT1G,1.847,2.319,3.126,1.055,0.338,0
MT2A,8793.904,6000.06,4596.614,4700.161,2274.158,3399.033
C16orf70,10.484,10.834,9.777,10.874,9.174,9.835
GOT2,44.538,41.599,39.48,42.163,37.647,39.083
DOK4,25.247,24.511,28.601,27.702,27.516,30.489
PIWIL1,0,0.021,0,0,0,0
GPR18,0.065,0.052,0,0,0,0.094
CLYBL,1.536,2.532,3.133,0.846,1.014,1.242
TMTC4,6.023,4.933,7.832,6.834,6.16,5.914
RAP2A,15.171,14.238,13.791,13.046,12.843,12.735
SLC10A2,0,0.024,0.052,0,0,0
ABCC4,8.929,8.121,7.861,7.972,5.6,8.044
EFNB2,4.438,5.63,6.326,5.055,11.125,7.486
SOX21,0,0,0,0,0,0
TM9SF2,87.778,86.728,85.705,87.694,79.761,86.878
HROB,2.388,2.578,2.557,3.198,2.323,3.385
KIF25,0.067,0.201,0.201,0.149,0.024,0
IRF1,25.694,37.628,39.192,30.065,27.395,35.053
UPF3B,10.265,10.096,10.121,8.061,6.828,7.836
RNF113A,14.997,15.454,13.523,12.284,16.637,14.083
SEPTIN6,12.048,13.177,13.39,12.61,11.858,12.017
TMEM255A,0.098,0.326,0.248,0.149,0.066,0.104
NDUFA1,157.81,152.568,155.987,162.958,201.385,145.867
AMELX,0,0,0,0,0,0
DMAC2L,5.362,5.36,6.414,5.176,4.151,5.498
BMP4,2.054,4.011,1.657,4.666,2.37,2.765
PTGER2,14.387,10.748,9.114,13.337,8.505,8.62
FAM193A,15.836,17.147,17.233,14.421,10.607,15.27
GRK4,6.893,5.615,6.006,6.508,6.3,6.341
SOX9,4.019,3.047,2.874,3.751,3.004,2.899
TEKT3,0.393,0.252,0.115,0.582,0.498,0.197
MYH2,0.013,0.035,0,0,0.024,0.048
HS3ST3B1,8.744,8.18,7.697,10.434,8.803,9.849
SLC25A35,2.25,1.92,2.207,1.518,1.149,2.27
MRPS7,29.814,29.092,26.252,33.745,31.727,29.775
GGA3,16.092,17.784,18.726,17.478,16.238,18.112
ARMC7,9.095,10.302,10.809,7.769,8.129,8.898
NUP85,25.336,30.755,26.756,32.774,29.071,28.842
SLC25A19,9.95,8.283,9.289,7.358,11.075,10.363
MIF4GD,10.593,12.125,13.061,9.046,13.478,14.317
NT5C,42.532,39.964,39.175,41.576,46.871,47.59
MSTO1,20.544,18.215,18.75,18.894,15.209,18.85
TTF1,10.059,10.46,10.857,9.81,9.854,8.185
GTF3C4,13.078,13.874,14.8,12.987,12.272,16.05
DDX31,6.786,6.322,6.13,7.86,7.438,7.345
BARHL1,0,0,0,0,0,0
KIR2DL1,0,0,0,0,0,0
PPP1R12C,74.817,82.045,77.243,64.352,66.23,77.164
MBOAT7,75.621,74.742,69.057,81.32,66.45,82.617
SRMS,0.099,0.198,0.169,0.072,0.321,0.144
OPRL1,1.366,1.485,1.891,1.993,1.514,1.524
SLC2A4RG,87.522,88.061,85.1,92.413,101.259,101.73
NPBWR2,0,0,0,0,0,0.123
FNDC11,0.77,0.884,0.566,0.739,0.73,1.596
BHLHE23,0,0,0,0,0,0
PPDPF,460.13,495.761,463.441,429.091,481.41,464.974
IL1B,0.416,0.656,0.379,0.163,0.107,0.054
PLGLB2,1.261,0.744,1.396,1.405,0.74,1.254
IL37,0,0.358,0.499,0.191,0.186,0.16
CHCHD5,29.094,26.754,29.133,27.964,32.453,27.668
PAX8,13.894,14.173,9.195,12.172,8.352,13.404
INSIG2,13.828,14.511,15.513,14.425,11.548,14.461
POLR1B,8.767,10.798,9.297,8.158,6.383,9.291
CCDC93,16.986,17.025,18.335,15.525,13.479,15.928
PSD4,0.442,0.643,0.667,0.402,0.951,1.586
SLC25A23,21.235,24.13,28.081,24.45,31.701,29.001
PSPN,1.107,1.163,1.501,0.872,1.026,0.824
GTF2F1,70.742,74.377,82.364,69.285,79.851,76.363
ALKBH7,53.009,62.172,65.199,64.35,68.804,72.767
CLPP,60.252,65.279,59.933,66.815,70.139,74.162
TNFSF9,5.127,8.465,10.082,6.474,9.919,10.135
GRIA3,8.842,7.961,10.658,10.241,11.844,12.247
THOC2,25.175,30.404,28.297,31.489,25.267,30.287
MED1,15.972,16.513,16.961,14.962,12.693,15.279
RPL23,2776.884,2697.112,2720.889,2647.588,3137.909,2224.776
ATG4C,6.228,8.057,11.393,6.274,10.825,8.303
CD70,0.11,0.558,0.491,1.104,0.1,0.305
C3,9.069,9.342,11.112,9.022,10.367,9.807
SH2D3A,0.81,1.457,0.984,1.029,1.129,0.867
TRIP10,53.836,57.556,59.858,62.673,54.744,65.298
GPR108,39.589,42.506,43.05,38.302,43.655,43.438
TNFSF14,0.063,0.247,0.108,0.115,0.034,0.184
FOSB,1.593,3.502,5.729,2.807,2.607,4.274
OPA3,6.105,6.243,5.97,6.796,4.806,6.682
SNRPD2,509.786,487.007,465.349,480.949,590.515,411.762
RTN2,8.189,8.59,9.978,8.553,12.391,11.738
EML2,21.571,23.052,23.422,25.542,23.231,28.149
VASP,45.944,41.723,38.072,47.254,47.085,48.158
SYMPK,33.228,33.58,37.685,31.273,31.967,36.261
GPCPD1,7.314,9.343,10.417,7.136,6.955,8.707
SDCBP2,4.105,2.989,4.166,2.669,3.131,3.364
PANK2,26.43,25.585,25.975,22.767,21.32,23.872
TGM3,0,0.063,0,0,0,0
GNRH2,0.482,0.39,0.15,1.721,0.693,1.029
DEFB126,0,0,0,0,0,0
FOXA2,0,0,0,0,0,0
CD93,0.024,0.024,0.038,0.011,0.012,0.043
GZF1,5.537,6.812,6.011,5.338,4.504,5.246
PAX1,0,0,0.062,0,0,0.027
NAPB,4.66,5.713,5.822,4.588,4.291,5.75
CST8,0,0,0,0,0,0
NKX2-4,0,0,0,0,0,0
CENPB,90.251,81.939,79.854,88.238,88.258,88.501
PSMF1,56.198,65.938,60.775,58.051,75.826,66.476
NKX2-2,0,0,0.085,0,0,0
DTD1,12.922,10.088,9.446,11.452,11.053,9.853
CSTL1,0,0,0,0,0,0
RBCK1,96.581,108.537,104.421,94.313,117.551,111.119
TMX4,26.675,28.562,24.136,22.21,18.514,22.644
CST11,0,0,0,0,0,0
STK35,8.582,9.345,9.513,9.534,7.322,10.175
SNRPB,167.778,153.695,145.43,157.491,154.967,151.664
NRSN2,32.497,38.324,38.271,40.027,47.879,47.501
AP5S1,11.052,10.136,9.591,13.631,10.278,9.058
RRBP1,233.458,208.408,198.485,186.588,146.427,180.945
BMP2,1.179,0.598,0.612,0.419,0.083,0.417
ZNF133,8.969,7.576,10.16,11.877,8.95,10.335
FLRT3,0.118,0.285,0.158,0.183,0.302,0.351
OVOL2,0,0,0,0,0,0
PCSK2,0.037,0.069,0.119,0.068,0.167,0.078
GFRA4,0,0,0,0,0,0
MKKS,11.56,11.002,10.569,12.158,13.017,12.191
BFSP1,1.938,1.508,1.059,1.106,2.839,1.646
DSTN,233.88,239.603,256.292,247.065,283.552,242.273
LAMP5,0.144,0,0,0.129,0,0
SNRPB2,31.615,32.736,33.671,32.612,37.629,29.193
MGME1,14.35,13.831,14.492,16.958,12.566,16.439
LRRN4,0.056,0,0.09,0.077,0,0.077
TBC1D20,32.901,33.466,34.251,36.402,34.877,36.043
ITPA,60.44,59.917,47.253,52.033,51.382,58.866
TCF15,0,0,0,0,0,0
OTOR,0,0,0,0,0,0
MCM8,8.344,8.3,7.036,10.125,6.599,9.652
BANF2,0,0,0,0,0,0
TMEM74B,0.324,0.417,0.254,0.483,0.208,0.569
FAM110A,8.014,8.058,7.477,9.557,7.286,10.399
SIRPD,0,0,0,0,0,0
MRPS26,48.046,41.308,38.427,36.856,40.331,39.363
DEFB129,0,0,0,0,0,0
S1PR4,0,0.114,0,0,0.051,0
NCLN,47.469,41.447,36.278,44.179,40.194,44.917
CITED1,0.394,0.453,0,0.614,0.402,0
HNRNPR,106.035,103.191,93.923,91.674,83.764,92.19
ZNF436,4.664,6.751,9.449,7.97,12.11,10.696
MAX,50.281,46.795,62.332,50.424,62.081,46.25
CHURC1-FNTB,0,2.442,1.621,0.588,1.027,1.99
ARMCX5,4.365,5.482,5.117,5.378,4.76,5.462
GDF5,2.721,4.978,6.098,5.65,12.625,8.993
MMP24,1.699,2.5,1.436,2.134,1.33,2.302
NECAB3,14.629,13.751,10.015,12.677,9.929,13.394
ID1,52.006,26.323,24.6,21.614,22.837,25.009
RALY,117.528,107.463,102.49,111.717,114.407,110.006
DYNLRB1,248.889,244.689,222.788,256.101,260.743,221.301
C20orf173,0,0.101,0,0,0,0.272
EIF2S2,120.329,122.71,128.522,134.222,159.133,133.825
ERGIC3,343.09,344.114,344.824,337.181,404.768,336.94
ROMO1,226.393,198.003,203.127,187.334,297.379,193.51
FAM83C,0.183,0.285,0.11,0,0.023,0
BPIFB1,0,0,0.114,0.148,0,0.049
CEP250,23.752,25.409,32.893,21.882,19.67,28.388
PLAGL2,4.419,4.537,4.868,4.349,3.392,5.057
MMP24OS,119.516,120.081,119.188,125.655,140.755,140.479
GRPR,1.497,1.463,1.629,2.952,2.6,3.79
KDM5C,51.711,50.887,50.032,47.271,38.107,48.263
AMOT,4.558,7.034,6.566,5.438,5.657,6.715
TMEM115,49.508,52.3,47.801,47.939,56.578,53.794
PSMB2,18.54,19.078,19.037,19.506,18.92,21.282
AGO3,8.385,6.36,4.631,5.152,4.982,5.723
UROD,77.568,81.649,86.668,74.372,94.939,90.325
ST3GAL3,18.951,24.756,22.049,26.52,17.842,17.578
TMEM53,6.215,7.261,8.458,5.139,6.22,6.168
HECTD3,28.957,29.563,29.655,25.465,22.8,30.124
KLC1,163.389,154.158,139.697,158.168,111.955,148.68
XRCC3,21.475,20.377,20.084,25.182,15.63,24.347
TUBGCP3,14.639,14.333,14.321,15.965,11.852,14.521
MCF2L,1.101,0.858,0.177,1.23,0.907,0.487
F10,14.198,13.831,16.217,13.93,22.823,16.514
PCID2,40.525,39.702,39.122,45.376,48.479,45.761
PROZ,0.12,0.06,0,0.493,0.054,0.163
SLURP1,0,0,0,0,0,0.221
LRFN3,8.555,7.151,8.119,7.807,7.122,8.443
IGFLR1,7.845,6.967,5.97,2.401,3.727,3.624
CAPNS1,402.211,372.16,397.238,463.162,418.277,426.9
PDCD2L,3.706,4.267,4.332,2.697,4.116,3.616
GPR42,0,0,0,0,0,0
RBM42,50.174,50.982,45.058,44.842,55.09,51.32
KIRREL2,0,0,0.296,0.169,0,0
UBA2,78.762,64.305,62.359,68.359,65.115,65.797
FFAR2,0.084,0.338,0.047,0.305,0.056,0.132
HCST,0.964,2.688,0.697,2.394,1.989,0.597
FFAR1,0,0.081,0.229,0.077,0.108,0
COX6B1,330.773,343.002,322.676,345.18,424.242,326.396
KRT36,0,0,0,0,0,0
THRA,30.352,31.918,33.675,39.234,38.17,39.395
CCR7,2.63,2.291,2.319,1.902,1.58,2.424
NR1D1,60.153,82.521,80.92,71.949,48.642,77.916
FRMD8,20.454,17.741,20.28,19.972,18.388,20.142
PRDX5,314.519,312.228,308.685,303.027,391.485,324.297
BCL2L12,19.447,19.874,18.051,17.747,20.784,19.637
IRF3,60.767,54.359,59.064,54.494,45.264,59.324
PRMT1,121.137,100.948,103.738,120.993,129.219,114.508
RRAS,132.83,159,147.206,168.72,193.916,184.151
PRRG2,0.387,0.26,0.706,0.237,0.058,0.352
SCAF1,59.06,75.155,63.071,56.497,51.023,70.181
PRR12,13.83,15.567,15.522,12.171,8.563,14.961
TSKS,0,0.469,0.657,0.366,0.674,0.544
FLRT1,0.41,0.205,0.393,0.373,0.258,0.484
ASL,28.464,32.169,36.802,36.544,45.738,43.655
SBDS,139.982,145.655,151.518,159.681,182.002,167.46
CSN1S1,0,0,0,0,0,0
STATH,0,0,0,0,0,0
HTN1,0,0.39,0.798,0.351,0,0
STAT5A,6.735,7.435,7.578,6.517,7.977,7.544
WNK4,0.807,1.152,0.941,0.682,3.403,0.768
BECN1,60.9,51.479,56.96,51.808,53.157,53.133
PRKCG,0.026,0.147,0.088,0.125,0,0
TRAP1,39.54,44.739,40.602,47.04,40.598,43.018
GLIS2,19.107,22.78,23.907,19.705,22.031,28.418
NSRP1,33.521,36.29,38.339,30.902,28.257,31.6
DNAJC8,73.366,79.462,78.411,79.707,85.192,74.92
AHDC1,15.166,17.935,19.285,14.977,13.108,18.417
IFI6,26.746,34.242,32.501,32.315,45.601,36.073
DACH2,0,0,0,0,0,0
ZNF384,36.837,36.832,42.133,45.677,33.916,44.764
EMG1,24.191,18.157,20.303,21.119,25.434,18.513
SSX1,0,0.308,0,0,0,0
UXT,133.303,128.671,123.846,132.048,153.501,114.911
CFP,0.172,0.189,0.366,0.187,0.092,0.587
ELK1,28.873,27.214,25.737,29.837,25.66,23.589
TIMM17B,25.485,31.128,23.829,23.493,30.96,31.738
PCNX4,23.248,23.332,22.64,24.488,17.829,24.317
ATG14,6.158,7.179,8.354,5.879,5.607,7.155
KTN1,157.554,145.63,138.291,153.337,125.32,131.246
SIX1,3.473,2.882,2.89,3.568,2.363,3.617
RHOJ,1.603,1.406,1.326,3.463,1.663,2.273
DLGAP5,12.662,14.149,15.841,15.441,14.311,15.031
L3HYPDH,21.955,14.409,16.872,14.19,15.088,15.341
HSPA2,18.011,23.024,21.531,20.566,27.594,22.922
ZBTB1,28.037,28.878,27.591,28.634,24.454,29.06
TRMT5,7.058,6.306,7.443,8.447,7.39,10.193
SGPP1,23.858,20.139,18.572,19.176,15.195,16.616
PLEKHG3,3.913,4.276,4.762,4.393,4.004,4.751
PZP,0,0,0,0,0.016,0
PRDM7,0,0.025,0.026,0.055,0.09,0.023
RHOT1,19.05,19.382,19.043,18.118,18.264,18.305
EVI2A,4.052,4.242,5.418,10.104,4.695,5.675
OMG,0.049,0.049,0.157,0,0,0.045
DYNC2I1,17.87,20.531,15.35,17.626,14.557,14.352
AIF1L,0,0.2,0.345,0.159,0.11,0.766
FAM78A,0.934,0.946,1.133,1.467,0.65,0.969
NUP214,13.207,14.498,22.088,12.901,8.606,14.768
CTAG2,0,0,0,0,0,0
AVPR2,0,0,0.104,0,0,0
SLC10A3,34.289,30.484,34.21,35.843,30.045,34.034
MAP2K2,175.721,178.354,166.028,167.148,206.898,197.77
HNRNPH2,58.263,57.409,63.169,54.248,56.127,56.77
ARMCX1,25.885,32.312,36.719,27.369,28.365,27.353
TMEM35A,1.478,3.329,1.927,3.225,2.876,4.196
TIMM8A,6.44,4.612,7.459,6.061,6.343,6.046
ZC4H2,4.12,5.842,5.851,5.85,7.933,7.419
CANX,310.187,301.807,314.396,301.198,268.743,294.759
INTS11,67.62,73.728,62.083,62.307,57.787,66.795
RGS13,0,0,0,0,0.053,0
IPPK,4.539,5.359,3.673,5.638,5.149,4.245
ZNF484,1.633,1.842,2.193,1.945,1.71,2.03
OMD,0.28,1.137,1.866,1.222,3.824,2.318
FGD3,0.027,0,0.086,0.098,0.049,0.024
HIVEP3,0.366,0.452,0.491,0.523,0.224,0.388
PPCS,29.111,42.65,43.584,37.17,45.495,36.693
EDN2,0.074,0.372,0,0,0,0
BCL11B,0.119,0.161,0.221,0.075,0.203,0.15
COX7C,271.102,267.82,282.378,281.428,365.741,246.675
TRAF2,12.58,9.476,9.864,13.117,9.848,11.583
ABHD8,8.848,12.723,12.864,10.668,12.939,11.229
MASP1,37.813,66.541,75.523,75.931,116.686,103.732
ATP13A4,0.309,0.056,0.084,0.042,0.019,0.112
PLAAT1,0,0.103,0.108,0,0,0
HELB,0.541,1.222,0.926,0.792,0.508,1.11
RAP1B,226.854,214.169,201.373,200.623,192.041,189.768
IL22,0,0,0,0,0,0
TSPAN8,0,0,0,0,0,0
BEST3,0.442,0.368,0.371,0.276,0.264,0.289
RAB3IP,2.888,1.647,1.165,0.569,2.704,0.861
PTPRB,0.109,0.057,0.064,0.052,0.338,0.138
DYRK2,20.904,18.879,17.696,17.791,16.129,17.735
YEATS4,11.925,11.677,10.556,14.441,13.591,13.174
TAS2R3,0.173,0,0.276,0,0,0.079
TAS2R4,0.233,0.308,0.355,0.229,0.043,0.146
TAS2R5,0.164,0.578,0.959,0.151,0.148,0.894
CRYGN,0,0,0,0,0.144,0
LRRC61,0,0,0.066,0,0,0.047
TRPV5,0,0,0,0,0,0
IDUA,45.468,44.945,40.908,37.456,31.299,47.581
FGFRL1,36.256,33.365,34.123,28.081,31.317,33.405
TMEM175,16.428,21.963,22.195,15.564,15.299,24.036
AUNIP,1.19,1.761,0.733,1.41,1.441,1.446
PIN1,86.994,80.533,74.083,86.086,90.471,76.091
FBXL12,17.677,21.622,22.539,21.324,20.036,23.848
EMC1,42.402,47.339,40.726,40.364,33.386,40.811
PLA2G5,0.045,0,0,0.041,0.041,0
UBR4,47.01,49.568,54.843,36.759,23.815,43.918
HP1BP3,198.491,204.72,207.2,182.328,162.731,195.75
ADGRE2,1.07,0.597,0.42,0.504,0.151,0.322
SIN3B,26.325,31.243,29.529,24.709,17.871,25.141
OR7A10,0,0,0,0,0,0
SLC35E1,26.037,26.013,22.897,24.314,21.721,24.018
EPS15L1,15.521,22.383,20.544,19.637,12.77,19.084
KLF2,20.929,32.347,31.179,33.085,36.28,40.015
OR7C2,0,0,0,0,0,0
OR7C1,0.187,0.218,0.198,0.153,0.038,0.337
F2RL3,0.623,0.848,0.928,0.568,0.19,0.536
UQCR11,102.064,86.493,92.95,93.031,108.875,104.119
GFER,28.278,33.808,25.605,26.881,32.266,30.337
SYNGR3,1.498,1.774,1.493,1.65,1.372,2.934
PKMYT1,18.887,23.842,20.922,27.916,15.855,18.041
WFIKKN1,0.218,0.131,0.139,0.159,0.078,0.119
WDR24,6.176,7.897,8.575,7.197,8.307,9.31
FBXL16,1.101,1.375,1.038,0.886,0.626,1.275
CHTF18,9.889,11.97,11.335,12.205,7.929,13.448
GNG13,0.299,1.208,0.318,0.092,0,0.272
MACF1,132.055,109.952,111.076,126.509,76.557,113.037
SMARCA4,39.546,35.217,34.253,37.829,27.349,39.976
KDM4B,28.399,28.815,28.671,29.276,24.736,33.279
TICAM1,17.224,17.508,19.715,19.661,17.681,20.25
METTL25,3.792,3.991,5.552,3.53,3.36,3.878
IL17B,0.155,0.472,0.329,0.144,0.14,0.562
EMC6,51.59,49.627,42.52,48.837,41.131,43.289
OR1E2,0,0,0,0,0,0
METTL16,9.958,8.358,9.042,7.161,5.896,7.86
TUBA4A,6.329,5.529,3.718,2.993,7.397,5.68
VIL1,0.025,0.064,0.066,0,0,0.221
AAMP,90.787,85.972,97.333,73.971,85.164,90.962
PNKD,44.324,52.268,48.095,39.087,56.033,46.77
TNFRSF19,38.244,52.278,59.651,52.694,58.842,63.024
RNF6,28.153,29.13,25.896,25.41,22.18,23.212
ECHS1,104.136,104.65,95.282,86.235,103.79,94.673
ZNF835,0.104,0.266,0.355,0.151,0.064,0.475
AKAP9,9.116,9.857,12.416,8.479,6.559,7.893
GNG11,46.258,35.593,27.825,36.39,21.834,25.414
SEM1,208.587,205.102,204.749,173.209,259.298,181.01
GNGT1,0,0.05,0.104,0,0,0.042
HIP1,13.054,12.77,12.086,12.285,7.882,11.201
PTPN12,54.537,54.784,50.517,58.723,48.03,52.286
POR,35.391,39.49,41.14,30.487,37.494,36.495
FGL2,0.434,0.212,0.312,0.326,0.293,0.153
STYXL1,19.361,22.034,22.414,21.963,27.057,20.691
STEAP4,0.253,0.347,0.425,0.144,0.295,0.272
GNAI1,10.444,11.858,12.968,11.593,12.993,10.217
PEX1,6.954,7.818,8.928,6.926,7.259,7.41
MTERF1,6.569,7.65,5.88,7.132,8.21,5.564
SGCE,67.546,83.064,70.863,84.802,95.987,82.396
RBM48,5.689,5.023,5.36,4.328,4.14,5.404
CASD1,7.833,8.356,7.458,7.296,6.694,6.827
ZNF780B,4.539,7.638,5.891,7.225,5.566,6.698
LRFN1,0.661,0.797,0.437,0.974,0.963,0.909
ZFP36,45.786,163.291,171.153,109.38,133.269,175.534
SRD5A3,13.974,14.272,10.545,12.54,10.138,8.853
SPINK2,0,0,0,0,0,0
RASL11B,0.437,0.307,0.186,0.12,0.158,0.238
PAICS,64.991,60.277,57.174,69.597,63.964,67.935
KDR,0,0,0.102,0.012,0.025,0.037
PPAT,9.323,6.622,6.301,8.084,6.142,7.698
TUBGCP6,20.63,22.219,21.966,16.818,11.935,20.228
ADM2,11.449,12.965,15.039,14.53,18.667,17.59
DGCR6L,50.631,51.751,52.13,45.675,58.79,58.022
DGCR8,24.972,22.235,21.817,22.275,17.078,23.303
ASPHD2,1.141,1.553,1.783,1.437,1.988,1.652
VPREB3,0.262,0,0,0,0.954,0.197
SDF2L1,29.996,26.682,22.897,30.587,30.527,29.307
GAL3ST1,0.226,0.462,0.391,0.211,0.205,0
YWHAH,112.739,109.776,104.93,126.641,113.223,113.723
RFPL1,0,0.18,0.235,0,0.108,0.163
RFPL2,0.061,0.061,0,0,0,0
GNAZ,5.755,3.689,3.835,4.911,3.849,5.005
MGAT3,0.015,0.261,0,0.491,0.053,0.246
ADORA2A,2.176,0.714,1.539,0.881,0.6,1.407
ATF4,530.026,621.906,630.789,570.017,702.898,650.914
A4GALT,32.762,36.239,35.443,34.566,39.448,39.64
RFPL3,0.231,0.077,0.107,0.141,0,0
CDC42EP1,64.753,62.699,63.694,69.437,76.658,86.87
APOL3,11.997,17.556,19.198,15.897,21.88,19.679
MCHR1,0.153,0.349,0.163,0.492,0.276,0.237
TPST2,26.189,23.862,19.252,22.099,26.756,21.95
BAIAP2L2,2.152,1.723,1.981,3.228,3.634,4.171
MPST,48.062,50.863,46.146,55.145,65.083,61.431
GALR3,0,0.083,0.088,0,0,0.15
TST,20.361,14.462,22.051,19.477,19.811,17.544
APOL5,0,0,0,0,0,0
IGLL1,2.609,1.872,3.586,2.57,0.833,1.952
APOL2,24.884,37.576,37.765,32.147,31.318,33.166
RAC2,25.028,25.327,28.012,34.348,26.874,31.912
LIF,5.887,2.877,1.508,1.201,2.394,1.662
C22orf23,22.111,18.517,16.392,17.649,12.607,17.885
APOBEC3A,0.329,0.461,0.074,0.193,0.061,0.446
APOBEC3F,10.594,11.619,7.76,9.365,12.789,8.68
RIBC2,1.504,1.087,1.152,2.315,0.867,1.475
KRT17,65.786,141.23,30.662,1.897,52.736,1.23
EMC4,111.091,98.663,102.492,101.673,116.523,107.087
RNF112,1.812,2.588,2.314,2.051,1.915,2.819
SPECC1,2.562,2.733,2.826,3.591,2.865,2.158
CPA4,3.328,11.42,10.743,6.985,15.324,14.898
DOCK4,8.118,6.561,7.531,10.229,3.09,5.624
POT1,5.661,7.474,8.722,7.11,6.03,7.612
TAS2R16,0,0,0,0,0,0
ATP6V1F,151.116,153.055,142.334,141.15,147.065,125.489
LSM8,15.167,18.862,11.964,9.358,10.656,15.105
CDHR3,4.569,3.285,4.825,3.714,1.947,4.626
PRKRIP1,16.284,20.886,20.597,17.204,16.046,19.645
VGF,0.068,0.102,0.108,0.15,0,0.049
PODXL,52.342,30.816,25.137,57.721,22.956,42.182
FOXP2,0.741,1.12,0.687,0.871,0.812,0.808
STRIP2,2.356,2.483,2.368,2.439,1.17,2.077
IFT22,28.029,30.358,33.845,33.351,37.802,30.854
MKLN1,18.752,19.641,20.418,19.761,15.858,20.294
DNAJB9,9.815,10.102,10.555,10.036,12.42,11.222
FLNC,70.772,80.251,89.883,70.973,77.977,92.578
LRRC4,0.278,0.226,0.895,0.294,0.138,0.323
CALU,939.983,901.693,920.442,933.505,960.261,812.021
CCDC136,4.957,8.046,9.949,6.826,4.353,6.558
SMO,10.75,12.1,11.462,9.318,12.473,12.027
IRF5,0.278,0.374,0.239,0.222,0.365,0.183
LRRC17,1.145,1.05,1.186,2.03,2.071,1.772
KLHDC10,11.609,16.505,13.256,13.818,18.011,15.364
NDUFA5,43.798,47.802,46.215,38.702,42.06,40.099
FEZF1,0,0,0,0,0,0
OPN1SW,3.732,5.962,5.752,4.208,6.521,6.604
MRPS12,28.047,30.938,32.027,31.295,34.132,31.214
MYO1B,117.321,109.489,113.542,128.079,114.151,127.122
HOXD1,0.138,0,0.049,0.252,0.207,0.042
HOXD3,3.97,3.549,6.368,4.183,6.124,7.354
MTX2,36.533,37.048,35.154,35.408,37.275,41.044
PDE11A,0.185,0.224,0.208,0.214,0.153,0.186
CHN1,15.094,17.059,21.575,24.611,40.728,32.949
GAD1,1.875,1.404,2.743,0.858,1.799,2.252
OSGEPL1,4.026,4.835,4.462,4.266,4.648,4.308
ORMDL1,36.851,41.408,47.659,44.038,37.965,45.205
HAT1,37.076,34.919,36.734,42.04,38.515,39.247
HOXD9,2.685,4.779,4.186,4.4,4.211,3.74
HOXD10,0,0,0,0.045,0.044,0
HOXD11,0,0.052,0.055,0,0,0.047
HOXD13,0.139,0,0.074,0,0,0
HERC2,21.586,22.531,22.668,23.21,17.032,26.323
SNRPN,47.619,43.089,43.389,44.825,59.382,46.249
PSMG2,67.438,67.106,79.552,73.607,80.797,74.29
TWSG1,48.098,44.346,41.536,42.169,36.954,43.621
ARHGAP22,136.883,85.814,62.811,101.617,48.943,74.173
WDFY4,0.039,0.07,0.033,0.028,0.091,0.127
EIF2AK4,36.068,35.07,35.48,34.392,30.73,34.751
MYO5C,0.114,0.034,0.099,0.257,0.041,0.126
CGNL1,1.093,1.211,1.403,1.425,0.971,1.5
TMOD2,5.847,5.899,4.825,6.078,2.974,4.446
TTBK2,8.627,7.866,7.536,5.673,5.014,7.07
ELL3,1.616,0.452,1.222,0.687,0.602,0.5
CCDC32,17.265,19.521,21.382,17.636,16.16,15.357
INO80,13.67,13.827,13.55,14.684,11.522,13.318
ICE2,10.532,11.052,14.799,11.701,9.854,11.875
DLL4,0.119,0.024,0,0.022,0,0.022
ALDH1A2,0.221,0.528,0.45,0.224,0.055,0.69
MINDY2,12.09,11.835,12.499,11.578,7.547,11.161
IVD,27.612,24.097,32.94,26.383,26.005,29.015
KNSTRN,13.784,16.536,18.193,18.532,16.772,17.256
DUT,130.082,119.863,118.939,128.132,120.38,115.015
CHAC1,10.37,13.592,15.378,15.498,24.166,25.414
CLN6,17.834,19.003,15.236,19.702,16.505,18.347
ARPP19,50.944,46.844,46.207,48.923,41.082,46.495
VPS13C,9.885,11.524,13.083,9.857,6.613,10.135
CALML4,2.766,4.134,2.652,3.088,1.12,3.387
ISLR,173.05,188.076,197.676,259.812,308.091,301.064
THAP10,4.017,2.662,4.764,4.65,2.675,3.95
LOXL1,378.017,353.046,303.44,409.077,353.8,423.418
ACKR4,12.219,8.752,8.096,22.43,20.089,17.463
ANAPC13,36.752,33.844,37.881,42.457,53.064,40.091
MBD4,16.806,17.274,18.586,16.169,17.304,17.31
COPB1,104.682,108.104,103.702,108.737,93.647,101.293
PSMA1,107.165,102.771,100.21,110.154,100.816,96.168
SUMF2,105.821,106.683,110.918,112.98,135.703,119.053
PALLD,16.219,21.757,22.545,18.111,20.633,20.703
SPCS3,41.661,34.716,29.583,39.527,25.907,33.363
BBOX1,0,0.223,0.059,0,0,0.143
MYOD1,0,0,0,0,0,0
SERGEF,12.772,15.823,16.072,13.874,17.719,17.172
KCNC1,0.279,0.385,0.288,0.091,0.018,0.054
TPH1,0.224,0.086,0.146,0.061,0,0.147
CSRP3,0,0,0,0,0,0
E2F8,1.645,1.955,1.676,2.983,1.822,3.505
DCTD,140.954,123.989,122.023,122.201,136.701,117.586
SOX15,0.486,1.596,1.662,1.546,2.341,2.373
PIMREG,15.495,17.036,15.532,19.364,15.327,21.04
RPAIN,28.209,33.499,36.799,28.873,31.125,31.527
USP6,0.73,0.97,1.624,0.888,0.541,1.09
SHBG,1.656,2.09,2.353,2.609,0.804,1.737
PLD2,21.806,28.135,23.267,20.72,19.277,21.239
AIPL1,0.207,0.334,0.044,0.158,0.037,0.189
CD68,106.612,99.235,104.357,126.122,107.29,105.577
TXNDC17,81.754,79.404,62.52,65.72,71.305,63.642
ATP1B2,0.049,0.249,0.667,0,0.044,0.05
FXR2,29.712,29.623,28.294,26.992,27.186,31.599
KIF1C,59.78,54.847,47.564,63.004,58.706,59.51
MPDU1,51.959,49.709,47.636,52.428,54.977,45.615
PHF20L1,24.226,24.033,25.804,22.15,19.079,21.432
LRRC6,2.572,4.535,5.001,2.841,3.689,4.069
CCNT1,12.457,11.731,13.864,15.952,8.202,14.125
PUS7L,7.67,7.838,6.696,7.839,4.437,6.317
KRI1,29.833,22.363,26.623,23.126,22.211,23.214
ILF3,114.782,111.45,111.103,103.926,81.47,103.833
SLC44A2,39.31,50.628,49.785,46.236,51.291,50.652
AP1M2,0.824,1.224,1.202,0,1.354,0.233
CDKN2D,20.1,22.448,20.399,21.303,20.104,20.11
MTUS1,0.863,1.422,1.52,0.862,1.692,1.109
KLK14,0.199,0.392,0.516,0,0.165,0.211
SIGLEC9,0.044,0,0.093,0.04,0,0
KLK10,0.804,1.479,1.211,0,0.697,0.05
KLK8,0.253,0.684,0,0,0.281,0
NGDN,22.237,26.484,26.776,24.669,28.076,22.286
RIPK3,2.364,2.272,2.955,2.199,3.827,1.974
ADCY4,1.84,1.136,0.818,1.037,0.432,1.273
RAB2B,10.297,11.321,12.175,9.384,7.273,9.396
BCL2L2,38.993,38.469,39.809,32.223,24.166,33.032
AJUBA,14.048,15.676,19.005,12.892,19.432,14.655
DTD2,7.231,6.905,7.571,7.742,6.556,7.747
PARP2,13.063,14.443,16.499,16.323,14.464,15.421
HEATR5A,17.793,13.776,13.441,13.934,13.707,14.695
FOXA1,0.07,0.07,0.124,0.042,0,0.021
SNX6,97.886,85.971,88.194,96.058,95.14,92.737
EAPP,31.908,34.459,32.348,30.469,33.61,28.271
EGLN3,0.779,0.491,0.238,0.505,0.351,0.297
MIS18BP1,11.084,11.257,14.244,13.579,12.04,14.105
NRL,0.971,1.382,1.082,0.72,0.607,0.821
RNASE1,0,0,0,0,0,0
NEDD8,304.715,293.896,266.42,275.472,286.465,243.44
DAD1,245.863,251.841,234.021,262.636,282.36,238.985
TEP1,9.937,16.044,10.373,7.577,4.577,7.508
EPB41L4A,2.066,1.856,2.633,2.298,1.917,2.617
CDO1,0.227,0.513,0.786,0.312,0.614,0.567
REEP5,100.941,98.723,88.108,80.021,85.137,94.208
ITFG1,42.608,41.27,40.372,38.682,38.687,36.699
QRICH2,3.85,3.627,3.605,1.774,1.864,1.533
FOXJ1,0,0,0,0,0.029,0
SEC14L1,32.878,35.811,34.839,40.232,33.849,38.359
RHBDF2,7.178,5.557,4.113,5.938,4.416,6.469
AANAT,0,0.205,0.192,0,0,0.461
ARHGEF6,4.933,6.169,6.091,5.93,5.447,5.727
MAP7D3,13.924,14.768,16.263,13.872,16.323,14.744
FGF13,1.612,3.275,3.302,3.681,4.156,3.206
ASH2L,26.699,27.403,24.171,25.494,24.155,24.516
TTI2,4.388,5.239,6.359,6.188,6.387,6.889
ART1,0,0,0,0.064,0,0
CHRNA10,0.611,0.628,0.13,0.243,0.399,0.442
CDKN1C,3.011,4.464,5.897,2.923,10.65,7.444
SGO1,3.504,4.255,3.789,5.972,3.779,4.509
RPS4Y1,0.394,1.961,0.685,0,1.283,0
VCY1B,0,0,0,0,0,0
VCY,0,0,0,0,0,0
CDY2B,0,0,0,0,0,0
CDH15,0.202,0,0.185,0.184,0.156,0.105
KLF16,28.329,24.26,21.035,24.857,24.61,24.099
PGAP6,46.402,46.181,46.879,45.059,39.397,42.679
DOHH,13.775,13.925,11.835,13.198,14.188,13.623
MAU2,15.681,20.371,18.925,15.714,17.148,18.021
SHC2,0.663,1.46,1.094,0.817,0.597,1.445
PLPPR3,0.908,0.664,0.339,0.268,0.731,0.632
INS-IGF2,0,0,0,0,0,0
ABHD17A,79.05,74.51,75.875,74.003,71.856,79.638
LBP,0,0,0,0,0,0
SYT5,1.023,1.688,0.841,0.625,0.243,1.073
TNNI3,0,0.345,0,0.158,0,0
CBFA2T3,0.06,0.04,0.441,0.362,0.036,0.704
GAMT,31.678,41.816,37.793,40.787,53.66,45.779
PUDP,15.359,13.133,13.407,15.609,15.58,14.777
ERMARD,17.585,19.403,21.575,13.64,12.768,19.349
PHF10,30.5,28.724,30.811,33.99,29.866,32.569
PRRG3,0.247,0.216,0.475,0.337,0.403,0.878
GALNT8,0,0,0,0,0,0.45
KCNA5,0,0,0,0,0,0
CRACR2A,1.17,1.771,2.387,2.43,0.999,1.571
NXNL2,2.655,3.672,4.529,2.223,2.497,3.348
STARD8,1.181,1.05,0.779,0.974,0.74,0.938
FAM155B,0,0,0.017,0,0.015,0
GDPD2,0.043,0.035,0.15,0.039,0.141,0.125
SAT1,104.569,78.552,72.676,79.934,57.267,65.351
GNL3L,8.441,8.768,9.398,6.688,5.984,7.847
SH3BP4,70.65,62.872,62.649,65.166,57.76,71.212
MOSPD2,12.888,11.531,10.549,14.974,11.447,12.042
DOCK6,24.122,20.36,17.598,16.479,9.518,19.795
ECSIT,29.255,29.013,34.272,35.391,43.974,40.023
LDLR,14.464,14.463,15.374,8.955,11.024,9.876
ELOF1,79.43,78.87,73.769,69.868,75.266,74.33
TSPAN16,0.108,0.094,0,0.1,0,0
ANGPTL8,0.599,1.073,0.486,0.317,0,0.277
PRKCSH,353.172,361.135,377.125,339.139,365.15,369.226
CNN1,3.055,3.41,3.771,6.335,6.984,6.225
CDC16,62.073,61.838,66.469,63.748,63.872,67.827
ZSCAN10,0.182,0.667,0.768,0.437,0,0.131
THEM6,9.694,10.843,10.435,10.056,10.057,10.86
NECTIN2,40.988,41.624,39.093,37.631,49.722,39.784
APOE,4.191,3.657,4.892,3.305,5.268,3.882
TOMM40,45.51,37.162,37.114,50.37,46.655,49.583
APOC1,0,1.329,0.268,1.861,0.921,1.178
GADD45G,1.322,0.76,2.398,0.748,1.873,1.888
LRCH2,1.859,2.178,1.806,2.278,1.497,1.496
DPP6,0.05,0.05,0.036,0,0.03,0.03
XPO7,35.338,36.965,37.228,33.47,29.225,34.244
ACE2,0.1,0.032,0.058,0.117,0.078,0.115
FAM98C,17.699,19.263,19.36,17.934,21.639,19.115
SAFB2,28.604,29.045,34.084,27.128,22.226,29.612
RPL36,849.748,855.145,786.667,828.297,893.765,802.679
ATP8B3,4.141,5.484,3.961,4.683,3.317,5.141
GDF1,0.717,0.676,0.597,0.686,0.658,1.056
NCAN,0,0,0.013,0,0,0.022
KIF1A,0.063,0,0.015,0,0.892,0
GTPBP3,8.906,8.825,9.547,8.519,6.351,9.659
PLVAP,0,0,0,0,0,0
BST2,49.651,48.422,50.693,53.523,63.866,57.958
SLC27A1,15.146,20.312,23.761,16.817,22.229,23.685
NSUN5,20.226,17.467,20.742,19.396,18.247,21.273
USHBP1,0.707,1.324,1.45,0.839,0.252,1.033
COLGALT1,71.941,69.879,66.405,74.379,64.025,72.351
DDA1,15.691,14.964,14.767,14.128,15.076,15.58
MRPL34,58.928,63.984,59.97,54.163,63.91,53.38
PGLS,129.995,139.399,130.216,138.028,183.289,160.779
LSM7,144.906,134.933,135.004,146.98,193.533,152.055
TULP4,3.849,4.213,4.283,4.198,2.269,4.524
SNX9,188.54,175.496,171.147,166.772,137.862,158.48
RTN4IP1,1.789,2.601,3.273,2.141,3.017,2.099
QRSL1,6.784,7.436,6.897,6.569,6.495,6.639
MTRES1,17.335,17.081,15.721,15.547,16.111,15.323
RSPH3,7.721,8.44,8.426,5.428,4.701,5.796
MAS1,0.122,0.112,0.088,0.095,0.065,0.109
ACSBG2,0.097,0.22,0.137,0.056,0.058,0.084
MLLT1,38.585,39.609,39.821,37.966,36.48,44.218
FUT5,0,0,0,0,0,0.245
BMP15,0,0,0,0,0,0
AFDN,24.662,19.357,20.874,19.917,8.39,16.215
ACTN4,167.841,169.271,172.058,172.245,169.392,183.073
STK33,0.299,0.086,0.423,0,0.267,0
NDUFA10,61.17,64.603,67.367,61.209,68.618,64.208
EPO,0,0,0,0,0,0
ARPC1B,242.738,216.756,191.968,208.844,179.742,198.655
CACNG6,0,0,0,0,0,0
ZSWIM6,8.159,9.084,9.345,6.149,4.852,5.896
FCHO1,0.275,0.689,1.093,0.693,1.424,1.447
UNC13A,0.039,0.078,0.126,0.043,0.042,0.057
MAP1S,35.436,28.228,23.443,27.027,20.48,27.392
KLHDC7B,0.016,0.125,0.199,0.101,0.084,0.212
PXDN,155.166,165.265,171.794,152.931,150.995,175.841
SSBP4,138.29,127.371,150.604,165.18,118.171,178.088
GDF15,7.17,16.627,15.64,11.37,27.76,21.193
PGPEP1,11.972,18.384,17.465,14.584,14.888,15.589
IQCN,0.859,1.884,0.462,0.27,0.489,1.351
LSM4,82.067,63.949,69.937,72.905,88.629,87.067
JUND,59.57,63.868,64.561,59.87,74.761,81.89
HRC,0.462,0.59,0.491,0.269,0.378,0.42
TRPM4,21.411,21.537,21.194,15.54,9.808,16.956
OR11H1,0,0,0,0,0,0
SULT4A1,0.135,0.373,0.288,0.34,0.152,0.246
ZNF557,2.475,2.172,2.382,2.09,1.594,2.372
CRB3,0.273,0.764,0.266,0.057,0.113,0.113
OLFM1,21.356,20.382,21.632,21.943,21.552,22.496
CAMSAP1,13.4,12.408,12.892,11.353,8.581,11.912
UBAC1,27.779,29.477,30.443,25.814,33.161,27.032
SAG,0,0,0,0,0,0
ZBTB46,0.935,0.802,1.168,1.033,1.006,0.625
HELZ2,12.595,12.688,11.219,8.16,6.08,9.154
SAMD10,1.713,2.529,2.444,2.322,1.793,2.781
LSP1,26.006,29.652,26.053,32.252,39.852,34.076
TNNT3,0,0,0,0,0,0
TNNI2,0.157,0.169,0,0,0,0
COL5A1,327.703,388.343,430.375,412.531,480.67,570.636
ATXN10,67.428,56.258,55.516,63.157,67.504,61.726
TUBGCP2,62.15,54.972,54.922,64.394,48.97,56.422
CALY,0,0.128,0,0,0.228,0
CYP2E1,1.917,1.215,1.286,2.13,1.787,1.871
PNPLA7,3.451,4.468,4.423,3.08,2.271,3.786
HBZ,0,0,0,0,0,0.12
PAK4,27.736,27.965,26.553,23.928,23.396,27.176
MNX1,0.055,0,0,0,0,0
ZNF337,7.856,9.304,9.192,9.891,8.697,11.554
CEP85,6.38,6.201,6.384,5.593,4.917,5.991
TAF4,8.352,6.753,7.621,6.648,5.07,6.447
GATA5,0,0,0,0,0,0
RBBP8NL,0,0.03,0,0,0,0
LAMA5,10.292,10.243,9.181,8.549,5.305,9.926
OSBPL2,19.721,20.383,19.272,19.124,18.439,20.294
ADRM1,87.18,77.846,73.126,77.7,82.112,74.478
ASS1,170.044,187.451,210.416,201.334,293.589,231.029
PRDM12,0.169,0.213,0.056,0.309,0.091,0.092
EXOSC2,19.68,17.763,17.524,22.335,14.989,17.514
POMT1,21.941,32.293,29.274,24.132,20.496,28.241
UCK1,18.572,21.254,23.57,21.589,26.402,25.075
FIBCD1,0.992,1.178,1.095,1.592,1.389,1.278
CHMP2A,113.16,117.237,117.862,127.035,137.298,128.896
UBE2M,117.609,114.989,104.967,107.309,117.557,101.191
TRIM28,167.427,173.566,184.831,175.618,189.386,185.434
METTL26,83.202,94.978,89.963,95.936,105.342,97.552
YIPF2,35.723,40.609,34.14,42.1,46.324,42.024
ATG4D,13.199,12.727,13.596,8.768,8.241,10.035
EIF2S3,91.168,97.447,105.379,101.768,107.034,109.686
TMEM160,27.565,25.795,27.432,26.871,37.792,24.268
ZC3H4,10.617,10.703,11.206,11.532,9.312,13.892
NPAS1,1.958,4.195,2.374,2.285,2.759,3.194
GMFG,1.183,4.098,1.219,3.339,2.101,2.062
MAP3K10,9.047,7.914,7.394,7.978,7.263,8.641
ARHGEF16,0.319,0.867,0.801,1.473,0.449,0.523
LRRC47,14.601,15.998,17.591,14.907,14.009,16.915
SESN2,27.461,46.348,47.025,35.783,36.192,43.971
SMPDL3B,0.055,0.055,0,0,0,0.155
ATP5IF1,125.975,133.393,129.016,129.685,139.734,116.962
MED18,10.6,11.895,11.172,10.471,10.029,10.247
THEMIS2,4.258,5.088,4.44,4.05,1.723,3.286
CLIP1,52.854,60.501,65.513,61.112,63.405,60.45
CCDC62,0.151,0.427,0.18,0.073,0.124,0.293
HIP1R,6.774,5.717,6.911,5.75,5.187,8.052
ZNF317,12.04,11.852,10.816,10.923,10.445,10.668
PPAN,25.903,23.495,19.389,28.592,23.419,22.861
EIF3G,192.021,192.824,188.705,205.463,259.59,205.009
ANGPTL6,0.168,0.455,0.475,0.499,0.2,0.153
SHFL,35.572,39.066,37.826,30.575,32.264,36.206
DNMT1,36.5,34.956,33.956,38.327,28.791,36.107
ZNF426,8.762,10.371,9.771,8.715,7.293,8.717
SLC6A8,31.153,32.975,30.47,33.036,28.569,34.266
PNCK,0.285,0.621,0.565,0.363,2.252,0.692
DKC1,36.887,30.559,31.394,34.788,29.731,30.969
PLXNA3,28.112,29.305,27.909,24.212,14.761,27.333
DUSP9,0.074,0,0,0.034,0.067,0
MPP1,13.452,10.695,13.261,12.192,13.878,12.304
ZNF331,6.795,8.292,8.93,10.482,7.187,9.755
ZNF236,2.531,4.419,3.392,4.877,2.805,3.865
SLC7A10,0.045,0,0,0,0,0
LRP3,31.21,29.11,25.454,32.06,29.189,30.852
C12orf65,16.012,18.208,21.369,20.567,20.629,20.291
NOL11,21.548,20.407,18.155,21.441,16.126,20.912
UBE4B,22.955,25.615,29.881,24.169,23.015,25.542
CASZ1,0.533,0.46,0.462,0.482,0.51,0.489
PKDREJ,0.123,0.256,0.349,0.242,0.166,0.354
HSD17B3,0.412,0,0,0,0,0
NUTM2F,0,0,0,0,0,0
HABP4,20.666,17.683,18.108,14.624,17.213,17.698
FBP2,0.137,0.206,0,0,0,0.062
SLC35D2,19.93,20.132,19.388,16.004,17.222,17.118
PRRG1,7.922,7.908,8.857,7.59,5.281,6.452
UBA1,184.587,186.752,180.241,174.09,144.606,176.851
RGN,2.412,2.592,3.44,2.941,2.826,4.241
POLN,2.284,2.478,1.341,1.888,0.873,1.321
PPIL4,23.01,26.148,22.741,27.568,23.618,24.156
ULBP2,5.745,6.858,4.799,6.159,4.878,5.419
AKAP12,24.996,27.367,28.12,20.562,22.074,24.097
SYNE1,13.525,24.006,29.243,20.74,21.292,28.793
ULBP3,2.028,3.755,3.298,2.337,2.408,3.762
LATS1,12.111,14.186,11.471,10.554,9.596,13.882
EPS8L1,1.171,2.113,1.621,1.446,1.467,0.746
LILRB2,0,0,0,0,0,0
AAR2,22.238,22.386,20.403,22.587,22.483,22.665
TTLL9,0,0.096,0.068,0.058,0,0.087
BPIFA2,0,0,0,0,0,0
RBM39,147.227,176.859,175.715,151.814,140.046,156.448
COX4I2,0,0,0,0,0,0
BPIFA3,0,0,0,0,0,0
ZNF341,2.204,2.374,2,1.806,1.414,2.624
GGT7,29.192,36.545,37.359,30.671,25.675,33.474
DEFB118,0,0,0,0,0,0
ACSS2,27.822,22.882,21.289,25.081,20.443,21.427
EDA2R,17.921,16.399,20.334,18.893,19.797,23.486
ARHGEF9,8.677,8.177,9.69,7.373,9.128,8.706
C1QL1,2.456,2.876,3.544,1.606,2.739,2.123
GFAP,2.664,2.997,4.045,2.715,0.406,1.91
PYY,0.786,0.185,0.39,0.844,0.165,0.25
HIGD1B,0.176,0.705,0,0.43,0.56,0.481
ATP6V1E1,80.029,79.032,80.733,78.541,83.338,69.451
ZNF227,9.797,13.345,12.422,10.1,9.261,13.687
ZNF428,43.094,47.685,42.425,38.742,57.743,50.676
TEX101,0.502,0.211,0.067,0.973,0.056,0.744
ZNF141,1.269,1.599,1.87,1.786,0.845,1.546
CCL25,0,0,0,0.1,0,0.222
COX4I1,493.388,487.74,499.203,427.326,556.37,468.107
EMC8,19.791,20.109,17.458,19.728,19.671,18.871
GSE1,36.287,42.151,39.932,39.189,28.172,45.913
GINS2,7.938,6.725,6.99,10.571,7.593,10.519
CHMP1A,67.021,61.716,62.748,62.202,67.822,66.138
SH3BGRL,88.609,92.716,87.463,103.068,99.833,91.795
COX7B,78.795,59.452,70.728,76.573,69.364,74.629
SLC34A1,0,0,0,0,0,0
F12,1.01,0.675,0.761,0.73,0.379,0.497
PRR7,12.055,11.962,9.959,11.873,14.231,13.537
NFATC1,9.286,10.632,8.691,9.825,10.211,10.013
IDO1,0.45,1.026,0.154,0.044,0.044,0.043
GJA9,0.318,0.411,0.276,0.209,0.205,0
CAP1,243.324,211.825,205.223,237.809,204.343,205.667
PPT1,22.689,23.634,25.938,26.944,25.176,25.5
RAB11FIP4,0.281,0.513,0.461,0.203,0.091,0.598
RLIM,11.724,14.716,15.035,13.852,9.201,12.83
CDX4,0,0,0,0,0,0
ABCB7,9.634,11.819,14.556,10.177,11.875,11.613
TRAF3,16.406,13.782,14.495,14.031,15.054,16.689
HAUS8,5.84,7.245,6.724,9.407,6.597,9.766
ADGRE3,0,0,0,0,0,0
MRPS25,19.18,17.024,16.125,15.699,15.896,17.083
SH3BP5,44.87,43.547,44.258,31.523,33.167,37.498
HACL1,10.071,10.85,10.388,8.579,10.38,9.036
TBC1D5,44.438,46.202,43.044,43.713,36.273,38.387
CAPN7,13.025,13.62,13.904,11.867,9.552,13.586
RFTN1,37.298,35.526,31.658,39.998,42.199,39.505
C3orf20,0.148,0.206,0.062,0.053,0.136,0.107
RBSN,10.7,14.205,13.738,10.651,8.345,10.385
GALNT15,39.033,65.603,68.37,50.305,56.722,61.626
SLC6A6,58.724,71.851,73.235,40.825,28.962,47.273
KCNC3,0.503,0.449,0.573,0.262,0.229,0.319
NAPSA,0.269,1.148,0.549,0.616,1.402,1.526
NR1H2,82.762,84.073,71.817,76.017,80.998,85.181
LRRC4B,0.223,0.171,0.238,0.134,0.218,0.178
PDLIM4,36.611,27.857,21.762,32.908,37.98,32.896
KIF3A,8.033,7.989,7.754,6.341,5.314,6.617
MGAT1,113.31,115.284,95.888,106.802,118.077,115.22
GFPT2,48.926,44.75,43.334,32.531,26.878,31.247
TUBG1,50.12,45.955,46.316,49.927,49.395,47.507
PSME3,71.419,67.973,50.414,59.804,76.028,49.822
RPL27,2285.836,2239.382,2160.196,2096.078,2508.441,1814.661
PSMC3IP,18.46,16.031,14.998,21.6,11.449,15.898
AOC3,0.374,0.646,0.959,0.243,0.211,0.207
ACLY,100.721,85.096,84.358,90.671,71.627,87.272
VPS25,48.381,46.453,50.774,48.025,59.58,50.233
RAMP2,0.573,0.436,0.304,1.069,1.658,0.911
AOC2,0.56,0.488,0.536,0.8,0.42,0.384
G6PC1,0.121,0.087,0.179,0.037,0.02,0.092
NDUFA2,62.153,72.715,70.431,59.331,69.15,58.631
ANKHD1,26.881,38.04,39.817,25.351,19.006,24.255
DIAPH1,30.586,27.013,27.72,30.865,21.339,28.413
NDFIP1,44.651,44.956,43.563,42.015,46.699,42.441
UBE2D2,119.704,117.973,111.179,116.358,118.461,99.754
EXOC4,26.544,29.694,35.473,27.658,30.012,30.219
ACAP3,47.442,48.823,49.178,51.716,34.341,56.226
C1orf159,10.509,10.702,11.111,10.858,9.768,10.594
ANO1,0,0,0,0.396,0,0
PPFIA1,26.246,36.095,30.697,30.748,21.895,29.973
TMEM204,22.367,27.321,25.537,29.341,28.324,30.568
KREMEN2,0.71,0.614,0.429,0.575,0.369,0.815
THOC6,16.777,20.057,27.269,23.32,27.305,34.203
TRAF7,54.551,55.967,54.014,58.631,60.179,60.317
BARX1,0.208,0.238,0.295,0.89,0.312,0.377
NINJ1,19.001,18.813,16.609,18.622,18.081,20.797
CA6,0.357,0.661,0.575,0.53,0,0.504
NPHP4,11.158,10.585,9.27,9.307,7.008,9.882
MAP1B,52.437,62.273,57.826,59.579,30.249,59.269
RHOXF2,0,0,0.031,0,0,0.053
IL13RA1,34.067,34.021,31.615,32.055,30.887,30.929
WDR44,9.038,7.81,8.806,9.255,7.616,9.521
CKMT2,0.46,0.207,1.072,0.575,0.209,0.147
ZCCHC9,21.626,20.353,19.94,25.159,23.653,22.409
KRT34,7.128,5.744,4.021,10.774,8.028,10.883
KRT33B,0.164,0.275,0.116,0.651,0.444,0.745
TNS4,1.514,1.72,0.642,0.126,0.666,0.386
TOP2A,42.325,53.594,58.05,50.969,38.369,50.308
STARD3,38.42,48.102,44.272,36.725,39.028,38.439
RARA,16.189,25.977,24.892,21.201,23.278,30.28
PPP1R1B,0,0.094,0,0,0,0.106
KHDRBS3,28.459,35.317,42.976,34.865,38.998,32.331
CHD1L,28.61,28.184,24.95,27.977,24.33,27.83
PEX11B,17.406,19.059,20.611,18.927,20.753,19.572
FMO5,1.366,2.758,2.152,1.351,2.259,1.707
PIAS3,41.931,45.575,40.503,39.577,29.152,39.647
PRKAB2,8.601,10.344,12.143,12.136,11.685,14.444
FSHB,0,0,0,0,0,0
PDHA1,43.656,48.918,53.182,53.739,51.805,43.474
RAI2,0.622,0.461,0.679,0.639,0.525,0.804
MCCC2,13.309,16.162,14.97,16.37,11.991,14.864
ZNF304,4.996,4.987,6.711,4.747,4.914,4.994
ZSCAN5A,3.619,7.204,4.793,4.58,2.794,5.641
ZNF132,2.454,2.969,3.723,2.767,3.169,3.944
USP29,0,0.5,0.766,0,0,0.668
SELENOS,74.082,73.715,62.792,59.557,66.301,58.384
CHSY1,23.18,20.56,20.052,23.728,22.222,22.892
SNRPA1,43.692,41.774,38.668,39.097,31.555,40.614
LLGL1,20.951,22.286,22.025,21.647,20.309,23.251
NR0B2,0,0,0,0,0,0
LIN28A,0.065,0.154,0.209,0.133,0.113,0.118
THAP1,8.022,8.508,8.82,7.6,7.161,7.815
RHPN2,4.169,4.868,4.217,3.478,3.295,4.507
C19orf12,23.76,24.224,23.092,24.795,22.782,25.723
FAAP24,1.983,2.488,3.625,4.806,2.343,3.486
LRRC9,0,0,0,0,0.015,0
ACTR10,35.159,41.757,43.061,42.166,43.944,42.917
ABHD12B,1.216,1.404,1.293,0.947,0.493,1.214
GCH1,0.397,0.387,0.787,0.517,0.441,0.413
LGALS3,656.741,774.711,773.911,611.74,732,612.186
PODNL1,7.575,9.168,10.432,11.894,14.501,10.819
DNAJB1,73.164,82.812,79.079,77.022,84.751,82.341
ZSWIM4,4.746,3.787,4.357,6.041,5.46,7.103
FBXW9,8.13,9.404,10.034,8.535,8.68,10.39
RFX1,7.15,9.567,8.515,7.412,5.245,8.77
ZNF20,2.583,5.338,5.612,2.816,3.098,5.44
BRME1,1.156,1.226,2.449,2.156,1.955,2.646
DCAF15,17.632,19.787,24.943,21.334,16.717,22.966
CC2D1A,18.136,20.719,21.584,17.17,16.643,21.607
RTBDN,0,0.424,0,0,0,0.124
MATN3,1.44,1.572,0.465,0.597,1.325,1.247
TRIM21,13.684,14.828,16.228,14.294,16.457,14.847
SPATA6,6.12,5.525,4.716,3.825,3.112,3.756
LRRC41,44.409,44.418,44.727,46.579,45.095,48.806
CCT6B,2.009,1.634,0.75,1.719,2.139,2.256
DHX30,29.497,30.668,28.453,27.527,24.706,27.546
RAF1,52.197,48.953,49.866,51.826,55.218,54.071
SLC6A11,0.061,0.083,0,0.112,0.144,0.168
PPARG,1.893,1.184,1.102,1.984,2.023,0.982
NUP210,0.011,0.044,0.082,0.07,0.03,0.01
FCRLA,0.144,0.708,0.652,0.657,0.884,0.934
HSD17B7,5.643,5.237,5.063,3.645,4.662,5.107
ENOSF1,11.155,12.933,18.446,9.79,9.323,17.436
EMILIN2,9.203,11.318,10.139,10.83,12.358,12.5
SLX1A,29.762,33.706,33.223,26.913,18.665,28.325
ARFIP2,32.432,33.387,32.775,31.915,33.132,34.859
TRIM5,13.201,14.308,14.223,11.365,16.387,14.724
CNGA4,0.045,0,0.048,0.165,0,0.041
TRIM22,35.363,56.314,78.029,63.585,85.284,80.081
RRP8,6.759,7.479,8.105,7.976,7.453,7.793
TIMM10B,14.135,13.772,11.945,12.152,12.988,11.543
EFR3A,32.334,30.572,29.208,28.415,25.261,29.92
HHLA1,0,0,0,0,0,0
PTCD3,11.628,15.461,15.778,13.665,13.249,14.399
IMMT,46.12,45.559,42.802,47.386,46.079,43.406
MRPL35,21.959,23.499,20.669,22.194,18.798,18.355
IQCA1,0.055,0.242,0.416,0.233,0.117,0.1
ILKAP,30.977,26.499,24.286,24.378,24.426,21.624
PER2,2.487,2.987,3.421,3.933,3.452,4.182
RAMP1,0.253,0.36,0.134,0.469,1.279,0.321
SCLY,6.274,7.798,7.282,9.53,6.793,5.575
PTPRE,3.501,3.037,2.096,2.433,1.439,1.231
RAN,609.945,530.249,491.952,569.042,528.314,540.494
PRKAA1,32.202,32.547,33.236,31.479,22.944,31.775
CARD6,6.527,6.171,6.393,8.896,5.071,5.895
RAP1GAP2,5.535,4.482,3.565,4.49,2.377,4.185
CLUH,28.035,24.648,24.355,22.293,17.808,25.026
INPP5K,21.248,21.859,24.284,20.422,22.848,24.162
MYBBP1A,22.728,19.555,17.544,20.706,15.414,19.264
RPA1,45.169,43.357,42.196,49.343,47.43,43.31
SERPINF1,203.398,238.084,241.884,270.193,322.82,303.424
UBE2G1,33.331,33.257,29.581,31.855,35.598,32.966
EEFSEC,14.279,12.587,12.348,12.215,10.523,11.62
TBC1D14,21.932,23.202,23.886,22.064,20.764,21.1
TMEM128,20.287,22.729,20.627,15.396,16.789,15.964
COQ3,4.58,4.17,4.925,4.567,5.671,4.205
PNISR,51.292,62.042,71.079,50.513,38.052,58.057
POPDC3,19.186,15.905,16.677,12.885,11.162,10.081
SEC61G,327.702,318.869,248.387,322.636,347.89,271.361
LANCL2,6.154,7.19,6.991,8.092,7.873,8.629
FIGNL1,10.562,8.901,10.832,13.533,8.193,11.155
DDC,0,0,0,0,0,0
FTHL17,0,0,0,0,0,0
GRSF1,76.075,64.455,62.065,71.599,71.566,65.927
ENAM,0,0,0,0,0,0
JCHAIN,1.975,4.487,2.487,4.221,7.174,4.219
ANKRD17,22.859,23.23,23.261,21.418,15.934,19.463
UTP3,34.231,31.44,31.718,28.665,24.131,24.052
ITGB4,0.927,2.237,0.579,0.757,1.847,0.867
WBP2,59.04,68.831,70.092,51.703,61.45,56.834
H3-3B,792.793,870.355,848.579,608.704,686.682,636.924
UNK,7.732,8.869,8.806,8.155,7.669,10.973
TRIM47,7.761,8.708,8.099,9.787,9.355,9.946
ZRANB2,56.888,60.851,60.896,55.426,43.943,50.974
EIF5A,531.597,484.253,427.688,585.438,562.355,547.459
KDM6B,8.61,10.288,11.506,9.176,9.284,12.194
CLEC10A,0,0,0,0,0,0
SLC52A1,0.2,0.497,0.429,0.385,0.293,0.292
GUCY2D,0,0,0,0,0.02,0
GPS2,64.015,61.61,60.737,56.042,58.755,52.13
XAF1,18.985,23.117,34.409,26.437,21.971,36.414
DLG4,26.947,31.344,35.667,32.412,25.343,31.496
RIDA,22.551,24.423,27.647,24.018,29.478,25.489
VPS13B,9.957,11.66,12.111,9.125,6.258,10.106
RGS22,0,0,0.043,0,0.468,0.018
MATN2,12.111,15.58,17.563,18.928,18.684,17.76
REEP2,9.147,10.895,12.624,8.317,11.343,11.225
PCBD2,4.549,5.041,5.103,4.788,3.813,5.284
SDF2,56.468,54.708,68.916,59.989,57.736,51.259
FLOT2,41.731,44.46,37.666,43.981,48.051,42.368
ERAL1,26.201,27.108,28.345,27.77,25.899,29.184
PRMT7,24.34,23.649,24.764,20.366,26.206,19.646
NIP7,30.338,23.973,24.632,28.357,23.072,26.034
TERF2,16.979,13.541,15.34,17.01,13.979,14.586
VPS4A,32.969,31.382,30.362,29.933,26.493,31.794
MTSS2,104.407,127.979,124.68,108.114,132.131,149.867
HSPA12B,0.329,0.236,0.307,0.3,0.296,0.323
ANKEF1,0.433,0.643,0.492,0.497,0.384,0.531
SCP2D1,0,0,0,0,0,0
PCED1A,34.352,38.797,46.925,40.311,36.804,45.055
SNAP25,0,0,0,0,0,0.152
BTBD3,12.487,11.683,12.843,11.933,11.551,13.067
PCNA,105.279,103.212,101.051,146.118,104.075,122.692
NXT1,19.767,14.534,14.361,16.699,15.626,17.455
POLR3F,8.451,7.039,6.68,8.183,6.08,6.415
RIN2,39.234,33.499,32.987,32.794,24.267,29.003
PTPRA,67.298,63.433,70.004,62.724,61.216,61.796
SSTR4,0,0,0,0,0,0
DAP3,69.029,62.463,67.048,69.143,70.762,71.948
RHBG,0,0,0,0,0,0
KHDC4,19.804,18.15,22.957,13.829,9.524,14.963
ATP1A4,0,0,0.023,0.212,0,0
NES,20.456,15.334,14.373,23.263,11.335,16.081
BCAN,1.024,0.678,0,0.045,0.371,0.59
CRP,0,0,0,0,0,0.077
ARHGEF11,17.849,17.6,18.342,14.965,13.18,16.101
RAB25,1.041,2.011,0.184,0,0.47,0.079
HAPLN2,0.346,0.35,0.245,0,0,0
APCS,0,0,0,0,0,0
FCRL2,0.158,0.529,0.449,0.483,0.38,0.574
DCAF8,67.648,78.852,81.146,67.602,62.867,73.413
SYT11,17.368,17.951,18.897,18.26,17.047,18.604
IGHMBP2,8.503,8.956,7.801,8.787,7.964,9.188
ACY3,0,0,0,0,0,0
ALDH3B2,0.727,0.881,0.288,0,0.163,0.03
TESMIN,0.35,0.662,0.705,0.741,0.861,1.168
MMACHC,2.509,1.962,2.373,2.658,2.402,2.521
DPH2,6.877,7.92,6.641,7.881,7.661,10.21
TOE1,8.655,8.456,8.829,8.087,6.566,7.325
NASP,81.021,78.579,69.04,77.627,65.951,70.314
MUTYH,7.399,10.9,10.456,10.748,8.858,9.942
CTNNBL1,33.95,30.509,31.541,31.687,29.529,29.964
LPIN3,22.95,26.014,22.865,23.315,22.108,31.21
ZSWIM3,1.107,1.317,1.974,2.345,2.962,2.606
RBM38,6.202,7.049,7.338,6.466,6.734,7.576
VSTM2L,0.178,0.305,0.463,0.61,0.947,0.202
OSER1,35.489,36.585,46.272,38.481,36.668,39.56
SERINC3,91.164,94.171,96.762,92.853,82.968,90.578
PPP1R3D,4.313,4.934,4.114,4.434,3.679,4.927
DMGDH,0.207,0.713,0.624,0.303,0.479,0.675
BHMT2,2.013,2.016,2.902,2.534,2.039,1.646
AP3B1,31.795,28.006,30.052,28.159,24.881,26.844
ZBED3,1.164,1.575,1.308,1.745,1.815,2.699
PATJ,3.593,4.408,4.056,6.655,3.394,3.651
KANK4,0.075,0.029,0.051,0.075,0,0.013
ANGPTL3,0.057,0,0.03,0,0,0.077
SYT4,0,0,0,0,0,0
SLC14A2,0.201,0.223,0.151,0.091,0.183,0.325
FBXO44,22.878,25.887,29.896,23.401,25.146,28.857
CPLANE2,7.478,8.347,5.057,6.606,6.089,7.632
CASP9,16.11,16.939,17.018,10.619,14.078,13.4
NMUR2,0,0,0,0,0,0
DCTN4,37.417,38.446,43.059,36.905,25.018,36.19
PDE6A,0.601,0.659,0.717,0.359,0.216,0.455
ATP8A2,0.009,0.008,0.01,0,0.022,0.015
MTUS2,0.097,0.179,0.052,0.048,0.131,0.044
ZMYM5,6.694,10.252,12.709,7.475,9.265,9.157
USPL1,3.455,3.797,2.931,4.642,3.234,4.85
XPO4,4.07,4.562,5.097,4.598,3.206,4.337
TPTE2,0.285,0.172,0.243,0.072,0.481,0.207
POMP,77.727,68.112,63.341,67.395,73.571,63.855
CDK8,7.715,7.955,8.098,7.15,7.378,8.708
ALOX5AP,0,0,0.25,0.435,0.106,0.214
WASF3,24.998,22.11,24.993,22.116,19.295,21.399
RNF17,0.156,0.116,0.169,0.199,0,0.124
GPR12,0,0.017,0.018,0.03,0.015,0
CHRM3,0.01,0.046,0.02,0.081,0.025,0.017
MYH8,0.013,0,0.014,0,0,0
MYH10,27.246,32.472,32.775,27.333,24.562,27.123
PEMT,21.767,21.396,22.373,23.102,22.608,29.019
SCO1,19.091,18.49,17.951,16.461,18.347,15.923
MPRIP,129.359,122.746,115.476,124.398,110.107,125.503
CHI3L1,8.278,5.884,6.283,4.211,1.443,3.18
MYBPH,0.383,0.384,0.611,0.35,0.172,0.223
PIK3C2B,0.299,0.719,0.527,0.365,0.491,0.654
DSTYK,13.932,15.379,17.132,13.126,13.502,15.632
CHIT1,0,0,0,0,0,0
SLC41A1,18.244,16.812,17.381,16.617,15.219,17.74
LGR6,0,0,0.024,0.022,0.08,0.04
TMCC2,2.537,3.184,3.487,3.288,3.12,3.37
DCLK1,0.74,0.565,0.47,1.392,1.306,1.066
CCNA1,0.155,0.052,0.053,0.047,0.047,0.141
COG6,12.125,11.342,12.781,13.409,13.903,12.897
SPART,39.409,40.571,43.225,39.41,44.447,40.241
RXFP2,0,0.03,0,0.083,0,0
EPSTI1,4.872,8.561,8.781,8.641,11.334,7.808
TRPC4,0.735,1.125,1.456,1.745,1.506,1.643
POSTN,269.644,331.103,350.498,474.767,556.51,504.531
RFXAP,4.215,4.586,4.953,5.384,4.356,4.324
TPT1,6234.295,6182.781,6015.855,6113.706,6249.478,5297.535
GPALPP1,7.417,8.182,9.064,7.675,6.807,7.154
STOML3,0,0,0,0,0,0
KL,0,0.032,0,0.015,0.014,0
RFC3,9.751,9.648,8.571,13.274,9.527,11.574
STARD13,14.297,11.845,12.927,15.934,11.732,14.534
IRS4,0.028,0.024,0.061,0.051,0,0.034
MORC4,17.519,19.667,21.138,18.932,16.305,20.779
BEX2,0,0.346,0,0,0,0
RNF128,0,0.059,0.033,0,0,0
GNG5P2,0,0,0.154,0.066,0,0.066
TBC1D8B,10.702,11.817,10.347,9.652,8.318,10.19
TCEAL4,99.524,100.33,103.084,90.888,103.105,80.123
BEX1,0.795,0.403,1.127,1.106,1.438,0.602
FAM104A,23.9,22.873,24.67,24.553,26.504,23.79
SLC39A11,15.432,14.94,13.567,13.389,12.585,12.271
EPHB2,4.351,3.798,3.835,3.517,4.045,3.934
SRRM1,36.564,39.542,42.16,40.446,32.065,42.101
BTBD2,105.382,109.751,109.382,110.945,118.043,126.021
PRAM1,0.039,0.31,0.221,0,0.105,0.316
KMT5C,3.543,5.186,4.791,5.263,5.255,7.578
ZNF414,15.503,17.385,14.649,19.806,18.369,19.386
PDE6B,0.229,1.088,0.136,0.118,0.207,0.229
HSPBP1,29.687,30.708,30.443,32.098,33.031,30.616
CSNK1G2,63.64,60.468,55.911,58.489,49.107,66.567
SLF1,1.398,2.351,1.685,2.7,1.706,2.506
CNDP2,57.81,50.895,37.973,42.924,44.858,48.243
MACROD1,15.689,14.225,15.037,16.569,15.939,16.651
WDR74,40.833,39.039,31.681,33.775,30.2,37.714
LGALS12,0.049,0,0.104,0.045,0,0.221
RTN3,139.307,159.827,168.613,160.989,178.719,173.214
PLAAT4,3.258,8.229,10.83,4.47,9.735,5.919
PLAAT2,0,0,0,0,0,0
MYH11,0.174,0.152,0.282,0.201,0.025,0.263
CEP20,29.592,36.733,31.731,36.996,34.743,33.675
MED10,62.576,57.721,61.452,59.654,60.204,55.796
PDZD2,0.13,0.136,0.138,0.03,0,0.089
MORC2,18.743,16.643,20.885,18.409,14.888,19.362
LARGE1,11.814,10.89,9.755,10,8.896,9.085
GSTT2B,19.442,21.299,20.551,17.407,18.039,17.778
MYO18B,0,0,0,0,0,0
SLC2A11,4.442,6.136,8.012,3.854,5.356,4.9
C1QTNF6,6.624,10.189,10.499,8.645,11.576,14.088
GGT2,0,0,0,0,0,0.043
FAM83F,0.135,0.226,0.288,0.139,0.087,0.162
SEC14L4,0.487,0.373,0.491,0.183,0.451,0.613
GIMAP6,0,0,0,0,0.021,0.022
GIMAP4,0,0,0,0,0,0
ADCK2,15.103,15.683,15.51,16.13,15.333,17.705
MKRN1,58.068,63.771,82.717,52.445,65.168,56.641
AGAP3,42.287,41.072,43.104,44.356,42.8,46.15
KRBA1,8.545,11.846,8.095,10.045,9.654,12.277
ACTR3B,3.199,4.404,4.126,4.258,3.657,3.292
NTS,0,0,0,0,0,0
BTG1,59.685,60.494,59.295,55.432,51.737,58.894
LRRIQ1,0.671,0.015,0.357,0.027,0.066,0.053
C12orf29,14.684,11.844,10.449,11.967,10.847,12.125
ATP13A3,53.386,38.156,36.349,50.274,29.813,42.681
SFTPD,0,0,0,0.132,0,0
DYDC2,0.403,0.459,0.912,0.791,0.366,0.641
TMEM254,19.042,20.27,17.611,19.115,27.501,17.727
TMTC1,6.519,7.781,8.336,6.677,8.71,8.524
KRAS,12.215,10.634,11.174,12.188,9.428,10.735
IPO8,32.622,39.019,31.533,35.272,23.308,32.628
LARS1,62.063,58.622,59.521,62.507,54.207,62.926
SPINK5,0.512,1.224,0.272,0,0.477,0
IMPA1,13.843,17.972,14.536,16.792,14.954,15.666
LRRCC1,3.076,3.133,4.156,3.462,3.239,2.91
E2F5,3.165,2.431,2.097,2.347,2.12,1.898
CA1,0.095,0.286,0.101,0.043,0,0.086
CCDC59,20.598,28.318,31.157,30.628,31.124,20.336
SWAP70,34.225,38.551,41.763,44.442,54.501,49.131
ARNTL,5.093,4.828,7.531,4.857,6.464,6.667
LYVE1,0,0,0,0,0,0
AMPD3,4.614,4.301,3.476,5.945,2.901,5.657
SBF2,18.12,19.464,19.126,19.803,22.624,23.84
MICAL2,44.878,38.008,34.121,54.009,32.317,46.61
RRAS2,159.467,152.181,167.351,225.851,251.66,206.061
HSD17B4,50.653,54.944,49.436,41.76,40.928,39.794
ZFC3H1,10.812,12.244,10.871,11.048,9.046,13.419
TEX15,0.023,0.008,0,0,0,0.007
SARAF,167.092,162.231,158.644,137.629,150.001,139.936
RNF122,3.378,4.081,3.593,4.017,4.501,4.788
DUSP26,0,0,0,0.046,0,0.136
DPF2,24.643,30.501,35.399,24.991,29.82,27.709
MEN1,26.427,24.21,22.423,23.501,20.927,26.515
ERG28,7.438,7.476,9.25,8.698,10.228,9.749
GSC,3.32,1.839,2.647,2.29,2.546,3.165
DGLUCY,19.802,23.429,23.719,20.33,18.012,17.059
UNC79,0.047,0.103,0.378,0.051,0.109,0.059
NUMB,70.576,51.377,60.891,62.576,48.197,47.023
CATSPERB,0.681,2.124,0.72,0,0,0
VRTN,0.024,0.139,0.05,0,0,0
COX16,31.557,19.439,24.552,26.8,36.571,23.69
TTC9,0.596,0.392,0.468,0.499,0.452,0.755
MED6,27.19,20.924,21.798,19.999,21.672,24.098
EIF2S1,40.264,39.436,29.563,39.84,33.493,32.149
ADAM20,0.119,0.089,0,0.082,0,0.027
LOXL2,733.777,721.951,744.731,729.048,711.167,827.704
ELP3,19.523,21.811,16.641,13.626,15.443,15.094
PEBP4,0.224,0,0.717,0,0.304,0.204
ADAMDEC1,0,0,0,0.115,0.129,0
CTIF,32.641,35.474,39.194,32.188,37.132,42.211
MRO,0.062,0.049,0.149,0.07,0.07,0.077
MBD2,28.262,29.647,30.609,32.265,33.268,33.339
IER3IP1,22.566,19.025,21.068,20.851,23.535,19.683
MRPS36,18.005,16.864,12.96,15.912,16.559,14.797
CCNB1,42.1,48.784,41.384,46.339,47.162,51.263
CDK7,23.083,28.688,28.034,29.051,28.867,25.74
CD180,0.104,0.104,0.095,0.148,0.04,0.013
IRAK2,5.311,4.85,3.554,4.338,3.725,4.503
CAMK1,32.326,32.711,32.017,35.764,30.638,36.704
THUMPD3,27.777,29.321,30.922,29.775,22.516,24.263
VHL,19.607,19.532,20.971,19.622,18.335,17.885
BHLHE40,28.356,27.769,29.09,22.972,19.904,22.487
ARL8B,42.703,41.798,40.645,40.476,36.124,39.493
EDEM1,22.95,20.604,21.717,21.622,16.44,22.026
CNTN6,0.021,0,0,0.019,0.019,0
CHL1,0,0,0,0,0,0
MEIS2,23.918,32.124,35.903,36.439,43.527,48.521
DPH6,5.998,5.394,4.523,3.236,5.135,4.858
KATNBL1,47.537,36.258,29.313,33.473,22.177,36.891
EMC7,87.792,89.542,76.639,82.437,90.956,74.391
TRPM1,0.092,0.032,0,0.072,0.013,0.039
GNAT2,1.784,3.362,0.945,2.509,0.654,2.433
GSTM1,37.795,45.43,40.599,47.584,51.292,47.392
PRPF38B,28.85,28.737,32.088,25.379,20.398,25.688
REG4,0,0,0,0,0,0
TSPAN2,2.684,1.716,0.707,2.665,2.137,1.228
TSHB,0,0,0,0,0,0
GSTM5,4.103,3.007,3.863,3.634,4.522,4.59
GSTM3,45.795,46.132,47.24,57.365,71.71,61.991
SYT6,0,0,0,0,0,0
VAV3,0.142,0.21,0,0.032,0.032,0
CHIA,0,0,0,0.073,0,0
PSRC1,9.794,11.341,11.862,13.804,9.647,17.644
HMGCS2,0,0,0,0,0,0
PTPN22,3.869,2.335,2.038,4.39,1.483,2.34
SORT1,2.158,3.615,3.75,2.341,3.018,4.346
WNT2B,0.666,0.838,1.108,0.768,0.489,1.016
PTGFRN,13.107,12.916,14.686,11.842,10.241,12.86
LAMTOR5,142.293,144.983,126.68,154.555,163.048,141.84
ADAM30,0,0,0,0,0,0
NOTCH2,77.624,72.142,66.426,64.586,37.472,59.503
TRIM45,1.234,2.195,2.099,1.194,2.17,4.357
CEPT1,17.572,18.661,18.322,19.327,15.423,17.008
CD101,0.187,0.05,0.147,0.091,0.067,0.153
VTCN1,0,0,0,0.232,0,0
NGF,23.091,34.756,36.473,38.576,43.986,42.672
AP4B1,7.91,10.003,10.146,9.133,8.45,7.006
NAPG,11.864,10.936,12.225,11.337,8.548,11.6
SPIRE1,19.461,18.521,16.863,15.96,12.532,15.247
PPHLN1,40.891,41.46,38.335,36.993,30.399,34.467
FKBP11,51.389,40.262,52.069,56.761,60.655,57.918
ARF3,94.727,88.813,85.282,85.011,69.718,90.039
TMEM106C,55.771,61.492,68.439,66.369,64.126,70.999
SLC38A2,143.313,171.559,175.183,155.397,146.217,176.845
YWHAQ,330.08,334.811,323.471,374.808,334.635,341.886
KIDINS220,29.287,34.598,35.499,30.462,26.213,32.162
GRHL1,0.868,0.784,0.908,0.749,0.679,0.439
ROCK2,32.584,36.126,36.296,33.74,29.884,34.366
RSAD2,0.228,0.395,0.236,0.11,0.026,0.216
MYCN,0,0,0,0,0,0
LPIN1,21.984,20.14,20.622,17.809,14.755,17.548
CMPK2,0.053,0.077,0.028,0.073,0.048,0.048
IAH1,61.392,62.92,65.271,69.767,72.604,61.112
LDHA,3112.9,2416.833,2270.209,3185.565,2236.701,2583.109
SAA2,0.425,0.869,0.671,0.529,0.574,0.101
ANO3,0.201,0.528,0.197,0.47,0.095,0.343
IL6ST,133.948,138.715,140.897,134.471,113.206,136.28
FST,101.598,103.347,100.805,134.995,152.008,159.041
CFHR4,0,0,0,0,0,0
NAV1,81.016,81.28,90.873,76.947,58.361,85.731
CDC73,16.569,14.664,16.122,15.021,14.687,15.706
TIMM17A,48.152,39.727,43.543,40.685,41.935,36.189
CRB1,0.05,0.083,0.009,0.008,0.023,0.03
CFHR5,0,0,0,0,0,0
ERN2,0.061,0.403,0.345,0.062,0,0
RPS15A,2122.843,2162.818,2120.488,2127.356,2458.716,1827.878
RAX,0,0,0,0.026,0,0
NARS1,109.35,104.665,110.082,116.696,112.306,106.465
GRP,0,0,0.223,0.664,0,0
RELCH,10.931,11.623,10.979,10.42,8.222,9.994
FBH1,39.371,37.902,35.867,37.91,37.124,39.698
RBM17,56.271,58.172,62.415,58.497,51.971,69.57
IL2RA,0.158,0.205,0.355,0.118,0.023,0.239
ANKRD16,6.831,5.269,6.081,4.651,5.76,5.983
ECHDC3,3.299,4.922,5.48,3.16,5.409,4.077
IL15RA,13.291,11.252,14.534,13.139,11.579,13.066
CCNH,15.929,16.784,18.379,13.012,18.289,17.68
HRH4,0.09,0.224,0.331,0.243,0.12,0.121
TMEM241,3.409,2.869,3.606,4.289,3.606,3.503
KCTD1,7.208,8.323,6.954,5.524,7.541,6.616
CABLES1,3.321,4.585,6.268,2.92,4.21,4.196
DOCK2,1.699,2.659,0.392,1.623,0.905,1.796
EMP1,828.893,605.413,524.446,693.789,454.48,559.451
SOX5,0,0,0.012,0,0,0
RERG,0,0.239,0.66,0.182,0.509,0.794
SLCO1B1,0,0,0,0,0,0
KLRD1,4.427,3.047,5.44,3.827,1.077,4.287
KLRC1,0.482,0,0.256,0.678,0.307,0.69
SPX,0,0.111,0.111,0.239,0.167,0.19
PRH2,0.027,0.027,0,0.36,0.206,0
LRP4,4.778,5.162,5.29,3.906,3.477,5.07
MYBPC3,0,0,0,0.017,0,0
DDB2,21.681,30.859,34.2,34.929,36.065,40.95
ACP2,18.191,18.751,20.32,17.371,17.28,15.733
USP26,0.067,0.112,0.047,0.061,0.02,0.061
RTL8C,222.832,223.483,216.69,234.793,221.787,254.25
RAB33A,0.421,0.532,0.447,0.194,1.14,0.574
SOX3,0,0.041,0,0,0,0
RBMX2,18.386,19.419,21.805,17.717,21.438,19.35
STK26,2.395,1.566,2.115,1.038,1.163,1.933
PIWIL4,1.901,1.807,3.165,1.67,3.481,3.016
MTNR1B,0,0,0,0,0,0
PUM1,32.778,35.723,35.433,30.207,25.055,30.218
SPOCD1,11.224,13.843,11.304,17.522,12.151,14.404
YARS1,94.854,103.858,105.632,108.345,127.273,112.88
PHC2,129.012,84.031,76.597,85.671,67.063,74.113
CDCA8,10.577,13.718,14.052,14.279,13.625,16.624
GNL2,47.579,39.264,39.217,45.635,36.929,37.621
AGO4,6.157,6.482,6.862,6.327,4.25,6.8
HOOK1,0.028,0.125,0.074,0,0.013,0
CYP2J2,0.046,0.046,0.049,0.042,0,0
BTF3L4,41.879,38.089,49.33,47.697,54.427,43.378
TUT4,18.601,25.423,20.151,17.702,13.624,18.272
PRPF38A,8.931,10.105,10.219,9.277,9.452,8.481
DSC2,0.663,1.258,0.271,0.023,0.428,0.017
DSG3,1.044,1.772,1.019,0.052,1.083,0.039
RNF138,18.057,10.457,11.632,13.525,15.032,14.903
ELP2,37.741,44.87,43.305,38.002,31.767,39.018
DSG1,0.494,1.412,0.093,0,0.424,0.01
DSC3,1.071,1.399,0.382,0.04,0.907,0.028
DSC1,0.451,1.043,0.093,0,0.103,0
DTNA,11.918,11.557,9.411,10.648,7.713,10.287
FHOD3,11.001,8.024,8.084,10.133,7.287,8.35
TPGS2,95.756,96.393,99.366,112.689,115.459,104.732
DAGLA,2.66,3.052,3.415,3.166,2.849,3.621
SLC43A3,13.355,14.742,14.563,17.364,15.91,15.871
TIMM10,45.247,36.26,36.687,44.571,45.628,38.836
CBLIF,0,0,0,0,0,0
DHX34,7.858,7.16,6.702,5.796,4.345,5.04
APLNR,0.113,0,0,0.021,0,0
FADS2,11.656,11.103,11.789,10.165,12.807,11.875
TMEM258,173.311,161.184,178.737,180.927,199.752,168.184
TCN1,0.06,0.121,0,0,0.054,0
C5AR2,0.63,0.531,0.566,0.473,0.214,0.733
TMEM165,83.681,64.688,60.39,70.331,55.925,65.626
CLOCK,10.043,8.593,7.39,8.651,6.653,8.535
PDGFRA,583.083,553.573,514.817,538.751,335.458,461.673
GGACT,2.027,3.302,2.231,6.137,3.96,3.965
COL4A2,87.954,89.38,91.839,69.26,68.965,77.41
CLDN10,0.107,0,0.078,0.134,0,0.067
DZIP1,12.778,13.072,13.545,11.158,9.358,11.561
UBAC2,27.319,29.148,31.474,25.256,30.945,28.276
ARGLU1,39.981,40.759,45.241,37.423,29.209,41.845
BIVM,23.8,20.492,21.336,22.346,18.927,21.22
ERCC5,24.214,27.744,33.414,26.21,24.015,29.103
TPP2,24.889,25.624,28.367,26.645,21.383,23.351
POGLUT2,14.579,14.647,12.363,13.161,13.242,14.344
CARS2,57.862,53.78,51.759,55.597,45.209,49.05
ARHGAP32,7.179,7.797,7.794,8.04,4.909,8.453
STT3A,94.742,97.437,107.031,121.65,117.192,110.646
ADAMTS8,5.633,4.373,2.89,5.904,1.918,3.299
ACRV1,0.136,0.434,0.047,0.548,0.251,0.287
ETS1,47.452,46.807,45.012,47.938,41.954,48.421
SLC37A2,2.517,3.379,3.082,2.392,1.518,3.352
KLB,0.066,0.047,0.063,0.079,0.063,0.135
TMED7,59.768,52.832,53.384,52.243,43.621,48.739
APC,10.116,11.017,9.322,8.989,5.643,7.981
NREP,94.884,137.152,154.32,191.05,247.896,224.477
WDR36,9.187,7.75,8.583,7.742,6.419,7.91
OSTF1,41.38,35.871,37.234,40.564,37.24,32.586
RFK,13.486,11.851,10.552,12.022,11.571,12.164
UBQLN1,59.683,62.519,56.401,68.25,62.869,59.196
NAA35,9.61,9.878,10.414,9.251,6.934,8.514
C9orf40,7.535,7.505,6.757,8.183,8.301,8.857
ANXA1,760.012,798.817,767.444,937.579,867.38,866.097
CTSL,861.222,677.011,574.331,547.315,335.525,424.154
CEMIP2,17.81,13.914,13.763,15.469,10.807,15.104
AGTPBP1,7.05,6.697,6.733,7.443,5.967,5.75
GOLM1,63.818,69.411,64.425,66.617,62.398,63.052
FAM189A2,0.038,0,0,0,0.103,0
PSAT1,161.293,180.562,184.88,181.649,228.636,204.422
ISCA1,30.368,28.257,33.301,28.666,28.401,33.029
ADAM19,2.494,2.792,3.149,3.986,4.062,4.221
HAVCR2,0.275,0.324,0.99,0.44,0.295,0.217
CCNJL,0.308,0.229,0.269,0.203,0.088,0.14
TAOK3,29.83,23.715,24.51,26.262,21.814,22.84
USP30,6.51,7.41,9.471,6.23,7.749,6.507
SDS,1.211,0.15,0,0.137,0,0.452
MSI1,0.056,0.084,0.119,0,0.05,0.051
HNF1A,0,0,0,0,0,0
FBXO21,20.198,22.617,22.962,21.072,19.476,21.05
TBX3,104.959,78.421,72.152,88.65,44.548,68.301
OASL,0.567,0.909,0.948,0.557,1.05,0.546
HRK,0.069,0.096,0.044,0.013,0,0.05
RNFT2,0.246,0.318,0.511,0.588,0.089,0.461
P2RX4,8.626,12.766,11.737,10.722,14.519,12.821
BICDL1,0.312,0.167,0.274,0,0.024,0
DTX1,0,0.024,0,0.022,0,0
TRAFD1,19.161,24.576,25.278,24.026,25.348,25.324
DMTF1,33.051,35.817,44.871,42.895,19.543,31.996
OCM2,0,0,0,0,0,0
TMEM243,31.759,28.183,29.068,31.806,29.645,26.93
CCDC146,1.67,1.718,2.691,1.599,1.187,1.76
TMEM60,17.648,19.496,24.18,20.187,21.292,22.57
CD36,0.304,0.32,0.383,0.269,0.416,0.54
UGT2A3,0,0,0,0,0,0
CSN2,0,0,0,0,0,0
UGT2B28,0,0,0,0,0,0
PNPLA8,17.717,17.731,17.783,14.821,13.78,13.368
HILPDA,13.212,13.415,11.41,15.282,13.512,16.405
FAM71F1,0.056,0.324,0.18,0,0.092,0
RINT1,12.437,13.017,14.46,11.631,11.33,12.756
SRPK2,41.768,40.938,37.103,40.573,35.841,44.787
KCP,0,0,0,0,0,0
TES,35.11,32.413,30.198,44.233,39.855,46.514
MDFIC,35.114,49.439,42.98,48.644,45.935,48.654
MTO1,8.458,8.606,11.454,9.528,9.61,10.277
ADGRB3,0,0,0,0.016,0.025,0
ANKRD6,2.358,1.847,1.748,1.78,2.816,1.956
HTR1B,0.13,0,0,0,0,0
KHDC1,3.473,2.864,3.923,3.419,3.495,3.148
CEP162,2.268,3.157,3.993,2.98,3.123,3.568
SYNCRIP,121.497,101.46,96.671,114.958,88.739,99.18
SNX14,40.89,37.827,39.135,35.161,33.125,34.463
NT5E,598.906,483.276,410.563,491.042,323.845,395.799
MRAP2,1.874,1.677,1.485,1.857,1.58,2.28
EPHA7,0.063,0,0.067,0,0,0
AKIRIN2,29.701,31.454,31.838,28.181,31.918,30.141
ORC3,12.663,15.138,15.113,15.208,12.953,15.548
LCA5,2.746,3.691,3.384,3.053,2.89,3.012
MAP3K7,21.901,21.596,23.605,22.582,21.261,23.099
CGA,0.383,0,0,0,0,0.523
GJA10,0,0,0,0,0,0
PRR5L,5.802,5.308,4.999,3.944,6.461,7.704
LMO2,1.298,0.845,0.641,0.492,0.329,0.331
PHF21A,26.021,32.972,39.012,22.258,20.786,27.484
NAT10,22.734,16.72,17.874,17.948,15.152,21.402
EHF,0.278,1.144,0.394,0.061,0.508,0.06
ELF5,0,0.146,0.041,0,0.067,0.169
PRRG4,0.421,0.481,0.544,0.478,0.342,0.329
CAPRIN1,122.907,119.86,118.904,120.732,99.659,115.4
ATP5MC2,276.842,301.071,280.818,314.823,400.621,310.726
DNAJC14,21.133,20.956,19.082,21.599,20.924,22.926
CD63,1922.862,1755.189,1751.13,1634.121,1760.993,1534.045
PRPH,0,0.048,0.051,0,0.222,0
AVIL,1.607,2.108,2.47,1.722,1.056,2.276
AMHR2,0,0,0,0,0,0
LACRT,0,0,0,0,0,0
GDF11,9.796,11.22,9.076,7.634,5.914,7.683
GLS2,0.217,0.144,0,0.142,0.141,0.128
ITGA7,6.174,5.284,7.951,5.4,4.719,9.219
TESPA1,0.252,0.524,0.558,0.439,0.461,0.575
FAM186B,0.903,1.315,0.5,0.757,0.188,0.537
RDH5,27.893,26.631,30.043,32.343,21.66,28.911
AGAP2,6.33,5.957,6.237,7.836,8.577,7.575
BLOC1S1,97.928,106.995,109.951,103.083,142.958,109.121
KRT85,0,0,0,0,0,0
CDK4,88.515,112.201,106.012,126.487,123.269,115.031
PPP1R1A,0,0,0,0,0,0
TROAP,8.7,11.235,10.663,10.563,9.287,11.197
TSPAN31,22.203,17.859,16.782,17.996,24.26,23.522
B4GALNT1,1.369,2.608,2.513,1.622,1.97,1.912
TFCP2,19.744,22.702,20.952,19.601,17.175,18.222
COQ10A,5.896,6.637,7.141,5.408,7.22,6.9
FAIM2,1.205,1.73,1.601,1.658,2.266,1.003
PAN2,7.793,9.887,9.63,8.937,6.668,8.992
ESPL1,4.472,5.298,6.055,5.578,4.486,6.425
KRT7,16.992,24.008,21.695,35.575,75.519,55.494
ZC3H10,3.78,3.597,4.14,3.037,5.382,3.364
HNRNPA1,1367.09,1350.024,1404.237,1394.31,1461.232,1389.958
ACVR1B,12.907,13.819,12.573,12.43,10.04,11.873
OS9,227.835,244.001,248.896,227.893,257.381,257.04
MIP,0,0,0,0,0,0
KCNH3,0.121,0.08,0.128,0.073,0.072,0.037
LTV1,27.149,24.396,22.606,23.316,22.259,20.732
MAP7,1.988,2.944,1.931,2.156,1.387,2.051
CD164,189.39,176.202,179.824,183.002,155.39,175.36
AFG1L,2.161,3.544,3.914,2.412,1.765,2.224
NHSL1,7.377,4.506,3.634,4.248,5.18,6.057
AHI1,8.756,10.023,10.5,7.51,6.885,7.134
HEY2,0,0,0,0,0,0
PKIB,0,0.132,0.197,0.427,0.297,0.299
TAAR5,0,0,0,0,0,0
NMBR,0.027,0.053,0.142,0,0.072,0.049
SMPD2,6.423,5.597,6.659,8.113,6.182,6.686
MICAL1,42.363,40.229,42.345,40.981,30.014,45.576
REPS1,19.727,19.104,17.45,17.49,16.877,16.804
STX11,0.836,0.745,0.714,1.262,0.556,0.959
TEC,0.667,0.844,0.473,0.486,0.26,0.363
PRADC1,14.744,19.456,15.3,14.458,17.419,17.133
SEMA4F,8.471,9.366,8.898,8.48,6.12,9.105
CCT7,198.859,167.627,173.492,184.111,203.181,171.711
EGR4,0.115,0.142,0.041,0,0.069,0
RAB11FIP5,44.645,44.511,39.748,46.823,44.777,48.478
SMYD5,22.988,23.931,24.769,23.426,18.952,21.806
DYSF,0.105,0.156,0.137,0.242,0.152,0.159
CCDC142,4.092,4.598,4.891,3.527,2.738,3.321
EMX1,0,0.059,0,0.053,0,0
KCNMB4,0.07,0.154,0.055,0.077,0.015,0.078
USP15,25.22,26.528,21.393,22.201,19.216,21.388
GNS,63.955,65.76,65.243,59.952,51.534,60.524
CPM,2.137,3.832,5.501,5.825,7.01,4.93
MDM2,20.947,27.207,29.817,23.995,22.297,28.294
KLHL36,24.734,24.694,23.081,20.292,17.941,23.626
BCO1,0,0,0,0.193,0,0
MPHOSPH6,36.693,29.513,23.481,34.757,23.534,28.354
CHST5,0.141,0.07,0.322,0.367,0.063,0.148
KIAA0513,4.996,4.658,6.71,5.381,4.004,4.699
DYNC1LI2,64.356,64.474,63.898,61.558,52.989,63.73
FBXL8,22.08,21.542,25.031,21.366,14.255,26.501
FHOD1,33.422,28.837,25.398,24.837,20.167,27.758
CCDC102A,7.501,11.208,10.592,10.53,16.616,14.869
SLC9A5,5.303,6.329,5.495,5.157,4.881,5.543
AGT,0.337,0.233,0.253,0.221,0.032,0.334
PCNX2,8.791,10.545,9.967,8.45,5.968,8.423
KCNK1,5.647,4.825,4.594,3.754,4.001,3.882
URB2,5.712,3.59,3.918,4.169,2.736,3.452
EGLN1,50.921,43.744,44.032,50.016,37.367,43.617
CAPN9,0,0.101,0.167,0.071,0.035,0
COG2,9.822,9.901,10.066,9.677,9.313,9.162
ABCB10,14.506,13.066,11.801,14.764,9.128,11.926
NTPCR,8.659,7.846,8.571,7.827,8.166,8.896
TAF5L,13.224,13.042,11.039,11.545,9.416,11.73
GLUL,54.724,50.438,48.063,58.327,47.479,51.826
STX6,19.05,16.806,15.273,17.505,15.561,16.604
RGS8,0,0,0,0,0,0
RNASEL,5.249,7.634,8.017,6.828,7.563,6.787
DHX9,73.327,61.869,63.277,62.184,48.135,58.25
KIAA1614,7.875,8.427,10.176,8.284,9.252,9.844
CEP350,16.283,15.448,16.696,15.901,8.218,15.217
NPL,0.43,0.442,0.588,0.943,0.761,0.83
NIBAN1,44.544,53.728,54.355,47.14,43.605,51.8
PIGC,23.253,25.545,25.171,26.711,22.795,22.062
LAMC1,375.833,334.946,316.73,356.017,241.406,333.299
RC3H1,4.059,4.343,4.768,4.406,3.048,5.561
GPR55,0.983,0.883,0.812,0.807,0.528,0.991
SP110,12.196,14.233,16.979,12.727,14.495,14.665
MRPL44,15.933,19.79,19.058,15.244,18.278,20.072
CHRND,0,0,0,0,0,0
PAX3,7.221,8.617,11.255,9.219,7.508,9.041
DOCK10,16.836,17.23,19.586,21.565,11.901,18.219
TTLL4,5.557,6.894,6.261,7.253,4.727,5.439
USP37,4.01,4.3,4.235,4.907,2.79,4.633
HTR2B,0.039,0.157,0,0.143,0.318,0.249
ITM2C,129.568,133.01,124.998,130.946,146.359,141.92
SLC19A3,0.614,0.582,1.191,0.503,0.256,0.556
SERPINE2,6521.584,5870.165,5620.867,6081.817,5891.14,5904.606
DNAJB2,33.583,35.652,37.741,37.609,44.275,38.664
WNT10A,0.167,0.186,0.177,0,0.038,0
TMBIM1,151.612,153.515,146.535,150.34,150.4,156.978
CYP27A1,2.693,3.796,5.34,4.852,5.22,6.047
EIF4E2,102.942,105.038,104.778,99.189,101.512,94.618
ARMC9,7.37,9.955,10.935,7.643,9.58,10.593
CAB39,42.594,41.375,42.841,41.141,38.467,38.967
COX5B,159.493,158.062,160.181,145.569,191.666,148.382
REV1,9.946,10.136,10.721,12.043,9.882,10.994
TSGA10,0.052,0.175,0.175,0.102,0.259,0.151
MFSD9,1.745,2.044,1.85,1.772,1.822,1.977
TMEM127,39.571,39.762,38.477,35.104,35.011,36.33
EDAR,0,0,0,0,0,0
TGFBRAP1,15.576,14.99,13.562,13.307,13.068,13.842
GCC2,13.899,12.914,17.026,12.369,11.49,14.315
MRPS9,16.445,17.998,18.169,14.429,18.397,16.904
GPR45,0,0,0.054,0,0.046,0.046
C2orf49,10.234,12.187,11.857,11.286,10.62,10.978
ANKRD36,3.685,6.397,6.932,4.104,1.837,5.024
EPC2,15.452,16.471,17.888,15.342,15.342,14.052
ARHGEF4,2.79,2.68,3.097,2.362,3.9,2.157
ISCU,116.435,132.859,130.772,112.507,150.388,121.663
ALDH1L2,44.849,55.039,55.319,55.22,47.939,58.942
STAB2,0.057,0.301,0.01,0.035,0,0.026
USP44,0.081,0.208,0.457,0.318,0.309,0.236
SCYL2,23.09,21.319,19.385,19.778,16.637,17.385
CKAP4,183.93,167.393,158.128,200.17,208.107,192.792
PLXNC1,2.251,3.179,4.394,1.535,1.921,2.244
APPL2,64.111,67.201,77.254,74.442,71.873,78.702
PWP1,62.36,45.62,48.752,49.751,49.779,42.434
DRAM1,61.54,48.434,54.535,67.24,80.297,74.327
WASHC4,36.927,34.371,34.71,33.642,23.909,32.637
SLC41A2,8.453,11.87,8.699,7.184,9.126,8.816
VILL,4.062,6.037,7.888,5.755,5.404,6.247
FLNB,90.853,81.595,75.494,70.371,50.075,72.721
NEK3,6.827,6.811,6.884,6.269,5.308,6.186
PCDH8,0,0,0,0,0,0
VPS36,16.812,15.819,18.034,17.204,14.695,17.12
RNASEH2B,24.83,22.124,29.222,17.847,23.73,23.511
CKAP2,26.727,37.35,40.273,35.111,29.554,35.343
CNMD,0,0,0,0,0,0
TBC1D4,7.573,9.224,7.201,5.384,4.598,7.271
THSD1,14.437,13.736,13.08,12.211,14.898,13.685
BORA,1.977,2.823,3.085,3.528,3.411,3.583
LRCH1,8.507,7.595,7.729,7.958,6.249,8.234
SUCLA2,34.295,39.394,36.606,38.705,34.947,34.961
RCBTB1,14.802,14.304,13.401,9.903,8.994,10.094
MED4,35.865,39.637,40.579,38.73,34.841,36.247
PHF11,30.622,28.701,28.892,33.829,26.87,30.624
COG3,11.47,11.259,12.02,10.56,11.604,11.826
LMO7,106.521,107.577,121.997,134.676,143.568,148.369
SCEL,0.441,0.855,0.228,0,0.553,0
ITM2B,303.96,315.888,322.199,335.577,362.516,351.84
SPRY2,130.074,106.994,82.546,109.444,51.391,76.674
NUDT15,16.086,15.093,13.013,14.405,13.917,13.557
EDNRB,0.17,0.132,0.175,0.069,0,0.3
RCBTB2,8.888,7.806,8.11,8.015,6.064,7.559
LCP1,0,0.075,0,0,0.067,0
SETDB2,4.544,7.527,7.613,6.133,5.172,6.266
SCRN1,25.446,25.891,27.156,33.942,32.737,33.308
C7orf25,12.495,12.275,11.631,13.315,13.575,10.178
TNS3,58.2,42.357,41.357,37.774,28.725,36.166
SPDYE1,2.027,1.057,1.067,1.081,0,1.042
CHST12,22.207,21.89,23.035,20.024,23.022,22.442
IGF2BP3,19.382,14.226,11.429,12.203,4.106,6.437
GPNMB,75.103,87.962,97.741,75.475,91.295,78.842
RAPGEF5,0.039,0.059,0.055,0.033,0.046,0.023
RAC1,267.824,240.947,230.452,246.91,242.036,248.036
KDELR2,189.565,173.315,172.335,219.188,202.863,208.247
NUP42,24.164,22.67,19.494,20.394,19.137,22.343
IL6,26.927,20.66,16.97,8.741,13.355,10.586
ZDHHC4,24.725,30.684,28.409,27.248,32.292,28.405
AOAH,0,0,0,0,0.065,0
BZW2,41.206,34.297,39.363,38.944,38.627,39.672
DGKB,0.058,0.058,0.074,0.146,0.492,0.073
TBRG4,31.822,28.073,28.163,27.991,25.849,26.152
DDX56,44.197,38.604,45.824,45.165,36.955,43.945
HUS1,18.428,18.995,21.539,13.686,19.365,17.912
NACAD,5.287,6.138,5.697,5.244,4.338,6
DBNL,81.957,74.673,76.66,94.74,95.451,100.528
CCM2,66.879,58.103,50.654,60.362,55.668,60.981
MYO1G,0.027,0,0,0.049,0,0
TTYH3,72.354,66.351,62.202,69.46,59.487,80.173
MMD2,0,0,0,0,0,0
CIDEB,0.143,3.435,0.489,0.309,0.26,0.777
TTC5,5.721,5.578,5.804,5.363,5.186,4.948
NKX2-8,0,0,0,0.043,0,0
NKX2-1,0,0,0,0,0,0
ZFHX2,0.457,0.575,0.422,0.237,0.166,0.57
MTHFS,6.887,3.378,5.906,5.876,7.224,6.68
ADAMTS7,4.518,4.553,5.147,4.409,4.726,5.867
ABHD17C,14.321,9.544,9.88,10.78,10.263,9.95
IREB2,17.623,20.759,16.88,23.811,17.971,20.295
ALPK3,0.16,0.206,0.236,0.111,0.034,0.139
TM6SF1,0,0.483,0,0.091,0,0
CIB2,6.781,5.202,6.454,7.297,11.71,5.999
CALCOCO2,93.696,104.21,120.764,103.132,118.259,103.635
RSAD1,24.024,25.488,28.529,22.834,17.736,18.892
NMT1,52.572,56.252,55.26,62.275,55.567,60.812
MYCBPAP,0.358,0.347,1.307,0.875,0.504,1.209
SRSF1,129.938,130.964,124.835,124.751,112.875,123.329
VEZF1,33.813,35.696,36.991,36.681,32.353,37.628
CHAD,1.047,0.706,1.403,0.46,0.278,0.551
TACO1,18.33,21.916,21.76,16.448,21.928,18.16
TEX2,22.043,20.591,19.516,19.268,16.842,18.151
DCAF7,18.811,19.42,21.75,20.591,16.712,20.651
GH2,0,0,0,0,0,0
CSH1,0,0,0,0,0,0
LIMD2,4.831,4.356,3.056,4.124,4.689,4.976
BRIP1,2.392,2.595,2.434,4.049,3.361,3.412
KAT7,16.264,21.991,20.139,17.371,16.881,17.692
RTP4,0.835,1.557,2.474,1.421,2.311,2.003
ACTL6A,35.846,33.631,30.347,38.415,33.913,34.788
NDUFB5,68.091,78.353,77.734,69.384,85.825,74.858
MRPL47,31.904,29.033,28.849,32.789,28.773,25.004
TRA2B,151.611,180.216,158.883,155.287,126.532,131.661
SCN2A,0.009,0,0,0.044,0.164,0.008
TBR1,0,0,0,0.019,0,0.039
MARCHF7,75.744,77.115,84.359,75.793,68.403,72.568
ERMN,1.254,1.025,0.332,0.673,0.37,0.235
GALNT5,21.625,24.081,25.715,30.265,29.444,32.122
SCN7A,0.907,1.066,0.602,0,0,0.206
TANK,70.19,63.726,55.742,65.182,51.415,48.056
BLK,0.255,0.128,0.091,0.117,0,0.27
GATA4,0,0,0,0,0,0
SKIL,17.258,15.324,16.684,15.257,13.595,13.691
EPRS1,85.151,86.886,90.84,93.494,88.17,94.114
HLX,9.927,12.545,11.736,12.111,12.761,11.917
VPS45,18.471,22.321,21.558,19.225,18.98,19.924
IL10,0.055,0.067,0.06,0.051,0.196,0.099
KCTD3,36.71,38.941,43.621,41.848,33.825,42.279
RPS6KC1,14.509,15.953,13.27,13.103,12.599,14.105
CBWD2,21.842,21.181,20.618,20.678,15.07,20.574
IL36G,0.099,0.155,0,0,1.632,0
IL1RN,0.927,2.208,0.73,0.047,0.992,0.047
IL36A,0,0,0,0,0,0
IL36RN,0.032,0.783,0.403,0,0.26,0
IL36B,0,0,0,0,0,0
IL1F10,0,0,0,0,0,0
CFC1,0,0,0,0,0,0
SMPD4,43.966,48.655,44.294,46.869,34.124,45.227
WDR33,14.515,18.394,13.412,14.718,15.963,17.954
CCDC115,18.361,19.594,24.681,17.453,18.768,19.035
SAP130,10.166,11.405,11.522,10.702,7.343,9.804
BIN1,28.593,30.618,31.577,31.024,39.95,36.523
IMP4,52.986,38.334,43.451,47.359,49.916,45.702
HS6ST1,24.402,24.771,23.754,29.014,25.975,30.101
UGGT1,31.102,28.392,31.753,26.665,18.269,26.667
GYPC,71.807,63.715,65.245,67.387,76.613,69.126
STAM,11.967,17.782,14.141,13.631,15.161,12.808
GAD2,0.044,0.074,0.031,0.04,0.013,0.067
ABI1,31.799,35.484,32.497,33.647,30.828,32.616
YME1L1,80.457,72.931,75.351,84.463,71.679,80.091
DNAJC1,27.977,31.155,33.096,26.881,33.868,30.337
NIPSNAP3A,21.211,18.787,20.66,21.038,25.04,20.331
LRRC8A,34.335,32.199,27.611,34.391,30.297,36.788
CDK9,40.558,41.546,42.825,34.713,38.288,38.326
TXN,420.12,415.565,357.587,341.317,383.625,323.795
ODF2,31.173,30.787,36.356,26.163,23.991,31.783
ECPAS,41.82,40.717,42.846,42.649,35.114,42.367
TOR1B,32.511,30.883,28.22,27.539,22.651,27.443
C9orf78,51.734,47.859,54.775,46.178,51.023,41.025
SMC2,14.839,15.271,15.577,19.062,13.132,16.396
KLF4,47.868,75.2,77.895,76.051,85.657,94.764
TOR1A,48.142,39.728,38.706,39.672,40.739,38.737
RALGPS1,3.07,3.17,3.97,2.781,3.711,3.624
NIBAN2,725.934,504.71,418.671,521.683,371.131,462.606
OR1J1,0.322,0.105,0.123,0.284,0,0
OR13C9,0,0,0,0,0,0
ST6GALNAC4,47.268,38.054,33.647,36.574,35.736,38.283
TMOD1,0.363,0.387,0.269,0.255,0.341,0.208
DAB2IP,11.361,15.22,13.374,12.53,13.822,14.47
STXBP1,46.439,44.67,47.525,35.914,34.09,32.812
SLC2A8,5.989,5.599,4.907,6.804,5.416,6.144
ANGPTL2,31.331,82.58,100.443,84.04,118.873,113.72
CDK5RAP2,27.059,26.394,28.285,28.527,25.994,27.096
ZFP37,2.298,3.742,3.651,2.629,3.094,3.218
SLC31A2,4.47,4.515,3.477,5.443,4.589,4.761
SLC31A1,17.953,15.711,15.55,15.916,14.513,14.94
TLR4,5.487,6.104,7.428,6.889,7.256,6.813
ZNF189,6.277,6.905,7.949,8.354,6.688,8.7
ALDOB,0,0.374,0.074,0.091,0,0.063
STX17,7.813,11.644,11.575,8.407,10.487,8.841
PRPF4,20.391,18.483,19.229,19.014,17.155,16.057
FPGS,39.108,38.431,36.008,35.72,35.989,37.071
USP20,10.039,10.977,11.84,10.749,10.107,11.33
BAAT,0.399,0.258,0.15,0.256,0.106,0.362
KIF12,0,0,0,0.039,0.07,0.039
ATP6V1G1,54.47,55.712,55.26,52.355,51.483,51.74
TEX10,17.859,15.012,14.034,15.721,13.587,14.713
GARNL3,0.482,1.283,1.573,1.739,2.867,1.683
MRPL50,6.112,6.329,5.303,6.491,7.355,5.991
DPM2,44.055,48.737,46.659,45.638,50.286,50.298
WDR38,0,0,0,0,0,0.264
TSTD2,6.442,6.067,6.988,6.696,6.14,6.821
GABBR2,1.809,1.987,2.264,4.404,2.607,4.342
HEMGN,0.082,0.142,0.131,0.15,0.037,0.112
PSMB7,205.109,194.684,191.248,207.407,206.542,181.757
NR5A1,0,0,0,0,0,0
TRMO,6.317,5.507,6.268,7.293,4.15,6.782
RABEPK,22.047,19.84,21.814,22.442,25.293,23.058
GOLGA1,10.546,10.135,11.452,11.113,8.851,10.866
XPA,12.496,15.156,14.735,12.524,13.655,13.107
NCBP1,17.577,19.188,16.539,18.262,12.45,16.597
ANP32B,222.271,217.896,224.551,230.667,268.281,231.589
OR1L4,0,0.108,0.113,0.098,0,0.29
PDCL,18.009,17.79,15.695,15.041,19.333,15.229
RPL35,2071.898,1954.056,1946.486,1999.88,2219.244,1850.718
CTSV,0.769,2.193,0.987,0.607,1.226,0.55
LMX1B,0.202,0.355,0.054,0.252,0.091,0.287
ARPC5L,43.623,36.832,33.081,40.719,36.146,35.398
ENPP2,120.595,140.368,153.896,170.768,194.042,189.987
DSCC1,3.556,4.334,3.372,4.939,3.55,4.455
DERL1,48.208,44.592,43,46.869,53.421,47.806
MYC,114.589,124.49,122.342,118.463,104.796,125.87
CCN3,2.386,3.206,2.865,3.358,5.984,4.3
IL33,40.09,24.221,18.021,21.027,5.445,10.952
DMAC1,15.012,13.995,14.481,13.38,14.191,13.158
RANBP6,11.465,12.79,13.542,11.145,8.375,8.167
POLR1E,27.443,27.599,26.741,33.497,35.873,29.761
PLAA,20.443,19.928,18.684,19.046,18.99,18.183
IL11RA,18.212,20.532,29.331,20.731,24.826,28.44
UBAP2,10.773,12.03,11.442,9.837,7.877,10.6
APTX,18.551,21.404,17.514,17.618,20.447,19.456
RNF38,10.268,10.811,10.721,10.559,7.778,11.424
TLN1,154.485,145.319,142.551,130.247,102.013,132.627
CCL21,0,0,0,0,0,0
SIT1,0,0,0,0,0,0
IFNA21,0,0,0,0,0,0
DMRT1,0,0,0,0,0,0
DNAJB5,11.327,10.086,8.773,11.643,8.799,10.094
SPAG8,1.011,1.361,1.833,1.396,0.576,1.393
DCTN3,120.119,119.107,121.996,106.207,142.68,118.423
CD72,0.444,0.956,2.319,0.931,1.577,1.733
TMEM8B,11.771,12.982,14.424,9.204,9.403,11.442
GRHPR,87.868,81.962,87.513,83.128,100.793,87.753
ALDH1B1,13.445,9.249,10.066,12.728,13.289,13.73
HINT2,26.347,26.334,33.222,26.577,35.574,25.559
ARHGEF39,1.342,1.708,1.213,2.172,0.93,2.138
IGFBPL1,0.299,0.273,0.395,0.385,0.24,0.252
DENND4C,14.438,16.063,16.334,14.297,11.545,15.586
RPS6,2651.115,2599.49,2602.128,2564.85,2979.742,2444.477
CNPY3,44.353,40.161,42.589,46.337,53.229,46.142
FOXP4,15.081,12.497,11.845,11.6,9.671,13.882
PPIL1,16.686,12.371,10.409,17.982,15.938,13.487
KLC4,9.152,12.875,17.398,10.999,11.418,16.116
KIF13A,47.4,45.219,46.351,49.136,40.551,45.885
ZSCAN9,4.584,5.955,5.77,5.056,6.962,5.703
PIM1,4.034,12.075,13.796,9.769,18.045,14.589
GMPR,6.526,6.016,7.319,5.814,7.858,5.816
CMTR1,21.259,24.201,28.139,24.428,21.137,24.24
TFAP2A,6.119,7.456,6.802,5.374,5.995,6.457
SLC22A7,0,0,0,0,0,0
YIPF3,148.824,146.714,157.684,138.786,149.09,138.228
TMEM14B,76.042,75.835,78.289,66.312,73.892,66.117
TMEM63B,25.377,23.134,24.781,20.727,16.211,20.836
FRS3,6.063,7.412,7.065,6.448,3.857,6.749
TJAP1,28.275,29.433,30.639,30.008,21.967,28.996
CAPN11,0.031,0.031,0.033,0.084,0.028,0.139
TINAG,0,0,0,0.15,0,0
HCRTR2,0,0,0.06,0,0,0
KIAA0319,0.084,0.048,0.03,0.06,0.021,0.108
IRF4,0.016,0.03,0,0.014,0,0
SLC22A23,23.781,17.246,15.271,14.082,8.438,12.602
TUBB2A,53.221,55.131,43.172,39.206,44.049,43.094
LRRC1,0.781,1.77,0.964,1.272,0.866,0.826
GCM1,0.12,0.18,0,0.201,0,0.054
FOXF2,11.188,11.424,15.681,14.428,16.598,17.133
BPHL,10.75,13.256,8.389,11.058,9.018,8.464
RIPK1,24.068,21.86,21.786,19.785,16.738,21.055
TUBB2B,2.95,3.474,3.22,2.905,4.65,2.677
UQCC2,72.273,52.725,47.863,73.43,71.681,54.459
HMGA1,1753.668,1462.926,1213.851,1386.446,893.464,1139.248
TCF19,21.77,21.658,19.099,30.238,21.17,29.942
FLOT1,119.237,130.761,130.931,140.52,150.615,134.514
IER3,79.942,115.551,109.27,106.991,137.473,126.203
MDC1,11.635,11.612,10.989,10.231,7.674,13.769
PGBD1,6.243,5.231,5.266,4.787,3.869,4.649
ATAT1,10.266,8.991,10.33,6.904,7.167,10.308
TPMT,16.011,14.155,13.918,15.458,12.452,13.342
CLPS,0,0.311,0,0,0,0
RNF144B,1.033,1.558,1.641,1.666,1.53,2.019
NRM,14.78,19.276,14.618,21.048,18.365,21.048
MTCH1,157.206,151.907,155.209,160.764,180.634,157.056
VARS2,11.901,12.692,13.814,12.226,10.217,12.22
TAF8,8.697,10.298,10.308,7.522,6.105,8.73
FAM8A1,21.527,24.476,25.405,21.105,19.868,21.781
C6orf52,0.542,0.335,0.972,0.501,0.298,0.246
FGFBP1,5.944,9.979,1.724,0.124,5.48,0.061
FGFBP2,0,0.087,0,0,0.078,0.078
CPEB2,14.811,16.362,12.435,12.52,5.732,12.308
FHDC1,0.398,0.491,0.594,0.24,0.169,0.393
TLR2,0.112,0.15,0.407,0.14,0.1,0.247
MGARP,1.826,3.291,4.934,2.865,8.643,4.835
TTC29,0,0,0,0,0,0
MYO7A,0.035,0.094,0.064,0.11,0.018,0
FCHSD2,16.353,16.823,15.479,16.956,14.005,14.468
ARRB1,6.778,6.522,7.39,7.289,6.898,6.694
SLCO2B1,0,0,0,0,0.036,0
THAP12,30.653,26.954,24.296,28.433,25.782,25.828
ANKRD42,13.45,13.26,12.476,9.102,11.622,9.077
IL18BP,1.195,2.066,3.139,2.706,0.928,2.363
NUMA1,86.588,104.975,117.323,92.805,79.372,114.426
CCDC90B,53.338,51.552,52.199,50.003,56.779,41.514
SYTL2,39.562,59.834,68.187,58.776,64.46,73.079
RAB30,12.993,15.693,17.012,11.502,19.234,12.844
CREBZF,11.499,12.321,15.358,12.144,7.616,13.552
LRRC32,12.15,16.954,17.415,13.031,22.757,22.451
PRCP,69.076,65.866,62.059,71.701,72.419,68.908
NARS2,6.672,8.522,10.071,6.99,6.158,7.179
RNF121,14.515,17.397,17.494,15.737,14.557,18.688
MRPL15,70.607,61.307,56.248,66.017,55.337,59.537
PI15,0,0.012,0,0,0,0
TTPA,0.166,0.192,0.034,0.174,0.171,0.144
GGH,21.09,21.535,21.956,24.401,21.963,22.588
SLCO5A1,0.127,0.131,0.102,0.231,0.114,0.23
SULF1,110.42,140.881,168.088,184.006,224.566,216.952
TGS1,7.835,7.395,7.154,8.715,7.454,8.221
SDCBP,133.177,144.398,149.639,142.23,139.091,133.615
NEK1,10.213,11.109,11.52,8.716,7.975,9.036
DDX60,3.327,4.729,5.301,3.703,4.352,4.314
NXPE4,0,0,0,0,0.094,0.071
SORL1,1.235,1.219,1.37,1.125,0.965,1.363
TMPRSS4,0.318,0.365,0.092,0.12,0.065,0.135
BUD13,10.352,8.915,8.126,9.996,10.397,8.867
TRPC6,0.472,1.134,0.949,0.939,1.834,1.535
MMP7,0,0,0,0,0,0
MMP20,0,0,0,0,0,0
MMP27,0.046,0.139,0.147,0.211,0.166,0.042
CFAP300,4.192,6.321,6.741,5.07,5.878,7.837
DCUN1D5,45.211,34.192,33.259,33.553,37.161,34.351
YAP1,101.988,92.829,88.047,110.979,86.326,109.033
TRIM29,3.165,5.978,0.767,0.477,1.533,0.26
SLC37A4,7.197,7.635,7.911,8.894,8.739,9.897
BTG4,0,0,0,0.088,0,0
POU2F3,0.207,0.404,0.186,0.264,0.052,0.19
RDX,45.338,45.035,48.126,50.914,44.386,50.211
PPP2R1B,11.589,12.554,12.123,11.811,9.84,12.473
FDX1,8.713,7.829,7.916,8.396,7.919,8.082
C11orf1,8.8,8.782,11.01,9.839,11.786,9.345
FXYD6,0,0,0.223,0.315,0,0.198
ARHGAP20,0.676,1.097,1.307,1.202,2.292,1.791
FXYD2,0,0,0,0,0,0
MMP13,0.547,0.248,0.196,0.056,0.083,0.055
TMPRSS13,0.091,0.31,0.072,0.088,0.136,0.131
CASP1,14.733,15.631,14.894,11.892,28.809,16.707
CASP5,0,0,0.2,0.107,0,0
ALKBH8,4.538,3.642,4.75,4.386,3.769,4.208
MAP2K5,21.9,23.579,27.402,19.324,27.736,22.92
UNC13C,0,0,0,0,0,0
SQOR,78.852,66.467,60.634,64.376,47.16,54.123
CTDSPL2,16.569,13.685,15.917,15.262,12.862,14.521
SLTM,39.446,43.834,41.546,43.497,32.72,32.188
THBS1,502.948,705.565,830.742,578.68,698.609,813.976
MAPKBP1,12.714,15.733,11.854,15.942,6.256,10.63
NUSAP1,20.845,30.302,30.864,28.307,27.951,29.405
NDUFAF1,17.844,13.543,13.739,14.683,14.912,14.422
KIF23,14.406,17.567,17.31,21.466,17.027,22.293
ITGA11,36.404,51.112,61.6,45.245,76.96,68.963
KNL1,4.539,5.914,5.797,5.205,3.758,6.718
HAUS2,12.066,16.621,14.479,13.927,16.112,14.388
RTF1,32.099,32.14,35.395,40.309,30.392,34
PARP6,47.503,59.781,59.289,51.221,42.19,62.748
RPLP1,2237.586,2278.258,2215.159,2387.033,2747.549,2548.752
PAQR5,7.034,5.459,4.036,7.642,3.1,4.926
LRRC49,5.79,7.139,5.31,5.371,5.623,5.16
TUBGCP4,10.471,11.298,10.89,10.562,9.265,10.43
RMDN3,23.53,26.479,28.027,24.618,23.642,24.747
ITPKA,3.256,2.73,3.407,4.677,2.884,4.89
UACA,85.793,86.712,86.499,90.09,63.99,76.193
SMAD6,20.608,15.436,13.424,19.409,18.959,23.531
PLCB2,0.403,0.257,0.266,0.242,0.188,0.11
TMEM62,6.119,6.152,5.001,6.026,4.405,5.375
PAK6,0.068,0.984,0,0,0.397,0.757
ADAM10,114.87,131.656,122.695,136.507,103.313,123.914
DUOX1,0.956,1.905,0.803,0.844,0.985,1.054
SLC28A2,0.336,0.131,0.222,0.171,0.033,0.12
STRA6,0.103,0,0,0.031,0.198,0.195
CYP19A1,2.067,1.014,1.488,2.835,0.437,0.463
ZNF280D,10.31,10.914,13.397,9.623,14.553,9.25
SEMA6D,2.79,3.709,3.963,6.944,2.705,4.761
BCL2L10,0,0.075,0,0,0.114,0
RSL24D1,116.076,108.974,108.907,108.632,122.824,114.618
SPTBN5,0.213,0.14,0.149,0.151,0.06,0.121
GCOM1,0,0.587,0.182,0.076,0.103,0.193
GCHFR,1.842,2.169,2.5,1.144,1.576,1.714
BCAR3,55.994,42.528,38.437,56.948,38.488,47.653
TTLL7,5.032,5.772,5.479,5.329,4.538,5.19
FNBP1L,8.968,10.341,10.006,8.152,8.447,9.95
KYAT3,26.631,30.277,32.33,27.863,30.091,25.808
GTF2B,12.524,15.72,13.833,14.587,15.538,14.487
BRDT,0,0.553,0.5,0.42,0,0.398
RABGGTB,86.258,83.004,95.156,71.214,63.022,67.811
IFI44L,2.007,1.255,1.161,2.588,1.65,2.869
GIPC2,0,0.043,0.092,0.078,0.155,0.137
ARHGAP29,26.385,24.387,24.635,30.182,23.393,28.659
IFI44,25.16,24.214,20.548,21.825,17.81,26.614
SLC44A5,0.112,0.147,0.247,0.137,0.082,0.169
CLCA2,0.412,0.864,0.789,0.956,0.685,0.99
DNASE2B,0,0,0,0,0,0
DBT,8.272,9.467,9.767,8.484,9.287,8.121
RTCA,29.935,36.033,33.532,28.18,31.864,31.638
IFT172,9.38,12.839,13.247,8.731,6.809,10.76
SELENOI,7.294,5.776,5.621,4.68,2.905,4.518
CGREF1,10.36,5.8,8.033,10.001,10.623,11.855
HADHB,110.893,110.59,112.627,92.585,95.312,92.729
KHK,1.17,0.78,0.943,1.295,1.463,1.552
ADCY3,39.81,39.311,38.861,43.03,38.725,43.045
PPM1B,17.131,18.567,18.55,16.41,17.126,18.045
PNPT1,11.441,6.848,11.941,6.986,6.373,7.151
DYNC2LI1,11.257,16.241,18.605,14.882,16.823,13.139
LHCGR,0,0,0.042,0,0,0
THUMPD2,5.123,4.011,6.024,4.816,3.641,3.74
CYP1B1,40.776,79.667,97.285,49.783,69.003,72.283
SULT6B1,0,0,0,0,0,0
RAB1A,156.247,145.672,134.538,152.172,142.38,143.617
ACTR2,172.083,164.6,145.682,174.959,149.577,160.849
PREB,25.731,24.819,23.896,22.909,24.879,25.533
SLC5A6,12.346,10.195,9.868,8.117,9.333,8.885
ABCG5,0,0,0,0,0,0
PREPL,36.853,37.633,41.4,36.412,30.574,34.974
SLC3A1,0.19,0.522,0.214,0.315,0.051,0.418
EMILIN1,98.709,109.252,107.343,103.872,113.476,120.745
FBXO11,37.894,36.15,38.289,35.652,27.432,31.065
SIX3,0.031,0,0.131,0,0.055,0.056
ATRAID,70.993,70.737,83.305,81.146,109.041,91.783
CENPO,10.243,10.474,9.732,13.888,8.622,11.61
LRPPRC,41.741,46.276,47.172,42.328,39.406,40.437
TRIM54,0.045,0,0,0.039,0.038,0
DTNB,2.27,2.954,3.975,2.379,3.126,2.47
ACTR1A,76.061,67.901,62.641,72.385,70.996,70.016
CYP2C9,0.066,0.033,0.14,0.031,0,0.127
MFSD13A,0.877,2.592,1.979,1.794,2.516,3.518
CYP2C8,0,0,0,0,0,0
MYOF,158.451,177.426,184.695,168.848,151.049,176.785
LOXL4,115.103,110.616,108.13,105.207,103.928,110.981
STAMBPL1,12.374,10.647,9.378,13.39,13.497,14.72
CH25H,9.729,13.567,15.163,14.468,20.715,19.22
LBX1,0,0,0,0,0,0.045
ATAD1,26.276,24.367,27.013,23.206,28.54,22.154
BTBD16,0,0,0,0,0,0.042
KIF11,13.95,17.446,17.381,19.584,14.305,18.396
CUZD1,0.264,0.308,0.374,0.643,0.317,0.918
TACC2,6.763,10.682,9.932,8.194,11.57,7.932
DUSP5,23.207,26.679,23.791,29.506,24.122,29.915
CALHM2,55.204,58.737,68.583,73.829,80.397,78.983
ARL3,13.249,13.299,13.132,13.733,14.3,13.539
CEP55,14.648,17.789,18.923,22.359,19.846,21.86
KIF20B,6.729,7.568,8.722,8.567,6.233,9.236
ENTPD1,2.974,2.892,3.173,3.011,1.929,2.836
EXOC6,2.874,1.733,1.741,1.507,1.263,1.67
PLCE1,0.898,0.895,0.818,0.883,0.804,1.116
RBP4,0.77,0.39,0.682,0.476,0.348,0.933
DBR1,9.513,8.921,9.948,10.026,7.411,8.671
DNAJC13,28.08,26.876,28.247,26.466,19.078,25.726
GPR87,0.48,0.844,0.255,0,0.595,0
ANXA7,82.758,83.016,76.616,80.845,79.006,79.09
FAM149B1,16.052,20.849,23.322,19.441,19.677,19.678
ASCC1,23.974,29.762,24.89,22.338,27.397,19.67
PLA2G12B,0,0,0.06,0,0,0
ZNF365,0.047,0.291,0.248,0.158,0.158,0.112
OIT3,0,0,0.235,0,0,0.05
ADAMTS14,7.438,8.55,9.455,6.106,3.163,6.382
RPS24,3171.676,3143.211,3114.547,3498.461,3745.612,3109.384
TET1,0.383,0.463,0.529,0.54,0.44,0.687
DNA2,2.202,2.193,1.931,2.082,1.336,1.894
MYPN,2.454,2.21,2.115,2.344,1.798,2.279
AOX1,15.205,18.384,17.712,33.506,36.715,35.998
ATIC,50.329,38.495,39.832,47.143,42.912,41.593
SMARCAL1,14.539,16.605,16.256,18.088,18.685,20.25
BARD1,4.167,4.345,2.929,4.774,2.413,5.9
STAT4,0.784,0.804,2.084,0.983,0.98,0.741
MSTN,0.059,0.412,0.47,0.349,1.086,0.507
CARF,3.404,4.652,4.847,2.934,3.504,4.932
ASNSD1,43.266,42.148,38.878,45.289,40.469,35.934
METTL5,48.794,42.048,55.576,53.826,65.394,44.221
SSB,119.617,100.746,105.887,104.903,111.112,96.77
NAB1,18.086,22.961,25.898,16.866,13.591,19.093
CDK15,0.79,0.815,1.173,2.076,1.141,2.131
PPIG,31.387,32.803,36.697,34.147,31.137,31.831
FASTKD1,12.039,11.452,12.35,11.149,9.327,10.985
MDH1B,0.194,0.15,0.423,0.227,0.393,0.361
HECW2,2.877,2.692,2.214,3.917,2.213,3.794
IDH1,41.787,49.677,52.482,36.12,45.658,44.276
OLA1,108.393,104.224,110.934,113.806,108.767,106.643
CIR1,28.252,32.911,37.967,32.632,37.692,29.511
ITPRID2,32.286,29.031,27.161,33.276,28.789,31.032
CHRNA1,0,0,0,0,0,0.111
FAM117B,1.717,2.325,1.776,1.644,1.225,1.642
WDR12,4.954,4.411,4.411,4.251,3.189,4.201
ABI2,29.106,28.339,24.574,23.196,24.655,24.919
ITGAV,64.271,69.567,68.511,60.981,48.143,60.102
SLC40A1,0.123,0.384,0.628,0.468,0.799,0.402
SLC35A5,19.707,19.411,20.889,20.48,17.514,20.149
SLC49A4,7.224,5.988,6.376,5.141,5.103,5.37
SENP7,5.318,6.81,11.231,6.295,5.188,7.286
GUCA1C,0,0,0,0,0,0
CCDC54,0,0,0.083,0,0,0.213
COX17,52.275,45.135,36.456,57.117,45.834,52.12
PARP9,9.866,13.527,13.843,12.518,14.152,14.218
MNS1,3.91,4.329,5.769,6.778,6.97,7.199
USP8,45.215,48.239,44.513,46.184,46.169,38.904
SECISBP2L,17.277,20.076,21.09,18.793,14.64,18.546
TMOD3,25.969,22.904,23.686,27.657,21.974,25.026
SPPL2A,58.723,60.164,62.451,65.886,48.444,61.837
GLCE,12.347,10.781,9.655,8.853,6.504,7.885
SHF,5.622,7.826,7.513,6.914,9.187,5.922
APH1B,7.899,9.457,10.955,12.72,13.308,10.015
INTS14,23.503,27.587,25.195,28.546,30.127,29.525
CILP,0.098,0.112,0.358,0.178,0.403,0.267
PARP16,3.134,3.531,5.149,4.242,3.997,4.499
PPCDC,7.673,6.313,12.404,3.202,11.849,8.43
HCN4,0,0,0,0,0,0
SEMA7A,28.585,20.258,18.057,30.255,15.579,22.687
UBL7,35.047,43.825,38.979,33.363,42.068,41.464
ARHGAP24,20.69,25.589,28.036,22.49,27.291,27.264
FAM13A,7.302,10.151,9.923,8.918,6.276,7.991
HERC3,22.383,20.18,20.917,24.71,19.226,19.741
HERC6,1.562,2.74,1.419,1.429,1.451,1.464
HERC5,0.491,0.454,1.045,0.621,0.476,0.274
PCDH10,0.07,0.189,0.209,0.223,0.316,0.414
NDST4,0.024,0,0,0,0,0
ZGRF1,2.488,3.115,3.586,3.739,1.99,3.17
AP1AR,9.884,8.929,10.208,8.163,7.381,6.785
COPS4,33.555,33.08,36.688,30.774,38.183,35.462
HNRNPD,206.858,207.728,205.131,262.866,207.079,216.674
PRKG2,2.904,1.639,1.517,3.259,1.001,1.779
RASGEF1B,0.21,0.141,0.251,0.107,0.063,0.178
SEC31A,189.577,190.102,191.202,208.572,191.92,190.507
FGF5,38.288,26.608,26.287,28.12,15.03,21.987
GPAT3,2.272,1.776,1.082,1.706,0.637,1.297
IL21,0,0,0,0,0.381,0
FGF2,22.506,28.308,29.733,32.039,38.674,36.275
BBS7,16.198,17.546,16.623,14.578,13.141,13.963
KIAA1109,27.938,30.04,34.81,24.23,16.498,26.511
BMPR1B,0.09,0.151,0.279,0.164,0.121,0.271
RAP1GDS1,30.916,31.065,27.482,33.684,28.912,31.132
LARP1B,11.418,11.046,10.429,9.916,9.139,9.221
MMRN1,0,0,0,0,0,0
PDE5A,2.655,4.454,5.99,3.543,2.887,4.362
PRDM5,3.747,3.376,3.042,4.956,3.677,3.815
TRPC3,0.76,0.46,0.259,0.597,0.361,0.928
NAAA,13.329,15.295,17.429,12.589,15.814,13.58
NUP54,24.82,24.552,25.525,28.423,27.347,30.932
CXCL9,0,0,0,0,0,0
BMP2K,7.586,8.011,8.483,8.288,7.263,9.425
G3BP2,59.961,57.165,58.487,57.701,52.707,57.355
SEPTIN11,249.355,290.826,301.318,336.142,381.782,360.095
FRAS1,1.145,1.042,1.381,1.254,0.927,0.893
SCARB2,99.459,97.449,94.783,96.519,80.209,86.937
CCNG2,47.667,67.003,68.146,54.598,62.492,64.741
CNOT6L,9.981,12.048,13.574,13.136,8.448,11.12
USO1,61.36,56.175,56.668,57.877,52.377,52.264
CDKL2,0,0,0.026,0.074,0,0
SHROOM3,8.009,10.685,10.544,12.014,14.983,15.554
ANXA3,0.642,1.634,0.825,0.615,2.102,2.259
PPA2,27.293,27.537,28.674,22.271,25.532,25.139
CENPE,5.409,7.39,7.792,7.435,4.988,7.291
GSTCD,4.28,6.17,5.395,7.776,4.318,5.921
INTS12,13.011,14.867,15.028,13.921,15.777,14.285
ENPEP,0.311,0.23,0.208,0.366,0.228,0.387
CASP6,14.317,13.024,13.484,16.07,11.503,11.584
LEF1,0.141,0.424,0,0.561,0.082,0.111
HADH,19.218,23.085,23.653,20.947,25.579,24.407
EGF,0.037,0.072,0.048,0,0.048,0.122
PAPSS1,39.45,39.137,37.859,36.4,40.012,37.102
SEC24B,19.788,19.499,20.226,18.27,15.238,16.638
C4orf17,0,0,0,0,0,0
PPP3CA,35.903,34.593,30.857,25.131,28.595,27.106
SLC39A8,0.914,0.939,1.595,1.214,2.115,1.601
MTTP,0,0,0,0,0,0.047
FBN2,6.111,6.568,8.286,5.987,6.416,8.549
MAPK8IP3,30.072,36.057,38.918,28.598,16.826,36.088
RGS3,76.075,48.78,45.755,46.101,32.24,38.71
GUCD1,33.632,34.514,33.18,39.646,38.606,44.191
TTLL8,0,0,0,0,0,0
RNF185,24.889,28.776,28.931,25.874,26.954,27.503
SHISAL1,20.775,18.712,18.503,24.383,17.977,22.218
PARVG,0,0.024,0.025,0.021,0,0.089
B4GALNT3,0.073,0.314,0.124,0,0.13,0.026
PDE6H,0,0,0,0,0,0
ERP27,0,0,0,0.091,0,0
ETV6,5.086,4.708,5.155,4.947,4.135,5.292
GABARAPL1,40.326,64.462,63.413,45.363,67.987,53.231
KIF21A,1.692,1.789,1.672,2.085,1.25,1.611
CPNE8,11.507,10.822,8.019,9.335,5.689,8.598
YARS2,12.2,12.888,12.129,11.742,11.407,10.243
FGD4,2.694,3.523,3.823,4.127,4.394,4.068
ALG10,1.782,2.773,3.038,2.585,2.017,3.954
PIK3C2G,0,0.034,0,0.061,0,0.091
SINHCAF,3.727,2.999,3.552,4.577,3.442,3.632
PLCZ1,0.245,0,0,0,0,0
AEBP2,26.572,31.138,34.153,27.821,25.205,26.327
SLCO1C1,0,0,0,0,0,0
ETFBKMT,2.445,3.798,3.458,3.56,4.434,2.345
ETNK1,17.391,13.658,14.745,15.64,8.841,12.768
ZCRB1,51.954,55.31,55.226,55.592,57.99,48.19
TMEM117,5.256,6.944,5.924,6.519,6.217,7.062
PRICKLE1,6.43,5.466,3.695,6.596,2.888,5.2
C1RL,13.879,19.93,25.808,21.265,25.825,28.096
NDUFA9,17.904,12.62,19.571,14.657,15.947,17.538
CLSTN3,9.072,19.01,18.216,16.224,9.575,17.581
KLRG1,1.029,1.104,0.792,0.819,0.924,1.616
VAMP1,6.876,9.726,10.617,7.636,5.378,7.55
TAPBPL,7.149,9.524,8.779,9.974,11.599,12.222
CD27,3.577,4.573,4.912,6.295,4.771,7.104
RBP5,8.457,11.363,14.749,7.561,5.723,10.559
PEX5,29.328,31.245,29.714,27.894,33.288,27.536
PIANP,1.267,2.158,1.741,1.107,1.015,1.337
SLC38A4,0.193,0.721,0.341,0.286,0.674,0.408
AMIGO2,2.504,2.204,2.001,2.25,3.459,2.406
SCAF11,36.427,40.511,42.754,33.045,29.49,33.486
COL2A1,0.018,0.079,0.019,0.016,0,0.016
PPFIA2,0.121,0.195,0,0,0,0
ANP32D,0,0,0,0,0,0
LLPH,33.611,36.856,30.483,31.951,29.3,27.929
LRIG3,10.053,24.893,31.911,24.403,34.893,39.297
MARCHF9,4.015,4.488,4.114,4.642,3.855,4.921
INHBE,0.341,0.649,0.799,1.152,1.581,1.961
GLIPR1,33.221,34.817,34.466,56.419,55.211,48.295
TPH2,0,0,0,0,0,0
PHLDA1,100.199,98.59,85.994,75.625,32.066,51.918
TMEM19,15.03,19.554,16.101,20.752,16.91,14.122
LGR5,0,0,0,0,0,0
PTPRQ,0.219,0.279,0.355,0.527,0.496,1.048
DUSP6,128.973,106.471,91.186,89.38,44.885,63.43
POC1B,9.585,8.895,9.201,9.408,7.215,7.343
TMTC3,19.857,17.369,21.928,17,11.322,14.427
LUM,244.071,294.254,353.392,349.645,494.528,395.049
KERA,0,0.039,0,0,0,0
SNRPF,30.596,27.124,32.486,24.386,30.497,26.081
AMDHD1,5.245,4.38,4.443,3.11,2.313,7.588
NEDD1,15.483,15.45,15.403,17.268,14.947,17.069
SYCP3,0.424,1.089,0.096,0.624,0.65,0.574
ASCL1,0.034,0,0.036,0,0,0
GAS2L3,3.596,6.617,6.959,3.983,4.64,5.138
TMEM132B,1.676,1.227,1.068,1.932,0.646,1.421
SLC15A4,13.324,11.604,11.156,15.228,14.439,14.422
TDG,8.834,10.487,9.288,9.998,11.311,11.596
RITA1,14.124,11.561,11.85,13.303,17.805,12.494
SDSL,2.705,3.464,3.991,1.95,6.825,5.484
MMAB,7.907,8.954,11.509,10.55,11.48,9.779
GLTP,46.79,45.131,40.914,51.623,54.273,47.877
GIT2,20.645,23.193,24.012,21.911,18.211,20.669
TCHP,12.282,13.854,13.045,14.245,11.148,15.066
FAM222A,0.883,0.794,0.799,0.722,0.603,0.442
FOXN4,0,0,0,0,0,0
NUP58,16.476,14.704,14.917,17.853,13.631,17.088
MTMR6,14.903,14.409,13.317,15.425,12.969,14.245
SLC46A3,1.042,2.183,2.958,2.44,3.014,3.093
SLC7A1,46.08,41.223,42.568,47.326,36.735,46.847
PDX1,0,0,0,0,0,0
LNX2,2.451,2.717,2.639,2.371,2.883,2.643
SUOX,14.122,17.707,14.411,13.3,9.139,14.261
CCDC65,0.779,1.136,1.599,0.553,0.259,1.259
SLC39A5,0.193,0.119,0.139,0.217,0.039,0.118
TARBP2,18.387,18.814,16.592,19.083,19.657,21.927
RDH16,0.103,0.156,0,0,0.093,0.047
DHH,0.115,0.022,0.067,0.068,0,0.101
ACVRL1,26.772,23.663,19.61,35.139,20.175,31.952
GPR84,0,0,0,0,0,0
NPFF,4.399,5.571,3.218,4.459,1.836,4.297
NABP2,34.783,29.211,34.181,31.133,38.01,29.041
N4BP2L1,5.925,8.572,7.312,7.268,6.608,8.214
CELA1,0,0,0,0,0,0
SMARCC2,51.373,56.574,56.644,48.286,38.219,52.38
BRCA2,1.665,2.009,1.967,2.749,1.099,2.038
KANSL2,20.077,20.319,18.942,17.343,14.403,16.211
CERS5,30.882,27.752,31.53,27.915,26.727,26.687
MAP3K12,21.209,22.64,32.617,19.677,17.251,33.488
ITGB7,0.597,0.478,0.473,0.712,0.709,0.598
GALNT6,8.04,5.431,5.288,6.911,4.12,5.144
CSAD,14.296,23.904,30.346,14.544,9.673,17.948
LMBR1L,19.771,27.371,21.362,21.854,21.397,27.859
MYG1,42.006,43.162,43.01,41.414,48.449,45.139
ESYT1,94.324,98.483,90.053,92.015,81.972,95.294
TMBIM6,360.055,350.98,339.253,348.239,358.733,355.141
ANKRD52,25.692,26.292,27.108,22.076,15.694,25.861
KRT71,0,0,0,0,0,0
ZNF740,7.147,7.524,8.292,7.773,7.402,8.308
SMIM2,0,0,0.082,0,0,0
WDFY2,12.295,9.303,8.151,10.586,5.445,9.469
HNRNPA1L2,4.961,7.391,5.285,5.555,5.65,6.044
LPAR6,5.055,3.489,3.944,5.368,6.115,4.741
ESD,140.941,130.431,139.004,145.3,152.23,143.218
RB1,19.586,19.72,19.676,23.203,17.504,19.458
SBNO1,9.559,9.253,9.046,8.388,6.026,8.493
MORN3,0.302,0.467,0.642,0.415,0.658,0.569
SETD1B,8.122,9.112,9.418,7.602,6.286,9.309
VPS33A,12.811,12.263,14.476,10.158,10.953,9.875
VPS37B,31.24,30.412,28.569,29.962,26.817,28.114
RHOF,8.785,8.657,10.291,9.308,4.449,8.344
DENR,52.515,48.463,46.191,42.665,42.496,46.151
DIAPH3,8.659,9.291,10.846,10.542,8.849,10.202
SLAIN1,0,0.124,0,0,0,0.112
RBM26,18.916,20.697,23.253,21.121,13.443,21.14
SRRM4,0.087,0.056,0.055,0.029,0.11,0.017
METTL21C,0.034,0.064,0,0.095,0.049,0.352
MBNL2,13.156,21.601,22.967,17.887,20.892,20.099
RNF113B,0,0,0.21,0.121,0,0.06
ZIC5,0.052,0.087,0.018,0.081,0.016,0.063
ABHD13,6.159,5.997,5.66,5.858,5.269,5.261
RAB20,5.165,4.053,3.347,4.133,3.157,3.665
GRTP1,2.209,2.918,3.053,3.396,3.19,3.942
CUL4A,63.335,65.994,62.972,61.107,53.484,61.687
TTC6,0,0.038,0.04,0,0,0.171
SSTR1,9.998,10.973,9.489,12.514,13.152,13.749
CDH24,4.136,5.064,5.694,4.105,1.797,5.37
REM2,0.047,0.187,0.05,0.043,0.084,0.187
CBLN3,21.396,30.686,36.417,23.611,24.105,31.831
TSSK4,2.064,4.176,4.215,4.056,2.567,4.468
NOVA1,6.755,4.715,4.086,6.004,3.541,4.744
FITM1,0.144,0.266,0.14,0.132,0.356,0.3
MDGA2,0,0.014,0,0,0,0
TMX1,29.36,27.193,26.879,28.93,27.06,26.681
FRMD6,127.699,133.116,120.17,139.305,120.824,145.367
PELI2,4.399,4.817,5.304,3.096,4.905,3.253
RTN1,0,0.158,0.081,0.057,0.113,0.029
ARMH4,7.156,6.789,7.313,5.661,4.298,5.429
SYT16,0.062,0.055,0.047,0.025,0.015,0.045
SLC38A6,9.381,15.52,12.563,11.79,9.747,10.688
NAA30,12.123,13.259,11.245,11.077,9.079,9.412
ADAM21,0.221,0.189,0.134,0.247,0.17,0.372
RDH12,0.095,0.143,0.101,0.087,0.256,0.086
DCAF5,25.965,27.769,34.051,26.691,28.16,29.743
RAB15,5.761,4.851,5.363,6.743,5.497,6.28
WDR89,4.749,4.528,3.861,5.619,5.492,5.833
ESR2,0.272,0.311,0.48,0.256,0.098,0.141
KCNH5,0,0,0.015,0,0,0
STON2,0.028,0.667,0.672,0.085,0.418,0.411
EFCAB11,8.55,9.332,8.418,8.077,7.286,7.329
GPR65,0.036,0.037,0.019,0.032,0.048,0.065
PTGR2,2.244,2.762,3.006,3.345,4.113,3.25
JDP2,79.609,93.672,108.293,104.192,158.142,124.844
AK7,0.873,1.383,0.681,0.711,0.565,1.19
FAM181A,0,0,0,0,0,0
SLC24A4,0.165,0.063,0.112,0.049,0.076,0.198
FBLN5,69.065,84.206,91.203,86.607,121.28,108.158
SERPINA10,0.73,0.873,0.901,0.474,0.273,0.974
CLBA1,9.458,10.331,10.01,8.49,8.239,9.992
WARS1,153.806,158.728,169.816,177.097,227.109,203.667
SLC25A47,0,0,0.183,0,0,0.156
WDR20,22.721,21.209,28.397,19.811,18.737,16.289
NIPA2,49.204,40.546,38.357,41.801,41.544,41.201
SLC12A6,15.498,16.531,16.834,14.575,9.305,14.019
DUOXA1,0.666,0.519,0.382,0,0.825,0.164
MFAP1,32.038,31.839,34.62,34.849,31.265,34.063
TCF12,48.645,55.258,48.309,56.761,48.294,61.823
SORD,8.754,10.242,9.499,9.363,8.862,10.786
SERF2,921.801,900.787,849.01,929.419,1220.153,950.451
ZSCAN29,6.728,9.065,7.804,7.109,6.811,7.375
DUOXA2,0,0,0,0,0,0
DUOX2,0,0.012,0.041,0.023,0.011,0.011
LYSMD2,6.14,7.703,4.766,6.258,4.691,6.579
SLC27A2,0.254,0.042,0.124,0,0.07,0.077
FGF7,280.576,219.34,207.417,201.49,208.728,177.747
HDC,0,0,0,0,0,0
GCNT3,0.318,0.184,0.361,0.094,0.061,0.166
BNIP2,39.927,42.108,40.561,38.681,32.686,38.882
GTF2A2,106.974,80.224,78.8,82.998,94.116,72.963
SRP14,233.889,239.506,229.949,235.871,246.602,232.447
BAHD1,11.208,12.019,9.815,12.188,10.013,12.148
DISP2,0.291,0.282,0.306,0.242,0.136,0.331
CDAN1,7.811,7.43,8.288,7.52,5.869,7.508
TLE3,17.939,14.488,12.253,17.489,10.763,16.304
ANP32A,56.265,62.169,65.779,66.871,68.466,67.89
COMMD4,61.145,67.68,73.529,63.151,80.354,73.935
UBE2Q2,37.929,38.213,39.49,39.925,38.842,40.131
PSTPIP1,0.224,0.198,0,0.132,0.304,0
ETFA,108.429,103.857,103.775,97.643,113.62,101.37
BCL2A1,0.817,0,0.578,0.487,0,0.618
HMG20A,16.63,19.604,19.762,17.288,22.808,15.744
SCAPER,4.368,5.836,7.448,5.036,4.634,4.768
TSPAN3,127.915,121.152,128.166,110.202,138.362,117.325
WDR61,32.776,31.104,34.237,29.171,33.984,30.431
NCOA2,8.294,11.128,12.934,11.456,8.418,10.23
NEIL1,5.019,6.685,9.631,5.424,6.175,8.905
MAN2C1,33.161,42.211,41.59,29.877,21.909,33.327
DNAJA4,0.789,1.107,0.653,1.188,0.904,0.919
TLNRD1,7.722,7.266,7.764,7.786,7.124,8.232
TPM1,138.541,143.846,162.892,148.553,232.119,163.885
IGF1R,15.625,18.59,18.401,15.425,14.469,22.375
ARRDC4,10.313,10.201,10.722,12.879,11.75,12.393
PIF1,5.796,6.509,7.321,5.764,5.104,7.342
USP3,27.619,26.335,27.085,25.755,26.272,30.026
CYP11A1,0.636,0.661,0.227,0.525,0.782,2.206
BBS4,9.133,11.384,19.769,12.688,10.269,12.374
PML,42.448,45.703,50.836,45.493,45.703,55.086
CYP1A1,0,0.081,0.118,0.153,0.126,0
ADAMTS17,0.052,0.097,0.054,0.047,0.023,0.081
LINS1,5.099,4.868,4.975,4.268,4.289,7.033
ULK3,11.559,10.013,10.012,12.114,28.441,12.477
GOLGA6D,0.026,0.065,0,0,0,0
PCSK6,0.76,0.679,0.683,0.473,0.82,0.519
CCDC33,0,0,0,0,0,0
CELF6,0.461,0.339,0.49,0.534,0.453,0.308
SCAMP2,39.392,35.828,37.152,39.637,41.952,39.067
CYP1A2,0.422,0.774,0.63,0.338,0.165,0.43
LMAN1L,0.155,0,0,0.047,0,0.045
HAPLN3,4.253,3.551,3.463,5.598,3.582,4.773
RHCG,1.103,2.432,0.516,0.089,1.735,0
POLG,50.55,52.697,59.29,53.435,25.395,37.177
RLBP1,0,0.054,0.413,0,0,0.049
FANCI,20.253,21.34,23.17,28.976,21.902,25.183
ABHD2,39.287,32.874,29.506,32.476,18.367,32.757
WDR93,0.625,0.307,0.193,0.332,0.281,0.171
TICRR,1.945,2.337,2.604,2.963,1.889,2.517
NTRK3,0.039,0.076,0.142,0.082,0.068,0.067
DET1,3.704,4.452,3.043,3.512,4.555,4.783
MFGE8,244.989,261.58,266.54,256.577,307.668,287.825
ZNF710,11.724,9.913,7.44,13.377,10.811,10.881
UNC45A,51.909,51.243,50.915,40.834,45.29,48.9
ST8SIA2,0.681,1.485,0.654,1.375,1.348,2.154
MCTP2,0.718,0.324,0.664,0.413,0.715,0.346
FURIN,50.814,46.798,43.516,46.641,38.287,47.273
IQGAP1,108.172,104.443,98.892,101.112,73.617,91.308
CRTC3,16.585,15.255,15.305,14.455,14.458,15.43
EFL1,42.358,31.16,28.466,34.28,20.84,25.421
SH3GL3,0.046,0.104,0.148,0.361,0.154,0.612
SEC11A,227.101,229.861,216.381,208.922,227.819,208.074
SEPTIN12,0,0,0.087,0,0,0
GLYR1,50.785,53.636,47.412,49.101,41.358,44.013
PMM2,32.183,30.77,26.473,30.278,29.027,28.111
SLC5A2,0,0,0.231,0.039,0,0.155
ITGAX,0.237,0.098,0.464,0.423,0,0.382
TGFB1I1,56.418,67.456,70.976,85.175,82.018,88.342
RUSF1,40.487,39.656,40.836,38.661,40.597,42.554
ARMC5,8.651,8,7.429,7.223,6.695,7.76
PARN,21.804,21.036,23.129,21.832,23.236,20.645
FTO,48.513,53.57,57.001,46.443,51.985,58.061
UQCRC2,79.138,90.172,75.705,86.189,90.538,79.05
CDR2,29.006,29.711,28.819,28.49,24.198,26.746
IGSF6,0.447,0.459,0.556,0.257,0.11,0.286
ARHGAP17,33.171,36.833,40.243,36.903,34.874,41.842
MYLK3,0.27,0.358,0.18,0.179,0.144,0.156
ABCC12,0,0,0,0.028,0.014,0.084
NKD1,0.055,0.018,0.039,0.025,0.004,0.017
DHX38,36.639,35.096,33.625,29.458,23.987,28.891
TXNL4B,4.555,7.589,8.28,5.74,5.688,7.407
MARVELD3,0.501,0.548,0.771,0.594,0.115,0.53
CHST4,0,0,0.084,0,0,0.036
ZFHX3,13.868,16.395,9.799,17.821,6.819,18.965
CLEC18B,0.222,0.608,1.08,0.072,0,0.517
CPNE2,29.211,27.608,25.888,30.237,27.559,34.017
NLRC5,7.487,9.358,9.619,8.273,4.383,8.955
KATNB1,19.291,19.455,19.24,17.827,17.159,21.084
KIFC3,42.453,44.549,35.085,47.2,33.386,40.791
ADAMTS18,0.014,0,0,0,0,0
NUDT7,4.213,5.003,4.754,5.459,6.722,8.751
GCSH,21.906,20.236,24.79,19.509,24.578,23.827
CMTM3,44.618,44.925,46.902,55.165,56.615,56.4
CMTM2,0,0.113,0.326,0,0.201,0
CDH11,267.331,301.301,325.31,302.71,370.271,367.329
NOL3,19.807,22.721,23.907,21.408,21.807,25.583
MAP1LC3B,81.3,78.05,79.332,68.268,67.284,70.546
MBTPS1,87.915,87.817,89.9,89.617,92.157,92.21
CDH13,135.474,147.175,141.392,146.9,118.94,143.411
ZCCHC14,15.599,19.461,19.941,16.086,13.035,18.842
MEAK7,29.518,26.252,21.454,30.296,26.007,27.547
ADAD2,0,0,0,0,0,0
OSGIN1,8.845,10.99,11.388,6.441,7.353,7.163
IRF8,0,0,0,0,0,0
RHOT2,68.997,68.206,65.707,64.706,54.331,66.938
RPL3L,0.202,0.83,0.635,1.539,1.257,1.993
ZSCAN32,8.661,11.445,11.437,10.974,6.913,9.505
RPS2,4349.62,4454.978,4322.572,4516.493,5434.602,4999.001
NDUFB10,158.85,163.044,159.727,149.59,192.649,146.167
PDPK1,23.118,23.864,22.939,22.448,17.21,22.336
TIGD7,2.94,2.525,4.702,3.891,4.049,4.128
DEF8,62.939,65.781,68.506,58.309,58.915,64.089
TCF25,103.319,113.711,112.133,103.776,96.518,109.478
GALNS,23.62,26.195,25.161,22.862,23.613,26.997
GAS8,13.635,14.043,18.918,10.947,9.965,15.274
MED9,7.333,7.422,7.845,6.384,6.368,7.238
NCOR1,42.902,45.423,45.647,42.92,34.999,40.072
COPS3,37.658,40.576,40.262,41.724,40.082,37.526
GID4,11.831,14.986,13.516,13.787,12.598,14.334
ZNF287,3.703,6.853,8.115,5.291,4.4,5.244
MYOCD,0,0.029,0.02,0.042,0.02,0.027
KSR1,4.877,6.198,9.057,7.492,7.462,8.353
UTP4,34.636,29.14,30.81,32.97,38.342,29.72
RANBP10,6.435,7.673,8.703,6.665,5.715,6.898
CTRL,0.97,0.408,2.353,0.195,0.788,1.516
DPEP3,0,0,0,0,0,0
GFOD2,12.356,13.719,13.344,11.795,12.541,13.104
NOB1,53.745,52.977,56.19,60.512,72.942,67.935
PRPSAP2,14.517,17.049,13.72,13.537,12.755,14.794
UNC45B,0.056,0.014,0.045,0.038,0,0.013
PCTP,6.569,7.5,7.309,7.42,8.889,7.659
OR4D1,0.242,0.245,0.437,0.231,0.101,0.23
TOM1L1,22.406,21.879,22.207,26.502,22.661,21.504
KIF2B,0,0,0,0,0,0
C17orf80,8.621,11.665,11.272,11.176,10.454,11.804
TOB1,20.784,23.175,27.364,26.573,26.854,28.241
VPS53,15.333,17.067,17.691,13.829,11.361,14.339
SPATA22,1.652,1.365,0.962,0.815,0.395,0.418
SGSM2,31.505,34.847,33.167,30.581,25.636,40.179
NPEPPS,78.141,91.543,101.923,88.972,60.764,83.294
SKAP1,0.114,0.183,0.453,0.052,0,0
LRRC46,1.194,1.196,0.83,0.629,1.323,0.833
SCRN2,25.314,29.783,27.622,27.568,32.876,29.544
SSH2,8.118,11.708,10.843,10.199,8.886,11.812
RHBDL3,0.767,1.21,0.654,0.524,0.729,0.751
SPACA3,0,0.106,0,0,0,0
ARSG,6.011,4.154,3.67,3.684,2.593,3.115
ABCA8,2.123,2.325,2.49,3.101,2.348,2.564
G6PC3,42.48,39.711,38.385,44.462,43.151,46.242
CLTC,277.309,245.952,228.502,214.19,144.033,196.046
C17orf64,0,0,0,0,0,0
BCAS3,13.869,14.811,18.534,11.953,12.15,15.003
PTRH2,41.265,26.751,24.221,31.385,28.696,25.031
SS18,37.266,42.581,41.813,39.202,32.827,42.255
TAF4B,3.537,2.697,2.138,3.081,2.727,3.018
AFG3L2,39.089,35.73,41.498,36.166,38.996,38.254
PRELID3A,12.531,15.221,13.876,10.851,11.062,13.674
IMPA2,18.328,16.7,21.82,14.412,13.666,10.046
GNAL,0.501,0.528,0.795,0.429,0.382,0.264
SLC39A6,68.411,67.377,63.543,64.777,57.943,56.714
RPRD1A,28.632,23.975,21.842,25.65,18.746,21.037
C18orf21,16.759,21.892,22.911,20.216,22.029,20.836
GALNT1,30.974,22.493,20.583,25.309,21.148,19.175
ASXL3,0.038,0.038,0.036,0.018,0.017,0.012
ADCYAP1,0,0,0,0,0,0
MEP1B,0,0,0.078,0.067,0.066,0
SLC25A52,0.164,0.082,0.17,0.076,0.293,0.147
GAREM1,1.194,1.484,1.225,1.571,0.952,1.483
ESCO1,5.988,6.31,7.067,6.461,6.317,6.132
OSBPL1A,25.895,27.598,33.422,24.585,24.825,26.712
GATA6,1.133,1.729,1.815,1.677,2.141,1.284
GREB1L,4.356,6.18,6.533,6.605,3.327,5.862
RMC1,15.529,14.731,14.574,13.471,11.552,10.542
PELP1,22.008,21.945,21.078,19.991,16.023,21.836
NPC1,26.235,27.267,25.975,18.832,13.786,19.004
SLC14A1,1.066,1.134,1.761,2.733,2.208,2.916
ARRB2,14.07,15.692,14.737,17.759,13.94,16.554
SLC13A5,0,0,0,0,0,0
ZMYND15,0.541,0.524,0.277,0.381,0.174,0.127
WRAP53,8.054,8.606,7.973,8.295,7.107,8.703
MINK1,51.107,55.117,51.555,46.517,43.204,49.935
SAT2,82.626,84.154,93.734,74.333,95.401,79.714
ASGR1,1.233,2.918,3.271,1.9,1.295,1.606
PIK3R5,0.019,0.155,0,0.034,0,0.023
TP53,21.016,26.09,27.004,31.188,35.81,36.953
CCDC40,3.329,4.624,4.236,2.451,2.147,3.086
ARHGDIA,500.335,447.17,390.732,488.54,416.631,467.307
TMC6,0.298,0.283,0.248,0.268,0.232,0.214
SLC16A3,222.397,172.014,151.694,224.782,188.866,193.116
CARD14,0.499,1.007,1.502,0.772,0.381,1.122
TTYH2,0.541,0.666,0.816,0.709,1.05,0.966
RAB40B,18.964,13.905,15.252,14.801,14.885,15.933
EIF4A3,77.133,66.742,67.214,75.301,75.385,72.917
CSNK1D,85.248,85.758,79.67,81.327,73.898,84.676
ANAPC11,189.994,186.076,186.091,162.94,228.799,181.537
TBCD,46.009,43.757,47.836,38.107,32.521,44.115
FN3KRP,32.334,29.489,32.735,33.262,28.792,33.836
NARF,34.296,34.476,33.191,40.706,41.361,37.219
RPTOR,12.702,12.46,12.198,11.909,9.134,11.918
FOXK2,20.205,17.675,23.879,24.255,19.973,22.109
TRIM65,13.476,15.286,11.568,14.029,16.132,16.701
CBX8,7.241,5.435,11.062,7.664,5.692,8.701
SECTM1,16.698,19.529,23.085,22.42,31.039,26.697
RNF157,3.032,2.41,1.94,3.179,1.52,2.025
CEP131,12.524,14.359,14.201,13.651,9.98,14.396
ZNF750,0.295,0.661,0.377,0,0.249,0.142
WDR45B,72.601,71.533,69.921,76.716,77.87,76.587
CBX4,14.569,17.926,19.708,14.86,16.944,16.719
RNF165,0.102,0.128,0.098,0.009,0.101,0.099
DYM,36.884,36.675,32.771,38.725,44.317,38.265
MAPK4,0,0.057,0.02,0,0,0
ELAC1,9.986,8.694,10.028,9.239,7.379,8.419
MBD1,31.983,36.572,38.122,33.737,33.887,37.764
SMAD4,38.355,38.671,42.729,40.722,41.234,37.093
TNFRSF11A,0.023,0.136,0.169,0.222,0.041,0.124
ZCCHC2,4.616,3.263,3.265,4.229,2.662,3.577
FBXO15,0.271,0.316,0.369,0.192,0.142,0.246
CBLN2,0,0,0,0,0,0
PMAIP1,9.499,9.357,8.554,14.166,9.225,11.381
P3H4,38.317,34.831,36.826,36.526,43.864,40.017
NT5C3B,59.705,64.696,65.639,59.915,82.644,70.052
RETREG3,20.07,20.498,24.084,22.497,20.24,21.321
ERBB2,43.308,42.596,40.104,34.639,36.258,42.577
GRB7,0.213,0.116,0.13,0.361,0.175,0
MIEN1,38.81,38.286,36.345,37.078,40.552,33.027
PNMT,0,0,0,0,0,0
ARL5C,0,0,0,0,0,0.096
STAC2,0.378,0.268,0.298,0.043,0.15,0.152
IGFBP4,835.835,854.436,909.882,734.075,1040.473,861.23
FKBP10,433.1,450.947,437.1,479.069,484.758,478.257
TXNL4A,141.151,118.424,111.857,128.387,140.113,122.017
CACNA1A,3.831,4.066,4.814,3.751,2.064,3.383
MISP3,2.728,2.792,1.687,2.951,2.577,1.6
SAMD1,44.708,33.85,44.118,52.464,44.858,48.451
BRD4,32.183,33.402,38.069,30.066,25.028,33.339
SLC39A3,20.329,20.776,25.677,20.427,26.049,23.678
NFIC,76.693,88.285,81.347,74.735,64.009,88.358
TPGS1,29.809,25.727,27.966,22.002,27.121,26.679
PLPP2,1.463,1.244,1.227,1.007,1.121,1.396
ZIM3,0,0.032,0.035,0,0,0.029
PRDM15,2.812,2.041,1.906,2.117,2.713,2.274
PFKL,228.79,264.744,245.285,299.251,230.256,268.14
FEM1A,5.497,5.406,5.134,5.519,5.42,5.863
VAV1,0,0.123,0.033,0.028,0,0
MVB12A,34.169,34.184,33.734,31.774,37.874,37.639
CIB3,0,0,0,0,0,0
SH3GL1,118.45,110.642,118.832,120.957,119.226,126.044
DUS3L,16.376,16.881,16.341,16.59,11.827,16.223
DPP9,54.005,51.712,43.72,53.384,40.639,58.25
DMRTC2,0.158,0,0.056,0.048,0,0.334
CCDC97,16.279,21.239,22.575,16.827,16.032,14.777
TMEM91,5.421,7.34,9.403,6.775,6.184,10.698
ZFP14,1.389,1.817,2.178,1.847,1.597,1.552
SIRT3,21.878,26.904,27.562,19.546,20.608,25.465
IFITM3,732.047,830.353,860.444,916.621,1101.862,966.994
PGGHG,21.103,25.46,26.964,22.211,20.259,31.215
HUNK,2.552,4.399,5.56,3.789,5.042,4.37
COL6A1,4786.451,5003.452,4778.112,4519.54,4014.601,4934.496
IFNAR1,51.565,48.949,47.824,45.853,33.7,39.925
SOD1,296.509,289.379,287.227,277.956,317.682,276.233
COL6A2,6159.867,6333.334,6185.033,6334.68,5933.872,6816.449
SIK1,0.08,0.086,0.18,0.071,0.156,0
DNMT3L,0.066,0,0,0,0,0
TRPM2,0,0,0.056,0,0.048,0.048
SCYL1,54.584,56.926,52.479,61.479,62.293,56.881
TMEM50B,23.113,21.104,21.039,19.826,19.945,21.802
APP,501.442,507.485,499.082,489.93,473.26,491.042
DOP1B,11.988,9.77,9.064,8.238,5.607,10.879
URB1,8.204,7.663,6.609,6.575,4.941,6.371
AKT1,146.168,119.507,115.581,135.644,122.78,136.328
IL19,0.322,0.108,0.228,0.335,0.428,0.39
EMP3,647.755,609.314,590.036,732.51,739.372,669.513
SAE1,90.264,91.426,84.056,104.122,100.918,98.021
NTN5,0.633,0.854,1.66,0.442,0.462,0.788
LMTK3,0.306,0.931,0.609,0.279,0.344,0.347
GEMIN7,25.68,26.145,23.087,25.055,28.675,27.421
CBLC,0.25,0.452,0.18,0,0.203,0
WTIP,22.358,20.317,23.607,21.393,22.832,23.991
ADAMTS10,5.231,6.898,9.022,8.85,8.925,13.379
SLC6A3,0.021,0,0.044,0,0.018,0.093
RNPEPL1,39.411,41.586,41.675,46.517,43.919,48.406
CAPN10,17.033,15.082,17.55,14.862,12.214,20.112
MYO1F,0.541,0.598,0.535,0.925,0.521,0.578
ERVK3-1,42.223,38.584,48.674,35.908,34.244,42.077
NLRP12,0,0.051,0,0,0,0.023
CACNG8,0.236,0.187,0.215,0.182,0.149,0.214
ZNF787,27.724,27.168,24.767,25.159,26.759,28.975
TIMM29,18.234,16.283,18.237,13.243,16.253,15.323
FBN3,0.009,0.009,0,0,0,0
CARM1,68.751,63.496,66.509,65.64,62.417,71.645
EVI5L,16.337,19.257,18.559,16.649,21.891,19.118
TM4SF5,0,0,0,0,0,0
SLC47A1,2.063,1.273,1.678,1.343,0.804,1.369
PSMB6,124.9,116.157,109.335,118.774,138.332,114.647
GPR32,0,0,0,0,0,0
SIGLEC10,0.648,1.612,1.224,0.865,0.59,1.001
ACP4,0.272,0.068,0.362,0.25,0,0.433
KLK3,0,0,0,0,0,0
ZNF473,6.371,8.172,6.242,6.23,5.777,7.504
FAM71E1,0.613,0.46,0.212,0.699,0.689,0.555
RPS11,3574.011,3540.294,3431.68,3733.477,4743.477,3459.768
PTH2,0,0,0,0,0,0
RPL13A,3845.866,3812.515,3720.853,3761.059,4867.295,3948.951
CTU1,7.541,6.748,6.23,7.69,7.44,7.463
NOSIP,50.844,51.511,54.029,43.71,56.826,51.663
IGLON5,0,0.074,0.156,0.134,0.11,0.134
RCN3,322.29,325.36,311.516,345.035,353.118,366.347
ZNF614,5.058,6.34,6.063,5.016,4.183,4.861
SLC2A5,1.142,2.597,1.443,2.106,1.276,1.46
RERE,24.772,24.582,30.472,19.049,13.528,26.34
MMEL1,0.09,0,0,0.029,0,0.041
CFAP74,0,1.342,1.725,3.064,0.297,2.667
PRDM16,0,0.036,0.101,0.04,0.157,0.066
CELA2A,0,0.166,0,0,0,0
PADI3,0,0,0,0,0.046,0
FHAD1,0.484,0.211,1.213,0.955,1.128,1.198
PADI1,0.084,0.148,0.022,0.038,0.095,0.096
EPHA2,6.015,5.988,5.79,7.435,8.68,8.904
ARHGEF19,5.274,4.831,4.585,5.305,4.605,6.55
EFHD2,59.189,51.292,46.38,55.794,49.106,57.225
PEX14,16.267,19.306,19.45,16.948,14.561,18.803
PGD,112.657,102.325,113.912,71.645,89.065,73.711
MYOM3,0.125,0.186,0.231,0.198,0.167,0.254
SH3BGRL3,1515.722,1468.077,1296.321,1568.119,1342.451,1500.376
CNKSR1,0.429,0.628,0.105,0.241,0.119,0.39
RPL11,2438.294,2456.504,2489.475,2606.064,3330.679,2396.272
IL22RA1,0.294,0.383,0.47,0.188,0.424,0.508
ZNF593,26.36,23.084,26.724,27.582,25.516,22.3
C1orf216,25.786,20.839,20.511,20.294,21.808,21.844
KIAA0319L,16.757,22.72,25.312,16.422,15.569,18.313
EVA1B,210.098,203.239,181.524,170.449,222.223,193.423
C1orf94,0,0,0,0.036,0,0
DMRTA2,0,0.029,0,0,0,0.026
PLK4,6.028,6.481,6.186,9.734,5.476,11.151
MAP3K6,15.642,13.297,16.103,16.102,11.773,14.139
FCN3,0,0.793,0,0.433,0.532,0.171
GPN2,15.026,15.028,17.119,16.2,13.023,15.098
SYTL1,0.227,1.516,0.436,0.047,0.164,0.186
WDTC1,28.28,30.486,31.831,27.625,29.542,30.897
CELA3A,0,0,0,0,0,0
NBPF3,10.12,12.518,13.619,9.422,10.774,12.566
HSPG2,173.719,195.519,214.012,142.781,125.286,198.092
ITGB3BP,18.158,17.784,19.797,20.976,21.085,16.787
SERBP1,210.28,200.525,204.312,215.539,206.54,202.929
BCL10,26.608,24.156,21.531,25.286,20.705,26.781
CCN1,836.531,1080.844,1095.455,869.839,1065.654,959.934
PRKACB,15.596,16.106,20.254,17.949,18.227,16.36
PIGK,19.061,20.438,19.305,20.102,20.325,20.248
TINAGL1,0.488,0.391,0.616,0.389,0.728,0.674
AZIN2,2.233,2.756,2.987,2.042,2.487,2.155
RPS8,2939.778,2913.7,2930.242,2918.39,3479.825,2705.365
KIF2C,13.375,16.296,18.116,19.475,16.718,20.388
PTPRF,46.991,51.191,42.954,52.953,41.708,53.739
BEST4,0.334,0.634,0.39,0.608,0.511,0.787
MOB3C,7.865,9.942,7.154,9.929,9.994,9.814
CYP4B1,0.06,0,0,0,0,0
TMEM61,0,0,0,0,0,0
DMRTB1,0,0,0,0,0,0
LMO4,66.421,51.826,51.447,72.252,56.151,51.354
SYPL2,0.176,0.285,0.21,0.12,0.099,0.159
BARHL2,0,0,0,0,0,0
MTF2,4.611,5.258,5.116,6.688,5.473,5.915
SLC44A3,0.681,0.625,0.643,0.344,1.078,1.039
IGSF3,0.815,0.979,1.079,0.919,1.509,1.725
ZNF697,4.354,3.648,3.404,3.724,3.236,3.821
CTTNBP2NL,22.058,21.04,21.523,17.754,16.56,20.301
STRIP1,23.672,23.433,24.066,20.158,18.559,20.293
KCNA10,0,0,0,0,0,0
PSMA5,34.585,30.234,30.595,29.352,32.193,29.298
FNDC7,0.027,0.053,0.057,0.049,0.096,0
C1orf162,0.172,0.434,0.338,0.456,0.222,0.078
CD53,0,0,0,0,0,0.054
PROK1,0,0,0,0,0,0
CELSR2,0.269,0.636,0.347,0.167,0.236,0.18
ITGA10,4.02,2.527,2.535,4.184,1.219,2.771
GPR161,17.183,14.778,13.125,16.608,13.187,13.436
ALDH9A1,45.184,54.554,52.844,45.606,58.123,48.319
ATP1B1,6.493,10.428,11.984,13.568,31.633,23.012
TIPRL,33.34,24.977,28.434,26.254,28.036,24.482
NME7,10.559,13.296,10.405,9.499,12.72,11.921
POGK,19.398,18.739,18.032,16.373,14.228,15.545
MPC2,30.24,27.327,25.401,27.981,23.839,25.818
CREG1,47.349,49.872,50.189,39.508,44.839,42.487
DCAF6,62.359,59.568,56.164,60.028,58.761,56.6
GPA33,0,0,0,0,0,0
RXRG,0,0,0,0,0,0
TBX19,1.486,1.655,1.806,0.96,1.723,1.539
UCK2,26.122,23.188,23.653,33.43,28.26,34.272
TMCO1,72.696,77.278,74.325,71.318,75.524,75.496
XCL1,0,0,0,0,0,0
XCL2,0,0.225,0,0,0.399,0
POU2F1,1.129,1.596,1.569,1.469,0.759,1.591
MAEL,0,0,0,0,0,0
ILDR2,0.023,0.075,0.08,0.016,0.068,0.048
DPT,547.187,606.626,649.671,705.797,1092.855,868.888
MGST3,175.555,188.102,200.466,179.146,217.718,183.145
ADCY10,0.157,0.16,0.017,0.187,0.029,0.059
COP1,22.503,22.465,19.314,22.162,23.177,20.811
NECTIN4,0.302,0.549,0.391,0.197,0.499,0.024
UFC1,103.467,109.721,103.394,120.576,136.786,111.513
PPOX,12.521,13.939,15.178,12.145,14.163,15.995
FCGR2A,0.194,0.036,0,0.102,0.03,0.123
NUF2,8.128,9.705,10.128,12.875,10.42,9.971
RGS5,2.182,0.734,1.845,0.592,0.8,0.777
SDHC,96.392,109.403,101.605,99.433,106.763,102.289
PFDN2,135.911,101.163,105.477,113.849,127.129,102.036
NR1I3,0,0.241,0.379,0.144,0.059,0.275
USP21,13.309,14.323,14.344,12.958,11.835,15.672
F13B,0,0,0,0,0,0
PRCC,43.893,45.228,44.279,38.662,42.553,42.28
FCRL5,0,0,0,0,0,0
RRNAD1,15.332,18.476,21.452,17.269,19.793,18.795
MRPL24,80.348,76.544,72.218,82.345,82.362,83.241
PIGM,4.682,5.366,6.072,4.584,3.787,5.074
CASQ1,0,0.354,0.049,1.321,0.042,0.084
ISG20L2,14.366,14.739,14.137,13.928,13.947,13.064
CRABP2,95.005,107.779,113.371,254.136,295.91,265.687
HDGF,189.045,178.844,183.39,234.561,269.651,227.425
ABL2,19.574,22.425,22.329,15.36,7.648,12.429
XPR1,12.451,12.357,13.316,10.761,8.561,9.284
RGS16,0.419,0.385,0.074,0.128,0.126,0.032
TOR1AIP1,38.631,41.632,47.282,39.278,37.629,41.117
FAM163A,0.085,0.028,0.091,0.13,0.051,0.077
HMCN1,24.837,23.399,33.739,23.876,23.368,26.318
RGL1,10.3,13.158,12.333,12.518,12.198,12.304
LYPLAL1,6.981,6.678,9.016,6.476,5.539,5.732
LHX9,1.226,3.102,3.543,2.753,5.36,4.301
PRUNE1,4.918,5.45,5.094,5.941,5.911,7.817
RORC,0.028,0,0,0,0,0
TUFT1,1.742,3.795,3.99,2.807,6.106,3.976
SF3B4,59.527,60.831,55.509,59.929,55.18,57.287
ECM1,145.312,158.624,153.053,171.972,154.66,175.005
ZNF687,15.313,14.464,14.493,11.894,10.906,12.692
TARS2,8.092,11.185,10.963,8.591,8.321,8.503
CGN,0.216,0.386,0.741,0.459,0.075,0.453
SNX27,7.701,8.127,9.056,7.718,6.092,8.737
SETDB1,10.953,15.444,15.058,13.715,12.949,11.936
ADAMTSL4,12.99,14.747,14.438,13.669,11.635,16.676
MCL1,265.063,262.934,242.853,243.92,163.577,237.908
CTSK,133.614,151.568,160.117,180.964,202.585,175.41
RFX5,13.699,14.619,14.598,13.157,10.217,12.747
PI4KB,38.181,42.127,44.158,37.422,38.276,38.367
PIP5K1A,28.222,34.741,32.008,32.363,30.727,36.219
ANP32E,26.54,29.387,26.832,24.916,24.546,24.583
MINDY1,7.272,11.503,9.19,8.843,7.624,10.872
ANXA9,2.871,3.112,5.129,3.469,3.311,3.44
SELENBP1,7.378,11.022,15.74,9.997,13.199,13.383
CERS2,136.344,131.944,123.161,131.611,117.51,124.137
ENSA,92.363,96.129,102.579,90.08,103.524,97.718
SEMA6C,4.693,6.06,6.394,4.465,3.185,5.557
MRPL9,49.495,48.802,54.635,47.412,55.347,53.625
ARNT,18.674,23.016,23.161,22.426,21.43,24.737
POGZ,21.304,29.862,24.573,31.526,10.972,26.455
C1orf56,2.982,4.398,3.89,3.696,3.303,3.526
OAZ3,1.819,2.73,2.601,3.688,1.84,2.763
HORMAD1,0.099,0.198,0.157,0.867,0.089,0.358
GOLPH3L,10.857,14.957,12.201,11.66,15.006,13.358
GABPB2,7.388,9.464,9.092,8.292,7.12,7.506
SYT14,0.448,0.261,0.39,0.458,0.125,0.417
KCNH1,0.444,0.331,0.276,0.482,0.452,0.851
DTL,9.675,8.37,7.23,12.738,7.671,9.985
DYRK3,9.842,11.823,12.598,10.308,8.42,10.552
EIF2D,52.86,58.397,59.743,59.451,70.375,58.677
INTS7,7.822,8.606,10.857,9.307,8.146,7.801
VASH2,0.119,0.046,0.108,0.142,0.041,0.083
TAF1A,6.332,5.449,4.856,5.625,4.585,5.848
SMYD2,21.766,23.721,22.284,28.343,28.08,26.612
SUSD4,0,0.143,0.028,0,0.029,0.05
DUSP10,13.105,15.467,14.631,20.453,17.722,20.446
HHIPL2,0.163,0.228,0.381,0.296,0.527,0.354
TP53BP2,15.958,16.207,14.799,15.316,11.995,13.892
ATP8B2,54.57,57.767,57.879,66.797,65.96,71.454
FLG2,0.009,0.094,0.027,0,0.062,0.008
CRNN,0,0,0,0,0,0
ADAM15,72.191,70.475,74.458,69.225,72.023,75.672
JTB,113.247,109.952,107.551,107.764,137.964,120.338
RAB13,324.601,344.408,349.725,354.126,394.045,341.874
S100A8,11.18,27.678,7.091,0.697,13.282,0
TPM3,337.678,292.082,279.149,322.312,277.443,282.956
NUP210L,0,0.015,0.029,0.107,0.053,0.214
SNAPIN,36.363,37.575,37.508,34.062,43.73,35.324
SLC27A3,7.947,10.69,12.774,11.736,10.594,12.45
S100A7,0,0,0,0,1.56,0
UBAP2L,118.987,122.883,126.753,110.7,94.824,106.268
SLC39A1,56.038,58.382,54.165,61.277,71.025,66.782
HAX1,81.857,79.6,86.906,84.281,103.087,94.513
CREB3L4,3.849,6.868,5.357,6.007,6.318,8.128
EFNA3,1.492,1.358,1.28,2.041,1.184,2.236
AQP10,0,0.048,0,0,0.043,0
KCNN3,0.053,0.044,0.006,0.016,0.011,0.016
C1orf43,127.611,120.675,124.2,124.782,146.223,123.764
GATAD2B,8.484,9.893,11.552,8.927,7.687,8.912
ILF2,88.399,73.834,72.15,85.199,81.51,78.618
RIT1,21.531,23.073,18.74,19.782,18.499,19.777
INTS3,38.675,43.016,42.024,39.651,32.043,47.721
PKLR,0.034,0,0,0,0.091,0
HCN3,3.856,3.949,4.725,3.771,2.758,4.067
FLG,0.043,0.316,0.039,0.011,0.066,0.017
ACTA1,0.115,0,0.04,0.116,0,0.221
C1orf131,10.096,10.484,10.95,13.323,13.431,12.494
GALNT2,88.854,88.581,87.362,77.972,78.095,81.597
TTC13,7.908,7.421,7.384,7.688,6.024,7.36
SCCPDH,38.723,47.465,47.337,46.686,54.967,51.506
LYST,4.8,5.837,6.19,4.504,2.913,4.392
MAP3K21,0.284,0.264,0.219,0.204,0.145,0.367
CEP170,128.85,73.42,58.523,107.995,44.789,77.06
ACP1,60.449,66.417,67.086,63.975,62.427,62
SNAP47,24.289,28.747,27.024,23.813,25.826,24.149
SRP9,214.024,211.004,210.188,205.696,201.663,198.93
NVL,11.191,10.336,10.473,10.479,10.448,10.036
SDE2,8.609,8.151,8.617,7.884,6.294,8.4
DEGS1,119.888,101.805,90.889,114.867,94.603,100.082
FBXO28,16.527,17.445,15.763,16.771,13.28,19.673
ARF1,311.811,281.945,258.184,308.568,291.191,301.769
LEFTY2,0.297,0,0.151,0,0.038,0.077
CNIH4,35.872,42.506,35.927,38.472,46.744,35.159
ITPKB,3.14,3.874,4.141,2.747,2.429,3.635
GUK1,234.584,226.184,210.569,229.959,250.796,218.042
CDC42BPA,25.38,27.709,27.892,24.137,19.257,25.683
CNIH3,8.243,4.058,3.087,7.607,2.79,4.249
C1orf35,25.058,23.043,22.014,20.442,22.72,20.286
MBOAT2,10.289,10.944,11.104,11.53,11.751,13.33
PARP1,46.565,45.317,47.672,52.091,45.423,48.759
PSEN2,13.638,7.815,8.098,9.76,7.141,7.69
PYCR2,45.885,43.676,45.648,43.931,49.692,54.675
LBR,11.621,12.259,12.183,11.771,10.117,11.026
WNT9A,8.408,9.369,7.939,6.997,4.327,6.235
EPHX1,64.702,73.38,79.981,52.748,84.46,73.025
REN,0,0,0,0,0,0.056
SOX13,6.624,7.172,6.808,7.271,5.779,6.994
ETNK2,3.813,4.292,6.343,4.98,4.945,7.496
PPFIA4,13.709,11.661,12.618,15.774,6.861,17.939
PLEKHA6,0.413,0.522,0.585,0.68,0.928,0.684
PTPN7,0,0,0,0,0,0.62
SYT2,0.032,0.053,0.045,0.088,0,0.172
ARL8A,36.583,36.415,34.415,33.246,32.667,32.693
OSR1,41.348,45.57,40.61,38.031,26.458,34.401
GDF7,0.059,0.042,0.072,0.046,0.015,0.054
PDIA6,224.196,220.18,212.888,252.198,237.033,237.093
RHOB,48.006,58.56,61.801,60.524,67.452,69.681
ATP6V1C2,0.898,0.77,0.959,1.077,0.418,1.094
HNRNPLL,28.848,33.072,31.642,26.622,25.713,28.225
GALM,7.672,10.899,11.526,9.198,11.314,9.48
CAMKMT,5.563,4.456,3.007,5.26,5.396,3.133
ABCG8,0.134,0.236,0.157,0.103,0.07,0.122
EML4,14.671,14.175,13.812,12.79,8.73,12.141
CALM2,890.591,791.182,706.561,909.47,794.741,768.137
CHAC2,1.894,1.551,1.939,2.446,1.265,2.229
RPS27A,1507.675,1503.45,1453.642,1441.313,1808.2,1415.815
WDPCP,5.358,6.604,6.06,4.603,4.441,4.75
VPS54,11.46,10.834,11.021,10.855,8.719,9.315
REG3G,0,0,0,0,0,0
ASXL2,14.381,12.438,13.03,12.83,7.667,9.799
ETAA1,4.755,4.765,6.614,6.194,5.699,5.975
SNRPG,106.667,103.961,84.572,90.259,95.64,67.508
ABHD1,0.089,0.173,0.095,0,0,0
MEIS1,11.365,13.262,13.384,14.489,9.96,14.952
TRIM43B,0,0,0.065,0,0,0
TRIM43,0,0,0,0,0,0
CIAO1,35.668,35.027,33.252,32.406,31.198,32.458
ZNF514,10.811,13.918,13.893,13.08,8.698,15.305
SNRNP200,48.14,50.521,51.254,43.824,36.814,45.17
MRPS5,17.269,16.341,15.839,15.273,18.11,15.757
ANKRD53,0.421,0.634,1.048,0.795,1.055,0.498
TPRKB,40.315,39.17,38.464,41.552,39.531,29.18
NAT8,0,0,0.281,0.162,0,0
EXOC6B,16.97,17.1,17.019,14.065,11.773,13.31
SFXN5,6.878,5.868,6.941,5.34,3.807,6.8
TEX261,44.845,48.546,48.583,50.337,50.389,52.322
DQX1,0.033,0.132,0,0.21,0.03,0
DUSP11,21.092,25.933,19.477,23.264,21.517,23.331
ST6GAL2,0.204,0.055,0.156,0.171,0.107,0.101
NPHP1,6.143,6.463,8.164,5.673,7.119,7.097
MALL,8.247,11.067,8.618,13.155,11.865,13.064
THNSL2,7.656,7.267,7.425,4.698,9.248,8.326
RALB,88.413,77.334,83.618,83.764,83.015,83.75
C1QL2,0,0,0,0,0,0
TMEM177,5.475,5.153,6.99,4.419,7.701,7.541
NT5DC4,0.198,0.396,0.21,0.181,0.267,0.045
RABL2A,12.177,13.259,17.081,9.951,10.112,10.204
SLC20A1,217.624,118.449,101.492,138.951,56.539,97.687
FBLN7,10.871,11.537,11.637,16.023,17.583,17.114
ZC3H8,5.907,8.891,7.393,6.402,7.139,6.383
LIPT1,4.432,5.595,6.523,5.033,5.407,5.161
CNGA3,0.374,0.414,0.587,0.126,0.228,0.501
FAHD2B,3.576,6.139,7.227,4.84,6.615,6.517
LYG1,0.386,1.318,0.707,0.801,0.871,0.593
AFF3,1.205,2.179,3.338,2.416,6.133,5.174
UBXN4,81.53,80.698,78.519,77.308,71.131,80.554
NXPH2,0.031,0.031,0,0,0,0
SPOPL,7.643,7.26,7.256,7.947,4.905,6.922
THSD7B,0,0,0,0,0,0
GPR17,0.209,0.214,0.351,0.468,0.19,0.869
POLR2D,19.321,21.737,17.933,26.072,19.14,20.773
AMMECR1L,15.506,14.464,15.511,15.799,13.496,15.026
GALNT13,0.028,0.295,0.03,1.321,0,0.026
PKP4,13.949,17.024,18.294,18.08,22.286,20.547
SCN1A,0.041,0.019,0.051,0.024,0.024,0.041
SLC4A10,0,0.024,0,0,0,0
SCRN3,26.982,29.603,26.317,25.953,25.516,29.492
LNPK,29.919,33.797,35.325,37.635,33.256,37.245
ZNF385B,0,0,0.043,0,0.036,0.073
TMEFF2,0.03,0.03,0,0.108,0.187,0.027
CDCA7,7.862,6.763,4.23,12.731,6.54,10.393
DLX1,2.584,2.819,3.871,4.953,2.898,4.928
UBR3,12.655,12.544,13.681,12.082,9.486,10.932
PHOSPHO2,2,2.873,1.383,1.879,2.199,1.892
GULP1,2.136,0.974,1.72,1.167,1.03,1.107
FAM171B,8.218,10.114,10.181,8.227,7.391,7.305
HSPD1,212.098,186.193,180.261,182.621,169.932,178.125
CCDC150,0.938,0.87,1.287,1.204,0.442,0.926
METTL21A,9.591,10.786,14.219,10.047,10.842,12.561
UNC80,0,0,0,0,0.005,0
PTH2R,0,0,0,0,0,0
CPO,0.149,0.3,0.396,0.068,0.202,0
NBEAL1,4.814,6.453,6.212,4.468,2.794,7.174
KANSL1L,5.258,6.33,6.07,4.739,4.929,5.49
SPAG16,15.014,17.377,17.02,17.731,15.427,15.032
ABCA12,0.101,0.27,0.168,0.061,0.053,0.02
SUMF1,43.703,42.821,46.515,45.536,51.945,46.409
NYAP2,0.035,0.053,0.056,0.096,0.013,0.032
RHBDD1,18.314,19.415,19.134,29.119,18.289,24.608
ACKR3,7.162,12.357,15.571,9.828,19.298,16.232
TRPM8,0.518,0.615,0.711,0.918,0.081,0.253
HES6,2.873,2.095,1.845,1.829,1.886,1.546
ESPNL,1.63,2.326,3.444,3.727,3.442,3.296
ANKMY1,10.034,6.61,5.523,4.845,4.976,7.408
COPS7B,28.747,41.534,39.178,31.421,22.874,33.426
DIS3L2,12.137,19.234,15.819,13.298,9.399,13.079
CPNE9,0.05,0,0.218,0,0.186,0
FANCD2,3.947,4.512,4.579,9.417,3.167,4.721
TAMM41,10.653,11.048,14.824,10.033,8.825,7.798
VGLL4,19.436,21.118,24.528,20.872,20.369,23.475
RAB5A,46.113,42.614,43.217,43.568,42.381,42.936
RETREG2,86.271,85.713,80.213,72.107,76.265,80.288
CTDSP1,107.524,100.16,107.406,126.404,134.39,132.174
CNOT9,28.367,27.685,23.618,29.066,25.595,29.544
MARCHF4,13.51,12.329,9.771,16.339,14.018,16.141
STK11IP,15.903,19.017,12.868,12.31,9.054,13.508
GMPPA,34.585,41.934,34.77,36.763,38.817,39.974
GRIP2,0.109,0.25,0.076,0.119,0.118,0.888
EAF1,8.013,7.808,7.827,7.729,6.294,7.398
CNTN4,0.073,0.079,0,0.03,0.03,0.014
DYNC1LI1,32.711,30.258,31.493,27.185,29.364,25.06
RBMS3,9.579,12.742,15.081,14.079,12.62,14.583
GADL1,1.324,1.381,1.368,1.1,0.459,1.277
OSBPL10,2.12,1.467,1.763,1.871,1.524,1.704
POMGNT2,6.476,8.291,9.269,8.751,11.302,8.441
ACKR2,0.253,0.213,0.441,0.162,0.207,0.322
GASK1A,0.479,0.241,0.719,0.418,0.122,0.263
CSRNP1,19.172,17.164,16.145,16.136,15.475,17.657
SLC25A38,19.612,26.061,26.599,27.615,28.224,23.546
ITGA9,0.27,0.539,0.323,0.909,0.513,0.418
SLC22A14,0.246,0.198,0.084,0.108,0,0
GOLGA4,36.162,37.628,39.391,37.204,30.919,31.604
CTDSPL,24.946,23.843,28.061,21.277,21.017,24.01
STAC,4.872,8.737,9.643,7.714,15.817,13.826
IQSEC1,28.579,27.386,26.795,27.51,20.488,29.49
CAND2,0.529,0.513,1.504,0.963,1.26,1.329
RPL32,1800.248,1787.485,1857.596,1972.07,2135.221,1702.852
PTPRG,31.73,34.703,37.518,28.091,26.764,30.316
IL17RD,2.925,5.597,4.435,3.829,2.943,3.429
SHQ1,11.736,12.725,16.452,15.814,13.165,12.789
SLC25A26,20.352,19.348,21.993,18.594,22.967,21.031
UBA3,67.423,44.841,44.397,57.232,41.806,44.98
ARL6IP5,94.785,103.478,100.672,101.409,98.541,99.256
TMF1,20.734,21.768,23.544,22.494,18.347,21.351
LRIG1,21.973,21.633,18.722,23.879,17.944,22.546
LRTM1,0.196,0.064,0,0.117,0,0
LIMD1,20.524,18.17,16.456,15.592,7.922,14.944
ZNF660,0.162,0.297,0.626,0.514,0.79,1.368
NFKBIZ,10.79,20.223,23.237,16.492,14.558,22.824
COL8A1,166.141,209.768,226.112,256.641,299.662,294.13
NXPE3,10.426,11.723,11.531,9.19,9.391,12.476
ADGRG7,0,0,0,0,0,0
MYH15,0.156,0.189,0.107,0.335,0.181,0.172
PHLDB2,5.797,10.162,11.344,8.901,6.71,8.989
ABHD10,9.053,14.052,17.424,12.198,12.099,14.302
TAGLN3,0.177,0.223,0.231,0,0,0
PLA1A,0,0,0,0,0,0
RABL3,13.974,13.172,13.053,20.934,14.166,11.586
ADPRH,1.386,1.705,1.398,1.985,2.358,2.013
IGSF11,0.026,0.077,0.055,0.105,0,0
ATG3,44.729,50.685,50.415,49.189,50.006,42.425
NR1I2,0,0,0,0,0,0
BOC,32.319,29.831,29.063,36.806,29.549,36.193
SRPRB,33.18,24.093,25.101,24.591,24.382,23.465
TMEM108,0.067,0.034,0.053,0.21,0.075,0
AGTR1,0.793,1.074,0.921,1.037,1.859,1.878
MED12L,0.143,0.086,0.25,0.242,0.27,0.388
EIF2A,84.533,99.377,95.509,113.936,114.538,115.663
ALDH1L1,1.455,0.213,0.662,0.389,0,0.945
OSBPL11,8.737,6.752,6.36,7.405,6.208,6.183
TRPC1,7.612,9.07,8.941,7.375,5.746,8.839
NCEH1,18.002,16.421,13.335,16.848,13.362,15.366
SPATA16,0,0,0,0,0,0
FAM86B2,5.639,4.817,5.391,8.765,7.086,7.368
LPP,23.837,22.783,18.928,18.358,9.475,17.054
TMEM44,26.764,25.158,18.612,23.559,18.769,20.647
RUBCN,14.95,15.026,11.377,12.051,9.091,13.588
AMT,3.472,4.863,5.422,3.611,3.068,6.007
TCTA,13.123,14.737,11.33,14.986,16.721,15.258
NICN1,6.472,5.701,9.849,8.852,6.399,8.975
UCN2,1.734,1.921,1.908,3.669,1.078,4.83
DCAF1,9.353,8.702,9.724,9.541,6.667,9.015
MANF,76.634,70.071,65.309,86.462,62.807,64.47
STXBP5L,0.017,0.008,0.027,0.008,0,0
EAF2,0.491,0.521,0.938,0.452,0.708,0.375
ILDR1,0.031,0.126,0.167,0,0,0.087
TM4SF19,0.112,0.536,0.605,0.497,0.655,0.623
MUC4,0,0.064,0.023,0,0.076,0.019
SLIT2,115.836,102.495,94.853,136.334,73.3,119.464
EIF2B5,26.885,24.009,25.948,23.182,21.232,22.21
AHSG,0,0,0,0,0,0
ECE2,0,0,0,0,0,0
VWA5B2,0.094,0,0.083,0.021,0.021,0.043
DGKQ,21.643,20.977,16.272,13.567,11.416,15.584
FIP1L1,61.114,53.031,48.664,57.93,42.551,46.1
SLC26A1,3.499,2.728,1.952,1.765,1.929,2.804
LYAR,16.841,16.616,15.171,19.196,14.306,15.911
CENPC,3.615,4.116,4.063,3.92,3.227,3.695
EPHA5,0.024,0.044,0.049,0.043,0,0
CORIN,0.12,0.239,0.128,0.093,0.031,0.064
ATP10D,7.34,7.547,8.333,5.013,5.275,5.472
OCIAD2,3.655,5.485,5.57,7.11,7.871,6.537
SLC10A4,0.161,0.04,0.043,0.037,0,0
SLC10A6,0.327,0.328,0.174,0,0,0.049
SCD5,15.714,17.83,14.891,15.151,13.414,14.905
PLAC8,2.745,5.953,5.334,5.053,2.501,3.077
ENOPH1,32.698,24.764,24.802,29.108,24.127,27.338
CABS1,0,0,0,0,0,0
GC,0,0,0,0,0,0
TRMT10A,2.574,3.205,4.79,4.477,4.704,4.565
KLHL8,4.953,5.786,6.482,5.916,5.632,5.428
SNCA,0,0.039,0.042,0.382,0.108,0.035
PYURF,37.11,35.055,33.541,33.955,34.496,33.849
TBCK,17.026,24.543,21.745,15.253,17.278,21.109
CAMK2D,79.364,91.733,91.509,72.012,73.358,78.211
CISD2,23.109,19.027,18.316,20.377,19.216,19.68
DDIT4L,2.758,3.983,3.342,6.96,5.519,5.955
ANK2,12.338,17.656,19.134,17.368,20.802,20.87
TIFA,9.995,5.491,6.782,9.404,9.917,7.566
SPATA5,2.399,2.058,2.138,2.499,1.034,2.158
FABP2,0.152,0.248,0.122,0.105,0.108,0.38
CCNA2,15.619,19.137,20.133,23.023,18.531,22.364
METTL14,8.554,10.37,10.351,10.352,8.356,9.419
USP53,18.184,12.042,11.218,20.508,12.14,16.889
SETD7,52.283,52.168,53.185,53.384,44.886,48.616
NAF1,13.3,12.686,13.462,11.688,9.541,11.844
MARCHF1,0.654,0.608,0.791,0.378,0.267,0.58
SFRP2,21.263,29.322,43.09,32.514,72.985,45.981
RPS3A,2441.654,2443.85,2347.16,2260.48,2584.754,2201.33
RNF175,0.201,0,0.143,0.185,0.303,0.122
PDGFC,48.222,51.585,47.615,51.363,38.018,42.481
CBR4,5.412,6.769,8.06,5.004,4.385,6.633
GLRA3,0.038,0.054,0.01,0.033,0.016,0.042
CYP4V2,9.901,10.422,10.694,8.39,7.331,8.26
ROPN1L,1.089,1.098,1.061,1.362,1.193,1.495
NDUFS6,156.374,119.057,125.625,123.162,160.786,116.992
MARCHF6,42.133,47.388,47.611,38.377,28.699,42.905
NKD2,0,0,0,0,0.035,0.04
CDH18,0.092,0.073,0.074,0.015,0.186,0.064
ADAMTS16,0.078,0.143,0.366,0.241,0.159,0.222
SRD5A1,7.853,7.583,7.592,6.75,5.622,6.358
MYO10,33.407,30.021,25.069,27.847,14.94,22.345
OTULINL,0.112,0.112,0.131,0.031,0.04,0.126
RPL37,985.2,978.933,1037.841,1109.073,1140.565,1092.502
SKP2,9.216,10.962,11.517,14.141,10.577,12.561
OSMR,100.17,97.168,94.698,85.638,56.743,77.587
UGT3A1,0.027,0,0.028,0.024,0,0
PLK2,17.941,29.059,32.663,26.562,42.003,36.348
SHISAL2B,0,0,0.147,0,0,0
GZMA,0,0,0,0,0,0
PIK3R1,30.524,44.4,42.102,34.955,24.163,36.538
HAPLN1,0.645,2.104,1.408,2.217,6.922,3.109
LHFPL2,27.194,24.418,23.672,22.505,16.722,19.844
SSBP2,21.035,28.746,41.924,25.047,32.426,29.75
BHMT,0.034,0,0.362,0,0.367,0.154
ANKRD31,0,0.066,0.028,0.072,0.012,0.036
IQGAP2,0.015,0,0.026,0.049,0.065,0
CRHBP,0,0,0,0,0,0
RASA1,55.219,48.222,40.083,58.017,37.73,47.777
LIX1,0.086,0,0.092,0.079,0,0.059
GIN1,1.7,2.723,1.957,2.573,2.016,2.795
PPIP5K2,33.7,32.163,30.435,30.162,21.563,25.294
PAM,429.6,449.764,481.681,490.51,544.005,507.525
BDP1,8.287,9.48,8.736,8.59,5.454,7.99
GTF2H2,27.451,22.372,18.613,21.812,15.75,17.948
SLC30A5,36.305,30.447,32.035,32.046,32.915,30.383
BTF3,798.337,785.916,784.018,890.978,987.952,804.543
FBXL17,12.34,10.933,11.708,10.822,8.07,8.59
SPATA9,0.077,0.155,0.082,0.354,0.07,0.14
TSLP,0.384,0.454,0.26,0.668,0.408,0.57
TNFAIP8,17.726,15.031,16.296,18.831,17.729,14.604
FEM1C,17.803,20.312,19.759,17.026,11.42,15.462
COMMD10,12.766,14.022,15.951,12.967,15.004,15.185
ATG12,34.629,36.308,34.704,36.956,25.609,32.129
MEGF10,0,0,0.011,0.009,0,0
ADAMTS19,0.015,0,0,0,0,0
YIPF5,68.434,67.761,63.612,69.926,80.148,71.236
ARHGAP26,0.985,1.754,2.46,1.496,1.72,4.756
CXCL14,1.124,1.406,1.179,0.872,1.611,1.218
LECT2,1.212,0.964,0.674,0.714,0.121,1.046
SLC25A48,0.138,0.13,0.051,0.092,0.112,0
DDX46,26.722,27.201,29.05,23.125,19.832,23.984
IL9,0,0,0,0,0,0
TIMD4,0,0,0,0,0,0
RNF145,29.208,26.369,25.601,34.735,31.472,33.025
C1QTNF2,1.024,1.34,0.568,1.576,1.174,2.372
GABRA6,0,0,0,0,0,0
GABRB2,0,0.016,0.013,0,0.011,0
FBXO38,15.12,13.138,14.527,13.983,10.655,13.102
SPINK7,0.225,0.23,0,0,0,0
PCYOX1L,3.979,6.063,5.061,4.682,4.153,4.33
GLRA1,0,0,0.055,0.141,0,0
TNIP1,62.413,60.818,56.791,72.227,68.986,68.027
G3BP1,115.762,111.482,101.19,111.892,97.392,101.368
ZNF300,3.714,4.841,6.105,4.086,4.175,4.853
N4BP3,0.425,0.371,0.325,0.458,0.382,0.265
NHP2,165.412,142.021,129.668,158.678,171.843,146.633
RMND5B,17.908,18.579,18.303,18.222,23.042,18.199
BOD1,47.338,50.124,52.919,46.03,53.353,46.15
CPLX2,0,0,0,0,0,0
TENM2,7.746,10.569,13.251,12.973,17.568,19.044
KCNMB1,0.433,0.679,0.531,0.427,0.122,0.463
FAM50B,5.522,6.125,6.211,6.509,7.185,8.294
MYLK4,0.761,1.062,0.84,0.666,0.709,0.59
FAM217A,0,0,0,0,0,0
TBC1D7,15.566,13.504,12.157,12.192,14.815,10.714
FARS2,11.134,11.9,12.826,12.58,12.786,12.322
GFOD1,0.739,1.012,1.226,0.922,1.096,0.805
CDKAL1,5.036,4.86,5.137,3.51,4.559,4.543
PSD2,0.071,0.177,0.076,0.129,0.256,0.756
LRRTM2,0.183,0.17,0.328,0.369,0.04,0.319
ZMAT2,61.069,67.93,68.589,63.68,70.49,60.091
GFRA3,0,0.087,0,0.043,0.17,0
KLHL3,0.181,0.128,0.383,0.179,0.054,0.2
DCDC2,0.111,0.066,0,0.15,0.02,0.02
SLC17A4,0.091,0.061,0,0.033,0.033,0.066
H2BC1,0,0,0,0,0,0
KAAG1,0,0,0.14,0,0,0
TRIM7,4.021,3.911,3.425,4.919,5.031,3.419
TRIM41,24.19,25.826,25.2,21.565,18.271,26.112
HIGD2A,101.181,114.029,111.13,119.574,122.554,126.06
FAM193B,36.175,42.427,47.279,42.613,28.472,46.937
PLA2G7,0.083,0,0,0,0.091,0
TNFRSF21,7.073,6.279,5.038,5.344,4.377,5.087
RNF44,11.116,11.212,11.889,10.263,9.915,13.184
MMUT,17.615,18.81,17.818,18.202,16.864,18.477
RASGEF1C,0,0,0,0.067,0,0
DOK3,1.991,2.283,1.87,3.125,1.198,4.083
ABT1,12.105,11.148,11.028,11.643,12.839,11.239
PPP1R18,83.221,88.242,90.396,96.063,92.727,97.628
DAAM2,4.938,7.651,9.181,8.007,13.12,12.565
PRIM2,13.013,15.048,19.496,18.387,25.318,22.658
MLIP,0,0,0,0,0.012,0
HMGCLL1,0,0,0,0,0,0
LGSN,0.121,0.093,0.165,0.092,0.015,0.042
FGD2,0.085,0,0.117,0,0.05,0.026
SCUBE3,6.25,5.479,5.186,9.543,3.777,7.729
ANO7,1.88,1.148,2.122,2.339,1.221,1.223
CRIP3,0,0,0.279,0.348,0.089,0.618
TTBK1,0.027,0.022,0.041,0.059,0,0.088
TCTE1,0.801,1.076,0.773,0.559,0.336,0.387
RPL7L1,62.934,61.651,54.789,62.116,58.355,55.66
NFKBIE,4.413,4.792,5.618,3.021,3.629,3.463
CYP39A1,0.311,0.486,0.699,0.504,1.027,0.722
TPBG,137.247,103.826,94.973,97.855,71.683,91.026
IRAK1BP1,3.357,2.568,4.714,2.48,2.115,4.561
PHIP,13.544,14.241,16.506,11.293,8.011,12.229
PRSS35,0.138,0.069,0.256,0,0.186,0.094
MMS22L,3.953,4.601,4.017,5.334,3.646,5.156
FAXC,1.482,1.497,0.337,1.27,0.573,1.057
GABRR1,0,0,0,0,0,0
PNRC1,49.377,57.642,58.2,54.364,58.318,59.75
PM20D2,3.525,4.133,3.489,4.203,2.967,3.496
RARS2,27.877,29.995,29.426,32.516,34.759,28.981
SCML4,0.268,0.184,0.411,0.181,0.112,0.327
TBC1D32,1.632,2.193,2.419,2.662,1.766,2.651
CLVS2,0.028,0,0,0.062,0,0
GPR6,0,0,0,0,0,0
RNF217,5.07,4.964,5.201,5.355,4.09,5.067
RSPO3,0.643,0.266,0.607,0.182,0.257,0.13
ARHGAP18,22.635,15.336,15.103,28.801,18.015,21.465
TAAR2,0,0,0,0,0,0
TAAR6,0,0,0,0,0,0
TAAR8,0,0,0,0,0,0
ABRACL,17.631,14.716,13.435,17.85,10.178,11.087
TAAR1,0,0,0,0,0,0
SLC18B1,2.604,2.183,2.479,1.767,1.676,2.216
MTFR2,2.612,3.176,4.32,3.331,2.615,2.012
SLC2A12,0.329,0.592,0.513,0.544,1.142,0.882
SHPRH,4.268,5.715,5.999,5.319,4.495,5.532
AIG1,22.211,24.552,23.243,27.511,29.899,32.604
DYNLT1,148.697,130.139,117.827,137.43,146.994,139.05
TIAM2,1.881,3.15,3.014,3.147,2.973,2.811
TMEM181,30.819,23.489,22.66,24.018,16.258,20.793
PNLDC1,0.048,0,0,0,0,0
WTAP,76.578,76.317,76.881,70.307,67.831,70.355
ZMYM4,19.164,24.898,23.745,23.867,15.887,22.277
VIP,0,0,0,0,0,0
ARMT1,17.605,18.508,18.346,18.735,18.004,18.501
SLC22A3,0.102,0.101,0.081,0.116,0.023,0.046
VWDE,0,0,0,0.016,0,0.046
GNA12,53.605,48.575,45.742,48.276,43.225,48.391
C7orf50,60.001,61.594,55.912,48.414,70.816,49.954
SDK1,0.642,0.424,0.417,0.633,0.549,0.538
CCZ1B,46.431,42.134,38.392,45.242,40.105,40.775
C7orf26,21.134,20.372,19.388,17.115,15.52,19.214
RBAK,4.206,5.144,4.997,4.861,3.433,4.497
CREB5,5.6,8.077,10.289,6.827,3.708,6.651
FERD3L,0,0,0,0,0,0
EGFR,75.215,69.05,62.719,57.852,35.129,51.697
CDCA5,18.822,18.418,19.029,23.796,18.267,21.673
IGFBP3,3758.668,3824.622,3726.471,4716.37,4536.714,4549.741
PURB,14.658,14.793,15.049,13.279,8.028,12.227
IGFBP1,0.236,0.237,0.294,0.216,0,0.322
SSC4D,0.061,0.156,0.071,0.135,0.32,0.225
MDH2,89,86.433,84.772,89.142,100.813,91.894
POMZP3,9.54,10.304,13.032,7.563,9.165,9.374
NIPSNAP2,24.976,31.096,31.199,31.178,32.996,30.169
CCT6A,107.358,90.211,89.982,95.879,89.935,88.536
PSPH,28.4,22.388,23.619,30.044,23.899,28.062
TRIM50,0,0,0,0,0,0
ZNF92,3.823,2.932,3.883,3.168,1.871,3.311
ATXN7L1,5.757,8.88,7.566,7.206,6.606,7.125
TMEM168,13.174,13.01,18.568,9.861,11.241,12.741
ASB15,0,0,0,0,0,0
TRAPPC14,9.939,9.192,9.15,8.125,6.375,8.818
SLC12A9,21.669,22.847,19.163,23.76,19.942,24.915
GIGYF1,30.871,34.11,37.05,30.057,19.766,37.503
TRIM4,23.124,25.629,30.971,27.422,37.223,25.42
MEPCE,43.276,45.595,48.764,45.335,42.076,47.327
ZAN,0,0,0,0.008,0,0
TMEM209,6.715,7.948,10.223,7.902,8.176,7.333
AGBL3,1.069,0.823,0.283,1.513,1.217,0.486
STRA8,0,0.077,0.164,0,0.208,0
ZC3HAV1L,10.577,8.471,7.006,10.847,6.412,10.391
TMEM140,14.351,14.017,16.545,13.322,14.761,13.094
TLK2,30.303,32.323,30.521,27.747,29.716,28.756
EPHA1,0.173,0.445,0.263,0.406,0.089,0.202
NOM1,6.89,6.43,6.342,6.864,4.979,7.002
CNPY1,0,0.054,0.057,0,0.097,0.049
NCAPG2,16.303,19.313,21.154,24.015,19.814,26.076
ASB10,0,0,0,0,0,0
NLGN4X,0.184,0.248,0.419,0.314,0.305,0.39
SHROOM2,1.033,0.747,0.646,0.697,0.329,0.697
RAB19,0.374,0.444,0.37,0.714,0.161,0.574
LUC7L2,38.432,42.203,44.159,42.275,37.138,45.947
DENND2A,34.072,23.916,22.274,33.557,21.181,26.762
CLTRN,0.27,0.396,0.36,0.062,0.347,0.051
SH3KBP1,57.278,51.062,52.825,52.203,40.955,44.231
TMEM47,71.726,81.621,85.926,86.213,98.934,100.986
LANCL3,0.015,0.123,0.016,0.021,0.028,0
SYTL5,0.017,0,0,0.016,0,0
CASK,22.498,18.992,21.902,20.904,17.079,20.57
KDM6A,9.137,10.425,9.376,9.411,7.913,9.145
SPIN2A,0.765,1.213,1.379,0.933,0.297,1.497
MSN,284.574,250.339,223.531,262.686,185.872,233.598
AKAP4,0,0,0,0,0,0
CCNB3,0.036,0.018,0.057,0.065,0.112,0.031
HDAC8,24.666,23.942,27.121,19.208,16.335,20.426
SLC16A2,32.392,35.079,31.859,32.872,25.11,31.72
DIPK2B,0.175,0.142,0.275,0.177,0.229,0.312
ZNF157,0,0.068,0,0.123,0.091,0.092
ZNF182,2.245,2.425,2.501,2.363,3.098,3.121
CHST7,5.622,5.38,3.813,4.359,3.701,3.89
KRBOX4,11.914,17.714,14.162,14.109,13.466,15.402
NDUFB11,125.864,133.617,131.283,114.219,158.392,136.421
ZNF41,5.18,5.023,4.822,5.682,4.037,6.462
RAB41,0.718,0.543,0.954,0.991,0.486,0.407
ZMYM3,9.948,13.733,15.066,13.282,11.762,14.808
TAF1,12.081,14.962,18.384,14.724,11.134,14.267
GPR174,0.118,0.104,0.064,0.027,0.067,0.164
NONO,205.88,190.04,216.937,212.328,214.229,214.73
CCDC120,2.475,3.076,3.212,2.698,2.468,4.251
LPAR4,0.515,0.541,0.536,0.314,1.518,0.637
EBP,22.655,20.838,20.196,23.106,20.394,19.148
AWAT2,0,0,0,0.073,0,0
OGT,68.318,82.998,89.641,66.18,41.291,76.473
SNX12,49.993,61.706,53.67,57.66,59.315,55.965
ITGB1BP2,0.36,0.217,0.153,0.23,0.455,0.284
IL2RG,0,0,0,0,0,0
GCNA,1.803,0.962,1.695,1.917,1.325,1.609
ZNF711,0.315,0.287,0.336,0.144,0.415,0.176
CPXCR1,0,0,0,0,0,0
DIAPH2,8.985,9.6,9.625,9.484,7.359,8.61
NXF3,0,0,0,0.163,0,0.242
RIPPLY1,0,0.079,0,0,0,0.367
PRPS1,24.421,20.65,29.543,26.846,32.068,26.586
RADX,0.287,0.463,0.489,0.345,0.246,0.451
FRMPD3,0.034,0.114,0.06,0.076,0.061,0.113
HTR2C,0,0,0,0,0,0
DOCK11,12.337,12.945,13.815,12.506,9.21,11.233
IGSF1,0.181,0.261,0.102,0.126,0.027,0.041
ARHGAP36,0,0,0,0,0,0
GPC3,1.114,0.935,0.658,0.822,1.547,1.119
GPR119,0.152,0.102,0.309,0.177,0.034,0.171
RBMX,107.5,112.358,120.512,111.907,124.369,125.246
MCPH1,8.862,8.183,7.421,7.196,6.956,7.11
MFHAS1,9.138,7.363,6.985,7.887,4.955,7.325
FBXO25,21.28,19.876,18.083,17.079,20.72,16.177
FATE1,0,0,0.334,0,0,0
MAGEA4,0,0,0,0.305,0,0
NSDHL,16.005,13.54,13.558,11.332,14.486,13.746
ZNF185,1.443,2.003,1.068,0.767,1.422,1.195
CETN2,46.046,43.747,44.677,42.971,52.178,38.08
RPL10,5128.844,5232.531,5111.667,5396.473,6068.036,5235.734
CSGALNACT1,1.089,1.067,1.888,1.22,1.598,2.051
ATP6V1B2,41.052,47.412,48.203,34.763,35.404,39.543
CCDC25,26.506,30.992,29.088,25.871,25.06,28.409
HMBOX1,4.385,5.802,5.958,4.753,3.016,5.678
CHRNB3,0,0,0,0,0,0
CHRNA6,0,0,0,0,0,0
GNRH1,1.578,3.802,2.837,3.089,2.108,2.523
BIN3,33.555,43.069,39.65,35.029,33.244,42.779
DOK2,0.198,0,0,0,0,0
SLC25A37,16.565,9.991,9.673,13.236,11.086,12.06
CHMP7,28.259,28.278,26.321,25.502,23.368,24.546
DOCK5,20.663,21.209,21.751,20.013,11.193,21.184
STAR,0.167,0.1,0.53,0,0.131,0.24
PLPBP,38.29,36.347,38.324,39.712,37.511,40.714
ERLIN2,34.692,37.955,37.738,34.329,34.414,33.596
SNTG1,0.205,0.322,0.293,0.155,0.095,0.281
PXDNL,0.045,0.05,0.191,0.197,0.04,0.076
ST18,0,0.051,0,0,0,0.023
RGS20,3.817,2.759,2.491,3.576,2.959,2.995
TACC1,29.636,30.114,32.817,27.984,23.152,30.887
GOLGA7,44.153,48.365,51.95,45.429,57.847,52.078
PLPP5,31.658,31.185,30.986,30.255,27.636,26.982
GINS4,5.557,4.988,4.565,5.103,4.382,7.521
NSD3,26.741,28.08,26.253,31.593,23.245,27.928
DNAJC5B,0.326,0,0,0,0,0.037
CRH,0.072,0,0,0,0,0
TRIM55,0.08,0.064,0.102,0.145,0.216,0.236
ADHFE1,1.745,2.464,2.436,2.72,2.672,3.357
MRPS28,38.916,44.801,35.575,41.353,39.765,37.821
PMP2,0,0,0.025,0.042,0,0.021
LACTB2,8.91,10.593,10.866,10.368,10.325,8.176
PRDM14,0.042,0.261,0.239,0.136,0.094,0.25
TERF1,15.458,16.433,16.942,14.215,15.56,14.261
RPL7,3589.819,3431.602,3480.536,3388.896,4475.903,2857.645
SLC26A7,0,0.031,0,0,0,0
PSKH2,0,0,0,0,0,0
ATP6V0D2,1.189,0.875,0.901,0.414,0.164,0.207
SYBU,1.303,1.308,1.519,1.781,1.445,1.548
DPYS,0,0.081,0,0.037,0,0
MTDH,92.464,87.425,89.074,86.245,74.766,83.967
LRP12,22.578,19.374,16.601,15.603,15.553,18.748
EBAG9,10.695,15.188,14.942,12.979,14.891,17.344
RSPO2,0.08,0.067,0.144,0.031,0,0.2
POLR2K,50.265,50.024,40.835,45.859,53.041,45.098
MAL2,1.067,1.174,0.227,0.053,0.581,0.309
EIF3H,293.982,305.68,310.829,329.648,355.757,307.478
UTP23,16.397,16.247,18.24,13.765,13.335,14.871
NDUFB9,129.747,126.548,117.68,121.676,131.646,121.743
TATDN1,33.758,37.643,32.803,32.495,41.343,31.253
FAM83A,0.16,0.338,0.126,0.043,0.207,0.081
GSDMC,0.139,0.285,0,0.063,0.214,0
FAM135B,0,0,0,0,0,0
ZNF7,11.912,14.244,14.854,13.133,13.517,16.353
ARHGAP39,5.6,5.506,4.604,3.906,3.013,4.037
SLC39A4,4.218,4.506,4.533,5.32,5.209,5.18
NAPRT,11.232,15.632,13.967,11.884,12.155,14.13
VLDLR,27.283,21.842,18.886,24.697,16.605,20.874
AK3,64.527,66.511,61.082,54.497,57.809,63.538
UHRF2,47.668,44.576,41.484,48.576,34.071,43.42
NFIB,2.989,3.808,3.853,3.101,2.428,3.354
CER1,0,0,0,0,0,0
PLIN2,269.237,218.916,186.421,106.472,78.268,86.215
IFNA5,0,0,0,0,0,0
HAUS6,12.211,11.272,13.294,13.859,9.729,10.756
CDKN2B,21.568,12.239,10.907,9.677,6.404,9.387
IFNA16,0,0,0,0,0,0
CDKN2A,58.099,66.941,56.561,50.349,51.686,60.547
C9orf72,2.376,2.465,2.667,1.904,2.103,2.217
IFNK,0,0,0,0,0,0
ZCCHC7,16.414,14.66,19.346,15.764,16.876,14.798
FBXO10,2.884,3.953,3.361,3.762,3.147,3.035
SIGMAR1,70.725,63.229,57.931,71.825,74.12,66.469
CBWD5,14.878,15.343,18.118,13.111,10.725,15.767
CEP78,8.442,8.647,10.003,10.275,8.137,9.596
NTRK2,0.305,0.255,0.311,0.418,0.351,0.514
IDNK,3.464,3.569,5.792,3.646,6.73,4.781
SHC3,0.216,0.221,0.119,0.043,0.196,0.501
AUH,13.397,15.406,16.702,11.982,10.984,12.818
MFSD14B,33.531,31.01,27.984,33.077,28.029,29.968
AOPEP,23.877,25.548,29.424,22.864,31.861,32.948
PLPPR1,0,0,0,0,0,0
OR13C4,0,0,0,0,0,0
ZNF462,1.702,1.529,3.408,1.847,1.166,1.845
INIP,13.773,12.704,11.31,14.043,10.588,13.347
UGCG,35.289,35.474,35.206,34.14,32.392,36.142
ACTL7B,0,0,0,0,0,0
SNX30,10.693,11.561,10.74,9.268,7.221,8.325
STOM,45.875,56.27,59.687,56.728,70.575,67.386
GSN,207.926,245.526,242.328,250.151,301.171,296.816
MRRF,24.174,25.46,29.634,23.485,24.747,28.047
NR6A1,0.329,0.338,0.311,0.114,0.091,0.374
CRB2,0.043,0.099,0,0,0,0.039
OR5C1,0,0,0,0,0,0
ALAD,33.482,34.114,34.584,31.112,32.822,29.946
ASTN2,3.891,4.864,5.51,4.598,6.84,5.946
WDR31,2.58,3.43,3.293,3.55,2.173,4.127
POLE3,29.544,29.141,26.246,29.522,24.56,28.356
SURF4,205.392,189.42,190.454,212.417,203.435,199.508
GBGT1,4.266,6.155,3.965,5.528,6.229,5.362
SURF1,28.724,31.548,26.213,21.453,38.202,27.987
SURF2,17.167,20.66,16.256,16.474,22.147,17.854
SURF6,14.46,14.181,13.091,12.261,11.945,12.403
MED22,16.069,16.115,17.192,20.641,15.211,19.541
REXO4,23.519,21.736,23.875,23.065,26.792,25.001
RPL7A,3367.007,3375.663,3412.843,3672.224,4288.153,3807.569
GTF3C5,33.305,39.824,37.993,33.8,36.852,37.368
ASB6,18.115,17.173,14.977,14.936,14.354,14.746
PTGES2,34.165,32.754,31.336,32.161,35.499,35.385
NTMT1,36.624,35.166,30.201,39.565,45.329,37.686
CIZ1,82.083,93.23,92.131,83.331,85.341,96.427
SLC25A25,7.871,11.642,11.619,8.426,7.423,5.866
SH3GLB2,72.047,73.371,73.982,78.698,62.394,75.839
MIGA2,11.656,11.136,10.469,9.139,7.836,11.692
PTGES,32.066,18.537,14.151,13.571,11.283,11.514
LCN2,0.184,0.188,0.27,0.118,0.669,0
LRSAM1,6.228,9.901,9.405,8.498,8.523,11.106
HMCN2,0.015,0.218,0.016,0.1,0.013,0.009
GPR107,27.156,26.267,25.635,25.221,22.835,23.365
PAXX,37.343,38.758,36.364,42.423,45.242,47.934
IDI2,0,0,0,0,0,0
INPP5E,17.137,18.746,17.756,15.173,13.834,18.719
LCN9,0,0,0,0,0,0
SEC16A,32.074,31.223,31.609,25.378,18.993,28.515
DPH7,13.404,14.336,13.285,14.274,11.802,14.198
NOTCH1,7.08,7.22,7.537,6.862,5.058,7.433
CACNA1B,0.016,0.049,0.026,0.015,0,0
NACC2,20.109,17.247,15.623,17.402,14.383,16.308
PROSER2,5.487,3.367,4.059,2.452,4.906,3.716
USP6NL,8.941,9.106,7.454,8.536,7.472,8.019
COMMD3,49.981,56.97,50.689,53.452,52.396,55.272
MSRB2,13.112,13.349,16.221,14.022,20.061,15.601
PDSS1,3.418,3.261,2.562,4.114,3.13,3.774
FAM171A1,18.438,16.386,16.705,18.973,16.587,17.834
MINDY3,28.458,27.256,27.881,31.33,24.414,24.83
SLC39A12,0,0.034,0,0.093,0,0
TMEM236,0.563,0.616,0.488,0.438,0.201,0.418
RSU1,48.029,43.062,41.899,54.157,45.103,47.631
ST8SIA6,0.136,0.169,0.17,0.062,0.01,0.29
PARD3,37.162,31.897,31.338,28.485,24.619,26.43
ANKRD30A,0,0,0,0,0,0.016
ZEB1,52.358,66.563,67.949,73.433,58.696,75.712
FAM13C,0.027,0.277,0.781,0.608,0.906,0.544
NRBF2,28.01,31.64,29.13,31.832,31.841,30.387
A1CF,0.043,0.068,0.063,0.054,0,0.069
CDHR1,0.221,0.069,0.066,0.016,0.083,0.016
LRIT1,0,0,0,0,0,0
RGR,0.205,0.123,0.131,0.075,0.037,0.186
POLR3A,11.501,9.306,8.477,10.184,6.072,8.421
HERC4,62.534,65.355,64.296,59.375,44.469,59.16
LRMDA,0.175,1.741,0.886,0.817,3.71,1.147
CAMK2G,29.321,28.421,28.871,24.579,22.981,27.374
ADIRF,263.078,246.121,239.867,284.03,259.344,319.382
GLUD1,162.19,151.291,152.721,159.658,136.216,148.188
ANKRD1,0.341,0.098,0.155,0.223,0.526,0.268
HTR7,3.298,2.507,2.463,3.599,1.773,2.471
RPP30,22.406,28.149,25.752,23.947,25.734,26.339
FRA10AC1,8.881,10.747,11.481,10.459,10.048,10.14
ADD3,46.893,65.749,80.633,66.011,70.429,75.199
HABP2,0.024,0.028,0.059,0,0,0
VAX1,0.054,0,0,0,0,0
DNAJB12,30.22,26.532,31.601,28.737,28.207,32.6
EIF4EBP2,30.217,29.045,29.21,32.804,25.366,30.897
NPFFR1,0.13,0.259,0.144,0.176,0.09,0.103
PLEKHS1,0.024,0.048,0.051,0.044,0.173,0.088
TCF7L2,12.751,17.29,21.012,13.496,13.536,19.198
MKI67,17.926,22.068,23.626,23.319,13.381,22.284
CYP17A1,0.152,0.076,0.081,0.07,0,0.047
INA,2.219,1.851,1.477,1.865,1.209,1.298
FUOM,5.686,5.654,4.602,9.943,13.003,7.003
LRRC27,9.554,10.421,13.702,10.702,10.019,11.194
MTG1,27.088,27.531,29.643,24.048,22.842,25.976
NKX6-2,0,0,0,0.029,0,0
PAOX,3.841,4.412,5.505,3.707,4.575,4.71
GSTO1,271.139,216.114,193.228,219.349,180.436,177.257
TAF5,2.97,3.597,2.678,3.438,2.627,3.243
PPRC1,17.101,13.586,15.545,14.752,11.342,14.954
ITPRIP,39.291,30.029,27.699,30.293,20.987,23.402
CNNM2,3.787,5.495,5.765,3.806,3.392,4.801
PDCD11,14.004,12.531,12.93,12.004,8.956,12.118
ADAM12,107.696,88.698,83.326,91.488,58.444,80.431
RGS10,88.655,93.175,86.206,87.04,83.937,79.479
BTBD10,22.781,19.764,22.916,23.61,23.393,21.703
ADM,343.122,435.964,485.471,409.776,701.218,606.169
GAS2,0.296,0.111,0.197,0.107,0.071,0.168
SLC5A12,0.41,0.387,0.74,0.313,0.232,0.597
LIN7C,10.743,8.525,9.059,10.124,6.045,9.228
LRRC4C,0.037,0.25,0.057,0,0,0
IMMP1L,7.629,9.465,8.593,13.721,9.513,5.194
SAA4,0,0,0,0,0,0
PGAP2,17.62,17.072,17.503,21.363,22.529,24.18
TUT1,8.997,9.545,11.102,8.692,9.14,11.733
SCGB1A1,0,0,0,0,0,0
SYT8,0.172,0.502,0,0,0.579,0
ZNF214,1.367,1.182,1.582,1.699,1.919,2.125
ZNF215,2.587,1.646,2.17,3.012,1.129,2.878
HSD17B12,43.184,44.899,46.076,43.301,36.729,40.129
APIP,25.268,25.305,22.525,28.278,23.762,23.905
PAMR1,128.787,140.948,135.362,139.856,131.922,148.06
DGKZ,31.22,30.47,30.016,28.982,28.168,32.001
EIF3M,164.569,165.445,170.77,161.392,206.781,175.814
TNKS1BP1,125.293,128.736,130.337,111.423,125.721,138.157
GLYAT,0,0.759,0,0.042,0,0.041
SERPING1,169.625,189.737,198.192,214.424,232.802,228.364
OR5F1,0,0,0,0,0,0
SSRP1,91.761,92.255,92.53,101.553,103.552,97.274
SLC43A1,7.595,7.874,8.544,9.207,9.673,9.522
PTPRJ,4.762,5.257,4.287,5.7,4.323,4.772
C11orf49,23.913,25.099,23.23,24.312,26.819,23.281
ARFGAP2,39.936,38.82,46.015,35.75,35.856,41.757
CELF1,38.554,37.747,31.731,36.765,25.459,35.599
HIKESHI,30.907,30.5,34.627,32.385,40.334,31.713
CCDC81,0.24,0.144,0.135,0.334,0.346,0
SESN3,1.106,2.303,2.821,1.22,0.891,1.538
ENDOD1,8.131,8.774,7.754,7.631,6.088,6.203
CCDC82,20.294,27.308,18.498,22.728,15.51,22.457
KLHL35,2.507,2.277,2.222,1.859,2.636,2.439
TENM4,6.204,7.281,5.52,3.933,12.746,3.234
SERPINH1,296.547,367.162,404.765,463.22,710.049,599.872
CAPN5,20.031,23.18,23.372,19.841,16.212,22.84
INTS4,16.592,16.185,16.868,12.917,11.442,13.076
PAK1,33.811,26.233,28.144,35.312,22.021,25.216
RPS3,2715.384,2751.549,2806.841,2562.728,3227.022,2569.939
ZC3H12C,4.203,4.062,3.302,5.283,2.945,3.711
TTC12,3.219,6.997,5.311,4.48,5.456,3.187
NCAM1,1.693,1.318,2.171,1.933,1.41,1.266
DRD2,0.035,0,0,0,0.093,0
C11orf52,0.745,0.87,1.285,0.61,0.907,1.412
HTR3B,0.414,0.626,0.444,0.492,0.195,0.429
NPAT,6.752,6.244,7.533,6.76,5.145,6.541
ATM,12.203,14.402,14.204,9.716,6.826,12.018
AASDHPPT,20.564,18.497,20.654,19.726,20.496,22.407
GLB1L2,0.078,0.156,0.028,0.071,0.188,0.118
SLX4IP,1.589,1.673,2.05,1.568,1.439,2.181
LAMTOR1,86.92,95,87.276,89.339,94.553,85.122
P4HA3,14.69,12.562,14.071,15.257,14.82,13.605
GRIK4,0.023,0.023,0,0.041,0.102,0.021
ST14,0.694,0.942,0.158,0.045,0.178,0
HYOU1,38.344,36.125,33.443,32.832,29.709,34.246
GGTLC1,0,0,0,0.285,0,0
ADAM33,91.728,128.071,153.266,137.257,99.957,189.585
SLC22A8,0,0,0,0,0,0
KAT14,7.991,8.516,7.868,7.89,8.624,8.504
TKFC,13.466,15.282,14.466,10.774,13.488,12.45
MTA2,46.363,42.756,42.336,47.228,41.136,43.124
TMEM138,15.555,16.218,19.671,18.431,18.432,16.961
FADS1,10.241,13.249,13.428,13.344,13.697,14.821
TMC2,0.1,0.101,0.101,0.06,0.015,0.074
ROM1,6.928,5.795,6.981,7.367,11.196,7.372
EML3,30.817,30.867,31.054,29.137,28.787,31.371
INCENP,13.606,16.032,19.414,15.161,10.278,15.834
ZP1,0.353,0.044,0.422,0.282,0.476,0.36
OOSP2,0,0,0,0,0,0
MS4A3,0,0,0,0,0,0
PLCH2,0.622,0.822,0.416,0.151,0.158,0.097
CPSF7,60.705,61.687,68.911,51.074,42.474,52.766
MS4A2,0.047,0.047,0.075,0.022,0,0.085
B3GAT3,31.497,30.213,27.707,27.932,26.237,28.06
EI24,85.159,86.862,77.048,88.076,95.165,88.52
CCDC15,1.773,2.063,1.926,2.073,1.573,1.841
CHEK1,18.788,19.382,24.791,24.235,21.556,19.139
FEZ1,33.985,26.694,30.26,30.665,43.214,35.53
ESAM,0.627,0.429,0.665,0.217,0.043,0.517
KIRREL3,4.778,3.741,3.449,5.983,8.447,5.51
MPZL2,0.287,1.028,0.55,0,0.822,0
SCN2B,0.099,0.033,0.035,0.015,0.029,0.029
SIDT2,15.14,20.261,23.402,14.822,18.108,19.76
TMEM25,2.401,1.543,2.765,1.752,3.126,3.221
TAGLN,170.45,202.369,237.8,235.437,323.593,250.501
JPH2,0.774,0.828,0.73,1.333,2.539,1.863
DUSP15,0.178,0,0,0.082,0.402,0.081
COMMD7,56.999,51.412,51.086,57.985,52.858,48.367
C20orf144,0.989,0.507,1.31,1.391,0.899,1.123
KIAA1755,0.051,0.183,0.067,0.49,0.238,0.168
SPATA25,1.605,2.519,1.085,1.356,0.792,2.519
OCSTAMP,0,0,0,0,0,0
DSN1,14.261,19.23,15.936,21.677,16.622,17.427
SOGA1,10.278,10.84,10.609,9.95,6.362,10.588
CNBD2,0.652,0.736,3.115,1.982,0.851,1.735
SPINT4,0,0,0,0.236,0,0.229
CDH22,0.021,0.042,0.133,0,0.037,0.019
LSM14B,48.038,43.928,43.611,46.886,48.742,49.792
YTHDF1,24.585,27.808,26.546,27.542,25.338,28.5
CABLES2,7.141,8.635,6.709,6.88,4.229,6.055
LTO1,15.346,19.409,15.336,16.389,13.985,17.132
GPHA2,0,0,0,0.39,0,0
SLC22A9,0.15,0,0.118,0,0.033,0
TRPT1,26.233,25.153,23.525,30.83,22.437,34.625
NUDT22,36.142,37.256,37.867,36.863,41.029,42.784
FERMT3,5.378,5.822,4.763,7.284,2.59,7.961
PLCB3,33.838,32.925,31.163,34.009,25.892,33.522
MRPL49,26.553,28.255,25.108,26.974,35.253,25.772
CDC42EP2,38.774,43.257,48.663,34.886,39.81,43.35
FAU,990.746,996.007,966.892,1015.669,1258.361,969.816
TM7SF2,3.849,3.377,3.471,1.895,3.611,3.558
VPS51,65.796,69.57,71.338,75.374,98.539,85.729
TBX6,0.758,0.498,0.873,0.885,0.506,0.813
PPP4C,104.353,96.48,101.306,102.676,104.625,101.54
ALDOA,1704.779,1766.091,1757.872,1792.322,1951.917,1822.493
TLCD3B,0.324,0.775,0,0.79,0.324,0.4
DOC2A,0.677,0.492,0.404,0.149,0.681,0.387
HIRIP3,12.47,13.499,12.361,14.675,13.129,14.308
TAOK2,31.642,34.523,32.471,31.205,26.283,32.875
TMEM219,82.754,81.058,79.315,85.726,99.233,86.682
HMGA2,49.828,32.9,28.246,30.988,10.646,21.292
MMP3,203.245,220.454,204.151,268.013,228.571,249.042
CNKSR2,0.113,0.138,0.228,0.244,0.637,0.418
CNTN5,0,0,0,0.04,0,0.011
KLRF1,0.123,0.204,0.278,0.229,0.406,0.272
CLEC1A,0.711,0.78,0.111,0.412,0.235,0.353
MKX,3.022,5.942,7.752,6.74,16.009,12.069
MPP7,0.303,0.287,0.269,0.389,0.368,0.312
ITGB1,2026.453,1797.257,1717.175,1918.459,1479.417,1663.001
FXYD4,0,0,0,0,0,0
TRIM48,0,0,0,0,0,0
OR8K1,0,0,0,0,0,0
OR5M9,0,0,0,0,0,0
PCDH15,0.034,0.117,0.134,0.097,0.188,0.205
CTF1,7.741,7.518,10.19,10.951,16.375,13.405
CWC15,33.101,36.41,36.016,35.366,41.196,34.735
FCGR1A,0.398,0.752,0.702,0,0,0
ARID5B,38.676,58.268,63.347,43.972,50.2,52.937
KLHL1,0,0,0,0,0,0
CDH8,0.047,0.03,0.044,0.06,0,0.106
DCUN1D2,16.806,18.87,20.547,16.257,11.855,14.449
TMCO3,127.318,123.813,119.462,121.935,110.824,121.18
TMEM218,12.83,12.448,14.609,13.46,18.489,15.786
TIRAP,5.245,6.636,6.395,5.702,5.53,7.023
EEF1AKMT1,10.177,13.293,12.531,11.633,15.57,11.848
LATS2,29.245,28.214,27.719,28.099,28.397,29.585
SAP18,118.837,133.161,134.176,136.702,136.768,121.478
ADGRL3,0.006,0.006,0,0,0.006,0.006
KIAA1328,12.941,14.351,13.932,12.964,6.312,11.348
FAM124A,0.921,0.686,0.463,0.657,0.225,0.469
MIA2,7.5,9.594,8.984,8.581,6.627,7.941
HNMT,13.554,9.544,20.49,12.715,20.754,15.676
LYPD1,0.309,0.39,0.457,0.354,0.14,0.355
LYPD6B,6.161,5.348,8.301,9.661,12.455,7.957
PDCD4,60.843,79.818,86.953,60.97,72.836,71.237
ADRA2A,5.832,17.604,24.362,19.594,53.713,39.17
GPM6A,0.031,0.093,0.097,0.055,0.084,0.091
WDR17,0.184,0.085,0.136,0.104,0.159,0.119
SPATA4,0.04,0.162,0.303,0.11,0.149,0.183
VEGFC,87.93,61.299,53.698,76.545,50.029,58.94
CCDC102B,2.642,4.174,3.007,1.398,2.912,3.173
CD226,0.29,0.677,0.126,0.268,0.087,0.215
CNDP1,0.119,0.106,0.07,0.042,0,0.077
FSIP1,0.884,0.736,0.752,0.725,0.663,6.019
DLG2,1.494,0.928,0.745,0.681,0.385,0.435
CCDC83,0.132,0.044,0.14,0.033,0,0
RGS18,0,0,0,0,0,0
PRSS23,169.513,199.61,225.134,311.447,426.934,388.53
MTMR12,13.528,13.01,12.726,11.966,9.349,13.232
PPP1R1C,0,0.093,0,0,0.083,0
C11orf53,0,0,0,0,0,0
CCT5,163.621,127.285,137.601,162.024,142.971,135.901
ATPSCKMT,9.154,8.37,9.153,10.936,12.141,10.552
DOCK1,40.474,40.592,39.467,39.239,34.943,39.719
DIXDC1,8.427,10.957,11.16,9.362,9.419,9.789
DLAT,18.726,14.902,16.681,17.389,17.52,15.176
PIH1D2,0.267,1.239,1.425,0.953,2.773,1.946
NKAPD1,15.604,25.483,25.14,22.057,24.11,27.029
TIMM8B,41.985,36.494,39.763,35.633,46.505,32.486
IL18,0.265,1.426,0.684,0.369,0.33,0.365
TEX12,0,0.22,0.428,0.249,0.122,0.122
PTS,31.216,32.46,26.955,28.72,27.814,28.567
PIP4K2A,21.861,22.814,23.874,26.677,19.541,20.909
C2orf50,0.342,0.257,0.382,0.281,0.083,0.498
FREM2,0,0.005,0.021,0,0.009,0
FOXO1,1.404,1.868,2.3,1.726,1.609,1.773
CRIM1,81.126,84.475,90.493,89.243,105.795,113.625
SEC24D,73.003,71.713,69.903,75.489,68.116,73.908
ABCB9,4.472,6.089,7.51,5.37,3.558,5.949
RILPL2,16.763,19.46,18.945,16.104,23.278,19.426
DHX37,10.661,9.762,7.582,9.797,8.088,9.054
UBC,1000.88,1076.447,1101.085,1082.142,1181.024,1108.543
ITPR1,1.217,2.119,1.559,1.148,0.594,1.058
TKTL2,0,0,0,0,0,0
PRSS53,7.442,8.335,8.873,9.875,6.085,11.2
SLC7A11,16.92,18.01,19.712,10.629,10.2,12.506
NOCT,6.196,6.097,7.083,6.015,3.478,4.204
ENKUR,0,0.07,0.074,0,0.423,0.044
GPR158,0.034,0.068,0.049,0.031,0.051,0.062
LYZL2,0,0,0,0,0,0
CACNA2D4,0.12,0.343,0.222,0.219,0.109,0.674
DCP1B,8.402,11.543,14.593,12.516,14.463,14.386
CACNA1C,3.338,5.264,6.067,4.935,8.322,8.516
KCNA6,0.019,0,0,0,0,0
THRB,9.154,16.615,28.32,21.473,35.172,29.198
NGLY1,17.063,17.8,18.438,20.291,19.924,16.811
OXSM,6.534,8.091,6.866,7.926,6.853,6.688
UEVLD,16.153,14.271,13.767,14.01,11.912,13.12
TMEM86A,0.519,0.969,1.106,0.719,0.914,0.922
C12orf45,9.154,7.706,7.24,5.768,7.47,4.412
TMEM263,73.22,68.997,71.217,71.23,68.792,75.55
BTBD11,2.809,1.169,1.768,1.528,0.783,0.67
UBE3B,17.901,19.14,21.262,18.362,15.873,19.888
ANK3,0.461,0.629,0.053,0.128,0.965,1.072
IPMK,4.494,4.68,5.796,5.067,3.597,5.047
RAD9B,0.29,0.239,0.23,0.238,0.165,0.42
PLBD2,73.872,81.225,82.081,72.967,74.204,81.969
DLG5,27.501,28.701,30.722,25.747,23.132,26.281
MAT1A,0,0,0,0,0,0
SLC2A13,5.424,3.831,3.488,3.768,2.266,3.17
GXYLT1,10.331,9.763,9.35,9.485,7.228,9.161
TWF1,104.884,91.711,90.221,107.796,85.352,90.675
DIP2C,17.981,19.575,17.313,16.65,14.859,18.635
EIF4E,66.681,50.152,47.97,56.972,49.198,54.883
MAGI1,8.549,7.858,7.773,9.998,7.383,9.106
TEX30,14.633,13.651,10.842,17.09,13.124,12.756
CSNK1G3,25.349,30.04,27.18,25.228,23.97,26.801
SRFBP1,5.789,5.698,5.247,5.365,3.815,5.3
AKAP6,0.707,0.477,1.033,0.47,1.175,0.836
NPAS3,0.095,0.122,0.224,0.111,0.183,0.163
FAM177A1,61.041,55.1,48.948,49.72,45.693,41.746
MBIP,16.578,20.171,22.584,21.241,21.944,21.955
MIPOL1,4.508,3.299,4.073,3.066,4.11,4.473
EXT2,75.224,75.426,74.748,66.875,77.526,71.901
TMEM18,17.537,22.23,24.102,22.273,20.707,24.59
ALLC,0,0,0,0,0,0
KCTD14,0.558,0.633,0.336,0.433,0.379,0.608
THRSP,0.24,0.322,0.085,0.074,0,0
NDUFC2,226.506,176.418,203.899,204.3,228.292,217.365
ME3,6.3,7.93,11.6,10.05,13.536,17.629
MSGN1,0,0,0,0,0,0
ADAMTS12,11.683,11.198,9.135,12.159,11.282,10.767
NUBPL,5.204,7.608,6.262,7.487,7.193,5.322
NEK7,77.624,86.791,102.489,115.598,165.901,148.175
ATP6V1G3,1.266,1.374,0.712,2.097,3.519,1.437
FER,12.602,12.527,11.205,15.938,6.355,10.841
VIPAS39,13.01,15.512,17.289,12.981,18.387,15.124
ANKRD50,9.715,10.644,11.502,10.372,7.085,9.372
UPF2,13.317,14.48,15.502,13.415,11.581,13.683
CDC123,73.291,76.337,72.275,85.386,85.707,77.376
SCLT1,5.024,5.633,6.537,5.548,5.168,5.783
CCDC3,0.164,0.207,0.165,0.047,0.07,0.188
C4orf33,0.964,7.37,7.454,3.191,7.33,3.296
FRMD4A,26.002,14.538,14.088,25.226,12.709,21.857
SLC25A31,0,0,0,0,0,0
PTPRO,0.01,0.072,0.08,0.092,0.054,0.109
EPS8,44.276,54.237,58.527,60.076,64.278,65.305
ACAD8,15.382,13.469,13.565,12.922,11.664,13.853
THYN1,21.21,22.862,26.177,25.596,27.51,24.39
VPS26B,39.507,44.188,43.436,40.362,46.519,43.506
NCAPD3,14.525,14.414,15.854,15.399,11.91,16.298
VTI1A,10.351,10.377,9.309,9.806,7.772,8.818
QDPR,28.462,27.27,21.637,21.351,29.688,25.871
FAM160B1,15.286,19.879,21.93,14.897,11.667,16.155
ANO4,1.728,1.639,1.884,2.208,2.386,2.123
TEX9,2.829,4.503,5.392,4.022,3.817,4.219
QTRT2,6.697,9.787,6.243,5.806,4.796,7.958
DRD3,0,0,0,0,0,0
MMAA,5.735,4.915,5.198,4.672,4.442,5.206
ZNF827,3.025,3.262,4.284,4.234,3.762,5.036
POU4F2,0,0,0,0,0,0
EDNRA,2.363,2.37,1.223,2.04,0.996,1.277
NR3C2,0.081,0.042,0.09,0.051,0.301,0.063
AKR1C2,38.954,40.114,55.444,52.568,67.273,61.773
DPYSL4,5.413,4.756,4.295,6.902,5.322,5.328
VENTX,0.078,0.219,0.33,0.125,0.154,0.147
ADAM8,1.48,1.789,1.165,1.275,0.996,1.231
ITIH2,0.058,0.087,0.031,0,0.026,0.026
KIN,2.668,3.075,3.796,3.014,3.016,3.193
PIGF,34.467,36.899,35.057,30.288,34.798,35.615
ANKAR,0.75,0.845,1.061,0.742,1.06,1.076
INPP1,22.961,17.261,18.476,20.848,21.141,20.187
MFSD6,12.196,11.237,9.985,13.104,7.058,7.794
RNF144A,0.532,0.5,0.508,0.586,0.25,0.556
ASAP2,24.392,22.838,21.027,26.09,25.992,23.768
ADAM17,17.835,18.676,18.859,16.081,15.886,18.086
FLI1,5.805,4.589,3.243,3.711,4.787,5.501
KCNJ1,0.066,0,0,0,0.03,0
TMEM45B,0.491,0.67,0.378,0.2,0.106,0.432
WWC2,22.334,20.402,19.27,21.903,17.408,20.324
CENPU,22.415,21.535,22.594,29.967,18.394,21.708
ACSL1,23.664,23.936,22.112,20.177,19.738,19.623
SLC25A4,5.141,5.457,5.829,5.921,5.727,5.2
AMN1,6.615,5.525,4.882,4.355,2.996,4.007
BICD1,12.449,12.798,11.975,11.805,7.693,8.356
SAV1,32.957,30.045,31.321,28.021,20.767,22.474
CCDC122,3.217,3.445,3.693,3.63,3.297,2.925
SERP2,2.642,4.802,2.546,4.203,5.133,2.891
NBAS,15.855,16.79,16.806,17.467,17.55,20.999
ZNF385D,4.264,3.281,2.808,4.429,1.199,2.601
TDO2,0.155,0,0.055,0.351,0.093,0.047
GUF1,7.56,7.678,8.688,7.06,5.94,6.49
SLC35F4,0,0,0,0.05,0.149,0.2
GABRA2,0.096,0.032,0.101,0,0.081,0.104
SACS,35.617,30.274,29.218,33.67,15.734,28.752
CCDC175,0,0,0,0,0,0
PABPC3,0,0.026,0.056,0,0.024,0
CENPJ,5.233,6.373,7.986,7.465,4.337,6.914
FBXO4,6.815,6.655,5.857,8.059,10.001,8.776
TMEM267,15.253,11.719,12.856,11.161,15.344,11.638
CCL28,0.392,1.143,1.164,1.007,0.688,0.938
PARP8,19.926,24.098,27.333,20.355,26.959,21.169
GFRA1,5.499,7.329,8.577,7.429,10.06,8.5
CACUL1,6.868,7.343,7.807,6.684,6.181,6.883
DST,112.734,113.712,142.915,103.607,66.443,117.631
BEND6,34.258,32.652,32.115,30.832,32.126,27.141
TIAL1,59.193,61.653,67.395,62.431,44.615,68.312
BAG3,47.484,45.79,38.435,44.146,37.996,43.509
GLT1D1,0.051,0.103,0.032,0.047,0,0
TMEM132D,0,0,0,0,0,0
RBM46,0,0,0,0,0.033,0
SCHIP1,0,0.98,0,0.881,0,0.714
MCHR2,0,0,0.023,0.04,0.019,0.181
KCNE4,1.423,2.753,3.333,3.096,4.734,4.269
AP1S3,1.814,2.076,1.31,1.34,1.264,0.966
RABGAP1L,11.74,14.223,16.111,13.544,11.804,13.007
CCDC74B,8.02,11.658,16.102,10.208,14.925,17.48
TLCD4,0.379,0.306,0.269,0.517,0.489,0.351
MZT2B,288.785,286.661,295.141,314.629,392.684,364.82
TUBA3E,0.165,0.43,0,0.422,0,0.121
ASTN1,0.011,0.022,0.082,0.02,0.03,0.05
CFC1B,0,0,0,0,0,0
FAM168B,52.971,52.191,54.311,50.536,47.862,50.504
PTPN14,43.165,44.161,40.905,43.375,22.482,42.885
MGAT5,14.574,13.229,11.403,15.15,10.048,12.513
TMEM163,0,0.183,0,0,0,0
GPATCH11,6.578,7.697,6.423,6.943,5.862,6.844
HSPB8,5.916,6.489,6.095,5.279,6.125,6.046
GEMIN6,14.564,12.721,12.41,13.014,13.699,12.774
TMEM178A,0.582,0.796,0.901,0.484,0.143,1.306
POU4F1,0,0,0,0,0,0
OBI1,6.608,6.394,6.414,7.478,6.741,8.235
CYSLTR2,0.12,0.137,0.128,0.094,0.046,0.047
GRID2,0,0,0,0,0,0
ARL11,0.14,0.164,0.367,0.168,0,0.184
RIT2,0,0,0,0,0,0
SETBP1,4.793,6.167,6.252,5.78,4.477,6.613
ARL14EP,15.116,18.891,19.384,16.134,20.691,16.401
EPG5,17.339,17.922,17.014,21.703,14.773,22.363
PSTPIP2,3.61,4.046,3.821,6.081,4.704,4.939
ATP5F1A,252.745,256.176,245.493,245.979,286.89,259.262
HAUS1,25.214,30.242,27.538,25.808,35.746,30.608
C18orf25,6.445,9.031,10.474,7.912,5.655,7.434
SPC25,10.673,12.132,13.071,13.31,13.09,11.989
G6PC2,0.082,0.027,0.264,0.1,0,0.125
PDK1,26.512,24.41,21.58,32.948,22.051,26.558
PTH,0,0,0,0,0,0
PDE3B,0.093,0.093,0.118,0.061,0.048,0.108
TCF7L1,10.201,12.448,10.582,8.044,6.546,9.833
TGOLN2,107.487,107.221,106.25,105.739,85.912,98.1
SH2D6,0,0.23,0.427,0.158,0,0.261
KCNK13,0,0,0,0,0.033,0
UHMK1,19.288,17,17.698,18.418,11.832,16.878
ATG10,10.026,9.632,13.083,8.654,9.913,5.866
POC5,3.41,4.287,4.652,4.893,3.787,3.646
SPOCK1,164.331,170.056,173.577,197.131,173.658,193.822
FAM151B,2.238,2.077,2.202,2.407,2.167,2.082
TADA1,5.583,5.795,6.59,5.544,5.247,5.252
GUCY1A2,0.198,0.297,0.215,0.617,0.365,0.37
CWF19L2,6.378,7.349,7.931,6.924,7.472,6.899
JMY,9.284,10.085,10.626,8.478,7.038,8.94
HOMER1,3.474,3.918,4.978,4.803,2.085,5.241
XRCC4,5.714,6.314,6.727,7.052,7.296,6.31
BOLL,0.03,0,0,0.028,0,0
ZNF547,1.241,1.564,1.353,1.21,1.506,2.841
ZNF773,5.299,8.224,7.593,6.465,6.669,8.422
ZNF776,6.961,6.37,6.563,5.381,5.021,4.991
ZNF256,3.771,4.629,5.129,3.57,2.879,3.322
SUV39H2,10.539,8.341,7.719,11.43,7.727,7.413
DCLRE1C,9.211,8.807,11.949,8.247,7.019,9.401
OLAH,0,0.889,0.253,0.05,0,0.492
RPP38,11.854,13.557,12.671,12.79,12.431,11.395
NMT2,19.676,18.796,18.228,20.047,18.288,19.344
ZSCAN1,0,0.13,0.111,0.119,0,0.117
ZNF837,1.522,2.377,2.357,1.421,1.748,1.44
USP12,25.692,19.698,22.953,24.411,18.003,20.574
CCDC50,42.93,38.739,40.058,41.845,42.384,42.649
CAMK4,1.13,0.913,1.088,0.985,0.727,0.928
TRIM36,0.177,0.181,0.704,0.325,0.159,0.08
ZFP36L2,66.181,91.973,99.566,107.622,109.416,126.64
PAN3,9.708,11.004,11.443,11.308,8.865,11.662
PLEKHH2,3.627,4.434,5.521,3.748,2.51,5.104
PFKM,60.342,71.525,66.593,67.495,66.973,60.378
TMEM123,158.774,143.858,146.747,153.519,139.881,129.273
GRIA4,0.06,0.152,0.032,0.447,0.027,0.081
IGSF10,0.336,0.869,1.474,1.103,3.049,2.607
SPEF2,4.453,5.15,5.718,4.744,4.923,6.144
SPARCL1,0.623,0.655,0,0,0,0.03
DSPP,0.037,0,0,0,0,0
DMP1,0,0,0,0,0,0
MEPE,0,0,0,0,0,0
MBNL1,69.746,83.19,84.701,72.121,66.85,92.439
CAPSL,0.696,0.62,0.37,0.487,1.108,0.531
NADK2,24.84,23.667,30.911,24.743,20.99,23.598
GPD1L,5.994,4.492,5.257,4.127,3.508,4.63
GJA1,212.884,199.437,176.521,244.514,142.065,190.244
CCNO,0.335,0.538,0.285,0,0.181,0.304
DDX4,0,0,0,0,0,0
CLEC4F,0,0,0,0,0.038,0
SLC30A6,16.69,15.435,16.458,14.499,12.668,12.804
PELO,11.752,11.241,11.033,11.859,12.577,11.245
RASGRP3,0.476,1.303,1.562,1.125,0.903,0.649
SAR1B,38.647,40.267,43.163,36.11,32.476,36.9
CATSPER3,0.337,0.406,0.143,0.123,0.607,0.195
GPR180,4.16,3.391,3.112,4.13,2.938,3.614
DYNLT5,1.797,1.124,1.593,1.845,2.528,2.345
DNAI4,3.12,2.066,2.896,2.723,1.644,1.684
ANKRD22,0.064,0.253,0.045,0,0.208,0
FARP1,58.29,62.08,70.061,68.557,73.232,75.206
IFIT5,18.021,17.482,15.039,14.55,14.152,14.815
SLC16A12,0.064,0.02,0,0.019,0.056,0.467
PANK1,1.377,1.799,1.661,1.546,1.268,1.629
PRDM8,19.897,16.162,15.509,17.446,12.359,18.24
BMP3,0.107,0.052,0.181,0.012,0,0.059
HNRNPDL,202.279,190.926,194.969,220.926,191.355,216.43
HHEX,0.102,0.166,0.059,0.139,0.249,0.118
UTRN,71.395,71.36,72.302,64.797,45.761,69.382
GRM1,0.042,0.033,0,0,0,0
PTPRK,31.8,32.559,31.605,29.955,31.157,33.508
GGPS1,30.113,29.402,28.216,31.872,30.134,30.42
CNTNAP4,0,0,0,0,0,0
ZNF117,3.244,3.659,4.435,2.853,1.611,3.546
RAB3C,0,0.026,0,0,0,0
LMNTD1,0.442,0,0.652,0.143,0,0.789
MARVELD2,0.459,0.658,0.429,0.508,0.779,0.621
RAD17,13.04,13.444,14.867,13.489,12.162,14.632
MED21,15.285,16.945,17.005,17.103,15.417,14.658
PLOD2,122.763,103.636,89.381,116.071,78.071,92.193
STK32B,15.565,19.278,21.303,16.372,21.735,17.938
NRSN1,0.748,0.565,0.214,0.348,0.129,0.361
JAKMIP1,0,0,0,0,0.085,0
ZIC1,0.288,1.994,1.745,0.44,0.377,1.573
ADGRA3,17.415,14.276,12.916,12.361,8.911,11.007
CPB1,0,0.125,0.066,0.114,0.279,0
SREK1IP1,7.254,6.741,7.873,8.005,5.647,6.825
LGI2,0.012,0,0,0,0.022,0
CWC27,21.128,21.66,22.39,20.954,21.411,19.062
MR1,8.589,13.379,14.269,15.014,16.394,15.49
SRP19,53.139,49.633,46.128,48.913,43.668,41.701
CENPH,11.739,11.024,14.243,14.245,11.29,16.042
CDYL,17.139,19.815,20.005,18.519,16.111,19.27
CARHSP1,113.277,129.177,101.649,132.762,120.326,122.72
TEKT5,0,0,0.177,0,0,0
BANK1,0.023,0,0,0.037,0,0.11
TXNDC11,15.854,14.704,14.473,13.975,14.781,16.415
DAB2,159.863,165.233,178.647,166.855,173.268,190.502
ACMSD,0.296,0.67,0.472,0.408,0.4,0.874
ACOXL,1.728,1.81,2.532,1.231,1.456,1.655
BCL2L11,6.118,6.29,6.019,3.352,4.609,4.446
ANAPC1,19.775,24.721,22.376,17.036,17.484,21.176
CAST,259.277,258.335,273.227,234.856,215.879,240.059
SCOC,43.833,40.514,40.171,43.638,45.322,44.158
CLGN,1.587,1.265,1.624,1.725,1.276,1.995
CETN3,21.154,22.67,26.308,24.053,24.35,27.615
SMARCA5,23.416,21.354,22.918,23.378,20.245,23.263
SYCP2L,0.104,0.173,0.294,0.063,0.062,0.094
BMP6,2.613,2.349,1.906,2.397,2.74,2.345
RGPD3,0.024,0.037,0.094,0.136,0.062,0.092
RASSF3,5.606,4.203,3.735,6.577,4.271,5.138
HNRNPU,210.327,198.706,203.637,207.937,164.219,198.789
RANBP2,21.783,21.746,22.7,19.204,13.515,18.419
AHCTF1,16.324,14.484,14.55,14.343,10.939,14.07
MERTK,0.026,0.206,0.193,0.128,0.024,0.072
TMEM87B,33.658,24.253,23.043,22.755,17.112,23.166
OR14K1,0,0,0,0,0,0
PTPRR,0,0.095,0.067,0.038,0.076,0
NR4A2,2.042,2.246,2.22,1.269,1.391,1.386
CCDC148,0.162,0.499,1.027,0.518,1.097,0.875
PLA2R1,20.778,21.535,20.314,17.043,13.148,17.768
RBMS1,119.486,109.254,112.476,108.439,96.743,104.869
SCN3A,0,0,0.016,0.013,0.026,0.08
FEZF2,0.136,0.181,0.048,0.165,0,0.082
CD96,0.02,0,0.265,0.495,0.034,0.358
SLC25A27,11.149,13.653,25.668,14.499,8.04,20.029
ADGRF1,0.133,0.281,0,0.183,0.143,0
ADGRF4,0,0.134,0,0,0.072,0
FRMD1,0,0,0,0,0,0
CYRIB,16.98,14.805,12.655,13.472,12.157,13.117
ASAP1,43.436,40.812,42.354,37.477,26.654,37.338
TRAPPC8,14.661,13.717,14.852,12.612,9.849,12.166
FAM81B,0,0,0,0,0,0
INO80C,10.027,10.262,9.424,11.505,8.708,7.944
LPCAT1,32.835,29.967,30.049,35.632,29.576,33.651
PLEKHG4B,0.134,0.055,0.066,0.031,0,0.037
NMRAL1,36.926,35.289,42.702,37.507,44.237,38.18
UBALD1,27.119,27.65,29.447,27.526,24.336,33.712
C16orf89,0,0.19,0.174,0,0.086,0.172
TMEM251,11.131,10.176,11.541,9.611,8.024,8.884
ING1,15.398,15.293,16.724,13.663,15.045,15.912
TEX29,0.886,1.049,1.881,1.235,1.87,1.877
SPACA7,0.836,0.185,0.35,0.308,0.289,0.734
ADPRHL1,2.698,3.478,3.114,3.527,5.157,4.234
CMTM7,10.25,10.239,6.622,11.237,9.246,7.291
FBXL2,2.497,1.929,2.306,2.023,1.979,2.158
UBP1,36.24,33.603,32.355,31.507,27.893,30.842
RMND5A,7.52,8.514,8.794,9.176,7.5,10.022
CD8A,0.108,0.081,0.029,0.025,0,0.099
RPIA,13.867,12.458,11.841,13.29,13.872,12.455
GOLGA8F,0.142,0,0.05,0.172,0.064,0.174
PTPRD,0.744,1.198,1.309,0.631,1.163,0.912
LURAP1L,14.468,20.589,24.315,25.273,38.003,30.908
CNKSR3,4.74,4.723,5.287,5.808,6.261,6.58
GTF2E1,4.086,4.159,3.197,5.555,5.229,4.644
CFDP1,72.405,69.007,71.479,66.162,70.407,61.376
TGIF2LX,0,0,0,0,0,0
ZDHHC7,53.454,59.278,58.619,58.927,55.771,61.365
CIBAR2,0.676,0.513,0.462,0.255,0.042,0.746
C7orf31,1.766,2.394,2.441,2.619,3.533,4.613
TMPRSS11D,0.06,0.119,0,0.109,0.054,0
JAZF1,12.432,14.496,16.611,16.322,17.534,21.64
CMIP,16.024,16.1,16.841,17.183,14.624,19.065
SPHKAP,0,0,0,0,0,0
KCNJ16,0,0,0.687,0.202,0,0
PID1,30.622,18.214,9.68,18.634,12.291,15.667
TRIP12,89.251,90.778,96.175,84.727,58.903,77.903
FBXO36,1.979,1.543,2.566,1.38,1.752,1.761
CEBPG,17.093,19.038,21.244,23.077,27.655,28.397
KCTD15,37.701,32.511,30.588,37.459,33.907,41.258
ZNF599,6.889,4.93,4.22,4.73,4.949,7.435
MCOLN2,0.11,0.116,0.24,0.237,0.097,0.05
LGI4,0.747,1.001,1.063,0.398,0.086,0.445
DDAH1,64.351,51.218,49.79,71.678,57.531,62.655
SREK1,31.326,29.99,33.93,25.495,18.568,26.556
CHD1,11.885,9.772,12.582,11.678,7.518,9.82
ANKFN1,0.049,0.208,0.39,0.159,0.773,0.931
DGKE,2.54,2.644,4.707,2.922,1.456,2.28
HS2ST1,20.615,19.572,17.077,15.29,11.067,15.422
MSI2,2.172,3.094,3.728,2.7,3.486,3.817
CACNA2D1,20.242,20.948,22.246,18.695,12.303,16.94
ZUP1,7.191,6.233,6.519,6.494,7.184,6.655
HS3ST3A1,21.874,16.698,12.37,17.365,12.812,15.645
GDPD1,0.588,0.763,0.749,0.658,0.367,0.664
NUS1,27.249,23.316,24.109,23.943,20.481,24.391
SEMA3D,1.273,2.412,3.072,3.081,6.106,4.948
PPP2R5E,28.601,26.238,28.404,25.397,22.339,26.32
ASB17,0,0,0,0,0,0
GRAP,0,0.13,0.132,0.118,0.039,0
SLC5A10,0,0.044,0.047,0,0,0
AK5,51.777,50.943,48.542,59.56,51.395,54.773
CABYR,2.399,3.195,4.381,3.454,3.38,4.647
IMPACT,23.225,28.544,24.73,23.208,19.221,24.243
ANKRD29,4.704,3.168,3.621,4.644,4.199,4.244
SDHAF4,6.656,8.183,7.76,6.736,6.82,6.889
CHST9,0.048,0.014,0.015,0.019,0,0.025
THY1,349.806,349.423,397.507,575.617,660.789,556.287
DNAAF1,0.367,0.8,0.188,0.408,0.063,0
C16orf74,2.831,2.657,3.109,2.879,4.488,4.849
TBCEL,10.661,12.069,14.037,11.476,11.715,13.143
JPH3,0.294,0.239,0.02,0.267,0.066,0.25
ANKH,43.26,34.038,27.022,35.923,19.463,27.66
OTULIN,6.089,10.839,8.967,8.079,5.343,7.504
UBASH3B,10.478,8.453,6.908,10.391,6.016,9.069
ROBO4,0.658,0.536,0.714,0.586,0.29,0.647
ROBO3,8.903,8.387,7.827,8.819,7.352,9.738
PANX3,0,0,0,0,0,0
TBRG1,24.218,31.972,22.807,19.296,22.189,22.201
NRGN,3.449,5.455,4.438,3.957,2.992,3.715
RETREG1,1.33,2.126,1.531,1.222,0.921,1.081
CDH12,0.836,0.946,0.942,0.789,0.223,1.077
GPR15,0,0,0,0,0,0
TOMM70,30.42,31.15,29.06,30.098,28.075,29.659
ABI3BP,151.274,187.813,157.353,221.082,143.979,201.951
ANGPT1,5.447,5.706,4.62,5.542,7.542,5.159
PITPNC1,5.439,3.898,3.89,4.906,2.374,3.489
CC2D1B,11.331,12.976,9.983,14.037,10.259,13.34
CERS3,0.093,0.468,0.116,0,0.059,0
PRKCA,55.744,48.658,41.873,47.882,29.148,42.433
LRRK1,9.481,10.77,10.674,9.151,8.97,10.224
CEP112,8.29,10.031,10.708,11.485,8.44,9.562
GAL3ST2,0,0,0,0,0,0
ABCA9,12.856,16.476,19.307,13.966,9.491,14.933
ABCA6,21.072,21.567,21.928,23.691,15.329,22.412
ABCA10,0.747,1.305,3.108,1.793,1.77,1.345
ABCA5,2.476,4.792,6.061,3.95,4.32,4.717
ENPP3,0,0,0,0.022,0.025,0
C4orf19,0.281,0.497,0.944,0.902,0.132,0.117
UCHL1,12.261,11.171,11.579,13.046,11.389,13.025
MIA3,36.434,39.784,47.446,33.169,30.318,36.928
DISP1,3.86,6.39,4.66,2.511,3.851,3.396
TNIK,0.361,0.521,0.57,0.509,0.669,0.653
FAM167A,10.78,7.203,8.049,9.59,7.213,8.732
NEIL2,12.943,10.235,11.692,12.608,9.527,11.312
PGM5,0.382,1.674,0.609,0.358,0.279,1.576
WNT3A,0.028,0.028,0,0,0,0.025
OBSCN,3.116,2.846,3.465,3.416,1.992,3.26
LONRF1,10.609,9.973,10.159,10.93,11.133,10.871
TRIM11,15.106,13.502,14.968,14.693,14.304,18.151
ENAH,69.814,78.187,78.132,57.65,66.272,65.73
PPP1R3A,0,0,0,0,0,0
CCSAP,5.348,4.994,4.281,5.511,3.654,4.4
ASZ1,0,0.047,0,0.087,0,0.086
SH3RF1,27.26,25.12,25.743,21.102,18.321,21.669
GBP5,0.618,0.708,1.05,0.677,0.592,1.456
BUB3,108.7,102.612,93.227,123.333,96.273,114.964
GPR26,0.106,0.045,0.024,0.014,0.007,0.034
CCDC173,0.079,0.158,0.084,1.052,0.142,0.179
MMP21,0.233,0.209,0.186,0,0.158,0.212
C10orf90,4.607,3.459,4.405,3.917,2.103,3.885
DIPK1A,20.095,28.025,26.529,21.412,24.198,24.748
ATP5MC3,154.536,148.158,132.31,151.969,163.738,133.487
CNTNAP3B,0.152,0.137,0.043,0.231,0.141,0.058
MAGED4,21.374,31.747,21.47,34.542,24.926,31.077
SRSF12,0.294,0.064,0.131,0.126,0.128,0.112
PDLIM3,0,0,0,0,0.087,0.156
SORBS2,0.936,1.156,0.859,0.476,2.157,1.411
ELOC,83.813,73.145,69.504,76.549,79.426,77.85
LY96,55.443,56.552,51.99,55.247,50.13,47.67
PSMA8,0,0,0,0,0,0
TMSB4Y,0,0,0,0,0,0
CXADR,0.139,0.358,0.156,0.013,0.233,0.242
BTG3,32.105,27.316,27.094,35.436,26.241,31.677
C21orf91,3.674,6.901,5.873,4.697,4.266,5.817
CHODL,0.108,0,0,0,0.094,0
TMPRSS15,0.571,0.145,0.909,0.53,0,0.259
NCAM2,0.222,0.136,0.327,0.342,0.215,0.217
L3MBTL4,0.213,0.035,0.024,0.016,0.016,0.08
PDE1C,9.857,12.549,14.253,16.026,22.388,24.154
RABGEF1,55.693,55.06,53.58,54.741,50.02,59.226
MRPL39,22.605,20.245,18.922,24.122,22.36,21.896
JAM2,4.8,4.583,4.085,4.605,3.92,4.682
ATP5PF,157.906,164.987,155.136,166.057,183.578,147.103
GABPA,16.41,17.227,16.74,17.129,13.181,16.108
ADAMTS1,109.485,128.238,119.164,119.843,112.631,121.929
ADAMTS5,5.038,7.735,8.517,5.403,8.731,8.677
TSEN2,6.052,5.432,5.178,5.664,5.577,5.534
SLFN13,0.818,0.89,1.054,0.629,0.684,1.124
WNT7A,0.102,0.061,0.065,0,0.018,0.018
XPC,52.429,56.702,55.694,59.714,52.438,58.343
CCDC174,7.74,11.071,12.203,9.687,9.505,9.92
FGD5,0.155,0.028,0.161,0.057,0.056,0.038
FLCN,35.433,41.162,50.438,23.19,16.99,26.804
DPH3,16.759,13.925,13.148,16.102,15.233,15.279
OXNAD1,4.43,4.597,5.113,6.034,4.279,4.377
PLCL2,1.727,2.544,2.626,2.563,2.322,2.942
CXXC1,40.312,39.298,42.573,38.207,39.352,40.556
SKA1,7.155,8.96,10.158,9.639,7.803,7.549
PPP4R1,51.204,45.608,39.677,41.29,39.188,39.312
APCDD1,9.646,16.169,20.08,19.079,21.15,21.363
PIEZO2,4.611,8.584,9.717,7.837,6.795,8.818
MPPE1,19.56,21.534,24.706,21.594,22.675,18.787
USP43,0.14,0.167,0.041,0.239,0.064,0.244
RAB6B,6.145,5.565,5.281,4.168,2.506,4.2
EME1,2.003,2.923,3.699,5.706,4.194,4.621
EPHB1,2.64,1.49,1.112,1.848,0.817,1.626
ACSS1,0.993,1.259,2.004,2.14,2.057,2.476
ANKRD40,26.674,24.27,23.008,28.701,24.54,28.447
ZNF18,4.65,5.517,5.465,4.516,6.755,5.196
CA10,0,0,0,0,0,0
VOPP1,85.544,76.284,71.639,86.114,80.204,83.716
SEPTIN14,0.585,0.671,0.611,0.422,0.836,0.945
APOOL,6.554,6.003,6.491,6.202,5.552,5.996
DKK2,2.746,2.697,3.301,3.572,8.823,5.744
CYP2U1,8.779,10.64,10.686,8.275,8.276,10.149
RSPH10B,0.034,0,0,0.089,0,0.029
FBXL18,6.397,6.039,6.438,4.613,3.723,5.839
CNTNAP5,0.015,0.03,0.048,0.069,0.027,0.055
PROM2,0.61,0.737,0.625,0.248,0.43,0.446
AK9,5.208,6.706,7.417,4.16,7.339,7.295
ODF1,0,0,0,0,0,0.405
KLF10,49.069,66.853,66.606,45.09,45.696,52.112
PTPRN2,0.684,0.495,0.471,0.576,0.6,0.869
AZIN1,59.416,60.379,59.289,57.359,56.607,57.34
ATP6V1C1,23.636,24.761,25.202,20.283,20.101,21.628
PIP4P2,21.842,22.76,19.665,17.595,17.73,15.917
OTUD6B,6.481,7.242,6.873,7.082,5.335,6.813
CDK19,14.979,16.772,19.042,15.853,12.799,19.085
GTF3C6,67.098,62.454,66.563,65.957,60.423,55.096
TTC39B,5.333,4.273,5.104,4.521,5.163,5.449
AGPAT5,9.146,7.207,4.487,9.493,5.561,7.089
MMS19,34.36,36.263,38.867,39.493,31.849,39.206
OR4K1,0,0,0,0,0,0
PI4K2A,23.108,24.002,24.101,21.408,21.273,20.373
MARVELD1,73.491,73.941,68.662,79.309,71.556,77.911
ZFYVE27,13.707,15.342,15.961,12.944,13.047,14.034
GOLGA7B,0.046,0.112,0.04,0.068,0.011,0.023
GPR78,0.038,0.112,0.119,0.017,0.018,0.086
TRMT44,4.703,6.18,6.2,5.68,4.455,5.503
SLC25A28,26.294,29.227,30.288,22.037,24.129,26.972
HSPA13,33.41,31.834,29.416,35.483,27.138,29.868
SAMSN1,0,0,0,0,0,0
USP25,32.251,32.16,30.979,33.894,29.403,30.67
GRAMD2B,11.686,13.039,15.045,11.525,15.603,15.948
ZCCHC10,15.725,12.128,11.277,11.616,14.588,15.517
C16orf87,2.236,4.021,2.867,1.971,1.894,2.495
MOV10,17.578,20.798,20.904,19.696,15.792,20.719
RHOC,603.092,513.369,473.45,558.515,536.614,496.736
PPM1J,2.052,1.037,1.342,1.483,1.095,1.175
DBI,201.553,214.121,202.526,195.223,222.199,166.903
SLC16A1,39.966,36.668,36.198,39.517,36.586,40.257
HEATR3,7.759,5.872,7.184,7.327,6.437,6.141
TRIM74,0.541,1.329,0.787,0.296,0,0.998
NIFK,49.35,42.446,40.655,43.382,41.361,44.391
OXA1L,64.371,69.596,71.446,76.459,81.157,76.796
SLC7A7,1.416,2.402,3.087,1.916,2.546,2.631
MAGEC1,0,0,0,0,0,0
LARP1,80.267,66.745,73.19,81.16,66.272,78.397
CNOT8,44.93,51.536,48.742,48.903,44.475,46.626
GRIA1,3.25,5.195,8.314,9.747,15.118,14.352
LRGUK,0.118,0.094,0.126,0.043,0.047,0.066
SETD9,6.487,6.58,5.069,4.926,7.237,5.995
MIER3,5.747,7.987,7.312,7.258,5.05,6.313
NUP205,16.329,15.41,15.616,16.702,11.191,15.987
ZKSCAN2,2.014,2.189,2.674,2.552,1.926,2.337
C9orf85,11.925,11.73,15.277,11.988,14.483,12.782
XAGE2,0,0,0,0,0,0
PIK3AP1,0.126,0.145,0.215,0.047,0.092,0.046
RBM45,8.626,8.395,12.143,8.882,8.934,11.866
TTN,0.432,0.733,0.611,0.503,0.269,0.507
VSIG4,0,0,0,0,0,0
PDIA4,116.465,106.078,110.481,124.59,122.417,122.617
KDM8,2.371,3.095,2.452,2.666,1.992,2.835
PDZD9,0.27,0,0,0.083,0,0
OTOA,0.092,0.047,0.05,0.028,0.15,0.14
KCTD18,15.837,17.575,17.705,16.167,17.349,17.551
FAM126B,3.589,6.709,5.713,4.862,5.468,3.366
FLACC1,0.989,1.087,1.937,1.236,0.294,0.927
C2CD6,0.081,0.352,0.286,0.148,0.146,0.038
TMEM237,16.033,17.531,15.512,21.388,20.816,21.423
FZD7,29.804,31.063,31.247,24.598,30.017,29.992
SPAG17,0.048,0,0.012,0.08,0.03,0.021
DEPTOR,0.391,1.856,2.101,1.276,3.077,2.157
FMN2,45.633,46.489,42.263,57.077,34.991,45.252
RNF20,21.699,23.941,28.262,21.975,20.693,22.14
CYLC2,0,0.079,0.051,0.044,0.043,0.174
PPARGC1B,0.376,0.392,0.28,0.479,0.121,0.241
ELMO1,0.026,0.026,0.207,0.238,0,0.118
SLC26A2,5.346,4.851,4.11,4.766,3.51,4.373
LSM11,1.567,1.617,1.871,1.491,1.391,1.677
MED7,9.383,11.685,14.091,9.589,11.856,9.643
SAXO1,0.245,0.335,0.338,0.302,0.228,0.321
RRAGA,122.526,110.157,101.38,121.939,116.981,109.76
SLC24A2,0.111,0.051,0.101,0.02,0.007,0.1
TRIM42,0,0,0,0,0,0
PXYLP1,3.621,3.363,4.212,4.261,4.446,4.114
ADCY8,0.108,0,0.115,0,0.097,0
RASA2,15.15,11.62,11.758,12.129,7.876,12.03
RMND1,18.715,21.582,19.7,19.643,20.304,18.401
RAET1L,0.146,0.14,0.226,0,0.063,0
SLA,0,0,0.029,0.082,0.088,0.2
TMBIM4,87.132,86.921,89.168,94.156,93.915,80.6
VBP1,39.853,38.019,36.275,38.027,41.527,35.727
RAB39B,0.359,0.479,0.586,0.894,0.539,0.522
CLIC2,0.446,1.702,1.411,1.335,1.635,1.835
AFF2,0.145,0.234,0.196,0.26,0.662,0.575
MICU3,4.312,3.523,3.14,3.217,2.555,3.603
GRIP1,0.055,0.087,0,0.225,0,0.031
VPS37A,38.156,39.163,36.681,34.88,34.606,34.337
KIF5A,2.694,2.41,1.957,0.805,1.722,1.572
NAT2,0,0.072,0.153,0.143,0.065,0.065
MAGEA8,0.123,0.123,0.052,0.09,0,0.037
PSD3,67.718,76.862,62.577,51.062,31.664,56.765
CARNMT1,11.957,12.199,11.186,14.63,9.599,12.386
MCU,15.581,16.174,17.894,19.261,21.827,20.134
MIDEAS,16.184,16.6,16.66,12.017,9.512,13.027
CFAP70,1.077,1.916,1.621,1.234,1.48,1.589
GNA14,0.067,0.302,0.286,0.214,0.091,0.061
FAM161B,3.11,4.173,4.234,3.071,3.541,3.698
GNAQ,21.791,19.948,23.595,23.817,16.587,22.32
WIF1,0,0.087,0,0.079,0.078,0
UGT2B4,0,0,0.214,0,0,0
GPR61,0,0.016,0,0.03,0,0
MMP16,1.04,2.324,2.167,1.489,0.412,0.625
ADK,40.091,39.897,40.5,50.632,41.755,41.088
KCNMA1,74.534,71.719,67.93,80.741,56.912,76.643
BATF,0,0,0,0,0,0
DCK,12.951,13.322,12.195,13.83,10.628,13.657
ADAMTS3,0.611,0.161,0.134,0.485,0.226,0.342
ALX3,4.879,4.915,5.005,4.174,2.471,4.741
DPY19L4,21.604,26.504,25.812,19.786,14.805,24.669
NDUFAF6,6.23,5.985,6.163,5.287,5.655,6.302
DRAM2,21.721,21.731,24.831,25.094,29.596,24.747
C8orf37,1.106,1.031,1.21,0.983,0.971,0.892
PPEF2,0.117,0.025,0.317,0.063,0,0.131
CFAP161,0,0.219,0,0,0,0.194
ADAMTSL3,0.023,0.046,0.012,0.084,0.01,0.01
ART3,0,0,0,0,0,0.119
SLC28A1,0,0,0,0,0,0
WHAMM,9.067,9.98,9.855,7.643,6.948,7.898
CXCL13,0,0,0,0,0,0
N6AMT1,3.665,3.986,4.251,3.973,3.404,4.482
RWDD2B,7.233,8.124,9.019,7.44,11.016,9.059
USP16,27.77,25.408,27.797,30.754,31.228,27.251
CCT8,120.897,116.632,109.381,125.149,117.272,112.753
MAP3K7CL,129.466,111.283,105.181,174.405,127.64,148.692
NAA11,0.127,0.254,0,0.039,0,0.038
BACH1,71.891,66.842,65.634,57.978,42.112,54.472
CLDN17,0,0,0,0,0,0
CLDN8,0,0,0,0,0,0
TSPAN7,0.109,0,0,0.067,0,0
TIAM1,0.814,0.746,0.872,0.842,0.472,0.577
SCAF4,16.267,17.246,17.396,16.384,12.452,15.049
RPGR,6.051,2.901,3.734,3.271,3.055,4.432
CDK20,6.86,8.965,7.649,6.411,6.074,7.516
PCGF6,11.226,10.369,10.534,10.002,7.887,10.605
ANKRD9,21.743,17.951,15.249,20.536,17.029,21.534
SFR1,5.247,4.065,5.126,5.937,4.451,5.331
SORCS3,0,0,0,0,0,0
SFXN2,0.963,1.373,1.303,2.402,1.29,2.222
ATP5MJ,108.357,117.346,100.998,106.993,143.221,112.285
FUT6,0.198,0.053,0.184,0.213,0,0.243
TDRD9,0.222,0.441,0.501,0.183,0.49,0.619
FGF18,0.093,0.043,0.05,0,0,0
PCDH1,0.674,0.641,0.593,0.096,0.64,0.612
SH3RF2,0.309,0.479,0.221,0.265,0.205,0.226
GDF6,1.973,2.43,3.871,4.351,8.454,6.972
UQCRB,271.769,298.44,262.257,249.807,327.974,219.491
MTERF3,14.824,12.083,12.625,17.043,11.009,14.377
PTDSS1,42.802,40.311,37.037,38.591,38.07,35.444
PPP2R2B,0.292,1.935,1.351,1.718,0.231,1.666
RPL30,2444.782,2423.843,2336.858,2480.003,3030.916,2269.541
KCNS2,0.26,0.603,0.562,0.777,0.855,1.178
PABIR3,2.81,2.133,3.757,2.859,2.535,2.024
SUPV3L1,10.739,12.509,12.544,12.359,10.673,12.728
PABIR2,18.323,16.658,21.432,17.806,12.198,16.95
EEF1A1,17984.799,18153.429,18297.789,18210.144,21428.269,18671.722
FBXO43,0.579,0.855,0.991,0.71,0.498,0.753
HKDC1,0.067,0.045,0.024,0.101,0,0.081
HK1,95.73,81.632,71.459,81.223,63.933,72.38
TYSND1,5.57,6.189,6.655,4.758,5.615,5.496
PHF6,10.584,11.481,10.772,11.999,8.704,12.392
CD109,63.625,69.65,72.972,68.086,49.737,68.364
LRFN2,0,0,0,0,0,0
NODAL,0.271,0.273,0.192,0.083,0,0.164
PRG3,0,0,0,0,0,0
UBE2L6,74.382,84.447,77.735,68.198,84.262,71.186
ZDHHC5,45.897,43.784,39.842,43.192,38.333,39.285
MED19,18.308,16.251,18.838,15.205,18.605,16.468
ZFAND3,66.792,74.318,79.39,71.426,76.055,69.953
NPTN,177.592,168.025,172.579,183.691,165.126,171.074
KAT6B,11.953,15.453,16.704,15.247,11.973,14.451
SAMD8,14.87,14.879,13.159,12.194,9.515,11.968
RAB11FIP1,3.939,4.171,4.057,3.027,3.247,3.997
UNC5D,0,0,0,0.008,0,0
GLYATL2,1.185,1.603,1.274,1.214,0.63,0.673
UTP14A,22.085,19.715,19.307,17.04,20.655,17.154
AIFM1,16.256,14.884,16.108,15.716,15.014,14.903
MAPK13,1.444,1.51,1.661,1.62,1.52,1.425
BAG4,9.824,10.582,11.323,9.577,10.428,10.126
MS4A1,0,0.024,0,0,0,0
TBC1D31,10.189,9.527,11.31,10.116,11.423,9.909
NTAQ1,16.805,17.824,10.581,15.642,8.156,16.924
ATAD2,16.151,16.084,16.505,23.592,12.813,19.724
FBXO32,9.144,12.696,15.299,8.253,10.62,8.951
NSMCE2,19.242,21.206,20.899,19.653,22.815,16.839
ZNF689,4.584,3.893,3.952,3.547,3.279,4.035
PRR14,24.889,26.458,29.664,25.172,25.24,27.719
FBRS,31.079,36.718,34.924,28.215,25.5,35.756
FRRS1,1.216,1.346,1.24,1.158,1.104,1.587
PHKG2,24.516,17.273,17.938,18.846,16.831,23.315
MFSD14A,27.655,26.693,23.316,24.565,23.237,24.715
SASS6,1.855,2.422,2.378,2.763,2.181,2.831
COX6A2,0,0,0,0,0,0
ITGAD,0,0,0,0,0,0
ADGRG4,0,0,0,0,0,0
ZIC3,0,0.088,0.047,0,0,0
MALSU1,16.929,14.407,13.346,14.461,12.238,12.36
VPS8,23.158,27.83,21.899,16.169,15.913,21.808
GALK2,16.382,16.653,15.128,13.314,11.206,11.981
LHFPL4,0.033,0.016,0.035,0.03,0,0.074
B3GNT7,0.553,0.402,0.506,0.294,0.242,0.437
MPV17L,1.15,1.705,1.892,1.105,0.529,1.291
BUB1B,9.127,10.629,12.802,14.966,10.514,12.617
PDE6D,28.186,26.17,30.34,24.74,25.635,24.888
EIF4A2,213.376,235.07,254.244,230.275,254.615,257.52
BRPF1,8.43,9.641,11.645,10.65,8.626,10.491
RPUSD3,30.016,28.969,29.72,25.279,29.82,26.256
SST,0,0,0,0.913,0,0
TATDN2,32.474,29.923,26.232,30.912,23.082,23.274
GHRL,0,1.489,0.535,1.164,0.17,1.028
SEC13,122.289,116.216,114.77,121.437,129.576,124.922
EXOG,9.325,8.63,14.5,9.455,10.705,12.264
NTAN1,72.051,77.907,81.108,79.484,81.67,82.76
SHCBP1L,0,0,0,0,0,0.073
NMNAT2,0.883,0.863,0.394,0.772,0.316,0.559
ZFYVE9,17.174,17.302,15.835,17.261,14.836,17.124
ATP2B2,0.019,0,0,0,0,0
LYZL4,0,0,0,0,0,0
SLC6A1,0.104,0.104,0.552,0.142,0.14,0.282
SMG1,47.427,51.376,52.207,37.116,24.973,40.18
FCHO2,17.068,17.486,15.499,16.231,12.655,15.311
RBPMS,63.37,64.365,60.69,61.122,56.837,68.745
TMEM171,21.758,13.792,12.278,15.191,16.601,13.927
KLHL40,0,0,0,0,0,0
C8A,0,0,0,0,0,0
TIMP4,0.549,0.158,0.917,0.504,0.566,0.498
SYN2,0.218,0.322,0.105,0.101,0.038,0.09
NRG1,16.217,18.691,17.729,19.807,23.812,21.227
ODR4,10.249,10.57,11.953,8.885,7.092,9.36
CPT2,6.377,8.796,8.169,6.964,7.58,8.161
NECAP2,54.429,49.557,46.151,54.131,59.698,55.288
LRP8,7.03,6.414,5.975,5.271,4.256,6.925
CDCP2,0,0,0,0,0.098,0
PAXIP1,9.794,9.237,9.234,11.422,8.634,10.318
STEAP2,17.177,12.527,9.642,10.209,4.494,6.001
SSBP3,35.38,44.436,44.377,46.719,41.877,43.165
HTR5A,0,0,0,0.016,0,0
CLDN12,10.696,12.403,10.207,10.284,11.371,11.075
MMP14,655.152,493.572,430.278,442.695,279.529,364.776
FZD1,42.87,31.156,24.612,37.433,23.506,32.4
GATAD1,14.938,14.962,17.27,14.261,15.226,14.082
SUSD3,0.085,0,0.474,0.157,0.131,0.786
TMED6,1.101,1.113,0.702,1.831,1.094,1
CLEC18A,0.217,0.272,0,0.14,0,0.336
DHRS4,52.304,56.241,52.161,49.056,57.131,49.267
C1orf158,0.21,0.303,0.415,0.275,0.351,0.694
CLEC18C,0.16,0,0,0,0.586,0
ARMC12,0.161,0.432,0.77,0.296,0.363,0.714
DDX19B,14.073,19.457,22.683,22.135,16.851,16.582
ST3GAL2,13.07,12.429,12.185,12.196,12.077,12.201
FCSK,3.662,6.573,5.993,5.077,4.772,5.228
IL34,0.245,0.296,0.104,0.18,0.176,0.3
DHRS1,18.274,24.932,21.667,17.695,21.491,21.606
CACNA1D,0.026,0.118,0.116,0.051,0.02,0.01
ARSL,1.073,0.749,0.922,0.646,1.17,0.876
KIT,2.232,3.465,2.338,4.138,4.134,4.694
HYDIN,0.234,0.727,0.534,0.315,0.694,0.747
AASDH,4.755,6.443,6.902,5.263,5.887,6.325
ZNF19,4.627,4.218,4.668,4.056,4.241,7.112
CACNA2D3,0.224,0.167,0.415,0.249,0.403,0.499
RNF111,16.145,17.218,15.067,11.648,9.424,13.608
CCNB2,18.242,21.091,24.956,24.235,25.87,24.307
FAM81A,1.423,0.296,0.277,0.35,0.921,0.95
MYO1E,41.188,48.984,40.61,39.462,23.989,29.814
APPL1,19.804,18.776,17.132,19.078,15.928,19.634
PWWP3B,0,0,0.022,0,0,0
AFAP1L1,2.404,2.151,1.511,2.792,2.295,1.818
TSC22D3,4.276,9.362,11.004,9.603,14.676,15.642
VPS26C,40.075,38.343,35.227,37.14,37.122,35.473
DYRK1A,19.182,18.69,22.725,16.617,12.679,18.413
KCNJ6,0.281,0.459,0.19,0.488,0.482,0.833
KCNJ15,26.786,12.98,13.628,16.445,7.291,19.405
ERG,0.278,0.566,0.232,0.127,0.031,0.094
ETS2,20.211,24.466,25.494,20.3,13.378,16.955
TSPAN18,0.494,0.74,2.009,1.788,6.927,5.018
LCA5L,1.17,1.327,1.488,0.658,1.063,1.008
SLC35B2,64.635,57.272,56.484,63.204,66.328,65.193
TMEM164,4.723,4.509,4.381,4.463,4.274,4.348
MX1,1.268,1.701,1.946,1.336,2.108,1.813
CREB3L1,53.893,80.458,89.229,79.2,111.923,114.297
C2CD2,10.609,9.106,9.235,9.43,7.059,9.128
TAB3,13.461,13.431,11.823,12.026,8.133,11.262
SLC38A10,65.599,66.514,68.271,57.682,59.309,71.425
C9orf43,0.259,0.345,0.183,0.276,0.582,0.352
PALM2AKAP2,190.137,164.13,157.092,166.028,119.01,147.292
ZNF618,4.115,5.581,6.656,6.628,4.473,5.436
DGKI,1.312,1.237,1.719,1.355,1.163,2.006
TMEM268,3.399,3.867,5.161,5.215,5.122,4.714
SVOPL,0,0,0,0,0,0
SNX22,1.135,0.848,1.177,1,0.729,1.269
UBN2,4.789,3.148,4.361,3.027,1.707,3.426
BRAF,5.997,6.96,7.288,6.193,5.454,6.482
SLC34A2,0.059,0.158,0.021,0.161,0.071,0.071
ACAN,0.967,1.104,1.417,1.998,0.6,2.356
PSMG3,30.194,33.132,25.352,26.808,29.776,29.389
CABP1,1.673,0.935,0.58,1.603,1.186,3.272
WDR19,13.851,18.324,18.054,12.726,11.896,16.045
SLC37A3,27.422,22.861,22.743,26.362,19.139,21.377
AP3S2,24.387,26.69,26.177,23.436,23.326,22.684
FMNL2,38.793,26.676,21.123,27.175,10.073,18.309
GAREM2,5.055,5.554,4.726,5.907,5.1,6.359
SPPL3,29.194,31.975,35.603,27.067,25.114,33.246
DPYSL5,0,0.045,0.051,0.029,0,0
DRC1,0.067,0.034,0.072,0,0.061,0.061
RAB28,18.83,18.613,20.449,17.351,18.258,16.018
PRXL2B,22.525,19.192,16.395,20.832,18.52,20.994
TNFRSF14,20.713,22.888,22.99,21.536,23.861,27.527
PANK4,11.687,11.69,11.864,9.819,9.467,10.777
CIB4,0,0,0,0,0,0
MEGF11,0.564,0.014,0.015,0.013,0.025,0.023
C12orf43,14.601,13.502,12.837,14.402,13.347,15.779
PEX10,12.827,14.439,15.265,14.596,15.61,15.806
RER1,168.708,163.419,155.925,160.644,173.404,174.893
RADIL,3.117,1.572,3.605,4.576,1.773,5.226
SKI,56.724,53.844,56.419,52.226,45.476,59.612
WIPI2,64.539,63.779,61.863,64.689,59.993,62.292
LDLRAP1,23.192,22.253,26.159,23.537,27.463,23.596
AGAP1,17.028,11.679,11.449,12.348,9.465,12.397
KRTCAP3,2.521,2.895,1.783,1.835,0.495,2.083
ANKRD61,0.635,0.766,1.013,0.757,0.286,0.404
PAFAH2,5.951,6.523,7.576,7.978,7.1,6.893
EXTL1,0.503,0.663,0.728,0.623,0.779,0.658
SLC30A2,0.057,0.137,0.029,0.052,0.167,0.076
BABAM2,20.9,21.453,22.667,19.447,24.335,19.851
TRIM63,0,0,0.052,0,0,0
CFAP251,0.218,0.467,0.402,0.261,0.252,0.593
MRPL17,62.62,44.09,35.962,71.614,62.197,54.609
DUSP2,0.626,1.256,1.11,1.766,2.256,2.178
GRHL3,0.397,1.109,0.28,0.127,0.492,0
UBXN11,9.151,9.875,11.362,9.759,8.521,11.579
NLRP14,0.021,0,0,0,0,0
PTPDC1,2.751,3.596,3.824,2.914,2.831,3.738
GALNT14,1.305,2.577,1.279,3.461,4.216,3.116
NCK1,27.991,28.328,30.845,28.434,31.154,32.804
HPD,0.255,0.064,0.407,0.105,0,0
RHPN1,0.616,0.77,0.773,0.681,0.832,0.819
TPRG1L,52.412,53.535,50.209,50.591,50.58,46.22
LRRC43,0.455,0.23,0.121,0.631,0.458,0.413
PRXL2C,17.132,13.486,13.976,16.574,13.592,16.999
XDH,1.518,1.737,1.526,2.182,1.252,1.819
XKR8,20.463,19.736,20.482,22.034,23.149,20.904
CNNM4,4.057,4.134,4.015,3.766,3.272,3.985
EYA3,5.905,6.055,6.525,6.638,5.963,6.814
DZIP1L,5.592,6.803,7.597,7.632,5.496,7.411
TMSB15A,2.249,2.477,2.193,3.122,3.818,1.498
FANCC,5.109,4.789,5.337,5.067,3.764,4.801
MRAS,28.35,21.567,23.77,25.49,19.613,15.01
WASF2,61.025,67.249,69.407,63.054,58.11,69.301
ABHD3,3.93,5.947,3.433,4.907,2.909,4.568
ESYT3,1.142,1.077,0.543,0.83,0.364,0.733
FAIM,7.566,7.29,7.807,5.605,10.451,9.991
TENT5B,0.99,1.876,1.392,1.387,3.088,2.696
CLSTN2,0.016,0.028,0.076,0.085,0.059,0.05
COLEC12,54.89,65.366,71.414,58.185,67.305,67.709
RNF207,0.98,0.921,1.193,1.487,0.677,1.385
CUL4B,94.904,72.63,69.882,81.158,73.896,76.484
GPR153,13.826,15.69,15.247,15.762,17.523,17.256
SLC13A3,1.537,1.54,1.97,1.968,1.225,1.683
GPRASP2,7.976,10.582,9.16,8.689,8.89,9.8
RHBDL2,2.853,2.251,2.405,2.63,2.612,2.574
AUTS2,12.72,11.773,10.851,10.935,7.14,11.282
SHROOM4,0.556,0.64,0.701,0.539,0.628,0.762
H2BC5,18.504,18.97,20.348,19.61,13.565,16.89
CDC25C,3.959,3.97,7.677,5.496,4.343,5.907
H4C8,8.163,24.044,12.554,8.33,5.425,13.141
MITD1,18.066,20.575,23.107,17.587,19.224,22.536
EIF5B,48.849,43.097,45.072,44.125,36.165,38.582
RIBC1,0.306,1.119,1.738,0.811,0.813,1.216
TMSB15B,5.861,4.887,5.511,6.542,6.55,5.609
CATIP,0.069,0.07,0,0,0.062,0
CNOT11,23.563,23.237,22.09,22.906,21.231,22.052
KCNB1,0.059,0.098,0.112,0.125,0.3,0.351
TSPAN33,0.084,0.14,0,0.128,0.151,0.102
NRG2,0.892,0.489,0.27,0.464,0.306,0.269
AHCYL2,8.114,9.842,10.007,5.764,5.772,6.831
B4GALT5,15.939,14.194,14.106,16.055,13.638,16.094
CD1D,0,0.052,0.058,0,0,0
CD1A,0,0,0,0,0,0
SPATA2,4.182,3.997,4.749,4.624,3.87,4.448
CD1C,0,0,0,0,0,0
CD1B,0,0,0,0,0,0
DNAH3,0,0.069,0.087,0,0,0
CD1E,0,0,0,0,0,0
HMHB1,0,0,0,0,0,0.381
CPA2,0,0,0,0,0.124,0
NCF1,0.393,0.344,0.131,0.625,0,1.519
CPA5,0,0.125,0.066,0.755,0.369,0.366
TSR2,12.496,13.867,15.867,12.707,14.45,12.687
PPP1R9A,0.714,1.233,0.952,0.994,1.115,1.223
ZC3H18,27.743,30.487,27.094,25.77,23.32,27.18
ZFAND2B,20.509,25.189,24.421,24.92,30.895,27.454
POM121L2,0,0,0,0,0,0
GDPD5,7.92,11.453,10.261,8.556,11.551,13.331
DYNC1I1,1.126,1.005,0.442,0.556,1.167,0.627
PFKFB1,0.135,0.112,0.347,0.128,0,0.152
ALAS2,0.045,0,0.306,0,0,0
TMED4,48.965,52.149,49,47.778,42.222,51.208
PPP1R15B,11.469,15.293,15.848,15.206,14.905,17.395
COPG2,16.38,15.84,17.46,15.971,16.451,17.351
EMSY,9.453,10.006,13.242,8,6.839,9.372
PAGE5,0,0,0,0,0,0
GPAT4,44.01,43.2,40.444,43.968,35.025,40.555
PKD1L1,0.217,0.443,0.215,0.479,0.377,0.245
ZSCAN12,1.629,2.171,1.678,1.75,1.435,2.1
TAGLN2,460.519,429.919,405.072,545.304,503.089,523.523
ELK4,10.52,9.991,9.779,13.426,6.233,10.8
SLAMF8,0.747,0.713,1.091,1.155,0.674,1.271
SLC45A3,0.555,0.771,0.744,0.725,0.608,0.503
DUSP23,26.948,20.794,17.028,24.484,23.845,18.208
RNF166,9.364,10.088,10.884,10.256,10.339,12.487
NBL1,924.225,788.664,690.966,727.158,569.703,664.693
HTR6,0.385,0.235,0.318,0.117,0.058,0.019
ITLN2,0,0,0,0,0,0
F11R,0.507,0.63,0.473,0.197,0.19,0.474
USF1,23.185,23.794,26.986,25.599,24.015,25.369
PLA2G2F,0.061,0,0,0,0.028,0
SPATA2L,13.557,10.45,10.795,9.254,7.825,8.754
NIT1,17.158,19.352,21.182,17.632,17.643,21.238
DEDD,24.417,25.486,24.74,24.347,26.832,29.298
ZNF276,13.35,11.334,13.789,10.602,6.204,12.406
NPM2,0.892,0.728,0.19,0,0,0
EDA,0.649,0.259,0.308,0.422,0.358,0.22
FGF17,0.463,0.419,0.818,0.282,0,0.283
VWA5B1,0,0,0,0,0,0
CDA,5.954,8.001,6.738,11.757,10.297,8.936
PINK1,82.525,78.562,76.66,79.492,81.478,76.029
B4GALT3,15.811,17.478,16.291,16.497,16.584,16.31
DMTN,1.427,1.81,3.79,2.281,1.187,2.339
ADAMTS4,1.01,1.562,1.588,1.452,0.431,1.052
FAM160B2,22.915,23.684,23.871,21.405,20.278,27.011
NDUFS2,63.469,59.443,63.22,60.815,61.985,65.558
SLC5A11,0,0.045,0.048,0,0.036,0
FCER1G,0.697,0.465,0.466,0.191,0.588,0.208
APOA2,0,0,0,0,0,0
TOMM40L,6.476,5.794,4.816,5.823,5.58,6.405
MPZ,0.715,1.433,1.47,1.22,1.33,2.044
WFDC8,0.293,0.368,0.31,0.402,0,0
CCAR2,95.802,91.641,105.013,88.096,87.426,72.136
WNT9B,0.127,0.198,0.271,0.116,0.145,0.137
CACHD1,6.902,6.818,7.798,7.376,7.735,7.17
CDC42SE2,10.495,11.336,12.304,11.031,7.843,11.12
RAPGEF6,5.133,6.955,7.046,5.671,5.417,7.136
EPB41,5.099,5.786,8.088,5.92,5.855,6.499
MIS18A,10.777,11.221,10.726,11.662,13.033,12.345
ALG8,15.848,15.974,15.606,20.973,17.112,17.691
FBXW5,92.338,87.923,80.87,92.552,91.281,99.291
CFAP298,29.382,28.53,32.156,29.424,25.925,22.766
SYNJ1,5.145,4.941,4.883,4.938,3.338,4.789
PAXBP1,14.479,15.113,16.764,11.967,8.743,12.061
IFNAR2,14.485,14.496,12.025,12.99,11.369,14.086
MRPL10,25.688,32.929,33.129,26.713,32.513,29.947
IFNGR2,64.652,58.415,62.566,77.778,73.715,71.81
GART,40.462,38.086,36.7,42.276,35.19,37.293
SON,78.633,76.104,86.42,65.844,48.954,72.467
DONSON,13.998,13.567,14.859,17.785,10.84,14.811
SV2A,2.984,3.516,4.143,3.377,2.667,3.841
LAD1,1.589,4.205,1.207,0.033,0.801,0
STC1,159.845,54.143,34.649,101.185,20.287,44.756
TNNI1,0,0.026,0.014,0.024,0,0
CSRP1,126.308,110.221,102.296,115.288,101.684,109.311
PRAC1,0,0.859,0,0,0,0
HOXB13,0.271,0.136,0.462,0.272,0.195,0.123
C1QC,0,0,0,0,0,0
KCNE2,0.091,0.275,0.289,0,0.246,0.165
ATP5MC1,96.386,76.361,78.536,85.105,91.817,85.475
RCAN1,57.03,49.665,47.292,54.477,42.328,43.621
UBE2Z,97.933,87.367,91.572,89.809,86.889,90.696
CIART,13.726,21.038,18.254,17.315,20.305,18.795
SNF8,66.351,64.687,62.074,61.798,75.964,66.355
CLIC6,0.063,0.021,0.157,0.07,0.151,0.114
CCDC24,4.72,5.008,6.593,3.914,3.765,5.094
RUNX1,31.716,32.525,33.242,30.298,23.56,33.868
IGF2BP1,0.905,1.05,1.629,1.078,1.444,0.963
GIP,0.307,0.624,0,0.286,0.972,0.279
CBR1,107.34,88.723,92.824,95.13,99.598,84.52
CBR3,27.864,28.81,32.222,28.494,41.443,33.412
GJD2,0.113,0.057,0.332,0,0.357,0.103
ACTC1,0.46,0.264,0.35,0.362,1.6,0.657
MORC3,18.512,18.392,19.397,20.942,14.952,16.52
CHAF1B,4.383,4.87,4.826,6.497,5.1,5.544
CLDN14,0.069,0,0,0.045,0.044,0.137
SIM2,3.451,2.843,3.153,3.225,2.987,3.259
HLCS,14.082,13.412,13.695,12.7,11.086,12.702
GOLGA6A,0.042,0,0.152,0.06,0,0
SCUBE1,0.032,0.024,0.026,0.022,0.223,0.015
ARHGAP27,5.707,6.881,7.672,3.785,3.177,5.042
ADPGK,31.157,32.05,31.972,33.355,33.302,34.881
PTMS,559.03,563.625,532.383,457.912,550.327,489.5
PLA2G4D,0.229,0.23,0.307,0.19,0.051,0.13
PADI4,0,0.146,0.137,0,0.126,0.557
ADIPOR1,59.623,58.293,56.347,56.589,58.882,53.508
CYB5R1,33.709,36.381,39.609,36.576,42.634,34.442
PSMD4,117.451,115.492,124.623,125.445,128.494,119.612
ATP13A2,18.21,16.467,17.577,17.734,15.454,19.993
M1AP,0.479,0.276,0.258,0.188,0.154,0.283
PSMB4,252.637,261.504,247.669,247.506,290.531,250.399
IRX6,0,0,0,0.028,0,0
BTG2,1.798,3.079,3.567,4.028,6.364,5.891
CES5A,0,0,0,0,0,0
HK2,28.872,20.143,18.434,25.575,13.016,20.518
C1R,238.613,299.881,343.591,328.495,453.058,391.287
CELF3,0.06,0.2,0.076,0.033,0,0.091
ALDH4A1,6.819,8.621,7.308,7.203,5.701,8.064
STARD9,1.474,3.121,2.029,2.086,1.12,2.247
THEM4,5.608,5.419,6.462,6.492,5.543,5.636
TCHH,0.023,0.011,0.061,0.021,0,0.073
LCE2B,0,0.797,0,0,0,0
UBR1,15.12,13.748,20.879,9.974,6.284,9.017
AMFR,60.532,57.896,54.728,54.948,54.046,57.353
MED8,26.801,28.849,28.878,30.501,32.597,30.362
TGM7,0,0,0,0,0,0
RGL4,6.137,7.217,8.037,6.392,3.79,7.559
SPRR2G,0.205,2.302,0,0,0,0
PGLYRP3,0.19,0.457,0.132,0.054,0.145,0.282
ISL2,0.142,0.143,0.555,0.564,0.427,0.258
RSPRY1,22.549,21.68,24.098,27.779,23.147,25.04
CCDC17,0.038,0.333,0.245,0.21,0.103,0.104
GPBP1L1,28.906,28.897,30.911,31.486,29.342,28.555
NAE1,53.215,47.146,54.165,49.063,46.342,41.857
TMEM69,16.693,15.407,16.448,19.962,18.86,20.279
ADGRG5,0.281,0,0,0,0,0
DRC7,0,0,0,0,0,0
ACE,11.764,14.603,16.97,13.407,13.547,15.229
TEPP,0.089,0,0,0.058,0,0.057
UROC1,0,0,0,0,0,0.028
EFCAB14,25.912,25.572,25.516,25.439,21.489,24.232
SPON2,37.327,46.035,34.953,36.247,35.927,42.848
CHCHD6,17.444,14.061,16.654,18.286,19.997,17.408
CTBP1,129.374,123.673,128.788,138.956,121.046,144.084
LRRC36,0.049,0,0.158,0,0,0.09
TPPP3,0.953,1.758,2.049,1.724,1.722,2.683
ZDHHC1,12.372,13.675,13.508,12.926,14.986,13.924
ATP6V0D1,71.222,63.786,64.662,59.216,63.039,59.738
AGRP,0,0,0.283,0,0,0
ZFYVE28,9.178,8.492,9.215,9.026,7.466,9.673
CARMIL2,0.361,0.365,0.376,0.312,0.195,0.409
C16orf86,4.16,5.266,5.042,5.89,8.572,6.644
PIP,0,0,0,0,0,0
FAM131B,1.826,1.76,1.011,2.067,1.299,2.369
RGS12,9.164,12.263,10.775,8.452,7.787,9.488
PSKH1,21.071,22,20.655,20.356,20.574,20.565
ZYX,297.512,255.5,235.128,282.481,203.892,291.426
ABR,69.169,65.463,62.45,68.377,48.876,66.826
LYPD5,0.678,0.423,0.933,0.606,0.784,0.337
CCDC117,9.485,10.428,10.46,10.086,11.982,10.986
ZNF230,1.063,1.023,1.848,1.588,1.612,2.687
CCDC107,37.132,30.128,32.091,29.924,28.614,30.021
ZNF222,2.083,3.028,2.601,4.78,5.451,3.723
NPR2,22.758,25.452,26.369,20.687,23.194,25.372
ZNF221,1.993,2.979,2.248,3.158,1.401,4.057
ZNF233,1.987,1.574,3.355,2.111,1.181,1.549
ZNF235,2.495,3.026,2.077,1.723,2.417,1.894
GNE,14.599,13.717,16.583,14.699,12.632,14.079
TNFRSF13C,0.213,0.381,0.548,0.353,0.261,0.38
OR3A3,0.043,0.107,0.073,0.094,0.077,0.019
ARHGAP35,48.668,51.475,53.343,46.799,45.797,50.466
PTGIR,30.124,26.655,26.376,35.634,23.404,34.056
CALM3,314.923,353.393,362.452,338.037,379.406,357.86
DFFA,25.177,24.118,23.575,23.77,21.385,22.153
CCDC28B,7.325,6.067,7.87,8.096,10.476,12.306
IQCC,2.783,3.451,3.169,3.077,2.574,4.346
TMEM234,11.603,13.688,11.716,11.935,14.346,13.892
BSDC1,50.968,53.667,54.309,52.271,50.044,58.546
ZBTB8A,4.907,5.073,4.531,5.556,3.466,3.785
ATAD3B,16.562,12.763,12.112,12.289,8.934,13.808
SSU72,124.479,122.27,114.296,117.391,140.788,122.04
UBE2J2,55.037,46.986,53.157,52.575,50.722,56.106
ZNF362,17.633,18.076,17.632,16.653,18.585,19.586
FNDC5,0.315,0.125,0.199,0.174,0.344,0.865
CPAMD8,2.202,3.575,4.3,3.675,3.102,6.351
NR2F6,28.756,25.578,25.689,30.665,32.458,36.192
ANKLE1,1.724,1.554,2.658,1.421,0.846,1.897
MIX23,26.007,22.405,27.337,32.772,31.217,24.549
VMA21,11.256,8.926,9.922,12.214,8.277,10.306
KALRN,4.56,4.907,4.682,7.071,4.51,5.653
CILP2,0.538,0.557,0.389,0.542,0.363,0.698
ABCG1,0.198,0.139,0.116,0.18,0.102,0.051
TFF3,0,0,0,0,0,0
TFF2,0,0,0,0,0,0
TFF1,0,0,0,0,0,0
TMPRSS3,0.106,0.07,0.187,0.032,0,0.032
UBASH3A,0,0,0,0,0,0
RSPH1,0.99,0.249,1.128,0.424,0.628,0.642
SLC37A1,0.718,0.665,1.246,0.824,0.647,0.764
PDE9A,0.139,0.092,0.124,0.05,0.199,0
WDR4,9.267,6.334,6.999,7.798,6.796,7.325
NDUFV3,9.412,9.438,10.3,8.922,9.059,8.04
PKNOX1,11.209,10.587,10.351,9.668,7.883,9.532
CBS,5.255,8.248,8.862,11.842,3.27,6.095
U2AF1,62.334,40.919,9.864,49.553,51.074,42.219
CRYAA,0,0,0,0,0,0
HSF2BP,0.993,0.701,0.581,0.665,1.075,0.454
RRP1B,12.724,11.9,13.342,12.413,10.538,11.216
PDXK,22.64,19.416,18.79,17.57,14.681,19.429
G6PD,100.917,92.347,84.821,76.781,73.818,74.177
CSTB,285.179,280.548,272.353,274.552,289.511,258.487
RRP1,15.692,14.414,13.569,14.989,14.058,13.3
AGPAT3,29.114,29.994,28.783,31.399,27.957,37.21
TRAPPC10,11.607,11.701,11.711,10.851,9.625,10.755
GAB3,0.884,1.565,2.461,2.765,0.853,2.227
GATD3A,5.391,2.775,5.992,3.135,3.179,4.375
ICOSLG,11.636,8.682,7.19,8.114,4.511,7.522
AIRE,0.62,0.713,0.922,1.024,0.418,1.092
CFAP410,26.697,25.272,25.175,24.248,29.041,28.791
ZNF66,6.166,5.263,6.257,3.991,1.703,4.626
LRRC3,5.354,5.021,5.054,5.976,3.982,5.543
ITGB2,1.091,1.646,1.716,1.429,1.726,2.725
FAM207A,37.76,36.794,29.904,39.588,34.865,30.792
RALGDS,37.533,42.39,52.603,46.714,38.578,46.795
FTCD,2.376,1.842,1.475,3.194,0.294,1.336
SPATC1L,13.698,14.027,14.177,13.189,14.2,14.936
LSS,64.658,66.395,69.363,62.222,50.338,69.718
VAV2,21.722,18.425,17.282,19.824,17.444,20.778
MCM3AP,41.225,42.446,42.201,35.809,29.102,37.237
C21orf58,6.58,7.91,9.195,8.519,6.699,10.314
PCNT,14.022,15.966,15.239,13.657,9.198,15.212
DIP2A,14.684,14.903,15.18,13.782,9.726,14.982
S100B,0,0.103,0.108,0,0,0.277
PRMT2,136.533,143.996,137.314,133.235,144.15,134.286
CLDND2,2.333,3.887,2.111,0.398,0.385,1.954
ZNF208,1.315,1.404,0.038,0.97,0.769,0.724
ADAMTS13,4.201,5.884,7.175,4.562,3.495,4.16
CACFD1,8.279,8.576,13.132,11.943,9.782,13.057
SLC2A6,7.806,5.865,7.832,7.864,5.307,6.647
ZNF761,10.992,11.075,13.309,10.262,7.742,9.722
FCN2,0,0,0,0,0,0
C9orf116,9.447,7.019,8.301,7.944,7.169,6.16
LCN1,0.411,0,0.146,0.127,0,0
ZNF714,3.32,2.761,2.461,2.368,1.557,2.077
GPSM1,61.118,62.743,61.986,63.404,43.522,67.319
C19orf47,9.069,9.872,8.279,10.533,7.671,7.641
HIPK4,0.584,0.241,0.292,0.188,0.371,0.405
CFAP157,5.566,2.29,3.138,2.43,2.374,3.033
TOR2A,4.487,5.192,6.062,5.457,4.146,7.038
ST6GALNAC6,80.348,76.831,80.358,86.299,95.938,88.229
SHKBP1,33.998,36.393,31.118,33.229,30.163,34.923
RDH13,4.235,5.761,5.938,4.292,4.587,5.295
ZER1,27.464,33.94,33.801,28.299,32.329,33.589
ZDHHC12,21.176,27.604,26.615,25.813,26.605,33.765
PKN3,3.712,4.071,3.643,5.948,3.687,5.578
SPTBN4,0.579,0.937,0.818,0.798,0.795,0.942
BRSK1,6.365,11.727,10.282,10.721,4.798,8.52
COX6B2,0.568,1.123,0.602,0.23,0.218,0.775
TMEM190,3.732,2.409,5.213,2.754,0,1.787
NLRP4,0,0,0,0,0,0
PLPP7,10.151,9.472,9.575,8.88,11.364,11.924
TAOK1,26.893,24.761,24.235,23.131,13.956,21.364
MED27,21.147,18.069,15.819,22.121,21.231,18.181
DEDD2,20.176,21.874,18.077,21.666,21.075,20.359
SIK3,18.242,17.844,20.886,15.177,13.9,15.981
MPZL3,0.405,0.307,0.155,0.13,0.178,0.075
JAML,0,0,0,0,0,0
NEK8,2.812,3.649,3.687,2.5,2.906,3.994
TLCD1,5.208,6.51,4.778,6.033,6.116,6.724
PCSK7,18.89,16.883,17.45,18.979,16.735,18.088
SAFB,47.149,43.525,43.772,41.017,39.579,43.683
CD3G,0.48,0.446,0.17,0.148,0.168,0.217
S100A1,9.297,15.601,17.686,11.941,8.855,8.885
CHTOP,54.101,52.585,54.833,45.437,47.901,50.28
CXCR5,0,0,0,0,0,0.06
ZBTB7B,13.942,16.586,14.738,14.878,17.84,21.259
FLAD1,15.899,13.04,12.601,12.369,14.179,14.072
SHC1,206.09,174.027,178.248,161.449,169.535,164.262
VPS11,13.913,17.666,21.751,16.355,17.261,19.499
NLRX1,7.819,8.85,10.02,9.337,10.68,11.109
ADAR,48.704,52.04,53.944,50.657,46.601,51.852
IL6R,3.381,3.195,3.699,3.561,3.937,3.663
UBE2Q1,32.959,32.182,32.89,32.668,33.783,32.919
CHRNB2,0.095,0.071,0.144,0.049,0.024,0.012
CRTC2,21.782,23.859,22.581,18.389,17.499,22.249
ANO10,44.012,41.412,40.738,35.468,31.152,35.925
FDPS,63.698,70.879,72.5,64.236,80.033,60.874
RUSC1,31.668,31.723,31.625,33.49,29.485,35.582
FAM189B,27.864,29.173,28.371,27.108,23.336,28.146
PAQR6,1.763,1.712,3.321,2.148,1.065,2.085
PMF1,32.325,37.878,35.137,34.348,41.384,40.028
SLC25A44,10.643,9.664,10.703,7.465,8.527,9.444
LMNA,902.523,963.407,970.738,976.625,1007.858,1110.347
CCR5,0,0,0,0,0,0
NBEAL2,5.733,6.916,6.81,5.457,2.927,5.681
CCDC12,58.136,49.867,57.638,55.551,54.632,51.511
PTH1R,1.338,1.666,2.919,2.715,3.434,3.935
UBQLN4,25.822,24.254,20.798,23.567,21.288,19.859
MYL3,1.293,0.757,0.978,0.679,1.365,1.963
PPP1R35,23.934,18.461,24.89,25.212,25.872,28.266
GPATCH4,21.466,18.311,15.477,17.337,13.423,15.93
LRRC71,0,0.131,0,0.199,0.039,0.158
FCRL3,0,0,0,0,0,0
AZGP1,0,0.24,0,0.073,0,0
FGFR4,1.278,1.582,1.462,0.388,0.564,0.348
CYP3A4,0.092,0.036,0,0.033,0,0
CYP3A7,0.123,0,0,0.147,0,0
NACC1,31.274,34.141,25.452,32.805,28.182,28.984
CYP11B1,0,0.065,0,0,0,0
HK3,0,0.027,0.142,0,0,0.024
LY6K,61.054,50.807,48.501,63.894,58.392,65.157
IER2,68.737,121.981,126.871,123.139,173.551,171.981
ZNF394,10.27,10.975,12.718,11.824,11.514,11.255
CPSF4,25.313,20.787,21.928,23.092,17.201,25.456
LY6E,476.011,469.294,454.608,462.958,519.366,498.594
VPS28,157.504,166.146,158.681,166.015,171.408,158.878
TONSL,7.227,6.533,6.711,8.498,5.612,8.478
PTGER1,0.961,1.222,1.294,1.35,1.558,2.093
PWWP3A,29.148,26.358,30.844,28.5,24.967,29.632
RECQL4,10.551,14.503,12.743,16.99,10.337,15.378
LRRC14,20.86,18.928,17.89,18.168,16.143,21.348
ZNF333,7.069,9.183,8.319,6.823,6.003,8.356
COL26A1,0.166,0.195,0.148,0.177,0.2,0.177
PPP1R16A,27.243,23.967,22.047,21.704,19.429,27.641
FOXH1,0.183,0.477,0.571,0.053,0.111,0.343
ORAI2,8.538,8.878,8.398,8.115,8.159,9.274
ALKBH4,6.026,5.811,9.166,6.906,7.427,7.961
CCDC105,0,0,0,0,0,0
SH2B2,4.186,3.238,3.955,4.057,4.535,3.421
MRNIP,15.331,17.398,19.557,12.476,13.252,17.064
SQSTM1,295.887,341.667,369.032,201.768,275.944,270.202
MGAT4B,178.918,162.684,159.124,154.317,141.46,168.541
RPL8,2332.889,2276.786,2230.687,2217.634,2737.11,2196.783
MAML1,17.881,18.577,18.03,16.139,13.057,17.354
PGLYRP2,0,0,0,0,0,0
LRWD1,14.917,14.674,13.237,12.599,10.019,13.831
FBXL13,0.336,0.227,0.647,0.296,0.149,0.274
NAPEPLD,5.345,4.47,6.92,5.231,4.442,4.697
SCGB3A1,0,0,0,0,0,0
PSMC2,48.588,47.821,44.187,41.146,45.133,44.33
CELF5,0.046,0.038,0.127,0.017,0,0.124
MFSD12,58.773,50.77,44.076,48.521,35.116,48.15
USP41,0,0,0,0,0,0
YDJC,18.914,16.177,18.133,15.732,21.325,19.449
CCDC116,0.632,0.266,0.532,0.347,0.742,0.195
DVL3,28.639,32.967,33.538,31.401,29.875,37.461
AP2M1,353.355,361.172,353.595,357.045,394.902,363.384
ABCF3,29.168,32.52,31.714,28.68,30.405,29.155
PCYT1A,41.516,30.919,37.061,31.392,29.96,29.855
FBXO27,5.409,5.485,6.605,7.143,7.444,3.729
DMKN,16.897,24.106,12.048,11.125,12.392,11.443
U2AF1L4,16.5,23.915,24.509,23.535,23.149,26.394
BDH1,1.77,2.363,4.805,3.46,2.045,2.472
NPHS1,0.073,0.073,0.172,0.094,0.026,0.158
THAP8,5.278,8.093,7.483,7.572,9.271,7.003
COX7A1,52.341,50.337,57.252,66.539,78.738,62.471
ZNF382,5.308,3.57,4.142,2.903,2.202,3.16
LRRC56,0.871,1.233,0.698,0.769,1.024,0.877
PLXDC1,0.698,2.511,2.805,2.135,2.269,2.461
PGAP3,8.864,10.587,11.05,10.499,12.128,11.998
IKZF3,0.279,0.404,0.311,0.318,0.203,0.332
GRIN2C,0.038,0.125,0.276,0.026,0.051,0.111
FDXR,11.86,18.72,19.348,16.593,26.687,24.115
SAP30BP,44.622,40.011,44.971,36.281,31.298,37.561
ACOX1,10.599,10.297,11.515,11.738,9.823,13.478
PRPSAP1,35.975,33.486,37.369,30.497,37.757,34.14
CYGB,3.906,4.65,4.349,4.37,8.348,5.314
SRSF2,113.908,101.636,95.904,113.278,86.045,108.53
ZNF577,10.792,14.799,18.099,8.427,9.441,11.158
TMEM143,4.019,6.259,7.904,7.11,5.822,7.847
KLHL10,0.085,0.41,0.765,0.505,0.202,1.017
KASH5,0,0,0,0,0,0
HCRT,0,0,0,0,0,0
ALDH16A1,12.748,11.446,11.926,9.143,13.145,12.452
DCD,0,0,0,0,0.454,0
ITGA5,193.93,179.589,160.117,202.406,149.425,191.933
SIGLEC11,0.034,0.233,0.222,0.123,0.152,0.215
ZNF385A,8.654,11.775,10.296,8.046,8.003,9.775
MPP3,7.811,6.118,6.24,6.516,3.535,6.116
CD300LG,0.03,0,0,0,0.11,0.027
IZUMO2,0,0,0,0,0,0
NAGS,2.382,1.859,1.958,3.485,1.538,3.449
LSM12,36.738,36.571,33.988,37.373,36.88,39.019
ASB16,3.581,3.652,4.383,3.271,1.97,3.4
EMC10,80.121,82.219,80.861,68.342,85.765,75.483
JOSD2,79.55,84.194,82.461,76.124,93.397,83.798
SHANK1,1.065,1.117,1.321,1.403,0.889,1.612
FAM171A2,5.242,6.262,4.602,4.87,5.519,5.256
DBF4B,2.884,3.855,4.051,4.889,3.55,4.346
PLCD3,32.063,40.995,43.185,50.849,51.647,45.626
FMNL3,13.769,12.34,10.819,13.511,10.332,13.377
AQP5,0,0,0.066,0,0,0
RACGAP1,32.635,39.95,45.122,48.371,40.873,47.431
OR7G1,0,0,0.113,0,0,0
LARP4,11.766,11.633,13.838,11.61,10.124,11.213
TAMALIN,4.25,4.755,6.814,5.602,7.828,5.439
RAVER1,23.092,21.257,23.796,23.93,18.05,24.127
KRT84,0,0,0,0,0,0
KRT82,0,0,0,0,0,0
SYCE2,1.56,0.88,1.343,1.501,1.206,2.753
SPC24,13.518,15.456,14.397,16.713,20.176,17.627
IP6K3,0,0,0,0,0,0
LEMD2,44.589,46.335,43.563,45.581,42.581,47.685
ALOX15,0,0.214,0.132,0.032,0,0
TREML1,0,0,0,0,0,0
ZNF653,5.397,4.439,3.764,4.915,5.613,5.721
MED11,23.397,20.381,22.499,24.834,27.968,24.544
CXCL16,6.453,6.214,6.557,3.733,4.948,4.473
SCIMP,1.042,2.345,2.886,1.708,0.861,4.411
RNASEK-C17orf49,0,1.788,0.642,0,0.519,0
BCL6B,0,0,0,0.13,0.125,0
ASGR2,0,0,0.165,0,0.07,0.071
TNFSF13,4.163,3.747,4.198,1.93,5.14,3.014
SENP3,33.916,32.954,29.646,33.031,35.946,35.859
FGF11,2.135,2.719,1.912,3.567,4.097,3.343
EIF4A1,654.061,569.599,548.26,601.032,571.007,596.295
RPL26,3406.469,3401.704,3399.797,3693.208,4007.783,3401.201
CCDC42,0,0.177,0,0,0,0
POLR3K,14.15,12.049,11.733,12.682,12.194,11.355
SNRNP25,26.596,23.214,22.655,20.471,28.346,23.641
PRR35,0,0,0,0,0,0
WDR90,13.939,16.291,17.295,15.402,6.222,18.264
JMJD8,42.218,43.045,38.927,49.37,50.734,45.701
CCDC78,4.978,4.062,3.647,4.167,1.866,5.688
MSLNL,0,0,0,0,0,0
SSTR5,0,0,0,0,0,0
SPSB3,23.175,30.578,29.406,24.849,26.21,29.287
MEIOB,0.486,0.286,0.414,0.453,0.939,0.472
HS3ST6,0,0.076,0,0,0,0.068
TEDC2,4.961,5.99,5.735,7.747,5.756,6.793
CCNF,5.017,6.193,6.011,7.525,6.71,7.959
TBC1D24,9.538,8.941,9.412,9.429,7.87,11.999
AMDHD2,13.649,18.994,17.763,16.136,10.876,16.089
NTN3,0.272,0.467,0.289,0.213,0.105,0.282
BICDL2,0.153,0.758,0.244,0.27,0.216,0.218
PAQR4,19.074,12.52,10.797,20.338,11.64,18.534
FLYWCH2,28.778,31.643,27.314,30.714,38.603,34.662
ZG16B,0,0,0,0,0.139,0.279
ZNF75A,13.223,13.517,16.474,11.14,6.988,9.735
ADCY9,19.233,20.984,19.713,19.414,17.724,21.198
SHANK2,1.416,0.726,0.796,0.558,0.831,1.052
CLPB,6.863,7.707,5.949,7.177,4.07,7.396
NEU3,13.538,14.755,14.695,9.553,5.614,8.739
CYB561A3,28.649,34.398,36.796,30.356,37.22,32.474
PPP1R32,3.488,4.976,4.45,4.054,2.159,6.465
ASRGL1,1.526,1.961,2.524,1.095,0.985,2.096
GNG3,0.829,0.599,1.007,0.422,0,0
UBXN1,125.547,138.304,146.24,119.897,166.243,126.269
LBHD1,1.57,1.939,4.013,2.647,1.7,2.438
TTC9C,21.04,22.074,25.105,25.992,25.091,27.407
TAF6L,12.437,11.703,13.483,10.6,8.614,11.169
NXF1,51.459,58.619,58.605,42.214,32.182,46.088
STX5,42.948,45.37,42.345,39.282,45.766,42.94
SLC25A45,1.939,3.164,3.31,4.679,2.392,3.947
RPL29,2036.064,2038.931,2116.552,2247.453,2602.477,2195.38
ITIH3,0,0.082,0.058,0.07,0.138,0.035
SYVN1,25.721,27.938,26.755,23.417,17.8,23.875
ZFPL1,41.215,34.776,38.412,38.655,39.847,36.404
RPS6KA4,30.568,29.657,25.954,30.451,30.529,33.233
LRP5,20.784,23.293,22.101,17.202,19.26,21.649
TPCN2,11.761,12.192,11.833,10.55,6.909,11.248
FGF19,0,0,0,0,0,0
CYP4A22,0.186,0.11,0.141,0.082,0,0.03
PDZK1IP1,0.37,0.375,0,0,0.335,0
TAL1,0.121,0.174,0.092,0.11,0.031,0.08
CMPK1,77.619,69.762,73.105,81.476,80.33,72.465
BEND5,0.519,0.729,1.104,1.519,1.542,0.848
ELAVL4,0,0,0,0,0,0
COA7,9.183,7.654,7.407,7.288,6.762,6.49
ZYG11B,16.601,17.379,16.382,14.33,11.277,14.623
SLC1A7,0.204,0.068,0.072,0.186,0.52,0.524
CZIB,43.632,45.531,48.683,46.043,58.652,47.715
MAGOH,49.327,57.414,65.132,69.987,74.299,54.701
ACOT11,2.664,3.095,3.158,2.864,2.055,3.675
FAM151A,0.153,0.59,0.132,0.204,0.261,0.396
PARS2,1.468,2.257,2.399,2.514,2.61,2.242
LEXM,0,0,0,0,0,0
BSND,0.041,0,0.052,0.061,0.023,0.08
USP24,17.343,18.643,18.519,16.412,8.163,11.74
PLPP3,211.884,307.189,319.11,319.238,400.428,389.131
NOL9,4.975,4.171,4.853,4.583,3.182,5.365
PRKAA2,0.831,1.204,1.009,1.354,0.701,1.225
KLHL21,44.942,44.196,42.865,40.083,28.463,37.261
ZSWIM5,0.366,0.284,0.332,0.468,0.085,0.258
GMEB1,5.041,6.649,6.9,6.341,5.298,5.978
SLC45A1,1.507,1.177,1.268,1.503,0.998,1.241
SELENON,79.089,80.754,81.606,73.715,65.095,82.685
AK4,62.021,54.871,48.873,66.616,55.186,59.336
JAK1,106.443,107.064,106.716,103.47,94.175,101.151
RAVER2,3.343,3.965,4.537,3.797,3.223,3.335
CTRC,0.359,0.101,0.167,0.11,0.181,0.265
LZIC,27.871,27.25,25.169,27.622,26.944,22.802
RBP7,0,0.191,0.199,0.524,0,0
KNCN,0,0,0,0,0,0
FBLIM1,23.102,17.001,18.415,31.282,30.714,26.569
TMEM82,0,0,0,0,0,0
SLC25A34,0.774,0.974,1.226,0.945,0.592,0.941
AKR7A3,1.115,0.85,1.191,0.635,0.415,0.418
DRAXIN,0.263,0.212,0.161,0.303,0.098,0.12
PDPN,3.032,5.239,2.482,5.183,5.038,5.372
LRRC38,0,0.039,0.125,0,0.035,0.036
DHRS3,4.252,9.402,13.725,11.533,37.189,23.249
MATN1,0.275,0.339,0.271,0.386,0.381,0.327
LAPTM5,2.617,3.012,2.66,4.885,3.623,2.588
SDC3,53.796,52.334,50.99,50.785,56.886,56.283
PEF1,31.413,32.893,34.694,33.165,39.71,37.321
SYNC,27.855,36.591,37.942,36.854,49.554,49.29
RBBP4,57.68,52.91,58.006,61.137,55.059,61.79
KIAA1522,17.671,21.739,19.231,19.277,16.048,20.289
TSSK3,10.348,10.031,11.577,10.889,3.59,7.655
TMCO4,5.438,5.547,6.57,7.83,7.629,7.693
UBXN10,0,0,0,0,0,0
CAMK2N1,33.8,30.09,28.972,43.789,28.764,39.274
ALPL,0.32,0.361,0.316,0.6,0.535,0.739
WNT4,0.268,0.082,0.022,0.057,0.305,0.186
TTLL10,0,0,0,0,0,0
SCNN1D,8.222,7.926,9.178,7.048,3.686,6.384
MXRA8,227.371,302.061,330.45,297.635,352.566,388.627
FAAP20,94.349,110.984,93.425,98.392,101.637,113.568
MEGF6,73.037,72.94,70.967,70.67,76.862,96.066
CCDC27,0,0,0.043,0,0.072,0.073
IL23R,0.03,0.087,0.031,0.083,0,0.027
DIRAS3,0.242,0.365,0.644,0.305,0.218,0.55
C1orf87,0.085,0.071,0,0.039,0.063,0
NFIA,2.846,2.354,3.954,2.778,3.874,2.711
OMA1,5.837,8.667,7.557,5.969,11.395,6.691
MYSM1,8.625,10.283,10.57,9.292,5.698,10.685
TM2D1,35.543,33.385,39.296,33.814,35.354,33.787
USP1,29.247,29.487,29.083,35.729,29.543,35.406
FUBP1,37.555,36.266,39.347,31.348,33.051,31.874
NEXN,7.38,10.589,10.766,11.404,12.746,9.472
DNAJB4,28.056,23.342,24.325,26.231,28.962,25.36
ADGRL4,8.207,7.824,3.637,6.393,2.899,5.282
LRRIQ3,0.399,0.447,0.424,0.204,0.352,0.455
LRRC53,0,0,0,0,0,0
TYW3,17.806,14.186,16.406,15.012,16.444,17.581
LHX8,0,0,0.04,0,0.101,0
SNX7,45.645,44.652,43.558,53.54,56.447,54.023
B3GALT2,0.184,0.207,0.391,0.711,1.241,1.397
NTNG1,1.562,1.027,1.528,1.489,0.901,1.044
FAM102B,9.715,9.158,10.312,9.335,7.363,10.395
HENMT1,2.067,1.833,2.42,1.344,2.12,2.339
AKNAD1,0.054,0.269,0.23,0.166,0.225,0.265
C1orf52,33.999,32.86,35.955,29.662,27.344,32.626
DNAI3,0,0.359,0.337,0.655,0.994,2.316
GBP2,4.608,8.651,10.713,7.773,11.582,9.618
ATXN7L2,2.288,3.074,3.14,2.125,2.616,2.966
GBP4,0.398,0.844,0.52,0.508,0.602,0.632
ZNF326,8.183,8.474,9.224,7.314,5.279,8.616
HFM1,0.982,0,0.357,0.123,0.04,0.041
BRINP3,0,0,0,0,0,0
GFI1,0.216,0.053,0,0,0.028,0.112
KCNT2,0.132,0.027,0.058,0.219,0.024,0.119
AGL,6.54,7.399,7.174,5.972,5.628,6.87
VCAM1,0.398,0.295,0.494,0.58,1.126,0.94
EXTL2,18.481,20.087,18.93,17.437,16.477,19.081
SLC30A7,7.127,6.338,6.093,6.815,4.425,6.114
ZNF281,17.461,20.749,18.43,20.092,17.178,19.938
ARPC5,223.639,175.685,173.992,199.825,173.903,176.141
CADM3,0,0,0.023,0.04,0.089,0.06
NLRP3,0.107,0.128,0.272,0.039,0.115,0.156
ZNF496,11.503,13.58,13.53,11.95,15.476,14.723
TRIM58,0.168,0.18,0.154,0.134,0.099,0.152
SLAMF9,0.415,0.084,0.353,0.112,0.11,0.075
OR2M5,0,0,0,0,0,0
KCNJ9,0.019,0,0.02,0.035,0.035,0.122
IGSF8,31.252,26.889,28.583,22.963,24.002,24.704
DDR2,92.83,101.618,103.346,107.773,81.193,116.58
PEA15,309,303.097,292.214,339.178,378.747,323.382
PEX19,33.741,35.596,33.71,31.587,34.938,33.559
NCSTN,94.967,85.057,84.915,81.585,90.944,83.994
VANGL2,0.104,0.105,0.079,0.041,0.04,0.081
SLAMF6,0.092,0.152,0.032,0.142,0,0.166
OLFML2B,14.943,19.132,17.535,20.66,16.162,19.82
FCRLB,4.191,3.356,2.546,5.984,3.748,4.265
FCGR3B,0,0,0,0,0,0
SLC9C2,0,0,0,0,0,0
KLHDC9,0.881,1.371,1.606,0.819,0.863,0.742
C1orf74,0.463,0.753,0.584,1.122,0.848,0.871
LMX1A,0,0,0,0,0,0
LRRC52,0,0,0,0,0,0
FLVCR1,1.566,2.445,1.69,1.878,0.934,1.381
FAM71A,0,0,0,0,0,0
ATF3,3.343,5.912,10.347,2.841,2.397,2.573
RBM15,4.755,4.428,4.846,3.519,2.766,4.044
DENND2D,1.644,1.198,1.384,1.486,3.103,1.865
AXDND1,0,0.284,0.239,0.291,0,0
TDRD5,0,0,0,0,0,0
IER5,32.769,39.397,40.59,33.828,38.444,40.033
SNED1,54.613,71.303,73.647,56.54,50.643,74.928
BPNT1,19.831,18.275,23.128,19.434,18.215,15.476
SPATA17,0.356,0.523,0.444,0.373,0.335,0.351
C1orf115,5.268,4.981,4.844,2.87,3.324,3.793
BROX,28.204,29.294,29.261,30.165,29,26.963
NBPF20,20.343,17.402,19.597,12.644,4.16,11.669
ACP6,3.385,4.282,7.334,1.486,5.264,2.523
WDR64,0,0,0,0,0,0
KIF26B,0.629,1.443,2.035,1.227,1.842,2.044
TFB2M,12.853,11.269,11.853,12.734,14.438,12.42
CNST,13.999,15.207,14.228,16.609,17.572,14.063
PPP1R21,11.753,12.341,12.562,11.307,9.278,10.569
KLHDC8A,0,0.028,0,0,0.051,0
PM20D1,0.039,0.158,0.084,0.036,0.071,0.071
PKDCC,4.716,7.044,8.853,7.741,14.069,12.625
OXER1,0,0,0,0,0,0.178
HAAO,0.251,0,0.078,0.068,0,0.067
B3GALNT2,11.72,12.518,11.901,11.945,11.973,12.751
MAPKAPK2,73.291,63.9,66.541,60.184,61.154,59.825
IL20,0,0,0,0,0,0
IL24,0.139,0.07,0,0,0.067,0
FCMR,0.342,0.377,0.267,0.459,0.564,0.17
PIGR,0.106,0.125,0.127,0.195,0,0.126
FCAMR,0,0,0,0,0,0
CAPN2,513.79,453.956,411.19,449.884,317.169,393.249
MRPL55,35.287,30.126,36.497,28.893,32.671,39.493
WDR26,84.798,74.521,79.291,68.34,54.739,71.023
REL,2.057,2.503,3.004,2.064,1.351,2.123
PUS10,3.634,6.653,6.058,4.739,4.189,6.041
PEX13,9.014,7.814,8.92,9.158,7.234,7.695
KIAA1841,6.518,6.15,5.637,6.042,4.302,6.403
TRIM17,0.504,0.609,0.955,1.58,0.41,0.547
RFTN2,2.579,2.995,5.054,3.438,2.301,3.253
DISC1,1.682,2.082,1.943,1.888,1.493,2.112
CAPN13,0,0,0,0,0,0
LRRTM1,0,0,0,0,0,0.058
MEMO1,37.177,33.525,35.978,39.327,36.645,34.543
DPY30,69.272,66.563,61.946,63.127,64.15,60.307
TYW5,2.35,3.114,3.466,2.546,1.757,2.486
MAIP1,10.171,11.113,16.464,11.02,10.352,10.625
KCNF1,0.111,0.074,0,0,0,0.167
SLC66A3,35.331,37.399,37.321,36.636,34.181,35.032
ARL5A,24.161,24.046,20.418,22.556,23.363,22.683
LRATD1,1.402,0.508,0.505,2.427,1.474,1.33
KCNJ3,0.08,0.062,0.077,0.036,0.02,0.085
NEUROD1,0.068,0.102,0.049,0,0.03,0
CLHC1,2.079,3.366,8.204,2.682,3.243,3.532
FRZB,0.063,0.127,0,0.058,0,0.057
DUSP19,0.432,0.703,0.989,0.861,1.007,0.639
CFAP36,57.876,56.629,58.558,56.617,59.646,44.867
NUP35,8.132,8.451,7.238,9.453,10.445,8.533
CCDC138,1.695,3.334,3.001,2.256,1.906,2.806
ZSWIM2,0,0,0,0,0.062,0.062
FBXO41,1.357,1.661,1.725,1.648,1.078,1.739
ACTG2,0.234,0.24,0.272,0.913,0,0.054
WDCP,3.162,3.829,4.902,4.413,4.594,3.598
SMC6,18.478,19.412,19.023,18.302,16.802,16.612
VSNL1,0.208,0.503,0,0,0.399,0.094
CCDC74A,5.922,7.492,6.524,7.757,8.243,8.483
H3-3A,295.074,290.271,265.606,295.291,317.05,298.056
ANKRD30BL,0,0.057,0.06,0,0,0
COQ8A,8.459,12.423,13.07,11.405,12.053,13.973
SLC16A14,0,0,0.056,0.166,0.034,0
TEKT4,5.145,5.878,5.032,4.929,5.116,4.993
EN1,20.06,22.535,24.514,25.185,25.542,26.002
SGCB,79.793,75.653,73.115,79.466,54.64,66.614
SPATA18,6.935,8.569,10.045,10.423,12.631,12.005
NOSTRIN,0.618,0.569,0.816,0.519,1.188,0.969
CFAP221,0.624,0.557,0.692,0.536,0.155,0.671
SGPP2,0.56,0.588,0.656,0.336,0.175,0.452
INHBB,17.033,26.676,33.035,28.458,45.035,39.791
XIRP2,0.029,0.029,0,0.026,0.098,0.025
BBS5,9.447,10.599,10.716,8.69,9.023,9.903
SMARCAD1,14.021,14.818,14.516,15.038,12.306,14.769
HPGDS,0,0,0,0,0,0
PDLIM5,30.841,32.389,25.61,26.796,22.161,30.465
PDHA2,0,0,0,0,0,0
STPG2,0,0.019,0,0.042,0,0.041
NEURL3,0.123,0,0.057,0,0,0
RPRD2,9.678,11.91,12.446,9.269,8.176,9.917
ANKRD23,1.65,1.449,1.859,1.18,0.728,1.541
CTSS,1.638,1.959,1.351,1.533,1.125,2.002
MSX1,22.204,19.066,19.634,18.247,19.722,17.914
PACRGL,11.669,16.409,17.757,12.873,10.635,12.603
BNIPL,1.678,1.138,0.926,1.043,0.7,0.833
C1QTNF7,0,0.056,0.06,0.034,0.034,0.051
TNFAIP8L2,0.407,0.328,0.606,0.075,0,0
LYSMD1,2.784,3.477,4.109,3.851,4.989,4.261
SCNM1,29.154,32.805,34.119,27.655,32.523,28.779
TMOD4,0.151,0.563,0.468,1.387,0.068,0.493
VPS72,36.079,31.747,34.615,35.38,44.896,32.003
ERCC3,35.459,33.01,36.713,34.603,27.585,31.702
RNF149,23.043,23.663,23.416,22.311,20.452,21.629
IWS1,24.572,23.606,25.509,26.776,24.774,24.697
BOLA3,47.116,41.227,38.26,43.817,41.747,43.469
CDC42EP3,110.41,114.694,120.15,132.703,127.138,130.434
S100A11,1179.269,1068.365,992.994,1253.287,1067.565,1092.381
LCE3D,0,0.573,0.397,0,0.848,0
SMCP,0.416,0,0,0.386,0.251,0.252
IVL,1.385,2.615,0.8,0.65,0.998,0.036
SPRR3,1.571,4.537,1.272,0.311,1.317,0.171
DHX57,7.967,8.349,8.257,7.769,7.495,7.767
SPRR2D,1.529,9.389,5.962,0.155,5.122,0.151
BMP10,0,0,0,0,0,0
PGLYRP4,0.161,0.162,0.043,0,0.073,0
ARHGAP25,0,0.045,0,0,0.257,0.128
S100A9,14.302,25.56,9.515,0.6,18.989,0.194
S100A12,0,0.857,0,0,0,0
TGFA,0.53,0.551,0.529,1.533,0.903,0.802
TDRD10,0.254,0,0.077,0,0.061,0.045
CCNYL1,14.273,12.69,11.649,11.851,11.042,9.318
FZD5,0.303,0.537,0.454,0.387,0.323,0.397
CRYGC,0,0,0,0,0,0
DCAF16,9.85,10.958,12.528,9.978,7.756,10.768
C1orf189,0,0,0.178,0.156,0,0.304
NPPC,0,0,0,0.168,0,0
GNPDA2,19.922,19.801,20.696,18.771,16.866,19.779
ALPP,0.211,0.181,0.097,0.083,0,0.082
GABRG1,0,0,0,0,0,0
ALPG,0,0,0,0,0,0
GABRB1,0,0,0,0,0,0
PAQR3,3.606,2.984,3.233,3.166,2.394,2.853
NIPAL1,0.166,0.283,0.181,0.097,0.095,0.043
ALPI,0,0,0,0,0,0
ANTXR2,184.215,156.648,136.807,149.99,101.292,120.81
HELQ,4.256,5.786,5.154,5.055,4.671,4.258
MRPS18C,32.932,33.344,40.449,33.972,33.866,27.506
CGGBP1,54.654,61.292,66.113,58.669,48.179,62.062
ABRAXAS1,15.974,15.514,15.208,12.532,13.029,14.68
GPR155,4.612,4.869,4.025,3.854,2.695,3.022
DAPL1,2.012,5.557,7.206,5.511,3.199,3.532
PMVK,43.633,44.616,50.006,49.764,63.872,51.147
PBXIP1,36.094,45.694,49.649,32.34,44.917,41.777
CLDN1,0.569,1.682,0.177,0.022,0.64,0.043
PYGO2,19.935,19.299,20.164,17.324,18.584,20.169
HIPK1,13.188,13.382,13.945,14.81,10.153,14.775
LENEP,0.898,0.459,0,0,0,0
DCST2,0.278,0.348,0.37,0.444,0.407,0.379
DCST1,0.706,0.562,0.711,0.458,0.8,0.612
COL6A3,1577.526,1667.002,1797.722,1574.001,1032.968,1589.743
INAVA,0.098,0.176,0,0.089,0.176,0.071
YY1AP1,31.14,33.615,35.172,35.014,31.308,33.59
KBTBD8,0.901,0.736,0.737,0.387,0.216,0.181
TAFA4,0,0,0,0,0,0
EOGT,9.776,8.408,8.53,8.898,6.367,8.85
LMOD3,0.245,0.173,0.269,0.2,0.176,0.183
NAXE,48.891,42.563,50.502,49.566,52.97,46.891
POGLUT1,16.493,11.328,13.356,10.367,8.864,10.058
SLC22A15,3.211,4.048,3.943,3.738,3.366,3.849
CCKAR,0,0.05,0.107,0,0,0
IGFN1,0.018,0.013,0.035,0.066,0,0
ATP1A1,94.74,94.538,95.447,97.206,99.956,103.797
SLC15A2,0.191,0.176,0.25,0.176,0.223,0.108
EIF4E3,8.477,8.741,8.572,7.342,8.817,9.302
PROK2,0,0,0,0,0,0
TEX55,0,0,0,0,0,0
LRRC58,19.774,19.492,18.59,17.498,11.209,15.51
FSTL1,1552.645,1576.727,1626.605,1776.184,2024.368,1956.307
LMOD1,0.433,0.928,1.554,0.92,2.543,1.61
ELF3,0.043,0.282,0.295,0.097,0.043,0.088
PDCL2,0,0,0,0,0,0
TMEM183A,31.396,30.355,29.936,30.583,31.656,28.515
TMEM169,0.157,0.848,0.236,0.167,0.07,0.565
IGFBP7,148.085,154.704,150.643,155.182,175.554,167.006
TRIM46,1.28,1.552,2.045,1.439,1.852,2.192
KRTCAP2,150.652,138.945,142.885,185.698,194.776,171.485
CXCR1,0,0,0,0,0,0
ARPC2,331.453,307.572,278.745,332.915,327.02,296.554
TSACC,0.717,0.583,1.067,0.4,0.779,1.434
CCT3,175.347,153.669,149.333,166.508,152.101,143.725
TMEM79,5.737,6.117,6.228,3.647,7.444,5.715
SSR2,258.24,267.547,266.975,300.796,333.982,283.812
RNF25,21.093,19.837,25.859,19.213,20.542,20.251
STK36,6.034,10.202,8.376,7.248,6.279,9.958
ADORA1,0.314,0.592,0.638,0.412,0.215,1.44
NEK10,6.588,5.391,5.701,4.87,1.858,4.64
CCDC141,0.088,0.112,0.172,0.093,0,0.06
FEV,0,0,0,0,0,0
CRYBA2,0,0,0,0,0,0
IHH,0.068,0,0.036,0,0,0.031
CIP2A,8.38,9.023,7.859,11.176,7.752,9.929
EOMES,0.164,0.151,0.053,0.088,0.037,0.075
CWC22,13.465,14.786,13.769,15.754,15.086,15.533
AZI2,35.466,33.282,33.41,31.266,43.062,34.766
TGFBR2,135.501,134.258,132.914,138.716,112.19,131.784
RETNLB,0,0,0,0,0,0
ANKZF1,20.23,19.898,19.077,22.862,18.641,23.464
HDAC11,11.674,13.541,16.468,10.882,17.133,12.144
FCRL4,0,0,0,0,0,0
TRAT1,0,0,0,0,0,0
FBLN2,362.776,411.113,422.353,414.353,509.158,512.167
GLB1L,4.587,4.567,7.084,6.128,3.231,4.503
STT3B,63.229,58.414,54.559,64.061,47.587,55.158
CHCHD4,13.231,11.225,9.208,9.209,12.28,10.601
DPPA2,0,0,0,0,0,0
NFASC,33.198,34.313,34.956,33.441,27.784,37.637
FCRL1,0.096,0.156,0.161,0.054,0.027,0
SGO2,10.283,9.484,10.259,10.964,8.313,10.968
SERPINI1,0.831,0.96,1.119,0.507,0.449,0.945
CLASP2,14.156,15.311,14.465,15.764,12.573,12.902
SUCLG1,54.124,50.262,52.986,50.487,63.687,42.731
NUAK2,1.333,2.338,2.6,1.146,1.676,1.727
SPTA1,0.02,0,0,0,0,0
PRKCI,16.123,15.54,15.301,13.951,13.358,14.552
MNDA,0,0,0,0,0,0
PYHIN1,0.258,0.054,0.058,0.198,0,0.177
IFI16,99.974,128.672,136.333,114.821,105.779,110.426
AIM2,0.065,0,0,0.179,0,0.059
EFHB,0.176,0.106,0.157,0.161,0.245,0.16
EIF5A2,12.056,8.143,12.06,6.804,7.438,9.828
SLC2A2,0,0,0.027,0,0,0.094
RPL22L1,123.412,103.186,96.604,121.557,105.326,81.485
FABP1,0,0,0,0,0,0
PPM1L,0.414,0.444,0.887,0.408,0.344,0.52
ICA1L,6.142,3.657,4.619,4.403,1.767,4.133
CTLA4,0,0,0,0,0,0.039
ICOS,0,0,0,0,0,0
RYBP,15.56,15.872,17.075,14.017,12.351,13.989
PPP4R2,37.726,37.235,40.328,42.436,30.34,35.399
CD200R1,0,0.052,0,0,0,0
GTPBP8,6.851,7.82,8.757,6.451,7.708,8.195
NEPRO,14.63,14.943,15.349,13.922,13.055,13.49
SPICE1,5.155,8.817,6.475,7.385,4.953,8.266
CCDC191,2.442,3.542,3.465,2.476,2.021,4.103
CADPS,0.031,0.108,0.193,0.23,0,0.044
NKX6-1,1.937,0.969,1.151,1.555,2.197,1.067
CDS1,0.112,0.187,0.199,0.051,0.067,0
WDFY3,14.142,14.579,15.833,12.956,8.554,12.09
COX18,2.175,2.296,2.577,2.264,1.805,2.712
PTPN13,13.62,19.874,21.919,18.604,19.201,21.524
SYNPR,0,0,0,0,0,0
ALB,0.06,0,0.048,0,0,0
C3orf49,0.289,1.327,0.415,1.169,0.139,0.822
C4orf36,0,0.471,3.759,1.699,0.322,0.327
THOC7,72.359,68.07,74.013,74.987,82.802,67.172
ATXN7,8.705,8.849,8.952,8.587,6.457,9.626
PSMD6,65.877,72.39,68.241,53.385,63.547,52.82
PRICKLE2,7.607,7.758,7.82,6.013,4.925,6.133
ADAMTS9,0.862,1.233,0.847,0.701,0.453,0.793
PPM1K,1.915,3.419,4.037,3.92,3.506,3.183
ERICH6,0.284,0,0.301,0.091,0,0.374
CLRN1,0,0.164,0,0.055,0.037,0
GMPS,45.427,40.369,38.275,43.462,41.211,37.768
TIPARP,20.491,22.772,19.309,20.461,11.253,14.69
CCNL1,42.01,63.448,74.635,44.242,31.164,52.074
PTX3,365.245,358.907,376.572,443.006,724.938,524.045
HESX1,1.016,0.847,1.269,0.955,0.537,1.137
DCLK3,0.015,0.075,0,0,0.054,0.041
SLMAP,24.091,22.277,26.554,22.426,17.469,20.821
RPL9,2468.618,2502.347,2455.358,2472.258,2941.022,2256.862
SMIM14,37.01,38.426,35.729,31.637,32.111,36.289
RPP14,8.13,6.655,10.997,6.409,7.489,7.006
ABHD6,7.12,7.245,6.119,5.293,4.264,5.142
DNASE1L3,0.246,0.171,0,0.199,0.037,0.05
CFAP20DC,2.577,2.074,2.101,2.799,2.23,2.626
RBM47,0.911,1.144,1.331,1.39,1.162,1.659
APBB2,20.708,20.782,21.169,17.108,17.502,22.237
IL17RE,2.395,4.636,2.523,3.12,2.606,2.864
IL17RC,25.327,28.4,27.314,26.238,28.426,30.139
CRELD1,13.754,12.097,16.257,14.099,13.567,14.208
PRRT3,3.47,3.409,3.936,2.733,3.175,2.795
FANCD2OS,0.184,0,0,0,0.079,0
PCOLCE2,6.151,5.219,4.994,9.401,7.636,10.084
U2SURP,33.958,41.189,45.391,40.3,31.46,35.738
MTMR14,18.356,17.717,17.933,16.374,15.793,16.124
TTC14,23.598,19.992,21.649,18.153,14.375,19.23
CXCL3,16.368,6.261,6.36,8.125,4.419,4.961
CXCL5,1.622,0.414,0.514,0.944,0.186,0.188
PPBP,0,0,0,0,0,0
PF4,0,0,0,0,0,0.125
MTHFD2L,3.797,2.536,2.029,2.106,1.52,2.098
CXCL1,49.312,34.813,24.341,33.091,20.865,25.948
RCHY1,11.851,11.682,11.98,13.716,12.208,10.659
PLSCR2,0.063,0.063,0,0.057,0.282,0.114
CCDC158,0.087,0.132,0.14,0.222,0.1,0.081
CPA3,0,0.05,0.105,0.091,0.223,0.36
GYG1,31.323,31.956,29.525,37.84,36.766,32.215
HPS3,11.175,12.908,12.056,12.373,10.549,12.386
TM4SF18,0,0.525,0,0.16,0,0
TOPBP1,13.763,11.867,12.951,16.066,12.503,13.654
RYK,46.701,42.394,42.575,44.24,44.781,41.096
SNRK,7.115,7.859,8.48,6.908,6.017,6.131
TCF23,0.079,0.202,0.018,0.124,0.045,0.183
DNAJC5G,0.607,0,0.215,0.379,0.367,0.185
UCN,0.928,2.016,2.535,1.721,2.277,1.445
ZNF513,12.316,10.794,9.692,12.149,11.197,11.496
SLC4A1AP,15.027,17.514,19.879,16.039,15.726,17.259
PLB1,0.141,0.069,0.122,0.063,0.065,0.239
SPDYA,0.691,0.534,0.633,0.628,0.376,0.18
KIAA1143,17.138,20.003,18.546,18.174,16.236,16.76
KIF15,3.909,5.543,6.18,5.961,4.638,5.963
TGM4,0,0,0,0.088,0,0.088
WDR43,25.139,24.307,18.801,28.176,27.573,24.435
ZDHHC3,45.147,56.244,50.467,56.545,66.654,60.005
CDCP1,4.38,4.331,3.141,5.87,1.996,4.025
CLEC3B,115.902,168.365,194.94,259.871,439.746,329.239
SLC6A20,0.334,0.412,0.294,0.4,0.071,0.439
LZTFL1,11.984,12.545,12.738,12.681,14.129,13.971
FYCO1,17.068,19.038,19.434,18.42,15.476,19.971
CCR1,0,0,0.067,0,0,0
RTP3,0,0,0,0.052,0,0.153
LRRC2,3.548,4.055,4.991,7.16,6.006,6.356
ELP6,28.276,24.581,26.641,22.602,29.737,27.374
FBXO40,0,0,0.031,0.052,0,0.013
DTX3L,8.754,9.628,10.864,9.82,8.78,11.063
ZNF148,21.484,23.787,28.576,25.811,26.325,22.024
NMNAT3,4.609,5.487,7.012,4.985,3.439,4.993
SMIM12,33.649,27.801,28.214,25.92,25.399,25.201
ZMYM6,9.195,10.163,11.578,10.944,7.505,11.12
TPRA1,30.721,34.259,34.413,29.999,35.424,35.459
YEATS2,22.376,19.33,20.103,23.511,17.538,22.188
GRIK3,0,0,0,0,0,0
ZC3H12A,7.322,6.681,4.647,7.36,5.516,7.914
MEAF6,78.332,67.162,72.454,73.937,64.19,67.598
SNIP1,6.209,6.991,6.849,6.663,5.608,6.333
DNALI1,3.811,4.701,4.528,5.414,4.545,4.669
POLR2H,61.77,52.028,54.982,67.478,50.673,54.271
KLF15,2.406,2.77,1.368,1.833,0.326,3.111
CFAP100,0,0.086,0,0,0,0
CAMK2N2,2.915,1.682,2.242,1.875,2.18,1.802
LIPH,0.146,0.509,0.264,0.114,0.08,0.232
TMEM41A,7.632,8.75,9.144,8.57,6.384,7.247
RPN1,150.284,145.714,136.158,159.709,150.71,154.577
SENP2,16.903,12.486,16.64,12.307,15.901,10.469
HEYL,0.079,0.02,0.042,0.036,0.018,0.09
IFT122,8.162,13.357,14.241,9.791,10.75,12.713
RHO,0,0,0,0,0,0
RFC4,21.415,21.625,23.172,30.097,18.941,24.912
RPL39L,22.489,21.4,22.741,25.916,27.734,28.033
BAP1,38.569,46.782,42.52,36.39,44.924,44.428
TKT,201.107,238.353,240.54,213.802,300.329,242.729
PRKCD,30.815,26.752,26.327,32.052,23.36,25.035
RFT1,20.286,19.184,17.073,15.666,19.338,15.914
SFMBT1,5.165,5.205,5.086,5.359,5.254,5.575
GNL3,80.887,70.641,71.563,67.908,63.859,62.855
PBRM1,35.855,35.251,37.176,41.277,25.958,35.556
UVSSA,4.477,7.129,7.697,5.253,3.561,6.811
TASOR,19.546,20.319,19.403,19.698,14.066,18.729
ARHGEF3,5.8,7.354,13.536,5.394,8.134,9.345
SLBP,64.926,57.617,53.532,68.347,65.218,60.756
LRPAP1,16.438,17.455,17.692,15.479,18.216,17.587
ZDHHC19,0,0,0,0,0.316,0
SLC51A,0.723,0.978,1.376,0.763,0.285,1.346
UBXN7,13.303,20.527,22.842,21.884,17.126,13.267
RNF168,9.659,10.134,10.111,11.938,8.335,10.563
PIGX,19.928,16.667,12.615,13.638,13.593,16.104
MELTF,7.683,9.299,8.866,11.42,11.307,12.23
OTOP1,0.087,0.217,0.323,0.397,0.235,0.355
S100P,0.292,1.801,0,0,0,0
ABLIM2,0,0.148,0.201,0.096,0.1,0.025
EXO5,7.116,6.436,6.308,7.341,7.226,6.637
CLDN19,0.118,0.029,0,0.028,0,0.027
C1orf50,3.027,3.267,3.374,2.945,2.894,3.247
ERMAP,11.842,12.243,13.117,12.331,11.882,14.074
ZNF691,5.219,6.973,6.549,6.929,7.811,9.285
AIMP1,43.974,47.639,48.968,50.059,50.042,45.854
SGMS2,28.584,30.657,27.3,29.415,30.879,27.917
METAP1,44.991,38.807,36.298,49.756,32.208,38.644
DNAJB14,37.913,33.559,33.619,27.588,28.13,41.814
H2AZ1,339.517,364.222,358.782,411.844,381.716,380.482
EMCN,0.264,0.531,0.386,0.262,0.417,0.97
SLC9B1,3.672,0.728,1.561,1.825,1.362,1.299
SLC9B2,16.595,16.884,13.788,14.046,12.261,14.997
BDH2,27.775,23.948,31.295,33.821,25.396,33.237
PGRMC2,106.984,119.781,133.715,140.461,178.611,157.237
CDC25A,2.31,2.446,3.495,7.334,2.592,4.241
CAMP,0,0,0,0,0,0
ZNF589,6.784,8.381,9.956,8.753,6.057,8.628
FBXW12,0,0,0,0,0,0
PLXNB1,7.255,8.173,8.588,7.24,7.231,8.883
CCDC51,5.243,6.287,8.533,6.985,10.513,8.571
ATRIP,6.391,5.582,4.527,6.94,5.948,6.457
SHISA5,129.656,115.405,118.314,134.486,134.947,135.793
SPRY1,10.136,9.588,8.144,9.431,11.051,9.608
BSN,0.078,0.092,0.129,0.053,0.066,0.101
APEH,49.986,51.189,49.83,46.427,47.784,44.273
INTU,1.646,2.511,2.488,1.732,1.296,2.143
RNF123,20.319,30.209,37.563,21.437,14.024,17.031
HSPA4L,1.549,2.255,2.575,2.161,2.02,2.438
MFSD8,10.603,7.708,9.57,6.967,9.226,7.45
ABHD18,4.033,4.03,6.678,3.737,3.523,3.98
CAMKV,0,0,0,0,0,0
MON1A,10.025,7.236,7.958,7.532,6.555,7.852
MST1R,0.434,0.302,0.395,0.719,0.379,0.47
RAD54L2,6.352,7.525,7.16,5.896,4.141,6.013
TEX264,47.342,50.081,51.323,45.848,54.806,43.055
GRM2,0.098,0.208,0.182,0.191,0.075,0.044
DUSP7,18.598,14.773,15.204,23.595,17.942,21.821
POC1A,10.335,11.184,10.193,11.875,11.83,14.088
PPM1M,27.246,31.32,32.96,29.934,36.823,36.012
ETNPPL,0,0,0,0,0,0
WDR82,64.302,58.432,55.625,60.115,58.794,58.637
PITX2,12.942,11.494,9.921,17.255,11.526,12.545
C4orf3,112.063,97.99,96.016,121.49,108.644,108.008
PRSS12,23.421,29.574,33.729,34.668,52.601,43.894
NDST3,0.041,0.069,0.073,0.05,0.012,0.062
HMGB2,83.171,98.281,115.336,115.754,108.169,110.92
SAP30,21.07,19.826,24.434,20.35,25.213,21.503
SCRG1,0.434,0.526,0.407,0.552,0.36,0.294
HAND2,4.092,3.884,4.259,3.24,5.189,4.69
MAD2L1,6.377,7.118,6.281,6.729,5.909,7.013
ANXA5,1222.873,1213.41,1159.656,1171.048,1286.058,1150.7
SMIM43,1.018,1.125,1.255,1.025,1.858,1.204
ADAD1,0,0,0,0,0,0
MAP9,7.352,9.955,8.615,7.274,6.672,6.649
GUCY1A1,0.11,0.049,0.034,0.045,0.089,0.173
FBXO8,12.072,16.553,16.912,17.933,17.562,17.359
CEP44,9.417,9.828,11.669,8.462,5.734,8.324
HPGD,0,0.129,0,0,0.08,0
ASB5,0,0,0.21,0,0.052,0
C4orf45,0,0.074,0,0.202,0,0.199
TMEM144,1.239,1.419,2.197,1.538,1.97,4.237
GASK1B,3.242,8.982,14.326,9.019,13.75,12.684
NPY1R,0,0,0,0,0,0
NPY5R,0,0,0,0,0,0
NAA15,15.133,13.474,13.44,13.537,11.056,12.572
IL15,4.743,4.804,5.891,4.646,6.98,5.826
FAM160A1,0.089,0.102,0.103,0.056,0.105,0.062
ARFIP1,23.614,21.584,23.53,21.587,20.51,21.992
ICE1,13.993,13.573,13.447,12.791,9.801,12.245
HHIP,0.095,0.148,0.367,0.1,0.222,0.358
ANAPC10,15.868,16.124,17.021,13.064,17.078,13.292
ABCE1,45.807,36.614,35.065,45.671,40.918,43.111
OTUD4,18.664,17.381,17.057,18.944,13.054,17.639
LSM6,30.684,30.172,31.362,26.143,29.704,25.647
TMEM184C,24.066,21.436,27.101,20.932,20.675,23.545
PRMT9,3.091,2.971,3.114,2.729,2.633,3.362
ITGA2,44.218,23.921,17.098,22.894,5.93,12.411
MOCS2,62.862,64.184,65.55,65.957,78.735,66.885
SLC45A2,0,0,0,0,0,0
EDIL3,5.022,5.107,4.208,3.643,3.06,4.128
TMEM161B,6.269,7.664,8.75,5.594,5.247,6.876
ELOVL7,0.17,0.455,0.182,0.019,0.02,0.039
NDUFAF2,73.047,60.982,64.165,70.308,75.814,54.906
ZNF474,0,0.134,0.048,0.204,0.627,0.627
LMBRD2,5.339,5.49,5.23,5.545,3.782,5.257
RANBP3L,0.018,0.122,0.124,0,0.034,0.017
NIPBL,15.149,16.571,19.038,14.498,12.089,15.454
RNF180,0.353,0.727,0.138,0.251,0.32,0.281
ADGRV1,0.951,0.77,0.603,0.035,0.189,0.507
SLC25A46,23.862,26.383,28.583,26.5,26.349,28.965
STARD4,5.318,8.062,7.303,7.078,5.063,4.776
PGGT1B,11.171,10.164,11.158,10.013,9.282,9.842
F2RL2,0.589,0.783,1.06,0.621,0.767,0.811
CCDC112,6.832,8.23,7.834,7.21,7.07,6.068
ANKRD33B,1.969,5.556,6.583,4.607,7.956,7.716
CMBL,6.752,8.51,10.161,8.229,10.776,9.197
C5orf63,2.778,1.597,2.299,2.984,3.747,2.328
PRRC1,35.752,32.644,32.007,35.088,27.079,33.645
F2RL1,1.999,1.198,1.401,2.751,0.861,0.98
AGGF1,15.551,14.327,14.243,14.029,13.327,13.784
WDR41,32.83,42.339,51.004,32.65,38.303,40.035
PRDM9,0.058,0.228,0.236,0.208,0,0
NDUFS4,90.329,111.227,97.713,120.624,138.452,103.82
SCGB3A2,1.965,1.683,2.078,1.227,1.194,1.488
SPINK1,0,0.375,0,0.073,0.074,0
HTR4,0,0,0,0,0,0
ESM1,99.947,42.512,21.069,94.091,26.659,46.637
GRPEL2,7.778,9.044,7.269,7.122,6.592,7.972
CDC20B,0,0,0,0,0,0.19
ARSK,6.551,6.651,6.958,6.231,5.6,6.06
RHOBTB3,21.169,25.16,24.449,22.845,24.539,25.178
GPX8,105.501,99.631,110.298,122.737,122.315,117.171
TIGD6,4.307,5.091,4.431,4.159,4.903,3.646
SPZ1,0,0,0,0,0.042,0
SERINC5,9.658,9.251,9.45,8.43,5.357,7.612
ENPP6,0.064,0.048,0.094,0.158,0,0.123
CAGE1,0,0.055,0.096,0,0.026,0.053
CASP3,27.892,19.324,21.069,22.686,22.086,23.043
PRIMPOL,9.517,12.32,9.78,11.666,10.457,11.185
ERAP1,16.79,20.833,20,18.484,16.294,17.726
ERAP2,12.29,13.877,13.591,13.288,13.216,14.634
CMYA5,0.465,0.632,0.855,0.548,0.396,0.822
EGFLAM,1.666,1.188,0.075,0.848,0.618,1.359
CFAP97,28.203,27.733,25.634,26.755,24.367,25.704
TMEM174,0,0,0,0,0,0
CARTPT,0,0,0,0,0,0
RICTOR,11.275,11.126,10.538,8.846,5.615,8.145
TENT2,20.224,22.706,22.064,22.602,20.082,22.637
EBF1,13.713,26.782,34.174,21.921,25.707,27.225
ANKRA2,11.843,11.873,12.474,10.388,9.888,11.597
UBLCP1,24.313,21.765,21.592,20.091,19.749,21.043
FAM170A,0,0,0,0,0,0
UTP15,9.487,11.039,10.502,7.89,6.951,9.083
TLR3,1.617,4.908,5.026,4.326,6.663,4.215
KLKB1,0.178,0,0.229,0,0,0.106
NSA2,80.632,78.2,89.856,75.95,82.07,71.884
GFM2,11.827,12.945,11.494,11.09,9.854,13.098
TERT,0,0,0,0,0,0
SLC6A18,0,0,0,0,0,0
CCDC127,15.11,16.954,15.867,15.664,14.235,17.907
FOXQ1,0.313,0.909,0.8,0.228,0.677,0.313
ADGRF2,0,0,0,0,0,0
ACSL6,0.042,0.039,0.04,0.012,0.045,0.012
IL3,0,0.219,0.115,0,0.098,0
CSF2,0.134,0,0,0,0.121,0
SEPTIN8,47.368,48.423,47.365,56.78,41.424,54.784
SHROOM1,7.869,8.567,7.76,8.44,6.841,10.032
GDF9,0.242,0.063,0,0.178,0.044,0.176
UQCRQ,165.801,147.656,164.38,120.994,181.323,144.367
LEAP2,0.478,0.244,1.216,0.493,0.215,0.973
GJB7,0,0.038,0.228,0.035,0.033,0.068
SLC35A1,17.47,16.303,18.373,15.208,12.941,16.946
GRIK2,1.884,2.149,2.226,2.418,2.135,2.632
CGAS,3.267,3.318,3.008,4.783,3.291,3.568
FABP7,0.205,0.615,0.218,0.158,0.111,0.246
TLX3,0,0,0,0,0,0
TXLNB,0.052,0.052,0.111,0.095,0,0.063
CITED2,310.947,401.352,407.322,377.759,468.344,461.767
CALHM4,0,0,0.181,0,0,0
TBXT,0,0,0,0,0,0
CREBRF,11.381,15.172,13.884,11.396,11.863,13.552
DCBLD1,15.19,14.364,12.405,14.783,11.268,12.784
SFXN1,21.413,20.78,19.56,24.654,17.39,22.587
SAMD3,2.362,0.451,0.772,1.229,0.309,0.608
TMEM200A,32.65,18.256,16.409,27.396,15.761,20.405
IL22RA2,0,0,0,0,0,0
DACT2,0,0,0,0,0,0
PDSS2,13.057,12.259,10.549,9.795,9.013,9.667
SPATA48,0,0,0,0,0,0
STXBP5,29.2,24.28,24.462,27.415,20.495,23.488
H2AC1,0,0,0,0,0,0
IL31RA,0.525,0.485,0.835,0.665,0.769,0.783
ANKRD55,0.102,0.239,0.212,0.124,0.122,0.277
RAET1E,1.683,3.408,2.452,3.205,1.952,1.91
PI16,3.489,2.807,4.64,4.531,4.961,4.459
TBX20,0.334,0.478,0.558,0.479,0.429,0.26
DAGLB,17.215,22.475,18.364,15.628,19.828,18.973
KIAA0895,1.701,1.147,1.188,0.723,0.889,0.967
STK17A,49.828,46.426,43.257,53.003,48.848,49.38
TRA2A,41.108,44.695,49.166,46.777,38.813,42.422
GALNT10,37.185,39.234,39.795,44.314,46.386,47.724
SAP30L,21.689,19.8,20.492,18.218,16.795,18.817
RPS14,3135.026,3014.301,3179.352,2966.129,3887.761,2933.109
HCN1,0.071,0.11,0.075,0.072,0.007,0.072
MYOZ3,0.072,0.072,0.077,0.088,0.109,0.279
COG5,35.223,28.821,26.966,24.395,24.403,26.946
NEUROD6,0,0,0,0,0,0
BMT2,10.266,8.955,9.41,10.008,7.843,9.032
GPR85,0.446,1.043,1.77,1.455,0.6,0.984
SLU7,30.273,26.548,27.04,24.308,26.196,23.74
RP9,36.596,41.049,44.43,48.171,66.325,53.936
PTTG1,48.94,57.178,55.292,65.416,61.184,57.004
CAMLG,52.149,54.137,55.558,54.465,59.963,51.29
BMPER,28.847,31.922,30.808,38.489,49.248,43.178
RELL2,1.924,1.974,1.682,2.758,1.659,1.739
KCNK5,0.021,0,0.046,0,0,0
KIF6,0.541,0.685,1.265,0.677,0.741,1.071
ZNF12,9.013,9.635,10.294,9.878,8.018,9.614
SLC29A4,3.211,1.905,2.73,3.29,3.209,3.189
TEX47,0,0,0,0,0,0
STEAP1,83.729,48.057,38.192,62.514,26.945,38.023
CDCA7L,24.157,21.423,24.127,33.052,27.716,29.199
SP8,0.102,0.308,0.054,0.561,0.092,0.743
MIOS,20.502,23.075,17.17,25.065,17.727,20.108
ELAPOR2,2.943,3.254,3.347,4.122,2.525,2.962
USP49,2.876,2.879,4.559,2.396,2.318,3.046
SYTL3,1.215,1.071,1.02,1.339,1.491,1.241
IQUB,0.19,0.299,0.578,0.188,0.318,0.37
HEY1,0.704,0.841,2.042,1.001,1.043,1.263
ZNF704,0.567,1.202,1.183,1.521,1.804,1.301
FABP5,35.934,44.697,17.326,26.09,30.905,22.12
SHH,0.017,0.018,0,0,0,0.016
TAGAP,0.172,0.044,0.131,0.02,0.079,0.072
COL1A2,7093.865,7794.834,8487.869,7341.368,9393.754,9573.472
FNDC1,5.102,6.277,6.023,5.286,6.665,7.547
CHMP4C,0.463,0.399,0.302,0,0.046,0.086
SLC13A4,0.886,2.107,1.668,1.675,0.566,1.087
PGAM2,0,0,0,0,0,0
BRI3,342.972,304.948,291.396,298.913,296.473,279.313
LMTK2,4.653,5.503,5.923,4.445,3.215,4.53
SLC35G3,0,0,0,0,0,0
CTSB,2012.156,1866.448,1694.379,1721.322,1338.969,1546.33
SOX17,0,0,0,0,0,0
DLC1,65.238,54.172,55.683,47.709,43.862,49.846
ADCY1,0.428,0.436,0.461,0.343,0.338,0.251
C8orf48,2.865,3.773,3.589,5.427,3.787,2.774
SUN3,0,0,0.203,0.116,0,0.283
C7orf57,0,0,0.133,0.082,0,0.08
HNF4G,0,0,0,0,0,0
PEX2,30.569,34.864,40.822,29.32,34.706,42.499
RAD21,76.78,79.523,79.146,84.992,74.03,79.202
SLC30A8,0,0.015,0,0.028,0,0.042
MED30,15.007,17.149,13.043,17.679,16.931,13.863
TNFRSF11B,136.765,129.511,136.005,187.913,201.677,185.704
SBSPON,0.157,0.29,0.308,0.243,0.198,0.221
PHKG1,0.834,1.811,1.698,1.143,2.11,2.294
EN2,0.12,0.072,0,0.022,0.065,0.022
KCNV1,0.313,0.229,0.281,0.195,0.096,0.271
CSMD3,0,0.014,0,0,0,0.005
SPIDR,35.202,29.26,39.561,25.727,24.693,32.427
ORC5,8.434,14.606,11.904,12.091,12.251,8.956
DEFA5,0,0,0,0,0,0
DNAAF5,18.466,20.814,18.35,18.476,14.908,20.407
DEFA4,0,0,0,0,0,0
DEFA6,0,0,0,0,0,0
OSGIN2,6.05,5.93,5.758,7.056,5.038,5.84
DEFB1,0,0.888,0,0,0.396,0
SUN1,91.445,100.239,114.029,93.694,88.132,112.003
OXR1,19.135,16.281,20.88,16.215,19.291,18.108
TMEM74,0,0,0,0,0,0.011
GPR146,3.172,3.516,3.618,3.893,2.834,4.176
GPER1,7.084,10.556,9.317,12.646,12.616,12.586
UNCX,0,0,0,0,0,0
TMEM184A,1.49,1.563,0.251,0.179,0.333,0.581
NOS3,0.426,0.402,0.457,0.327,0.075,0.237
SPAG11B,0,0,0,0,0,0
MICALL2,19.279,22.117,24.959,18.409,18.545,26.423
CA3,0,0.22,0.054,0,0,0.092
INTS1,34.467,32.943,34.172,26.69,25.361,30.011
CDK5,17.307,19.841,18.689,11.136,17.109,17.523
SLC4A2,48.8,50.409,47.36,51.503,42.4,52.985
SLC7A13,0,0,0,0,0,0
FASTK,52.328,56.188,57.146,55.717,61.83,66.832
TMUB1,26.624,27.208,28.325,31.98,33.86,34.863
FMC1,6.143,7.37,6.927,5.321,6.986,5.172
GBX1,0,0.048,0,0,0,0.087
PHAX,28.177,28.041,27.241,25.432,25.632,24.983
ALDH7A1,49.534,50.681,54.022,46.808,62.357,54.016
FOXK1,10.977,9.066,9.89,9.72,5.787,12.12
COX6C,140.275,135.349,131.893,130.88,169.567,128.009
OSR2,15.228,41.327,48.219,47.871,86.699,75.86
YWHAZ,497.358,476.589,494.68,513.242,457.379,450.476
BAALC,6.715,9.686,10.077,12.247,5.347,11.125
FZD6,9.679,10.826,11.76,11.958,12.137,11.722
CTHRC1,7.807,5.289,4.952,11.093,10.734,11.066
SLC25A32,16.472,14.951,14.054,16.612,15.448,14.937
DCAF13,29.717,24.169,28.046,27.779,29.255,24.923
DCSTAMP,0.428,0.211,0.065,0.097,0,0.19
TP53INP1,6.758,12.451,14.292,9.254,8.823,10.831
INTS8,23.483,24.753,31.18,21.651,26.612,30.167
VIRMA,17.928,22.136,21.796,18.827,16.984,18.612
FREM1,0.068,0.021,0.108,0.031,0.122,0.184
GEM,40.472,45.024,38.614,42.602,24.38,36.667
PDP1,23.009,19.263,20.101,28.572,14.347,21.494
TMEM67,5.57,7.196,8.136,5.185,5.11,5.163
WASHC5,27.766,32.605,36.152,31.223,30.318,30.073
RPP25L,11.631,13.053,14.018,12.511,17.697,16.01
FAM219A,21.22,19.685,20.321,17.986,16.515,17.999
C9orf24,0.402,0.786,0.427,0.188,0.488,0.305
SNAPC3,24.074,24.647,22.959,21.635,17.834,21.595
MYORG,1.77,2.037,2.069,2.032,1.371,2.122
NUDT2,26.407,31.933,36.59,25.476,37.945,33.335
TMEM65,6.389,5.993,6.125,6.218,4.042,5.564
PSIP1,61.065,78.776,74.234,74.793,74.092,71.036
CCDC171,1.271,1.771,1.493,1.239,0.704,1.348
UBAP1,33.565,36.136,34.625,35.908,33.725,35.974
DIRAS2,0.851,0,0.48,0.228,0.018,0
SYK,0.049,0.087,0.035,0.138,0.048,0.015
NIPSNAP3B,0.302,0.545,0.583,0.301,0.517,0.495
ABCA1,10.539,12.307,11.601,8.192,4.638,6.453
NFIL3,13.04,15.69,15.779,11.603,10.241,11.646
LETM2,5.442,3.486,4.167,2.641,3.593,5.459
METTL2B,5.512,7.025,8.511,6.301,4.554,6.201
PRKACG,0,0,0,0,0,0
FXN,8.083,7.158,7.327,11.75,8.98,10.024
ZMAT4,0,0.165,0,0.034,0.136,0
NKX6-3,0,0,0,0,0,0
TMEM71,0.923,1.314,1.88,2.345,1.962,1.914
MAMDC2,0.415,0.366,0.676,0.4,0.593,0.621
PRSS37,0,0.127,0,0.466,0,0
CPA6,0,0,0,0.039,0,0
C8orf34,0.946,1.632,1.188,1.631,1.364,1.806
TMC1,0.086,0.12,0.138,0.155,0.046,0.176
ALDH1A1,0,0,0,0.112,0,0
KDM1B,12.068,10.379,9.954,9.706,7.439,8.042
HGSNAT,62.597,58.248,59.254,46.414,40.881,50.924
RASEF,3.099,3.217,3.387,2.565,1.217,3.765
GKAP1,1.656,1.923,2.487,1.172,1.639,1.919
KIF27,4.14,6.091,6.025,4.033,2.925,4.113
C9orf64,8.665,9.338,8.895,9.964,8.926,11.074
HNRNPK,340.093,306.201,314.716,354.637,326.583,331.413
SSMEM1,0,0.084,0,0,0,0.076
SVEP1,9.909,13.639,17.756,10.125,14.229,15.574
TRPV6,0,0,0,0,0.026,0.026
LLCFC1,0,0,0,0,0,0
ANKS6,12.84,12.358,10.725,9.907,8.253,11.535
FBP1,0,0.09,0,0,0,0.055
PGAP4,5.62,4.406,4.554,5.213,4.158,4.97
ZHX1,22.748,21.209,22.87,24.79,24.837,25.017
CFAP47,0,0,0,0.014,0,0
CYBB,0.038,0,0,0,0,0
DYNLT3,47.544,37.416,36.431,38.12,28.576,30.984
METTL27,14.023,14.499,14.901,10.843,14.723,13.327
MID1IP1,31.602,28.44,24.728,35.237,27.353,35.167
SHOC1,1.338,0.445,0.248,0.204,0,0.276
CXorf58,0,0,0,0.053,0.104,0
KIAA1958,2.579,3.011,2.3,2.113,1.812,2.498
PTCHD1,0.08,0.027,0.041,0.017,0.007,0.053
RNF183,0,0.047,0.341,0,0.06,0.118
ASB11,0,0.062,0.042,0,0,0.112
PCDH19,0.109,0.12,0.169,0.054,0.071,0.117
PIGA,3.48,3.221,4.415,3.06,3.217,5.623
VEGFD,0.124,0.083,0.132,0.113,0.261,0.038
OR1Q1,0.316,0.957,1.231,1.555,0.475,0.86
OR1K1,0,0,0,0,0,0
STRBP,4.51,5.65,5.867,4.023,5.841,7.144
CLDN3,0.217,0.146,0.231,0.067,0.131,0
GAPVD1,17.35,17.714,14.93,16.453,11.043,17.359
CARD19,54.123,48.472,41.347,43.762,39.919,40.354
WNK2,0,0,0,0.046,0,0
ATP7A,4.49,4.584,4.165,3.457,3.308,4.097
ZNF367,9.994,8.684,7.255,14.698,7.066,11.391
NLGN4Y,0.015,0.06,0.014,0,0,0
HDX,1.142,2.381,1.559,1.249,0.867,1.346
NDUFB6,36.799,45.131,43.581,32.846,49.697,35.038
AQP7,0.358,0.128,0.196,0.284,0,0.193
NOL6,12.949,12.644,11.883,13.256,12.431,11.787
AQP3,1.762,4.44,1.976,0.392,2.316,0.519
TRMT10B,7.336,8.548,8.365,6.952,5.271,5.529
VCP,161.789,147.493,144.639,134.401,123.017,136.772
PIGO,8.288,8.834,8.531,7.251,6.844,7.868
STOML2,82.876,77.524,82.865,78.732,93.367,77.087
BRWD3,1.499,1.624,1.691,2.028,1.2,2.089
SLITRK5,0.055,0.044,0.055,0.043,0.026,0.034
MELK,17.164,16.935,16.503,21.411,14.939,20.162
ARMC3,0,0.034,0,0,0,0
OTUD1,4.763,5.405,5.887,4.541,5.089,6.056
ARHGAP12,26.801,30.947,32.37,27.728,23.955,28.39
FAT3,0.086,0.075,0.1,0.097,0.084,0.059
DEUP1,0,0,0,0.041,0,0
HECTD2,4.522,4.51,5.24,4.92,3.073,4.736
SLC7A3,0,0,0,0,0,0
FBXO33,13.033,11.888,12.775,12.406,12.056,11.496
INTS6L,1.324,1.428,2.145,2.103,1.158,1.986
GPR101,0,0,0,0,0,0
CLDN2,0.057,0.093,0.03,0.042,0.042,0.21
LRFN5,0,0,0,0,0,0.017
LRRC18,0,0.165,0.582,0.2,0,0.05
SPTSSA,21.069,19.107,17.007,18.812,15.968,16.236
WRN,10.051,8.172,10.671,7.303,5.908,8.633
MARCHF8,21.352,26.177,25.924,22.488,23.238,26.247
TSHR,0.629,0.498,0.399,0.45,0.191,0.463
CFL2,54.607,60.695,65.215,74.179,94.579,86.386
SUGT1,48.091,47.783,51.296,46.472,52.535,40.289
GTF2A1,12.428,14.112,14.196,15.741,10.121,14.011
ZCCHC24,67.655,80.71,90.617,77.48,80.887,88.231
PGM2L1,2.89,2.892,3.059,2.591,2.075,2.194
PHYHIPL,0,0,0,0,0,0.043
SLC16A9,0,0.045,0,0.061,0.02,0
FOLR2,0,0,0,0,0,0
INPPL1,98.066,121.856,106.067,118.187,85.356,113.718
PHOX2A,0,0,0,0,0,0
MBL2,0,0,0,0,0,0
GJB2,4.949,10.611,2.083,0.169,4.023,0.067
CRYL1,24.072,23.828,26.482,23.835,19.993,22.247
REEP3,44.358,39.949,39.022,41.449,31.817,36.192
HEPACAM,0.076,0.025,0.027,0.046,0,0
SKA3,6.956,7.402,6.804,9.031,7.032,9.422
MICU2,32.687,30.78,31.406,32.976,29.397,32.001
DDIAS,6.013,4.43,2.661,4.071,5.675,2.912
PCF11,23.558,26.987,25.32,26.117,18.278,27.413
PKNOX2,0.089,0.254,0,0.081,0.04,0.061
RPL10L,0,0,0,0,0,0
LRR1,11.252,11.673,12.357,14.17,10.701,12.937
RPL36AL,342.269,320.586,318.641,333.116,405.396,307.054
DNAAF2,5.097,5.116,4.941,3.73,4.604,5.008
DEPP1,1.811,6.568,8.194,5.222,9.093,7.956
MAGEC3,0.087,0.318,0.055,0,0.064,0.041
ZNF22,10.921,11.222,13.779,13.196,16.487,14.85
KLHDC2,43.307,49.178,47.171,41.88,53.949,45.861
EML5,0.715,0.475,0.507,0.582,0.557,0.741
NEMF,26.267,24.812,25.248,30.778,19.141,25.487
RPUSD4,17.381,20.557,22.185,16.1,18.8,17.194
ARF6,75.276,67.168,62.451,72.577,57.481,67.906
TTC8,13.11,12.756,17.795,12.285,14.515,12.68
TMEM63C,0,0.158,0,0,0,0
NGB,0,0,0,0,0,0
NOXRED1,0.576,0.618,0.646,0.341,0.134,0.937
CDX2,0,0,0,0,0,0
AMER2,0.008,0.031,0.034,0.023,0.014,0.029
AKR1E2,6.161,6.386,6.575,6.651,2.871,8.243
KBTBD6,3.962,4.089,3.958,4.667,3.189,4.626
SSX5,0,0,0.157,0,0,0
SSX3,0,0,0.1,0.122,0,0
OTX2,0,0,0,0,0,0
FAAH2,0.087,0.087,0.139,0,0.156,0.039
DRGX,0,0,0,0,0.024,0.049
NUDT5,42.998,38.544,41.724,39.251,47.668,42.047
DACT1,4.07,3.64,5.517,3.724,3.979,3.778
OXGR1,0.035,0,0.037,0,0,0
UCMA,0,0,0,0,0,0
BEND7,8.195,7.173,9.35,10.517,9.19,8.904
ATP5F1C,132.29,141.512,136.144,136.074,151.678,127.251
PRPF18,23.005,16.961,20.066,20.471,21.188,20.905
TAF3,7.362,7.104,8.028,5.753,5.854,5.935
VSTM4,14.838,16.937,16.855,15.606,14.909,16.04
VDAC2,173.117,175.418,166.309,191.554,198.913,162.493
SOHLH1,0,0,0,0,0,0
COMTD1,4.375,6.154,5.478,7.261,4.309,7.294
SLC18A2,0.308,0.249,0.18,0.369,0.147,0.231
PDZD8,24.489,20.454,18.578,20.141,13.732,16.939
ZNF503,19.754,28.017,32.037,30.451,44.105,41.455
ABRAXAS2,10.737,11.826,11.485,11.668,10.065,11.342
QSOX2,21.99,16.523,18.204,17.68,11.621,15.262
FAM204A,38.292,40.647,44.458,36.951,44.568,38.311
NSD1,11.483,13.509,12.568,10.53,9.362,11.285
PRDX3,116.773,112.485,111.211,118.203,116.734,114.273
ENOX2,9.896,9.983,8.501,8.454,7.924,8.293
GHITM,77.38,79.035,79.848,79.943,83.984,75.713
CLEC1B,0.655,1.583,0.841,1.074,0.988,0.489
SNAPC4,9.793,10.693,12.166,7.951,5.433,11.077
TMEM52B,0.097,0.13,0.176,0.088,0,0.029
PMPCA,39.64,37.029,36.054,33.832,32.974,35.565
ENTR1,40.334,31.276,28.7,33.167,32.904,37.366
FRMD7,0,0,0,0,0,0
AK8,0.506,1.072,1.495,1.184,0.811,1.021
SPACA9,6.713,7.713,8.665,6.486,8.524,8.576
TSC1,15.05,17.267,21.077,14.789,10.085,16.546
GFI1B,0,0.104,0.076,0.065,0.031,0
HPRT1,35.502,29.527,29.94,39.463,32.819,35.416
BORCS5,8.447,7.162,6.443,8.4,7.457,7.836
DIPK1B,5.715,6.209,6.374,5.959,6.628,5.952
ZMYND19,39.468,31.357,28.212,39.224,31.822,33.881
STOX1,0.05,0.084,0.266,0.091,0.119,0
RET,0.449,0.456,0.1,0.417,0.135,0.993
DDX21,53.294,36.574,35.158,42.293,33.657,37.845
BMS1,19.813,18.334,19.718,17.886,15.394,17.581
STK32C,32.554,30.158,31.78,31.925,37.209,33.962
JCAD,62.379,41.199,34.615,38.923,30.706,35.769
OR4K2,0.009,0.01,0.042,0.016,0,0
FUNDC2,8.876,9.246,8.241,8.18,9.681,8.327
PIP4P1,31.848,36.323,40.687,21.677,24.725,29.348
METTL17,28.479,31.71,34.682,26.581,21.903,30.778
SLC39A2,0.074,0.133,0.211,0.135,0.066,0
NDRG2,0.561,1.151,2.449,0.783,1.155,1.016
RNASE7,0.134,0.336,0.142,0,0.181,0
ARHGEF40,48.79,50.613,50.136,49.284,47.549,53.897
NSMF,40.99,34.025,35.839,38.169,30.774,37.792
ZNF219,18.612,22.247,20.045,25.151,26.23,29.63
C12orf50,0,0,0.187,0,0,0
CASP7,22.833,26.788,30.473,27.285,26.058,29.552
PPP1R36,0.812,0.476,1.139,0.931,0.732,1.474
BTNL9,0.22,0.353,0.383,0.244,0.34,0.279
CCDC186,4.17,6.582,6.821,6.05,4.371,6.199
VWA2,0.054,0.193,0.116,0.098,0.058,0.112
METTL3,29.367,27.596,26.837,29.189,24.468,28.446
SALL2,2.606,2.735,3.158,2.458,3.079,2.782
PRAP1,0,0.148,0.507,0.407,0,0.288
TRUB1,8.954,9.212,7.971,9.639,9.461,9.084
ERICH6B,0,0,0,0,0,0
CYP2C19,0.059,0.061,0.063,0.093,0.018,0.091
ZFYVE1,20.72,26.38,26.733,20.103,19.466,20.677
C10orf82,0.102,0,0,0,0.178,0
HSPA12A,5.821,10.602,9.754,6.153,7.816,10.693
FRAT1,2.68,3.312,2.282,2.702,3.094,2.49
UBTD1,29.723,27.561,26.716,29.893,31.795,30.188
ANKRD2,1.526,1.051,1.366,1.993,1.666,1.896
E2F7,3.927,5.428,7.433,6.041,3.447,7.142
ARHGAP42,0.685,1.496,1.031,1.016,1.612,1.088
ISCA2,19.054,18.429,20.567,16.754,20.442,19.969
OTOGL,0.199,0.1,0.133,0.023,0.134,0.158
LARGE2,0,0.166,0.28,0,0.031,0.031
PACSIN3,17.284,21.736,17.751,27.372,23.081,29.499
TTC7B,40.805,32.034,27.975,40.099,35.679,40.413
SLC39A13,104.35,85.926,80.522,87.327,71.966,95.791
PSMC3,134.193,116.133,126.012,131.175,140.216,123.621
RAPSN,0.561,0.316,0.788,0.177,0.055,0.058
AGBL2,0.845,2.181,1.712,1.776,1.078,1.246
TC2N,0.148,0.339,0.238,0.18,0.505,0.09
CPSF2,31.491,29.294,24.022,25.818,24.942,26.387
SMCO2,0.174,0.176,0.309,0.241,0.157,0.237
MOAP1,15.202,16.622,13.943,14.639,14.135,13.857
IFI27L1,18.739,21.205,30.907,22.958,25.247,22.489
IFI27,9.066,8.901,9.51,15.955,18.8,13.106
SERPINA12,0,0,0,0,0,0
CLMN,0.141,0.166,0.228,0.715,0.296,0.157
PDZRN4,0,0,0,0.025,0,0
SLC6A5,0,0,0,0,0,0
CCDC38,0.261,0.335,0.187,0.089,0.116,0.282
NELL1,0,0,0.037,0,0,0
PTER,5.44,5.72,6.946,6.709,5.862,7.005
C1QL3,0.812,0.497,0.719,0.55,0.319,0.386
CACNB2,0.68,0.89,0.896,0.838,0.423,0.987
HACD1,12.215,8.369,8.852,8.555,9.466,11.324
ARL5B,4.723,6.128,7.816,5.911,5.108,6.043
SMCO4,7.296,7.882,5.98,9.014,9.841,8.738
CEP295,6.111,9.459,8.902,8.474,4.937,8.818
KCNC2,0,0,0,0,0,0
TAF1D,45.357,47.679,50.713,38.681,43.153,40.034
ABTB2,3.527,3.537,3.406,2.376,2.908,2.637
R3HCC1L,10.71,8.579,10.285,8.807,6.494,6.868
AMOTL1,29.792,26.909,27.058,28.766,21.977,29.279
HTRA1,902.681,868.55,870.764,932.548,1010.261,937.709
LIPC,1.266,3.253,3.957,3.019,4.059,3.522
CEP57,26.403,29.097,32.02,29.675,33.515,34.497
TCP11L2,12.598,18.656,18.222,15.58,11.753,21.311
PASD1,0,0,0,0,0,0.048
SPRED1,42.351,24.768,24.525,28.164,17.701,21.679
TMCO5A,0,0,0,0,0,0.04
GPR176,34.309,36.444,38.674,43.022,52.748,52.064
JAM3,46.853,41.209,39.63,38.123,36.035,34.951
IL25,0,0,0,0,0,0
CMTM5,0,0,0,0,0,0
GLB1L3,0.15,0.084,0.098,0.027,0.076,0.159
ADAMTS15,0.899,1.926,1.436,1.454,1.082,1.212
SVOP,0.066,0.037,0.128,0.066,0,0.054
SPATA19,0,0,0,0,0,0
GPT2,13.732,13.442,11.458,13.639,13.834,16.356
AMN,0.345,0.115,0.122,0.372,0.052,0
RAB8B,21.764,24.599,25.082,18.035,13.356,19.187
IKBIP,79.173,74.482,76.157,80.536,76.352,77.858
RPUSD2,7.739,5.316,7.296,5.987,4.837,6.215
HIF1AN,15.139,15.476,16.197,16.683,14.163,15.279
NDUFB8,123.633,131.18,122.542,133.606,152.611,130.27
ZFYVE19,23.653,25.888,28.82,25.889,26.473,27.789
PPP1R14D,0,0.146,0.154,0.134,0,0
SPINT1,1.75,1.157,0.857,0.925,0.576,0.151
FBN1,550.757,657.652,757.922,621.228,553.698,737.851
AVPR1A,0.038,0,0.027,0.035,0,0
C16orf78,0,0,0,0,0,0
DEPDC4,0.668,0.568,0.538,0.363,0.678,0.604
LRTM2,0,0,0,0,0.018,0.046
OPN1MW2,0,0,0,0,0,0
BRD7,44.936,41.801,44.566,45.23,44.035,42.152
CKB,10.643,15.319,20.406,14.823,21.1,18.01
TRMT61A,8.728,9.642,8.337,9.064,11.045,10.05
BTRC,6.18,7.723,6.701,7.823,7.667,7.877
POLL,15.538,20.669,20.113,15.686,21.086,21.11
BAG5,18.16,17.31,17.528,17.443,16.219,17.162
DPCD,53.986,52.669,49.849,46.481,62.355,52.094
LARP6,91.509,98.366,102.231,93.242,110.673,111.751
API5,50.123,52.868,56.884,51.675,41.291,48.791
ASPG,0.067,0,0.053,0.015,0.27,0.046
ZNF319,5.601,8.167,6.917,5.931,6.914,8.175
HPS6,17.475,15.93,15.957,17.144,17.29,15.858
SENP8,1.146,2.94,3.317,2.496,2.086,2.158
NOLC1,33.827,26.766,28.095,33.7,28.593,28.774
ALKBH3,15.649,20.097,19.006,15.487,19.117,17.192
COPS2,100.265,109.073,102.053,99.787,110.892,96.345
GABRB3,1.633,3.008,2.017,2.111,1.699,1.722
SPIC,0,0,0,0,0,0
TBATA,0,0,0,0,0,0
SGPL1,8.374,9.344,8.268,10.492,9.25,10.21
FRS2,12.998,13.529,16.061,12.074,13.898,14.846
CCT2,111.163,93.038,88.002,99.63,99.217,90.118
PCBD1,54.983,59.567,60.825,51.863,66.971,48.233
ARIH1,35.068,34.347,37.433,31.356,22.625,26.423
C16orf71,1.205,0.698,2.74,0.698,1.017,1.757
CLMP,245.981,181.601,153.339,212.798,120.192,164.211
SCN3B,0.208,0.184,0.305,0.167,0.093,0.185
COX11,25.751,26.013,22.624,17.984,23.133,20.759
ZNF202,6.687,7.922,5.38,6.038,7.306,9.683
FAM227B,4.651,4.863,6.606,4.425,4.549,3.062
STXBP4,2.984,2.65,3.496,2.809,2.059,2.285
CYYR1,0.107,0.214,0.495,0.146,0.193,0.243
CUL5,12.329,13.147,13.767,12.186,11.539,12.786
MYRFL,0,0,0,0,0,0.115
WBP1L,25.738,29.687,28.261,26.547,29.046,28.469
BORCS7,15.425,14.494,13.372,14.053,14.831,16.655
C2,2.955,3.348,2.904,3.282,4.542,3.18
PLEKHF1,12.383,17.785,22.925,18.929,28.002,24.187
TMEM100,0.448,1.857,2.151,1.594,1.487,1.808
ANAPC16,24.278,23.378,23.471,19.023,22.32,21.39
SMPD1,54.903,56.357,60.199,50.538,56.158,54.476
APBB1,47.361,45.377,46.415,52.061,51.488,52.512
SYNPO2L,0.098,0.059,0.251,0.036,0.106,0.053
NUDT13,1.792,2.103,2.182,2.781,1.946,3.526
C11orf65,0.498,0.912,0.822,0.404,0.424,0.46
TRIM44,19.749,18.413,19.143,18.107,15.754,17.859
CCDC182,0,0,0,0,0,0
ILK,162.419,151.672,127.042,172.413,180.532,158.564
TAF10,51.885,52.449,45.822,62.543,62.138,61.81
TPP1,58.67,62.241,61.982,55.12,47.252,55.155
DCHS1,2.18,1.898,1.995,3.165,1.705,2.971
NETO1,0.036,0,0.025,0,0,0
MSS51,1.481,1.962,1.953,1.11,0.658,1.693
CYB5A,49.375,53.474,51.962,57.714,73.369,59.981
USP54,5.084,5.53,7.008,4.198,4.108,3.712
RAG1,0.084,0.192,0.179,0.153,0.13,0.196
POTED,0.155,0.231,0.156,0.118,0.067,0.097
IFTAP,21.978,28.311,28.817,28.048,31.07,24.402
WDR88,0.393,0.602,0.219,0.663,0.522,0.348
OR10A5,0,0,0,0,0,0.094
OR2D2,0,0,0,0,0,0
ATP9B,16.51,17.748,21.036,15.252,9.421,17.195
PPFIBP2,5.642,7.036,9.753,6.946,8.601,9.613
MOGAT2,0,0,0,0,0,0
CYB5R2,10.393,12.234,10.574,17.987,11.977,14.929
SERPINB7,3.833,4.097,2.341,3.206,7.682,2.6
GARRE1,8.184,9.064,7.805,7.321,7.922,8.436
SERPINB8,30.847,25.249,25.936,29.824,22.883,21.513
TUB,7.402,6.107,8.731,6.948,5.623,6.155
RIC3,0.384,0.142,0.15,0.065,0.064,0.214
LMO1,0.277,0,0.198,0.086,0,0
IDH3A,49.695,37.974,55.114,42.092,29.413,39.163
WDR72,0.085,0.117,0.102,0.164,0,0.131
CRABP1,0,0.299,0,0.547,0.266,0.134
PLD4,0.045,0.173,0.364,0.439,0.582,0.669
ZMAT1,0.515,0.796,0.571,0.389,0.267,0.722
XRRA1,12.526,16.299,14.538,14.172,13.852,12.723
TRIM66,2.813,3.03,4.873,2.343,0.974,3.249
RNF169,8.745,9.797,10.948,7.969,5.643,7.822
RPL27A,2217.037,2234.49,2180.037,2259.548,2599.196,2085.919
DENND2B,33.47,51.941,56.481,37.583,47.542,49.063
CDYL2,3.552,3.097,2.528,3.006,2.213,2.937
TMEM130,0.519,0.802,0.959,0.887,1.243,1.106
PRTG,0.765,0.284,0.264,0.23,0.392,0.339
CENPN,19.662,19.607,21.97,24.301,21.683,20.67
AKIP1,35.242,40.986,34.544,37.986,41.672,38.186
ATMIN,23.895,23.218,25.367,22.528,22.386,21.388
C16orf46,0.571,0.89,0.586,0.659,0.415,0.465
TMEM41B,11.165,12.378,11.938,11.6,10.832,9.383
PKD1L2,0.06,0.371,0.735,0.477,1.096,1.079
LEO1,26.257,24.166,23.712,25.359,21.652,21.063
ZNF143,11.996,13.157,10.763,10.551,9.12,9.746
TMX3,54.834,49.411,46.718,49.713,39.372,48.595
MFAP4,73.784,92.612,103.362,92.685,150.278,117.899
WEE1,19.022,28.691,32.972,27.406,32.127,38.359
MAPK7,21.486,22.604,20.318,23.62,19.478,22.24
PRKCB,0.01,0.029,0.033,0,0.009,0.027
HDGFL3,5.04,4.543,5.32,5.271,4.424,4.941
NDST2,19.835,18.174,17.67,18.244,18.11,19.818
MCM7,72.713,68.954,74.324,93.125,76.644,88.455
CLEC3A,0,0,0,0,0,0
CCDC68,0.081,0,0,0.018,0,0.11
CLEC4E,0.207,0.59,0.243,0.42,0.11,0.083
ZNF3,20.041,22.424,25.1,22.214,19.813,26.896
CLEC4D,0,0,0,0,0,0
ZSCAN21,6.095,6.723,7.139,7.479,9.161,7.491
RIMKLB,16.171,17.042,19.946,16.822,11.495,16.71
A2ML1,1.076,2.192,0.734,0.044,0.722,0.159
BEAN1,3.905,3.564,3.902,4.954,3.317,4.423
TK2,50.642,47.637,47.427,43.088,43.729,45.153
TMED3,87.937,86.524,86.816,96.184,119.318,93.998
SLC38A8,0,0,0,0,0,0
SEC11C,20.125,17.706,22.976,17.705,18.05,15.163
CPLX4,0,0.095,0.109,0,0,0
GALR1,0.174,0.22,0.209,0.162,0.112,0.206
TMEM135,8.22,7.889,7.373,4.218,4.099,4.849
IQCD,0.692,0.673,0.542,0.915,1.68,0.871
NDEL1,65.714,59.919,56.538,53.347,49.727,57.263
CENPV,6.447,6.156,4.718,5.391,6.193,4.333
CDH16,0,0,0,0,0,0
RRAD,1.048,2.413,1.966,1.186,2.553,1.78
CIAO2B,103.877,95.819,97.706,98.702,101.938,94.234
CFAP52,0.039,0.203,0.096,0.036,0.195,0.041
HSP90B1,444.778,434.192,446.376,522.583,466.796,477.658
MC4R,0.051,0.205,0.326,0.889,1.982,0.697
BLCAP,50.585,47.656,46.522,45.989,46.456,52.373
SERPINB12,0.023,0.143,0.109,0.106,0.02,0.107
CHRFAM7A,0.208,0.7,1.197,1.623,0.539,0.97
ATF7IP2,0.419,0.521,0.523,0.356,0.448,1.042
MMP10,3.97,5.772,5.101,3.043,2.659,2.299
TVP23A,0.262,0.731,0.216,0.284,0,0.286
BEX3,168.86,156.916,138.32,146.427,172.297,139.671
TMPRSS5,0.144,0.177,0.665,0.241,0,0.379
COG1,21.098,19.976,20.308,18.479,13.539,19.302
PLEKHA7,0.237,0.368,0.493,0.103,0.216,0.596
ZNF606,6.721,5.73,6.291,4.925,3.475,7.062
ZCCHC18,0.541,0.422,0.457,0.384,0.43,0.64
B2M,1461.849,1516.117,1502.358,1515.327,1652.594,1417.49
ZNF592,10.919,11.505,11.807,9.813,8.23,10.953
GOLM2,67.028,63.682,65.201,57.122,50.385,54.935
HTR3A,0,0,0,0,0,0
NNMT,78.851,97.351,108.711,77.497,135.09,101.26
ACSM1,0,0,0,0,0.038,0
AP1G1,26.51,26.324,25.579,26.158,20.988,25.522
SLFN5,33.333,40.289,44.787,31.51,35.588,38.655
CATSPER2,5.534,5.623,10.714,3.632,1.737,2.484
BMERB1,156.374,144.595,148.095,132.125,131.889,125.441
MARF1,19.641,23.942,27.722,20.539,19.149,22.221
SAAL1,11.785,10.626,8.649,11.526,12.65,10.917
YPEL4,2.323,5.484,7.624,5.63,4.93,7.458
PPIB,948.801,908.774,931.256,1065.818,1184.59,1052.429
LDHC,0.126,0.425,0.314,0.115,0.038,0.191
CIAO2A,47.216,49.123,45.228,46.944,52.463,43.446
LDHAL6A,0.414,0.656,0.589,0.38,0.142,0.61
FAM111A,22.943,26.924,26.506,30.455,22.342,29.803
PCLAF,29.187,39.895,36.826,47.2,34.113,46.32
KIF7,11.65,11.632,9.852,9.379,10.036,12.359
LDHD,0.248,0.424,0.319,0.5,0.918,0.699
PLIN1,0.057,0.255,0.486,0.181,0.103,0.155
PEX11A,4.723,7.505,5.401,7.245,8.667,6.724
TMEM170A,6.513,7.216,7.183,10.563,7.426,8.126
MESP1,0.178,0.499,0.341,0.714,0.192,0.807
ANPEP,1307.56,1042.083,872.726,1062.286,542.645,861.489
SCNN1G,0.023,0.141,0.1,0.107,0.042,0.085
RBPMS2,0.893,0.854,0.815,1.053,0.632,1.364
NAV2,8.983,11.32,11.652,8.765,5.818,9.32
ANKDD1A,5.261,6.768,8.356,5.242,6.022,7.209
GLYATL1,0.554,0.385,2.252,0.524,0.2,0.822
C18orf54,6.007,6.747,7.226,6.297,5.856,7.576
DCTN5,29.644,35.467,32.246,29.675,28.678,31.803
TERF2IP,38.387,41.837,45.131,37.17,42.526,42.708
PLK1,24.489,25.163,25.492,26.738,27.222,29.237
CLPX,13.06,16.894,19.2,15.009,13.851,16.303
GPR182,0.024,0.208,0.102,0,0,0.043
ZBTB39,2.441,2.474,2.289,1.874,1.854,2.491
CACNG2,0,0.028,0.015,0.051,0.025,0.026
TAC3,0,0,0,0,0,0
MYO1A,0,0,0,0.02,0,0.198
CHP2,1.847,2.901,3.148,2.756,1.685,3.123
NEMP1,8.307,9.742,10.558,10.865,8.017,10.981
OR4D6,0,0,0,0,0,0
NAB2,56.242,49.644,46.105,58.226,55.66,57.289
VPS39,36.75,36.928,40.866,34.214,34.853,37.038
STAT6,120.353,120.821,110.23,120.103,90.073,115.84
PATL1,21.858,26.033,26.491,23.376,20.632,22.799
ATP23,2.178,2.991,3.994,3.538,4.039,3.811
ELFN2,1.267,1.498,1.189,2.473,1.925,2.284
STX3,11.065,8.625,9.492,5.252,8.479,7.056
MRPL16,33.345,34.534,34.075,34.928,40.658,41.559
PIP4K2C,8.056,6.594,8.563,8.564,7.854,7.558
MTMR10,7.971,7.38,7.96,8.16,5.428,8.457
YWHAB,181.351,162.414,160.246,191.195,178.233,179.061
C15orf48,0.177,0,0.376,0,0.16,0.161
SCG5,4.448,4.473,2.804,5.712,4.33,3.128
GREM1,288.794,243.792,237.418,318.674,312.976,322.341
NYAP1,0.341,0.472,0.127,0.6,0.225,0.227
TSC22D4,49.695,55.965,44.301,43.824,41.354,45.615
MS4A6E,0,0,0,0,0,0
MS4A7,0.202,0.029,0.093,0.107,0,0.21
MS4A14,0,0,0,0,0,0.06
MS4A5,0,0,0,0,0,0
DIS3L,14.752,15.59,18.644,14.683,19.359,17.431
CCNDBP1,21.577,22.033,21.167,23.232,21.468,22.189
EPB42,0,0.036,0,0,0,0
TGM6,0,0,0,0,0,0
SMAD3,35.949,39.465,39.734,30.556,39.809,38.674
MS4A8,0,0,0.177,0,0,0
CCDC178,0,0,0,0,0,0
MS4A15,0,0.129,0,0,0,0
MAP1A,24.696,34.633,39.159,30.645,28.473,37.177
RCCD1,14.299,13.992,15.29,15.728,17.724,17.36
AKTIP,17.149,23.535,23.848,20.795,21.631,23.818
MAPRE2,15.177,16.194,19.327,16.623,18.117,18.364
EVA1C,3.064,3.391,3.251,4.411,2.097,4.096
TCP10L2,0,0,0,0,0,0
MARS1,97.334,98.853,97.442,106.224,110.775,112.372
MBD6,18.484,25.038,27.558,21.504,17.78,22.835
CNPY4,36.043,37.018,38.987,43.205,44.6,37.052
PDIA3,208.505,205.309,201.454,243.378,214.801,226.889
NUDT21,40.633,42.541,35.04,46.751,46.261,54.507
NAT16,0,0,0,0.132,0.262,0.197
TERB2,0,0,0,0,0,0
NKX3-1,5.852,3.55,3.935,3.917,2.498,3.788
SGSM1,0.059,0.083,0.013,0.024,0,0.055
DUSP18,9.939,9.488,7.644,9.397,6.62,8.71
TEF,15.718,21.371,20.76,23.762,23.615,25.932
MEI1,0.233,0.472,0.257,0.466,0.919,0.45
B4GALNT2,1.61,1.761,2.357,1.711,0.873,1.751
PBX3,18.571,20.544,18.257,18.145,16.944,17.709
GNGT2,0,0,0,0.105,0,0
PHB,88.37,79.308,76.227,83.321,94.383,77.651
SNRPD1,72.914,56.437,52.087,72.934,53.172,55.301
TTC16,0.029,0.086,0,0,0,0
SUN5,0,0,0,0,0,0
SAMD14,7.02,7.586,7.624,6.245,9.434,6.952
PIP5KL1,5.096,5.401,7.065,4.733,4.341,5.008
BPIFB6,0,0,0,0,0,0
TMEM92,0.36,0.542,0.288,0.493,0.27,0.561
FAM102A,24.242,28.022,28.923,24.743,25.697,26.356
ACSF2,7.945,10.074,11.005,6.24,9.058,9.019
GOLGA2,82.894,94.735,96.778,86.27,79.009,84.742
TRUB2,7.303,8.211,7.659,6.886,5.564,7.738
COQ4,38.443,35.392,39.569,32.503,33.717,36.532
SLC27A4,16.232,11.102,10.846,11.62,9.583,9.249
ANKRD40CL,0.856,1.831,1.086,1.283,0.208,1.366
URM1,38.849,37.319,40.645,40.723,47.558,40.043
CERCAM,162.642,168.955,165.301,187.678,200.044,208.655
DOLPP1,5.766,6.539,6.51,6.728,7.116,6.294
CCDC103,0.822,2.067,0.954,2.044,0.577,1.048
ENDOG,20.79,19.846,18.217,21.401,22.256,23.236
TBC1D21,0,0,0,0.067,0,0
PRRX2,137.501,102.708,96.874,122.622,119.897,110.96
UGT1A6,0.168,0,0,0,0.333,0
C15orf39,16.212,17.256,16.451,16.08,15.384,18.941
ISLR2,0.11,0.111,0.448,0.193,0.068,0.143
SP2,11.967,14.732,17.778,17.571,13.974,14.923
PRR15L,0.234,0.118,0.125,0.215,0.053,0.106
COQ7,14.623,16.765,17.128,14.904,15.992,19.531
GPRC5B,0,0.285,0.393,0.101,1.028,0.767
CRK,62.055,55.977,54.486,56.925,53.836,52.485
C16orf92,0,0,0,0,0,0
GOLGA6C,0.015,0,0.077,0.05,0,0.228
FBXO22,19.527,23.817,23.706,19.686,27.105,26.755
TBC1D2B,26.385,33.27,35.131,27.932,30.745,32.695
NOD2,0.092,0.092,0.059,0.134,0.033,0.034
SNX20,0.185,0.088,0.22,0.134,0.115,0.1
LOXHD1,0,0,0,0,0,0
KATNAL2,1.852,4.044,6.337,4.375,2.722,4.722
HDHD2,21.257,14.805,17.648,18.961,14.726,13.625
ZNF91,8.449,7.901,8.741,8.449,5.395,8.835
IGF2,4.566,5.849,5.556,5.018,5.467,5.893
RNF214,11.198,13.14,11.843,10.82,13.96,11.344
CDK12,18.859,19.945,23.084,15.907,14.116,14.921
DPEP2,0,0,0,0,0,0.046
DUS2,6.499,9.678,6.995,6.72,6.245,7.924
POP5,16.227,13.116,15.877,16.954,17.35,15.082
ENGASE,15.698,15.239,17.459,12.156,10.682,14.392
RBFOX3,0.341,0.239,0.399,0.405,0.075,0.291
ATP5MG,120.982,120.427,118.063,112.884,132.845,110.32
CD3D,0,0,0,0,0,0
TBC1D16,24.626,29.464,25.914,21.481,24.614,24.157
TEPSIN,22.614,29.045,22.257,23.601,15.716,28.716
MYO5B,0.311,0.468,0.166,0.095,0.165,0.377
ART5,0,0,0,0,0,0
ACAA2,76.708,80.776,81.402,59.466,68.48,61.982
STIM1,34.612,35.523,37.826,30.426,38.569,33.771
RRM1,36.905,41.937,41.812,52.756,43.381,49.849
OR51E2,0.198,0.137,0.038,0.093,0,0.061
TRIM68,8.927,8.768,7.759,8.922,9.993,6.528
MMP26,0,0,0,0,0,0
OR51B5,0,0,0,0,0,0
OR51I1,0,0,0,0.194,0,0
OR51Q1,0,0,0,0,0,0
FN3K,5.406,7.46,9.004,3.702,6.575,7.214
PRRT2,8.966,11.683,19.149,9.063,6.065,15.571
ZNF23,10.104,11.192,12.337,11.94,13.48,15.387
IRGQ,3.281,3.364,3.109,4.099,2.979,3.944
ZNF226,14.921,17.858,20.381,17.262,22.467,28.786
ZNF180,6.021,5.61,5.915,5.512,4.469,5.452
PPP2R3B,13.565,14.934,15.104,14.32,13.779,16.767
ZNF668,21.989,23.068,25.65,28.645,21.578,29.222
ZNF646,7.398,11.853,9.791,11.557,10.349,11.408
VKORC1,342.673,345.264,340.82,415.641,458.004,412.205
GNG8,2.542,0,0,0,0,0
LPO,0,0.065,0.101,0,0,0
CA4,0,0.169,0,0.311,0.396,0.295
SMG8,8.639,9.495,11.499,9.841,9.402,9.451
TPM4,695.371,638.385,615.897,765.777,743.525,679.597
RAB8A,38.991,38.745,40.487,45.802,46.162,47.882
GPX4,386.972,418.571,434.3,339.37,532.892,415.575
MIDN,35.825,55.53,57.686,49.093,38.591,64.484
JSRP1,0,0.168,0.177,0,0,0
NIBAN3,0.64,0.683,1.175,0.378,0.265,0.808
KLHL26,3.474,5.935,6.459,4.653,4.263,5.056
GATAD2A,40.846,33.368,38.073,41.396,31.179,38.688
MVD,23.187,24.977,24.926,19.82,22.257,20.909
CDT1,12.658,10.793,10.661,15.267,11.836,15.457
TRAPPC2L,37.927,65.11,58.354,49.126,85.09,58.727
ANKRD11,84.64,99.305,101.839,86.504,74.126,102.858
SPATA33,7.709,8.108,8.019,8.629,6.999,6.115
RSKR,3.098,1.794,5.117,3.001,1.665,2.155
PROCA1,2.402,2.342,2.513,1.289,1.723,1.643
RPL13,3293.579,3241.81,3277.902,3370.552,4138.796,3589.953
ZNF641,3.536,3.844,5.405,3.985,2.575,4.014
LALBA,0,0,0,0,0,0
CACNB3,22.795,23.314,25.568,25.49,23.256,27.647
DHRS13,5.154,4.231,3.594,5.325,3.879,5.091
TP53I13,57.988,59.552,59.336,55.748,68.262,67.881
KMT2D,14.63,17.84,14.58,11.915,8.02,12.049
CORO6,2.002,3.996,4.435,4.357,2.424,4.792
RHEBL1,2.725,1.775,1.448,2.946,1.373,3.129
TUBA1A,391.623,337.143,303.366,364.37,318.42,314.565
TUBA1C,346.778,343.051,301.733,338.186,300.519,313.262
ZNF610,1.448,3.431,4.603,3.277,2.996,2.312
ZNF528,14.779,22.758,19.932,17.912,15.26,18.025
ZNF701,5.74,5.953,5.83,5.597,4.752,5.452
SERTAD3,21.685,25.358,29.283,24.911,30.615,36.41
NCKAP5L,12.743,16.746,14.708,14.859,13.799,14.787
RAB4B,18.091,18.011,17.03,14.502,16.425,16.683
AQP2,0,0,0,0,0,0
GPD1,0,0.112,0.059,0.052,0,0.104
PROSER3,9.942,15.627,14.886,11.737,7.344,16.177
CYP2S1,0.513,0.448,0.238,0.058,0.951,0.058
AXL,260.384,248.916,238.076,257.598,234.19,281.877
NFKBID,2.751,3.457,2.735,2.416,1.272,3.02
TMC4,0.993,0.5,0.408,0.814,1.366,0.713
ANKRD33,0.059,0.271,0,0,0,0.084
LAIR1,0.404,0.158,0.163,0.162,0.027,0.577
TTYH1,0.396,0.417,0.697,0.045,0.045,0.378
LENG8,144.051,167.036,175.861,119.399,55.759,141.477
CDC42EP5,70.313,79.537,76.752,86.58,113.558,90.309
LAIR2,0,0,0,0,0,0.158
TMEM145,0.69,0.491,0.577,1.217,0.3,0.679
ZNF526,6.991,7.684,6.724,6.503,5.27,6.791
TRAPPC9,9.595,10.198,8.376,7.733,6.907,8.815
KIR3DL1,0,0,0,0,0,0
NLRP7,0,0,0,0,0,0
ZNF146,37.291,33.11,36.521,39.31,38.063,35.845
ZNF283,3.829,4.14,4.455,4.804,3.096,3.942
PPP1R14A,1.952,2.647,2.817,2.046,2.008,2.613
SPINT2,5.712,5.428,1.44,0.889,3.289,1.284
C19orf33,2.629,6.212,3.078,0,4.143,0
YIF1B,49.584,49.658,50.214,55.128,47.383,57.848
DNAAF3,0.793,1.243,0.964,1.32,0.326,1.825
PSCA,7.268,11.515,10.321,8.822,7.227,9.502
ATCAY,0.614,0.463,0.745,0.503,0.357,0.705
LY6D,1.152,3.655,0.459,0,0.912,0.262
DAPK3,57.987,59.593,61.69,57.313,69.521,66.715
EEF2,2628.862,2737.437,2752.748,2793.952,3247.578,2958.69
TMIGD2,0.078,0.081,0.083,0.095,0,0
CHAF1A,19.623,19.575,17.179,25.361,14.7,24.065
UBXN6,130.694,136.323,129.191,142.539,170.167,160.138
HDGFL2,56.14,66.463,64.828,56.159,63.056,65.966
PLIN4,0.262,0.324,0.584,0.227,0.09,0.328
SEMA6B,0.021,0.042,0.089,0.192,0.378,0.133
ZNF444,18.201,24.518,28.233,21.527,26.159,25.385
NXN,37.689,36.673,38.268,39.076,46.423,40.658
TLCD3A,64.875,47.587,35.37,63.009,53.352,55.006
GLOD4,58.124,52.899,48.623,54.323,44.792,48.241
MFSD3,11.015,11.689,10.495,12.554,12.354,10.832
GPT,0.954,2.103,1.42,1.699,1.116,1.298
KIFC2,29.863,33.779,29.738,23.752,15.793,30.716
SLC43A2,2.595,2.374,2.421,1.274,2.53,2.108
RILP,5.319,6.181,6.27,7.521,7.762,7.011
SERPINF2,0.301,0.302,0.473,0.114,0.055,0.336
WDR81,13.449,16.397,13.928,12.915,11.136,14.079
SRR,20.346,24.844,36.404,22.866,17.856,27.767
TSR1,36.099,29.277,30.287,34.504,26.219,31.991
TRPV3,0.468,0.518,0.883,0.537,0.316,0.816
HSD11B1L,14.028,18.434,16.993,12.383,15.606,16.173
CYB5D2,17.683,22.206,23.066,14.49,24.551,21.967
GGT6,0.092,0.152,0.106,0.093,0.061,0.061
KLK1,0.233,0.118,0.371,0.108,0.315,0.106
KLK4,0.813,1.158,1.009,0.684,0.122,0.768
KLK2,0.243,0.747,0.281,0.98,0,0.447
KLK5,2.185,3.832,0.943,0.306,0.905,0
KLK6,0.126,0.497,0,0,0.057,0
KLK11,1.082,0.643,0.751,0,0.403,0
KLK13,0.096,0.096,0,0,0.043,0
ZNF83,27.255,34.285,37.366,28.139,21.015,27.918
KRT80,0.5,0.878,0.556,0.97,0.544,1.336
KRT1,0.754,2.366,0.255,0.094,0.339,0
ACER1,0.064,0.127,0,0.058,0.057,0.116
OTUB1,58.128,51.586,51.44,56.49,63.34,57.496
RCOR2,0.823,1.163,0.695,1.241,1.915,1.159
ANGPTL4,382.744,220.413,189.929,91.812,36.499,64.629
CD320,43.256,40.259,38.768,52.141,55.602,55.903
SPRYD3,30.303,32.283,27.819,27.504,23.788,27.258
IGFBP6,1280.71,1370.251,1296.056,1586.367,1911.218,1618.256
SOAT2,0.495,0.372,0.263,0.806,0.149,0.943
ZNF558,8.889,9.633,8.882,9.433,8.332,9.623
CABP2,0,0,0,0,0,0
NDUFV1,100.695,110.855,115.52,101.165,117.389,114.08
CDK2AP2,39.732,40.936,38.746,41.108,44.634,47.016
NUDT8,10.981,12.451,10.29,12.985,13.162,16.752
TBX10,0,0.05,0.106,0.137,0,0.181
PRDX2,138.94,129.303,135.374,157.271,167.215,151.604
OR8J3,0,0,0,0,0,0
OR5I1,0,0,0,0,0,0
ZNF232,4.001,3.898,3.367,4.522,5.15,5.067
MIS12,10.666,10.794,8.935,11.238,9.362,11.31
CD300C,0.059,0.059,0.062,0.107,0,0
CD300A,0,0,0,0,0,0
TEKT1,0,0,0,0,0,1.129
HID1,0.025,0.193,0.159,0.13,0.089,0.115
MRPL58,28.676,28.957,30.608,26.931,30.841,25.086
ATP5PD,332.707,328.535,332.67,326.894,368.648,289.015
TMEM88,0.117,1.011,0.744,1.685,0.933,3.022
EVPL,3.609,3.379,3.703,2.884,3.559,1.937
SRP68,47.36,47.312,48.82,45.329,49.064,44.169
MGAT5B,1.041,1.248,0.828,0.962,0.904,1.327
TMC8,0.062,0,0,0,0,0
TK1,48.616,61.3,61.271,72.762,71.072,78.166
TMEM68,15.391,14.799,11.616,11.38,12.051,12.548
CYP7A1,0,0.029,0.061,0.026,0.052,0
GSDMA,0.257,0.375,0.359,0.234,0,0.073
KRT24,0,0,0,0,0.083,0
GHDC,9.866,10.507,12.259,11.764,13.727,15.449
FAM234A,70.128,72.242,73.402,66.554,71.744,68.782
SOST,0,0,0,0,0.033,0.033
ZNF598,39.7,37.148,34.849,37.874,31.456,41.231
RAB26,0.368,0.424,0.95,1.168,0.858,0.764
MLST8,30.236,33.605,31.297,36.799,38.768,33.388
E4F1,16.228,19.261,17.038,18.005,15.358,18.784
DNASE1L2,0.407,0.194,0.601,0.522,0.636,0.527
ECI1,55.675,54.455,59.789,53.245,64.057,62.014
CASKIN1,0.166,0.242,0.289,0.233,0.027,0.191
ABCA3,5.21,5.148,5.761,3.834,3.845,4.91
KCTD5,26.916,22.81,22.573,23.058,18.56,21.344
SRRM2,142.502,162.252,176.876,133.94,75.687,152.995
ZNF597,1.134,1.538,1.64,1.52,1.229,1.266
NLRC3,0.285,0.29,0.353,0.169,0.202,0.316
SDHAF2,26.385,28.616,27.766,38.907,32.766,25.691
DDB1,107.738,113.177,115.123,105.508,105.066,112.993
VPS37C,19.899,19.806,21.733,20.089,24.098,18.858
VWCE,0.807,1.576,2.07,1.575,2.093,2.879
RAB3IL1,16.293,22.815,24.264,25.333,25.435,26.683
BEST1,4.312,4.9,5.031,3.845,4.202,5.616
FTH1,8611.623,8256.45,8848.788,6527.676,8573.224,7258.321
BSCL2,27.681,32.391,28.306,31.459,38.552,34.516
POLR2G,71.426,77.62,69.709,64.363,78.171,65.98
SLC3A2,124.729,134.857,146.074,110.102,134.364,134.445
PLAAT5,0,0,0,0.025,0.024,0
SPINDOC,18.94,17.418,17.867,19.12,18.949,17.672
ATG16L2,24.643,26.24,29.692,24.837,13.067,30.443
C2CD3,8.669,9.171,14.162,8.478,6.357,9.702
TRANK1,7.035,10.198,13.578,8.515,5.784,12.86
TTC21A,1.193,1.876,1.836,1.081,0.962,1.6
RPSA,1833.874,1834.654,1795.045,2009.786,2309.095,1950.853
ENTPD3,0.085,0.698,0.241,0.052,0.048,0.051
CTNNB1,144.472,123.414,120.659,120.649,112.268,124.902
ULK4,1.69,1.678,1.753,1.812,1.681,1.089
FADD,36.93,32.607,30.103,38.712,36.089,38.975
LTBP3,145.658,143.607,148.756,129.306,120.153,159.779
NAALADL1,12.793,15.117,20.488,19.051,21,21.545
SAC3D1,20.455,20.643,21.634,23.863,24.602,23.544
BATF2,1.018,0.332,1.145,0.492,0.637,1.015
SLC22A11,0,0,0,0,0,0.119
SF1,99.149,93.463,99.808,97.536,82.629,107.284
MAP4K2,6.296,5.754,5.498,5.693,4.95,6.816
MAJIN,0,0,0,0,0,0
CCDC88B,0.743,1.069,0.873,0.326,1.378,1.492
SCARA3,36.286,51.298,53.308,47.022,51.71,54.692
PBK,18.455,20.757,22.395,26.298,20.822,21.331
SCARA5,11.558,11.149,9.715,9.756,9.687,12.557
PNOC,0,0,0,0,0,0
COPS6,105.055,97.383,98.071,101.81,118.202,100.726
PAFAH1B2,46.316,41.411,34.612,37.413,29.569,37.135
ANKS3,15.801,19.188,18.582,15.397,15.906,20.106
NUDT16L1,16.697,18.211,16.695,14.284,18.314,17.363
KIAA1586,9.318,9.625,9.184,8.06,7.197,7.842
RAB4A,25.25,24.775,24.638,25.009,25.162,22.724
OR1F1,0,0.107,0,0,0.095,0.096
OR2B2,0,0,0,0,0,0
KCNJ4,0,0,0,0,0,0
SETD5,35.291,38.518,41.66,38.079,30.812,40.05
VASN,157.364,198.288,204.784,176.641,203.635,217.546
FAM83B,0.128,0.191,0.068,0.035,0.103,0.058
H3-4,0,0,0.267,0.236,0,0
THAP9,1.061,1.017,1.694,1.178,1.279,1.54
OR2C1,0,0.128,0,0.117,0,0.116
RNF187,80.965,76.451,72.904,80.909,92.758,85.78
HOOK3,13.036,8.703,10.899,11.903,5.349,12.083
MAPK1IP1L,31.718,30.607,28.96,28.051,25.099,27.801
DDIT4,37.613,45.612,44.118,95.166,120.84,126.332
RBPJ,116.408,86.014,80.2,112.722,55.337,86.417
LMBRD1,32.051,34.651,36.488,35.062,35.226,34.841
ZCCHC4,5.449,4.887,5.491,6.395,6.182,6.491
PTGDR,0.028,0,0,0.07,0.025,0.07
TTC39C,7.69,10.419,14.034,11.839,14.46,11.93
GLYCTK,3.825,4.665,3.538,4.668,2.573,3.557
GNG4,0.177,0.174,0.274,0.54,0.05,0.315
UBTD2,25.627,25.981,28.624,27.842,27.813,29.263
POLR2J3,36.68,42.879,40.359,48.409,41.856,42.851
NKIRAS2,29.411,33.079,31.148,27.596,34.53,29.928
DNAJC7,70.39,69.008,72.926,63.462,64.592,62.371
KCNV2,0.039,0.039,0.083,0.143,0.07,0.035
IRF2BP2,41.69,39.384,41.149,38.335,36.866,41.238
PTF1A,0,0,0,0,0,0
NT5DC2,90.894,85.848,83.399,106.536,97.433,109.389
FOXI1,0,0,0,0,0,0
SMIM4,35.93,22.129,20.497,26.706,22.393,29.512
COA6,23.537,16.754,18.604,25.971,24.96,23.777
KIF5C,0.063,0.118,0.133,0.057,0.09,0.027
MGAT2,46.478,42.235,40.073,39.14,40.49,37.698
BMI1,60.811,61.481,60.995,58.938,60.964,49.766
THAP11,22.942,17.117,18.364,21.513,23.404,23.545
MMADHC,100.994,95.342,99.443,96.151,102.719,91.044
PDHB,56.315,56.614,56.807,57.162,63.62,58.628
PXK,27.114,42.292,45.709,35.067,45.525,42.045
H1-4,2.42,6.134,0.286,3.865,0.608,4.518
PCMTD1,25.376,26.79,27.832,22.215,23.375,27.359
KCTD6,10.213,10.252,9.726,12.683,7.76,10.115
MPLKIP,3.221,3.353,3.683,3.472,3.686,3.374
ACOX2,14.656,19.44,16.799,12.959,13.513,15.135
FAM107A,0.138,0.063,0.134,0.126,0,0.075
IRF2,17.161,19.275,20.753,18.627,18.06,19.492
MOBP,0.027,0.335,0.202,0,0.025,0.025
CX3CR1,0.026,0.106,0.235,0.024,0.024,0.024
PPDPFL,0,0,0,0,0,0
XIRP1,0,0.032,0,0,0,0
INSM2,0,0,0,0,0,0
DEGS2,0.353,0.108,0.092,0.059,0.039,0.641
SCN11A,0.023,0.054,0.076,0.054,0,0.034
ARF4,224.215,196.763,193.365,244.196,237.542,222.309
SEPTIN2,323.043,321.394,321.922,336.571,293.283,308.792
FILIP1L,8.971,11.19,14.273,10.258,12.196,11.068
MFSD2A,2.955,1.676,1.592,1.547,0.938,1.802
DTYMK,48.141,50.789,49.102,52.678,58.747,59.597
TAP1,18.91,23.546,22.478,17.395,20.822,19.441
ING5,13.944,14.977,20.352,15.118,14.697,16.718
ATG4B,36.667,36.348,30.964,35.332,31.581,35.014
BDKRB2,80.671,56.923,56.877,54.932,38.4,45.007
MLKL,7.111,7.036,7.29,9.504,4.246,6.291
RFWD3,10.238,12.483,10.411,14.411,8.31,12.827
MTNR1A,0,0.072,0,0,0,0.13
KCNG4,0.218,0.13,0.077,0.066,0.118,0.118
RHOH,0.02,0.121,0.11,0.042,0,0.054
KLHL30,0.045,0.129,0,0.216,0,0.079
COG7,9.887,11.686,12.117,10.516,10.732,12.919
CDC40,10.643,11.976,12.049,11.317,11.277,12.653
STIP1,112.18,91.637,86.955,101.092,85.941,90.538
SCNN1B,0.095,0.191,0.051,0,0,0
HR,0.897,1.137,1.054,2.371,3.285,3.178
TXNDC2,0.103,0.22,0.055,0.042,0.195,0
RAB31,41.275,40.485,37.347,31.876,30.249,32.198
REEP4,23.272,26.449,23.502,25.543,25.998,30.737
TNXB,101.728,114.063,121.183,84.665,73.04,116.326
LGI3,0,0,0.056,0,0.024,0
SFTPC,0,0,0,0,0,0
BMP1,94.064,107.538,103.778,102.862,102.172,126.395
ATXN2L,62.084,76.034,70.904,61.651,48.528,68.972
PHYHIP,0.623,0.563,0.295,0.29,1.076,0.454
CCDC110,0.463,0.987,0.752,2.04,0.622,1.521
POLR3D,19.535,19.066,18.487,17.286,22.457,17.61
FEN1,25.123,22.476,19.521,32.668,21.195,27.77
CAVIN2,3.076,6.502,5.657,10.029,9.398,9.624
MTCL1,17.45,21.351,23.862,22.456,27,31.995
GBX2,0,0.071,0,0.258,0,0
HJV,0,0,0,0,0,0.065
SCGB1D1,0,0,0,0,0,0
HEXIM2,4.609,6.011,7.707,6.315,8.618,9.438
FNTA,57.838,52.224,55.048,52.713,52.312,50.462
SERINC2,7.936,7.812,6.099,5.156,4.671,5.181
MYL1,0,0,0,0,0,0
TRAPPC11,15.221,15.327,15.925,15.557,13.878,15.175
CHRM1,0,0,0,0,0,0
COL3A1,1494.007,1894.847,2234.485,2171.831,3297.258,2895.271
GFRA2,9.849,9.127,6.87,9.102,4.643,6.449
ING2,14.871,17.49,18.738,15.644,17.26,16.711
CDKN2AIP,14.427,17.265,16.639,15.063,13.473,14.843
SNRNP48,7.333,7.593,8.256,7.339,5.082,7.373
TMEM223,14.063,12.064,13.649,11.566,14.505,14.212
SLC20A2,18.974,17.343,18.188,23.374,17.142,16.756
CRYGA,0,0,0,0,0,0
DYNLRB2,0.557,0.558,0.197,0.255,0.495,1.182
TMUB2,30.353,37.025,34.256,31.827,31.272,35.031
ADAM29,0,0,0,0,0,0
STAT3,53.942,60.041,65.874,49.612,49.065,52.721
ZSWIM1,4.202,6.205,6.875,5.2,4.94,5.031
ADAM9,166.297,169.143,169.058,177.108,154.952,171.626
ADAM18,0,0,0,0,0,0
GDNF,25.343,19.197,17.601,19.256,6.097,14.314
MUCL3,0,0,0.016,0,0,0
WFDC13,0.072,0.153,0.226,0.198,0,0.068
AXIN2,6.651,8.725,9.115,10.129,11.362,15.073
NDUFS5,314.643,292.224,296.4,282.625,294.555,245.736
VWA3B,0,0,0.031,0,0,0
ZNF30,1.866,1.999,1.607,1.484,1.458,2.824
UGT3A2,0,0.045,0,0,0,0
LRATD2,0.137,0.266,0.247,0.273,0.34,0.158
LDLRAD4,0.031,0.048,0.67,0.264,0.212,0.487
KCTD19,0.601,0.541,0.768,0.678,0.717,0.671
SLC16A4,7.657,8.572,9.352,8.728,6.873,8.016
IL7R,29.267,19.864,19.693,48.191,31.377,39.184
TMEM208,37.061,35.48,33.525,31.58,29.831,32.242
LRP1B,0,0.032,0,0,0,0
WFDC12,1.236,1.393,1.75,1.784,0.497,1.497
AHCYL1,58.269,57.457,58.552,54.084,52.533,56.971
DNAJC21,43.619,39.758,35.897,41.012,36.543,34.735
PKIG,74.25,100.157,107.41,113.548,152.919,150.83
NPNT,0.56,0.039,0.019,0,0.92,0.437
CA7,0.059,0,0,0.094,0.092,0.093
FAM178B,0,0.093,0,0.09,0,0
TSPY2,0,0,0,0,0,0
SEMA4C,20.293,19.844,18.883,19.375,21.4,21.56
CNNM3,9.722,11.531,10.924,8.985,8.76,10.266
GSTM4,15.023,15.006,17.307,13.746,16.697,15.801
TET2,3.264,4.356,4.902,3.801,2.532,4.156
CXXC4,0.057,0.071,0,0.052,0.026,0.13
TCTN2,10.389,11.505,10.182,11.195,10.47,12.276
SHOX2,23.768,32.087,36.988,32.189,31.378,42.744
PPIP5K1,7.846,11.275,9.477,9.564,5.538,6.809
TSPAN5,78.336,70.586,66.356,78.476,60.121,65.682
ABHD15,11.706,10.682,10.321,8.76,9.582,9.259
ZBTB5,3.32,3.981,3.752,2.879,3.387,3.804
CHTF8,51.061,51.931,51.971,55.785,50.743,57.897
ADAL,4.387,4.994,5.323,4.458,7.584,5.14
LCMT2,4.979,4.631,4.764,5.529,3.534,5.975
SNTB2,15.265,14.6,14.208,13.611,8.859,13.307
IL12A,1.65,2.006,2.558,2.288,2.523,2.493
ZNF507,5.788,6.377,6.223,6.482,4.704,6.674
STX18,27.302,29.623,26.296,29.881,29.062,25.173
NSG1,0.639,0.653,0.16,0.034,0.34,0.136
ZBTB49,2.464,3.006,1.952,2.221,3.36,2.187
GFM1,24.092,22.848,24.29,19.66,17.106,19.795
OR13J1,0,0,0,0,0,0
HTR1E,0,0,0,0,0,0
FSTL5,0,0,0,0,0,0.103
DDX19A,28.13,26.909,27.836,26.781,26.721,26.998
ATOH8,1.562,1.741,2.036,1.662,3.644,2.668
SOX14,0,0,0,0,0,0
ANKRD49,5.793,6.437,8.226,6.944,7.205,6.164
SFTPB,1.614,0.737,1.027,0.98,0.574,0.678
USP39,36.296,36.218,38.807,35.672,32.896,31.944
TNIP2,43.046,39.713,34.396,36.87,40.965,41.786
C2orf68,7.443,9.742,10.613,9.158,9.155,11.112
TMEM150A,18.082,15.744,17.552,15.125,14.16,17.224
RNF181,96.237,90.798,92.643,104.793,115.178,100.272
VAMP5,122.325,118.547,137.46,130.891,157.921,123.744
BTNL3,0,0,0,0,0,0
LRRC28,12.047,12.998,11.177,12.476,15.397,14.771
MAT2A,232.06,239.744,246.546,246.201,151.402,242.399
PLA2G4F,0.214,0.398,0.121,0.052,0.038,0.052
ENHO,0,0.572,0.603,0.087,0.341,0.601
ZNF608,0.748,1.77,1.88,1.12,1.016,1.26
SLC35G2,4.238,4.673,4.71,7.354,5.043,5.026
INPP5D,0.41,0.516,0.087,0.192,0.147,0.081
LETM1,18.751,14.378,13.734,16.835,13.534,16.136
CTRB1,0,0,0,0.434,0.212,0
CTRB2,1.273,0.417,0.235,0,0,0.402
TRIM49,0,0,0,0,0,0
TMEM129,29.696,32.57,31.076,26.947,32.621,30.666
PPIC,48.683,50.6,55.178,54.689,70.006,61.837
SPRY3,0.829,0.97,1.085,0.823,0.516,1.133
CEP120,9.579,10.062,10.21,11.621,9.415,10.235
STXBP6,20.524,26.088,27.545,24.087,30.007,25.339
TM4SF20,0.209,0.405,0.074,0.095,0.157,0.348
MFF,59.698,61.539,64.221,59.704,60.577,59.489
GRM5,0,0.073,0,0,0,0
LGALS9,1.36,0.464,1.338,1.261,2.511,1.143
JMJD7-PLA2G4B,1.111,1.988,1.06,1.461,1.967,1.864
CPLX1,0.085,0.214,0.091,0.078,0.115,0.077
PXDC1,46.045,56.068,57.367,55.9,79.719,66.176
SIGLEC7,0,0,0,0,0,0
NTSR2,0,0,0,0,0,0
E2F6,7.941,6.579,6.24,6.55,5.044,6.291
FEM1B,24.339,30.632,35.286,25.32,19.551,31.274
COMMD8,17.793,15.148,16.108,15.965,13.76,13.805
ATP5ME,350.306,315.876,342.041,342.607,387.925,283.563
UQCRFS1,30.501,26.356,26.125,26.786,29.992,28.307
SLC49A3,11.211,14.158,13.379,12.724,10.295,13.938
COL4A3,0.199,0.112,0.052,0.044,0.009,0.044
MAP2K1,81.788,68.72,58.675,78.709,63.263,70.722
KLK7,1.146,4.207,0.751,0.525,0.826,0.166
HNRNPH1,312.926,371.255,363.009,283.737,183.745,276.119
IRS1,17.197,16.176,15.084,17.785,13.595,16.628
MECP2,19.324,19.019,24.135,16.788,20.19,18.946
VCX3A,0,0,0,0,0,0
UPF3A,59.334,59.144,72.115,55.242,59.46,61.025
ZBBX,0.107,0.021,0,0.019,0,0.039
ACTBL2,0,0,0,0,0.027,0
ROR2,1.457,2.989,3.595,1.576,2.569,2.362
AR,1.92,2.237,2.559,2.028,1.818,1.911
DHRSX,29.993,35.949,32.365,28.147,37.243,33.841
VXN,0.287,0.366,0.63,0.622,0.677,1.416
HSPBAP1,2.586,2.898,2.611,2.723,2.21,2.108
ASMTL,37.134,34.572,37.483,34.789,38.757,39.35
SLC25A6,722.414,703.889,700.555,786.989,878.924,754.11
CHST14,33.162,32.696,30.539,32.198,34.646,37.089
PARM1,0.056,0.048,0,0.015,0,0.029
CSNK1G1,9.069,8.368,8.702,10.829,7.397,10.292
FAM110B,10.22,17.243,19.678,11.945,17.9,15.938
ODAD2,0.341,1.627,1.389,0.753,2.486,0.984
AFAP1L2,0.309,0.24,0.139,0.08,0.079,0.099
ZNF354A,7.305,9.605,8.061,7.412,8.469,9.18
ATF5,32.056,36.004,42.996,29.967,41.591,34.39
UBE2V2,72.868,63.059,59.843,64.904,62.212,61.534
GOT1L1,0,0,0,0,0,0
ZBTB43,5.48,6.069,7.564,5.825,4.264,5.295
CPT1C,17.42,19.074,17.813,15.838,17.936,18.424
PCSK9,0.604,0.805,0.192,0.102,0.322,0.142
XPO6,72.218,57.887,57.206,70.405,55.57,65.434
GSG1L,0.115,0.26,0.166,0.238,0.048,0.441
MN1,3.073,8.322,10.854,8.603,12.866,14.507
APEX2,7.964,7.635,7.312,7.251,7.181,7.755
NSMCE1,59.962,61.296,60.451,65.686,65.769,65.19
CCDC126,5.748,3.502,3.616,3.575,3.459,2.476
IL13,0.144,0,0,0,0,0
NPIPB12,24.47,26.022,28.638,25.65,6.609,23.641
OR10G3,0.738,1.729,1.073,0.857,0.43,1.258
RAB3B,28.24,25.096,22.879,42.014,21.896,36.289
OR6F1,0,0,0,0,0,0
CD2BP2,48.117,50.648,49.865,42.348,53.73,47.377
RSPO1,0.489,0.444,0.368,0.872,0.745,0.496
RGS14,0.929,1.346,2.177,2.392,2.889,2.151
TBC1D10B,37.892,36.538,32.266,36.735,35.087,35.528
LMAN2,117.466,126.739,116.71,126.512,135.857,130.922
GCSAML,0.282,0.327,0.396,0.431,0.136,0.277
RAB24,44.187,41.97,49.7,41.288,50.323,47.241
PRELID1,141.542,124.091,122.915,139.76,143.168,140.386
THBS3,18.655,23.355,26.465,21.007,18.684,23.561
CA5B,30.095,30.412,37.991,29.861,28.732,27.257
SLC50A1,12.515,16.83,14.241,14.964,17.411,15.213
EFNA1,0.177,0.7,0.122,0,0.338,0.156
CXCL10,0,0,0,0,0.144,0
NPIPB3,47.177,55.138,66.794,46.025,24.447,55.638
SH3TC2,0.757,0.536,0.603,0.644,0.766,0.707
CXCL11,0,0.183,0,0,0,0
ZRSR2,11.383,15.485,17.968,16.608,15.478,15.207
NMD3,32.95,31.631,34.199,34.409,32.636,34.55
ADRB2,0.81,1.025,0.635,0.935,1.037,1.393
B3GALNT1,4.217,6.266,6.183,5.209,7.432,6.718
GPRIN1,9.832,7.631,7.078,8.269,5.04,6.64
HSPB3,1.49,2.529,2.814,2.778,8.55,4.064
KCNAB1,0.78,0.743,0.623,1.112,0.277,0.79
MRPL1,17.593,20.769,19.214,17.199,22.43,19.604
SHE,0.219,0.081,0.192,0.149,0.078,0.51
NR0B1,0,0,0.102,0,0,0
PGM2,17.441,12.334,10.177,13.214,9.848,12.277
STK32A,0.135,0.12,0.255,0.435,0.35,0.34
IL1RAPL1,0.045,0,0.048,0.064,0,0.063
P2RY12,0,0,0,0.034,0,0
C22orf15,1.939,2.717,2.933,3.185,1.127,3.356
OR5AU1,0.309,0.346,0.495,0.289,0.128,0.383
MINAR1,0.981,0.785,0.729,0.746,0.595,0.528
PDILT,0.597,0,0,0,0,0
UMOD,0,0,0,0,0,0
GP2,0.088,0.185,0.14,0.277,0.073,0.159
SLC33A1,17.966,19.057,16.926,16.187,16.121,15.559
SNUPN,30.029,35.946,34.868,42.356,40.009,36.008
CRADD,11.819,13.734,10.065,10.64,13.206,9.974
SIN3A,25.537,26.774,27.838,25.188,21.906,24.885
ARL13B,7.854,7.266,7.591,6.896,8.383,7.092
RNASE2,0,0.309,0,0,0,0
ELSPBP1,0,0,0,0,0,0
RNASE3,0,0,0,0,0,0
PTK2,50.294,46.124,52.276,47.656,35.55,52.395
RSPH10B2,0,0,0,0,0,0
PTAFR,0.135,0.23,0.046,0.106,0.055,0.075
PTPN9,37.953,35.834,33.038,33.005,29.223,32.033
RNASE6,0,0,0,0,0,0
NPR1,0.039,0.058,0.062,0.105,0.052,0.035
KCNK9,0.083,0.075,0,0.11,0,0.038
CXCL8,72.827,39.891,28.479,33.093,11.746,24.502
SCN9A,1.115,0.702,0.79,0.593,0.464,0.622
RASSF6,0.041,0.027,0.043,0,0.017,0.037
COL22A1,0,0,0,0,0,0
SDC2,96.174,114.01,111.506,97.301,123.854,111.005
CD52,0,2.74,0.314,0.556,0,1.077
MMGT1,19.47,21.469,20.525,19.049,14.119,18.343
SPRR1B,44.495,101.367,28.703,1.95,40.092,0.518
SPRR1A,46.968,119.406,31.008,1.485,52.512,0.723
OR4K14,0,0,0,0,0,0
OR4K15,0,0,0,0,0,0
TM2D2,39.669,38.065,42.927,33.896,38.38,35.381
HTRA4,0.977,1.046,1.24,1.314,0.331,1.092
PLEKHA2,9.126,12.687,10.48,13.413,9.944,14.424
CLIC4,281.907,275.755,272.397,310.836,276.378,304.465
SLC38A11,0.087,0,0,0.059,0,0
GPR183,0,0.052,0.055,0.048,0,0.142
CRCT1,1.528,4.972,3.409,0,3.32,0.417
CCDC8,8.404,9.551,10.884,12.443,12.739,12.932
METTL15,6.361,8.781,7.947,5.941,5.613,6.422
ZNF280A,0,0,0,0,0,0
MUC15,0.093,0.486,0.019,0,0.025,0
CT55,0.125,0,0.162,0.046,0,0.057
ZEB2,81.702,68.369,64.979,67.703,59.473,78.596
GJB1,0.128,0.068,0.135,0.038,0,0.022
PCBP1,221.478,213.963,208.343,217.866,223.486,211.8
HINT1,199.929,207.102,190.624,184.454,227.581,182.524
DTWD2,2.389,2.572,2.387,2.406,2.262,2.465
VPREB1,0,0,0,0,0,0
CLIC3,3.624,6.952,8.113,5.639,10.648,7.054
INO80E,73.803,82.709,77.448,70.614,70.806,81.946
BNC1,5.091,4.427,4.582,5.219,5.371,4.487
DFFB,4.043,4.837,4.203,3.183,2.906,3.058
NFU1,36.454,45.918,45.448,41.668,53.4,36.214
ANTXR1,50.585,53.786,60.086,41.728,51.293,48.632
GKN1,0,0,0,0,0,0
CKAP2L,7.611,8.056,9.131,10.227,7.118,9.398
C15orf40,24.019,21.728,19.143,12.766,15.625,20.058
RAMAC,18.984,17.817,19.939,18.726,19.453,17.31
PROKR1,0,0,0,0,0,0
APLF,3.885,4.135,3.897,3.86,2.865,3.39
BOLA2B,85.168,82.549,79.632,69.82,74.283,66.293
RGPD8,2.081,2.453,3.419,2.892,1.897,2.866
HIC2,2.738,2.695,2.48,3.248,2.279,3.278
LUZP1,19.111,20.792,20.438,17.245,15.216,16.373
HEXD,11.745,16.298,14.243,12.411,15.927,16.243
DRD5,0,0,0,0,0,0
BUB1,9.89,11.538,13.149,13.573,9.762,12.521
SPNS1,29.872,34.24,33.341,26.85,26.844,33.913
LRRC45,14.72,13.55,13.266,15.912,13.61,16.467
CHRNA5,1.098,0.591,0.633,1.168,0.644,0.766
MT1B,0,0,0,0,0.364,0
CENPX,73.544,70.907,68.603,79.947,64.715,76.769
AGPAT2,52.071,41.991,44.308,50.054,52.507,50.634
ASPSCR1,17.545,15.749,16.892,16.629,18.655,19.288
GP9,0,0,0,0,0,0
FASN,37.123,32.061,21.7,32.68,13.522,23.221
CNBP,222.11,217.541,219.393,225.249,234.955,211.826
MT1E,311.638,244.433,229.049,222.958,175.987,193.772
ACTRT2,0,0,0,0,0,0
DUS1L,59.184,49.813,51.992,54.377,42.66,48.505
GPS1,68.189,72.159,66.572,64.611,66.508,77.506
RFNG,47.638,50.775,56.144,52.519,57.665,67.203
DCXR,51.045,47.257,46.363,41.367,54.057,43.752
ZNF32,32.91,31.347,39.407,28.615,35.645,29.021
LDB2,5.217,7.712,7.716,10.584,11.032,8.94
RAC3,5.279,6.715,7.069,6.503,4.378,6.907
NRG4,0.162,0.182,0,0.06,0.033,0.101
LIMS1,59.681,51.844,60.82,49.587,54.694,64.337
TMEM266,0.071,0.107,0.265,0.162,0.064,0.129
NLGN1,2.199,3.207,3.725,2.53,3.669,3.338
TAPT1,5.994,7.246,6.947,7.247,6.176,7.569
PRYP3,0,0,0,0,0,0
UGP2,103.913,106.595,104.203,127.854,135.485,123.464
TAS2R1,0,0.065,0.059,0.029,0.129,0.03
LINGO1,0.281,0.023,0.48,0.556,0.028,0.746
PRY,0,0,0,0,0,0
RBMY1F,0,0,0,0,0,0
PRY2,0,0,0,0,0,0
HNRNPF,147.839,135.5,124.95,143.147,139.664,135.469
BTD,19.037,22.545,20.689,17.763,18.088,20.923
CSGALNACT2,40.499,33.971,33.365,32.793,27.856,30.758
TACR3,0,0,0.032,0,0,0.014
GSX1,0,0,0,0,0,0
PCDH7,0.485,0.335,0.492,0.262,0.256,0.2
ROBO1,21.478,29.003,32.447,25.694,26.182,29.691
ONECUT1,0.185,0.018,0.039,0.034,0.083,0.05
AVEN,22.986,18.829,17.143,20.144,19.783,15.955
P2RY1,0.013,0.05,0.013,0.034,0.068,0.08
CTNND2,0.028,0,0,0.025,0,0
TRIM56,17.376,18.032,23.675,17.867,14.043,17.607
MUC17,0,0,0,0,0,0
AHSP,0,0,0,0,0,0
WNT10B,0.222,0.576,0,0.263,0.131,0.274
CALML6,3.103,3.498,2.002,2.956,0.787,3.062
REPS2,0.519,0.5,0.244,0.581,0.153,0.443
MUC3A,0.014,0.007,0,0,0.012,0
SYAP1,22.804,21.465,21.656,19.903,19.021,19.703
ITGAM,0,0,0,0,0,0
PYDC1,0,0,0,0,0,0
TPST1,22.398,25.285,29.782,24.504,36.77,30.4
TM4SF4,0,0,0,0.11,0.054,0.055
TOR1AIP2,19.01,23.478,18.543,21.266,14.779,22.015
S100G,0,0,0,0,0,0.281
TM4SF1,7.649,6.493,4.541,13.571,6.653,11.3
OTUD3,3.244,3.307,4.399,3.762,2.253,3.427
OTUD7A,0.379,0.471,0.566,0.588,0.461,0.649
GUSB,37.976,41.04,39.571,38.046,41.46,43.336
BRD3,17.111,17.488,18.789,17.014,14.466,19.724
KLF13,24.749,21.296,20.529,24.909,21.914,25.891
FRMPD4,0.204,1.01,0.182,0.527,0.331,0.453
ZFPM2,1.344,1.439,1.427,0.882,1.586,1.42
ZNF764,3.754,3.866,4.341,3.858,3.411,4.017
HSFY2,0,0,0,0,0,0
ZNF747,5.114,5.098,5.689,5.835,6.042,6.689
ZNF768,23.424,27.78,25.664,24.345,29.189,28.797
TAS1R3,0.188,0.305,0.2,0.235,0.063,0.426
TMEM42,18.754,24.936,22.396,22.972,28.487,26.005
MAP3K2,10.739,10.514,11.893,10.715,7.189,11.486
PUSL1,21.001,16.273,20.008,20.995,23.527,25.181
SF3B5,158.522,168.271,169.119,176.009,198.26,164.705
ZNF35,5.46,5.33,4.548,3.612,3.369,3.133
TIGD4,0.069,0.034,0.037,0.094,0.031,0.031
IFFO2,9.63,10.946,9.906,8.571,8.829,8.726
NLGN2,48.13,53.367,57.52,39.088,31.442,49.008
MYO7B,0.137,0.046,0.097,0.208,0.082,0.23
CHD3,60.525,71.135,69.997,81.778,69.816,83.56
TMEM154,1.502,1.78,1.47,0.506,1.768,1.047
MYRIP,0,0.115,0.298,0.312,0.265,0.45
ALCAM,39.294,42.043,46.039,47.55,49.68,48.358
YWHAG,108.115,92.62,92.52,108.369,92.117,101.389
UBE2E3,126.901,127.972,123.995,142.687,136.084,126.167
CNTROB,24.942,29.512,28.369,30.372,23.257,32.431
TRAPPC1,183.84,149.988,163.617,147.123,189.993,162.105
ZPLD1,0,0.041,0,0.071,0.035,0
KCNAB3,0.489,0.719,0.979,0.734,0.388,0.731
SERPINA9,0,0,0,0,0,0
FAM153A,0.305,0,0.187,0.625,0,0
GPR37L1,0.11,0.206,0.277,0.22,0.166,0.182
SIMC1,6.617,6.799,7.983,7.426,5.902,7.456
TMEM192,6.612,5.158,8.043,6.514,5.265,5.056
NSG2,0,0,0.038,0,0,0
SPDYE5,0.379,0.876,0.726,0.343,0.326,1.195
SERPINA6,0,0,0,0,0,0.277
ZNF778,2.967,4.052,5.972,2.754,3.824,3.174
NIPA1,7.754,7.215,8.101,8.712,5.97,6.177
FOXD4,0.117,0.078,0.289,0.142,0.105,0.141
GPR25,0,0,0,0,0,0
UBE2E1,84.659,87.214,96.947,102.347,118.029,93.208
HNRNPA3,186.99,163.973,158.421,166.113,163.383,167.766
SIK2,9.571,11.008,10.595,9.535,7.211,9.389
RNF150,1.766,4.069,4.188,3.109,6.129,5.803
CCDC144A,3.914,5.124,4.853,3.99,2.302,5.022
VGLL2,0,0,0,0,0,0
HOXD4,5.419,9.403,11.344,6.977,5.79,10.067
CHRNB1,5.932,9.852,9.183,7.581,9.016,8.483
HOXD12,0,0,0,0,0,0
GYPA,0.251,0.154,0.07,0.141,0,0.06
USP38,9.147,9.593,9.397,8.566,6.777,8.215
SLC16A5,6.574,8.825,8.317,10.03,6.527,9.906
NANP,3.844,4.458,4.934,4.82,4.129,4.961
ANKK1,0.066,0.098,0.105,0,0,0.03
ADRA1B,0.1,0.167,0.071,0.061,0.361,0.182
ADPRM,9.101,9.102,9.634,8.373,10.578,8.845
FABP6,0,0,0,0,0,0
PWWP2A,5.885,7.052,6.454,6.267,5.411,6.444
USP50,0.255,0.073,0.081,0,0,0
USP47,21.58,21.362,23.074,19.631,17.653,21.03
PDCD6IP,68.533,70.978,67.354,72.335,48.721,61.231
MRGPRX1,0,0,0,0,0,0
ZNF212,6.875,5.939,6.42,6.58,4.758,7.504
MRAP,0.227,0,0.113,0,0,0.488
FAM161A,1.696,1.933,2.268,2.027,1.21,2.85
ZNF282,18.285,20.381,19.473,17.985,17.831,22.826
GLB1,43.943,45.807,45.24,41.581,42.797,40.145
GON7,9.956,10.028,8.073,8.304,6.469,9.96
FAXDC2,7.817,17.453,20.574,16.288,17.464,17.674
CRTAP,197.114,202.159,198.315,205.04,238.628,215.846
HSPB2,9.793,10.945,11.575,10.685,22.751,18.221
C7orf33,0,0.165,0,0,0,0
CNGB3,0.265,0.02,0.021,0,0,0
SLN,0.333,0.154,0.322,0.311,0.303,0.302
ELP5,28.673,26.348,32.702,30.921,33.042,28.55
CMTM8,0.402,0.162,0.836,0.37,0.29,0.089
GABARAP,454.773,487.67,520.194,531.969,673.826,568.533
LGALS9B,0,0.102,0,0,0,0
STX8,43.438,47.064,44.826,36.32,53.116,41.673
CDK1,24.854,26.783,24.279,34.98,29.131,36.91
UBB,1012.474,1004.71,951.963,936.499,1112.388,940.94
NFRKB,12.113,12.379,12.965,13.096,8.375,12.096
FABP4,0,0,0,0,0,0
FRMPD2,0,0,0.02,0,0,0
PRDM10,2.508,2.451,3.172,3.212,1.453,2.444
B3GNT2,10.925,10.428,10.184,11.99,9.473,9.231
FOS,5.153,29.102,28.765,40.806,73.053,68.621
TMED10,98.178,89.44,93.559,96.346,86.173,95.872
SETMAR,13.967,14.794,16.005,15.077,11.831,14.372
SMAD1,6.379,10.476,9.958,7.3,7.476,6.277
CST5,0,0,0,0,0,0
CST2,0,0,0.308,0.269,0,0
EMX2,33.072,48.874,56.139,55.235,71.989,54.963
CST1,0,0,0,0.134,0,0
SP7,0.093,0,0.128,0,0,0
TCAF2,5.76,6.457,6.58,8.225,4.047,6.835
SEMA3E,0.093,0.067,0.099,0.061,0.096,0.113
LRRN2,0.048,0.026,0.082,0.07,0.014,0.014
SLC30A1,11.571,13.014,12.689,12.269,11.438,12.248
DCLK2,3.937,4.514,5.443,4.167,4.567,4.642
ZNF804A,0,0,0,0,0,0
GPRC5C,0.509,0.448,0.814,0.175,0.475,0.116
TMEM182,1.767,1.145,2.28,1.447,2.314,1.193
VSTM2A,0,0.096,0.061,0.053,0,0.022
KRT8,4.476,6.639,5.881,4.141,3.33,4.002
KRT78,0,0.315,0,0,0.152,0
ADORA2B,3.756,5.067,3.808,4.73,5.024,5.168
SDR9C7,0,0,0.052,0,0.088,0
MGMT,30.559,32.383,29.952,32.64,45.103,32.43
METTL7B,1.324,1.037,1.038,0.943,0.628,1.266
KRT86,0,0.123,0,0.354,0.709,0.299
HARS1,65.186,57.861,51.937,58.848,52.457,57.554
NFXL1,3.423,4.347,4.303,3.219,3.202,3.751
KRT75,0.039,0.039,0.083,0,0.071,0
DENND5B,5.67,5.645,4.848,5.852,4.082,6.567
CD14,0.835,2.351,0.358,3.045,1.697,1.265
DNAJC18,7.523,6.302,8.778,5.129,10.119,11.214
KRT6C,1.665,4.85,0.467,0,1.224,0.033
RIOX1,9.208,8.327,7.911,6.905,7.276,7.459
SPATA24,1.483,2.849,6.192,3.832,6.628,2.645
RALGAPB,17.165,19.334,18.731,16.092,12.983,18.107
PYM1,25.397,24.345,28.781,25.182,31.494,29.452
MZB1,0,0,0,0,0,0
KRT4,0,0.159,0,0,0.036,0.108
SLC23A1,0.752,0.442,0.118,0.168,0.066,0.267
KRT74,0,0,0,0,0,0
NPAS2,13.753,12.738,12.888,10.43,10.471,12.273
KRT72,0,0,0,0,0,0
KISS1,0,0,0,0,0,0
LONRF2,0.139,0.107,0.093,0.061,0.032,0.067
NUDT9,27.312,26.89,30.609,26.76,28.975,27.134
HSD17B13,0.079,0.232,0.359,0.157,0.034,0.424
PA2G4,113.12,101.496,98.558,107.33,105.616,96.528
COX7B2,0,0.421,0,0,0,0
ELOVL6,5.489,4.99,5.185,5.221,2.768,4.588
KRT83,0,0,0,0,0.044,0.088
PFKFB3,34.861,29.897,27.416,29.107,15.656,26.001
TMC7,1.373,1.464,1.467,1.477,0.811,1.538
ARL6IP1,67.969,76.55,80.566,77.855,77.53,76.448
SERPINB9,0.553,0.532,0.459,0.328,0.472,0.313
SMAGP,31.077,21.925,20.311,34.04,21.719,28.057
IRX1,11.961,13.502,11.719,13.21,14.248,15.816
CDH2,6.592,6.565,8.402,7.851,9.995,9.139
IRX2,16.499,17.455,18.691,18.046,17.872,20.78
EMB,4.096,4.394,3.117,4.592,2.366,3.343
SIX2,0.924,3.122,3.522,4.111,5.13,4.961
DLGAP1,0.117,0.015,0.207,0.07,0.079,0.17
STAT2,40.685,53.6,61.91,48.951,48.188,61.435
NUDCD2,23.502,23.188,26.219,26.502,25.472,24.241
IRF2BP1,17.712,18.415,18.811,16.874,21.683,23.121
OR9K2,0,0,0,0,0,0
HSPA4,79.267,59.88,66.664,65.946,56.413,59.629
FOXA3,0.18,0.045,0.096,0,0,0.081
FAM71B,0,0,0,0,0,0
SLC26A5,0.323,0.222,0.424,0,0,0.176
COMMD5,17.89,19.11,18.721,14.784,17.593,17.428
SGCD,19.844,27.667,29.894,28.845,30.061,34.77
GTSF1,1.148,1.005,0.349,1.048,0.197,0.945
ZNF16,4.683,5.652,5.124,4.926,5.576,5.005
ARMC10,32.439,31.932,34.105,28.701,29.74,28.478
RNF34,20.966,20.268,24.306,27.369,21.339,21.24
ACYP2,15.218,12.222,14.687,12.522,13.738,13.632
TRABD,30.183,29.163,29.475,28.441,23.576,28.677
ATF7,18.533,22.688,23.656,15.802,12.088,14.901
RASA4B,12.582,12.709,12.841,13.222,13.367,17.235
SOCS6,20.455,22.072,22.634,23.537,20.76,21.49
CAVIN4,1.091,0.797,0.679,1.452,0.622,0.916
OR10A3,0.063,0.033,0.337,0,0.057,0.143
ZNF296,0.271,1.14,1.035,0.595,0.585,0.59
HOXB9,5.947,5.593,4.505,5.834,5.527,5.455
TTLL6,0,0,0,0,0,0
POLH,16.821,15.642,20.367,20.214,19.458,26.515
SYT9,0,0,0,0,0,0.037
KCNS3,1.514,1.119,1.266,2.401,2.369,2.459
RBMXL2,0,0,0,0,0,0
KIF5B,76.803,69.007,68.797,68.917,56.133,64.472
GPR37,1.235,1.429,1.7,1.219,2.358,1.558
AKAP13,27.071,32.189,31.73,36.846,27.148,40.181
TPD52L3,0,0,0,0,0,0
CDCA4,16.617,15.212,17.662,18.451,17.58,21.874
OR10A4,0.098,0,0,0,0,0
SDR16C5,0,0.26,0.092,0,0.078,0
DYDC1,0,0,0,0.271,0,0
OR10A2,0.03,0.045,0.034,0.014,0,0.056
CHCHD7,20.892,25.114,22.164,18.934,23.368,16.908
HTRA3,14.873,15.964,17.573,20.289,19.746,21.241
FOXN2,8.034,8.338,6.831,6.969,5.947,6.918
LMOD2,0.074,0,0.039,0.034,0,0.234
BFSP2,0,0,0,0,0,0
FSHR,0,0.03,0,0,0.027,0
USP32,19.854,20.824,20.548,18.274,17.098,18.622
CEL,0.814,0.708,0.979,0.871,1.624,1.991
PPM1D,5.68,8.06,8.22,7.883,9.708,10.357
GPR27,0.442,0.411,0.37,0.432,0.313,0.344
PSG6,2.35,1.304,1.959,2.962,4.724,3.925
KBTBD2,25.923,26.673,22.8,24.02,18.951,24.503
RIOX2,21.927,15.252,15.638,16.81,14.542,17.201
TRIAP1,33.384,34.194,36.102,38.614,43.798,35.302
LSM3,13.975,14.615,14.013,14.44,18.229,12.593
KIAA0232,13.243,14.669,15.452,13.675,11.654,14.407
MTSS1,1.48,1.168,1.422,2.14,1.303,1.305
TMEM43,109.182,108.976,107.996,113.014,113.427,118.928
RNF139,25.774,22.916,20.928,22.499,19.729,22.085
RPS9,2136.087,2177.605,2068.556,2052.562,2688.522,2050.982
PLA2G1B,0,0.232,0.241,0.206,0.206,0
CYTL1,2.283,2.504,1.16,2.537,2.777,2.794
TSEN34,43.037,40.287,47.19,43.474,47.432,48.951
TRH,0,0,0,0,0,0
GSTA4,20.317,25.897,30.452,18.542,28.607,25.039
MSANTD4,12.655,13.008,11.38,12.317,12.487,15.235
NDUFA3,72.637,66.339,81.343,85.466,82.518,86.959
OSCAR,2.484,3.634,2.889,4.687,1.572,2.63
PAQR8,2.558,2.199,2.657,2.277,2.365,2.399
NUDT6,7.652,5.579,7.552,3.652,5.885,6.316
OR7G3,0,0,0,0,0,0
TANC2,18.879,20.833,20.031,17.356,12.571,20.619
OR7G2,0.257,0.495,0.178,0.225,0.202,0.225
TEX13B,0,0.075,0,0,0,0
PKHD1,0.007,0.014,0,0.006,0,0
OR1M1,0.541,0.669,1.037,0.395,0.182,0.392
NCBP2L,0,0,0,0.044,0,0
DNAJC24,8.338,7.947,9.069,7.995,7.365,6.976
MBD3L1,0,0,0,0,0,0
ZNF160,13.49,18.733,17.364,15.911,11.859,15.636
PGK2,0,0,0,0,0,0.049
OR8B12,0,0,0,0,0,0
ZNF415,7.674,9.612,9.369,9.209,6.288,7.421
CAVIN3,243.125,244.573,227.601,248.685,264.029,252.232
CEACAM3,0,0,0,0,0,0
DCDC1,0.207,0.118,0.09,0.141,0.03,0.124
HAS2,177.143,107.386,84.913,180.798,81.324,113.02
PDGFD,16.849,27.024,35.238,30.741,72.371,48.998
PLAC1,0,0,0,0,0,0
DDI1,0,0,0.139,0,0,0
S1PR1,7.124,9.077,10.353,8.983,6.158,7.834
HS6ST2,0,0,0,0,0,0
OR4D5,0,0,0,0,0,0
PYGO1,4.932,4.162,4.196,4.721,4.119,4.742
LRRC8E,7.457,7.493,6.636,7.26,5.17,6.069
PKIA,1.436,1.259,0.435,0.768,0.454,0.732
XKR6,0.93,1.993,1.378,1.236,0.803,1.239
TSNARE1,7.416,8.473,10.184,6.879,9.411,6.858
FPR2,0.312,0.685,0,0,0.386,0.294
FPR1,1.116,0.646,1.12,0.984,0,0.426
PATE1,0,0,0,0,0,0
OR13H1,0,0,0,0,0,0
FEZ2,65.253,61.926,58.207,66.998,55.052,57.698
SOX7,0.102,0.357,0.273,0.119,0.117,0.139
C8orf74,0.253,0.397,0,0.231,0.097,0.066
C11orf24,50.644,43.376,37.648,51.689,48.64,50.879
ALK,0.315,0.067,0.142,0.213,0.131,0.125
KYAT1,5.239,8.028,7.185,7.228,6.273,5.279
MTM1,6.613,5.986,6.987,5.65,5.095,5.523
OBP2B,0,0,0,0,0,0
TRMT61B,7.161,9.098,8.261,7.785,8.019,8.082
INSR,9.57,10.424,10.307,10.742,6.784,10.336
MFN1,24.768,20.282,22.928,21.591,19.311,20.43
GIMAP8,0,0,0,0,0,0
HSFX1,0,0.6,0,0.481,0.376,0.563
NRTN,0.351,0.117,0.186,0.374,0.053,0.106
KCNMB3,0.826,1.448,2.175,0.626,0.706,0.877
FUT3,0,0.517,0.584,0.186,0,0.039
KCNG3,0,0.067,0,0,0,0
ATP6V0E2,14.899,17.544,16.606,17.621,20.353,22.209
PRKCE,15.048,15.919,13.134,12.534,8.74,12.894
OR2K2,0,0,0,0,0,0
JAGN1,28.519,30.521,32.5,28.145,32.683,30.547
RLN3,0,0,0,0,0,0
TADA3,76.913,74.482,75.413,86.157,91.087,91.746
SOCS5,72.761,80.33,84.716,80.939,75.35,83.804
C1GALT1C1,33.45,28.318,28.301,35.707,34.084,33.789
C9orf16,91.475,86.817,83.649,80.327,85.964,80.15
MORN4,7.838,6.374,8.574,7.459,9.019,6.88
ZNF672,10.058,10.313,10.302,11.528,9.574,10.416
ZNF692,18.808,16.869,17.292,19.683,12.951,23.904
NAIF1,4.983,5.319,4.929,5.361,5.553,4.545
RBKS,1.487,2.047,3.188,2.459,2.848,2.51
OR2M4,0.283,0.242,0.261,0.329,0.121,0.273
GRIK1,0.284,0.181,0.346,0.364,0.09,0.087
MUC7,0,0,0,0,0,0
OPRPN,0,0,0,0,0,0
SMR3B,0,0,0,0,0,0
TMEM126A,37.747,33.641,30.961,37.201,35.115,34.271
TMEM126B,29.976,29.446,32.204,24.282,27.47,23.52
TRIM8,107.974,86.024,92.06,110.878,101.35,106.048
NETO2,14.487,15.659,15.655,19.155,9.516,11.07
CSN3,0,0,0,0,0,0
CLDN20,0.386,0.466,0.411,0.142,0.139,0.351
CDC42BPG,0.155,0.22,0.166,0.106,0.093,0.106
SCAND1,56.634,57.482,66.506,57.743,70.389,58.567
JUNB,60.959,191.736,184.285,175.019,267.587,257.511
FAM241B,0.537,0,0.285,0.165,1.292,0.244
TMEM37,0.104,0.404,0.166,0.191,0.469,0.483
UGT2B7,0,0,0,0.109,0.32,0.107
LRG1,0.194,0.235,0.141,0.177,0.231,0.343
SHCBP1,9.076,10.005,9.153,13.301,12.612,11.491
SOSTDC1,0.05,0,0,0,0.09,0
NPTX1,4.339,3.906,2.996,4.397,1.622,3.232
FAM98B,12.719,12.919,11.373,11.616,12.275,10.871
ZNF439,5.041,3.681,3.554,4.097,3.319,5.225
ZNF440,3.11,4.182,5.663,3.916,3.542,5.615
GAA,46.686,54.951,55.507,56.612,60.146,60.809
CANT1,46.068,44.412,40.412,46.066,39.053,45.76
KCNK3,0.165,0.147,0.202,0.061,0.05,0.202
ZDHHC16,30.637,33.411,29.746,29.151,31.092,31.803
CHST11,7.936,9.85,6.675,6.019,6.049,8.508
EXOSC1,20.086,25.242,25.678,22.327,28.279,26.776
PGAM1,624.219,571.324,519.925,757.415,657.28,693.749
CHD7,0.693,0.561,0.911,0.632,0.289,0.38
ESCO2,8.142,6.203,9.63,7.288,3.583,5.351
KRT19,16.586,17.845,12.736,32.315,31.195,30.098
KRT15,3.834,6.215,2.923,3.416,3.792,2.596
LURAP1,2.604,2.247,1.703,2.19,2.237,1.607
KRT38,0,0,0,0,0,0
CLCN5,0.686,0.838,0.888,0.665,0.587,0.569
TPPP,0.12,0.265,0.17,0.157,0.119,0.205
KCND3,1.32,1.577,1.872,1.633,2.731,2.659
APLN,1.859,1.272,1.084,3.849,2.589,3.073
KRTAP4-4,0,0.087,0,0,0,0
KRT13,7.794,13.852,2.285,0.337,6.424,0.207
XAGE3,0,0,0,0,0,0
KRT9,0,0.06,0,0.055,0.054,0.167
XAGE5,0,0,0,0,0,0
PDE7B,2.48,4.022,3.77,4.549,3.555,4.387
MRPL36,64.963,61.053,52.952,61.842,62.629,51.048
ZNF581,30.386,37.3,40.608,35.36,48.606,43.922
NAT1,2.105,2.946,3.513,2.451,3.482,2.08
KRT20,0,0,0,0,0,0
GLOD5,0,0,0,0,0,0
KSR2,0.077,0.148,0.08,0.103,0.026,0.051
ZNF524,17.078,22.679,18.53,23.777,27.853,23.484
MCC,6.741,7.723,5.885,5.114,4.291,5.565
KRT27,0,0,0,0,0,0
ZBTB26,2.8,2.934,4.368,3.384,3.233,3.852
CDK5R2,0.067,0.067,0.036,0,0.03,0.031
DSEL,46.846,46.251,42.832,43.239,25.719,36.355
POLR1C,42.609,35.287,28.824,28.959,35.247,25.969
ASXL1,29.56,32.976,38.236,31.802,31.462,35.907
OR1L6,0,0,0,0,0,0
DLK2,1.311,2.593,0.866,1.279,0.795,1.568
ZNF562,9.579,6.93,7.554,9.256,7.299,8.615
ZNF318,12.729,14.045,13.79,11.325,8.238,11.331
ZNF561,13.9,17.49,17.399,18.67,22.758,17.763
WIPF2,20.094,23.082,22.135,17.992,17.012,22.24
HOPX,0.275,0.789,0.237,0,1.235,0.101
SPACA5B,0,0,0,0,0,0
OR1L3,0,0,0.107,0.187,0.183,0.092
NLRP5,0,0,0,0,0,0
LRRC8C,8.73,6.051,5.414,7.946,3.851,5.723
SPACA5,0,0,0,0,0,0
RSL1D1,131.918,119.282,126.082,129.944,137.249,117.019
LRRC8D,24.697,21.2,18.786,24.073,24.027,26.404
MROH2B,0,0,0,0,0,0
OR1L8,0.297,0.085,0.316,0.194,0.267,0.231
PPID,30.68,26.026,27.843,28.182,26.558,29.374
OR1N2,0,0.219,0.23,0,0,0
COL24A1,0.069,0.092,0.209,0.116,0.156,0.304
ETFDH,27.002,29.34,33.096,29.031,24.152,27.044
OR1N1,0.32,1.077,0.564,0.394,0.096,0.484
RXFP1,6.823,9.774,8.334,13.599,11.124,13.466
LPAR3,0.223,0.212,0.131,0.149,0.198,0.191
PTGER4,0.476,0.286,0.38,1.084,0.729,0.951
TBCA,176.296,159.061,150.395,158.757,176.943,147.698
NEUROD2,0.029,0,0.033,0,0.03,0
MAP6,2.104,3.026,3.158,2.447,2.399,2.162
OTP,0,0,0,0,0,0
ECEL1,0.548,0.375,0.215,0.237,0.338,0.66
BCL2L1,93.788,64.652,61.902,71.443,64.469,65.292
FGG,0,0,0,0,0,0
FGA,0,0,0,0,0,0
OR2AT4,0.782,0.729,0.896,0.861,0.118,0.748
FGB,0,0.09,0.024,0.041,0,0
PLRG1,48.646,59.095,50.986,52.121,55.588,54.924
ZNF584,11.506,11.667,11.8,11.456,14.336,11.001
DSCAM,0,0.03,0,0.027,0,0
DNAI2,0,0,0,0,0,0
NMUR1,0.127,0.209,0.248,0.139,0.188,0.116
CLSTN1,97.675,105.942,113.873,90.492,91.967,106.289
CXXC5,72.21,82.822,84.252,78.262,105.475,105.257
ZNF274,10.226,12.971,12.791,10.182,11.132,12.965
PIK3CD,9.599,9.964,9.007,11.063,9.034,11.749
PTCRA,0,0,0,0,0,0
SLC25A33,4.278,3.059,2.373,3.164,2.72,2.854
ENC1,26.341,19.958,15.78,19.875,11.611,18.627
SPSB1,32.557,24.856,22.164,26.732,20.747,21.963
P2RY6,0.242,0.556,0.44,0.433,0.342,0.517
BPTF,30.14,36.57,38.084,24.762,18.33,26.858
S100Z,0,0,0,0,0,0
ZIK1,3.697,4.276,3.901,4.64,2.945,3.383
GPR82,0.205,0.169,0.11,0.387,0,0.163
GPR34,0.212,0,0.306,0.066,0.382,0
PLEKHG5,8.692,9.127,8.215,11.596,7.118,8.217
ATF7IP,11.787,13.428,20.708,12.131,8.052,13.704
LKAAEAR1,0.379,0.357,1.411,0.586,1.119,0.428
RGS19,10.888,10.201,10.639,13.13,12.692,12.087
TCEA2,60.424,57.262,73.103,47.716,65.139,64.542
DEFB4A,0.262,0,0,0,0,0
ANO5,0,0,0,0,0,0.011
HDAC3,42.603,42.166,39.592,40.608,43.964,42.405
SPATA46,0,0,0,0,0,0
GPHN,7.209,6.603,6.717,6.677,7.116,6.294
VAT1L,0.643,0.749,0.843,0.741,0.752,0.661
TMEM51,5.103,5.556,4.402,5.896,4.861,5.281
CAMTA1,65.252,61.085,68.563,60.973,68.407,57.344
LGALS4,0,0.085,0.27,0.078,0,0.077
LRRC34,0.581,2.109,2.553,3.048,1.792,1.815
PAH,0,0,0,0,0,0
SPATA5L1,4.638,5.033,4.449,3.892,2.999,3.557
GATM,0,0.236,0.233,0.157,0.074,0.33
SYCE1,0.466,1.448,1.534,0.678,1.143,1.521
NXNL1,0.328,0.552,0.697,0.578,0.987,0.397
RASGRP4,0.193,0.367,0.403,0.029,0.066,0
NHLH1,0.033,0.229,0.279,0.03,0.118,0.089
SLFNL1,0.265,0.352,0.141,0.357,0.084,0.255
BCL2,1.064,0.895,1.065,1.749,1.01,1.589
RHNO1,21.709,21.736,20.169,20.662,20.808,21.217
CTPS1,23.651,19.394,16.337,23.691,15.288,18.62
UTF1,0,0,0,0,0,0
KNDC1,5.707,5.471,5.211,5.589,3.308,5.294
WDR87,0.009,0.009,0.028,0.032,0,0
METTL18,5.334,5.363,6.053,5.354,4.979,6.929
CFAP46,0.204,0.382,0.101,0.392,0.568,0.259
COL8A2,6.74,7.825,8.078,9.523,12.095,10.734
PWWP2B,3.771,4.925,4.063,5.484,6.771,6.066
PCDHB1,0.376,0.444,0.358,0.318,0.091,0.325
ZNF540,1.459,0.883,0.939,0.615,0.598,1.545
ANGPTL7,0,0,0,0.07,0,0.035
FBXL14,5.403,7.03,6.031,6.196,6.295,5.835
EXOSC10,33.516,33.374,34.307,34.007,27.103,31.519
ZNF570,2.555,3.877,3.548,3.896,4.651,3.027
NINJ2,2.098,4.156,3.449,3.199,4.398,2.035
MLLT3,11.58,15.946,17.212,17.027,16.538,16.02
FAM90A1,1.702,4.412,1.505,2.274,4.756,3.043
RRM2,46.256,48.922,45.276,62.257,37.659,50.477
TRAPPC12,36.105,36.981,34.754,41.097,39.236,39.568
IFNB1,0.123,0,0,0,0,0
RPS21,1600.526,1559.247,1487.12,1535.942,1875.401,1360.669
C3AR1,0.024,0.024,0.025,0.065,0.021,0.043
MRM3,7.952,11.513,10.506,10.473,11.315,10.842
PTEN,58.131,55.873,63.771,62.255,55.963,55.597
RPS7,1249.44,1233.832,1208.667,1225.199,1400.311,1158.719
PRND,0.082,0.083,0.043,0.13,0.018,0.059
RNASEH1,18.206,16.057,16.78,14.081,14.755,14.408
PRNP,248.273,220.981,216.055,231.458,211.466,212.535
KLF17,0.749,0.683,0.607,0.403,0.609,0.622
ADRA1D,0.197,0.084,0.06,0.179,0.202,0.255
FRMD5,0.785,0.252,0.237,0.192,0.189,0.808
AQP4,0,0,0,0,0,0
CYP4F11,0.349,0.203,0.341,0.178,0.052,0.033
TLN2,12.124,14.599,17.387,14.451,14.248,16.884
LGALS9C,0,0,0,0,0,0
TVP23B,37.732,42.067,42.033,42.176,42.341,40.956
FBXW10,0,0.119,0.051,0.111,0.065,0.159
OR10H3,0,0,0,0,0,0
ZNF217,19.149,23.471,26.061,25.228,21.708,26.694
OR10H2,0,0,0,0,0,0
SRGAP2C,15.898,17.795,18.999,13.892,16.836,17.089
OR52A5,0,0,0,0,0,0
SCG2,1.036,1.21,0.651,0.756,0.622,1.052
ATPAF2,12.383,15.426,16.066,12.342,13.846,13.802
CYP4F22,0.064,0.103,0,0,0,0
FOXB1,0,0,0,0,0,0.026
PPIH,27.254,26.436,26.89,29.504,29.041,29.679
DRC3,4.221,4.392,2.786,3.105,3.293,2.674
ZNF57,2.572,3.366,2.895,2.529,1.905,2.617
SHLD1,2.244,1.311,3.137,3.389,2.45,1.909
JMJD1C,15.312,16.105,15.741,16.232,11.283,15.116
LDHAL6B,0.1,0.201,0.107,0,0.09,0.136
SYNPO,102.016,84.413,70.533,98,55.072,88.213
ZNF556,0.449,0.54,0.375,0.529,0.126,0.402
MAL,0,0,0,0,0,0
ZNF554,1.595,2.151,2.048,1.926,1.949,2.615
RAB33B,5.276,5.698,6.196,6.147,5.59,7.197
THOP1,55.641,53.227,46.336,56.323,55.211,46.913
ANKRD20A4P,0.189,2.055,0.157,0.239,0.3,0.198
REG3A,0,0,0,0,0,0
GAP43,2.511,2.941,2.544,3.834,1.832,3.202
REG1B,0,0,0,0,0,0
EPHX4,0,0,0,0.115,0.057,0
LAMB2,254.437,280.449,293.047,244.763,253.97,305.038
USP19,27.893,28.926,29.585,24.892,24.319,32.094
QARS1,135.744,132.721,132.778,137.231,151.487,142.744
ORMDL3,28.659,32.55,34.442,29.802,36.355,33.884
SERF1A,45.188,33.876,36.45,24.266,40.564,39.438
KLF11,18.443,24.828,19.775,17.253,12.748,20.125
LRRC15,12.714,14.384,15.038,21.572,19.695,24.288
SMN1,26.692,34.239,31.036,28.901,33.793,32.772
EIF2AK3,5.72,5.946,5.458,6.347,5.576,6.637
TEX37,0,0,0,0,0,0
MOB3A,40.636,38.966,39.908,46.246,33.763,40.497
KRCC1,31.932,33.701,34.839,35.048,34.313,30.6
NME6,14.076,17.638,16.871,20.123,18.07,14.204
CYCS,76.418,57.055,56.09,72.853,67.502,60.994
CD8B,0.117,0,0.053,0.091,0,0.031
SLFN12,8.924,7.391,8.688,7.215,6.377,8.345
CALB2,0.582,0.16,0.167,0.227,0.418,0.794
SLC9C1,0,0,0,0,0,0
OR1A1,0.491,0.574,0.673,0.717,0.092,0.566
OR1A2,0,0,0,0,0,0
OR8I2,0,0,0,0,0,0
LCE1D,0,0,0,0,0,0
CCL11,0.292,0,0.31,0,0,0
FRMD3,0.513,0.284,0.082,0.357,0.17,0.237
SNTB1,8.783,8.793,7.351,8.925,6.88,7.174
MTBP,2.767,3.008,2.916,3.475,2.296,2.755
TEFM,7.907,6.95,7.959,7.282,9.564,8.769
MRPL13,31.017,27.451,27.083,31.884,30.451,23.865
MALT1,13.555,13.641,13.655,13.684,14.67,13.586
PRL,0.226,0,0.12,0.628,0.716,0.699
ISG20,10.782,7.451,4.87,6.864,4.133,5.722
OR4C11,0,0,0,0,0,0
MBOAT1,1.849,2.016,2.564,2.221,1.92,2.584
OR8U1,0,0,0,0,0,0
ID4,0.858,1.401,0.847,0.705,0.81,1.007
OR4X2,0,0,0,0,0,0
GPR22,0.028,0.028,0.03,0,0.1,0
CXCR6,0.27,0.189,0.187,0.322,0.102,0.185
CEBPB,127.614,132.41,130.228,119.795,119.485,135.368
AZU1,0.222,0.112,0.565,0.048,0.092,0.202
TPSAB1,0,0,0,0,0,0
ATOH1,0,0,0,0,0,0
PAIP1,79.21,72.544,75.625,72.949,84.625,73.38
CLEC7A,0.245,0.281,0.294,0.186,0.222,0.236
C5orf34,1.675,2.783,2.21,2.567,2.542,1.946
C1QTNF4,0.128,0.064,0.341,0.235,0,0.349
NEGR1,10.982,9.949,10.443,11.566,11.033,11.273
ZNF131,19.663,23.524,24.686,18.532,15.869,23.403
MACROD2,0.786,1.817,1.777,0.745,0.504,0.563
DPAGT1,23.506,22.83,20.82,21.108,17.043,22.591
BSG,564.452,592.634,576.792,581.019,609.852,595.408
HINFP,10.25,10.426,11.421,10.183,7.38,9.078
CDY1,0,0,0,0,0,0
OR10V1,0,0,0,0,0,0
CERS6,11.44,10.697,9.85,13.226,8.963,11.052
SPTLC3,2.445,2.489,0.909,2.656,0.972,2.808
COPRS,125.946,116.23,104.41,127.379,132.555,120.655
TP53RK,11.023,9.798,9.342,10.526,9.603,9.492
B3GALT1,0.11,0.19,0.101,0.157,0.055,0.172
OR5A1,0.48,0.44,0.51,0.296,0.189,0.46
CLEC12A,5.262,4.626,3.469,3.932,3.894,4.108
OR5A2,0.308,0.333,0.339,0.252,0.142,0.401
BPGM,23.398,30.266,30.159,29.068,35.564,29.105
POP7,38.556,31.616,36.312,35.741,38.112,37.334
ALG14,1.315,1.086,1.295,1.005,1.096,1.38
SUCLG2,44.272,48.644,47.164,50.631,49.45,48.836
STARD5,2.821,3.277,2.788,2.691,2.246,3.031
CSDC2,1.333,1.831,1.585,2.848,2.485,2.918
RCAN2,13.054,29.459,35.399,37.518,65.471,52.589
IL16,2.63,5.532,3.62,3.9,2.753,4.841
ABCG4,0.043,0.137,0.036,0.031,0.154,0.019
CDY1B,0,0,0,0,0,0
GNB2,233.504,219.543,216.365,231.024,245.36,228.315
CFAP53,0.381,0.908,0.659,0.523,0.687,0.865
OR5B12,0,0,0,0,0.165,0.083
OR5B2,0.038,0.192,0.082,0,0,0.139
MCRIP2,27.78,24.539,24.694,27.904,35.652,34.862
PDZD3,0,0.028,0,0,0,0
C2CD2L,3.93,5.332,4.571,4.71,4.699,5.032
OR9I1,0,0,0,0,0,0
ARNT2,7.65,6.928,7.636,6.463,8.384,8.615
GNG12,131.187,120.829,120.435,141.91,118.687,132.086
PRSS27,1.669,1.765,1.42,1.689,2.108,2.576
MYOZ2,0.098,0.23,0.105,0.15,0.03,0.089
SYNPO2,6.666,10.777,13.494,11.935,21.05,15.301
DNAJB7,1.358,1.055,0.88,0.656,0.757,0.781
CLP1,11.825,10.231,8.076,10.625,9.247,9.406
INSL5,0,0,0,0,0,0
EFCAB3,0.634,0.405,0.736,0.739,0.208,0.523
TTC36,0,0.346,0.72,0,0,0.154
RSPH9,1.019,1.102,1.103,0.684,1.387,1.036
COPS9,190.977,178.929,150.393,155.713,167.038,146.316
GTPBP2,43.78,49.421,48.346,49.026,39.29,49.558
FGGY,5.252,5.626,6.89,5.5,8.143,7.869
OR9G4,0,0,0,0,0,0
IL17D,2.17,2.194,2.607,2.067,2.472,2.851
OR5AR1,0,0,0,0,0,0
FUT9,0.025,0.043,0.026,0.006,0.011,0.028
OR5AP2,0,0,0,0,0,0
TCEAL1,18.506,15.528,19.157,15.675,17.341,17.395
ZNF24,18.623,20.308,18.982,17.103,15.079,19.81
HSFY1,0.199,0.067,0.282,0.182,0.119,0
MANEA,10.332,10.305,10.195,11.704,7.755,9.659
RAB40A,0.995,1.022,0.911,1.121,0.426,1.125
MAB21L4,0.088,0.353,0.281,0.086,0.366,0.08
AGXT,0.058,0.16,0,0,0,0.115
OR8J1,0,0,0,0,0.063,0
OR5T3,0,0,0,0,0,0
AFF1,10.676,13.635,12.175,9.089,6.305,9.779
ACOT12,0,0,0,0,0.074,0
FIBP,68.577,67.799,67.714,82.682,81.481,73.827
CARNS1,0.43,0.473,0.372,0.304,0.257,0.469
OR10H5,0.228,0.531,0.399,0.367,0.135,0.288
BANP,10.02,15.049,10.309,12.253,14.321,14.76
PPP1CA,134.821,121.057,117.958,135.567,128.535,121.071
HCFC1,20.686,19.023,21.403,17.124,12.156,19.542
FAM170B,0,0,0,0,0,0
CTSW,0.326,0.082,0.142,0.449,0.06,0.837
NIPAL4,0.08,0.388,0.17,0,0.192,0.073
MUCL1,0,0,0,0,0,0
SNTG2,0,0.091,0.048,0.173,0,0.082
FNDC9,0,0,0,0.037,0,0
PDE3A,0.144,0.131,0.122,0.144,0.129,0.159
RASGRP1,0.281,0.343,0.196,0.159,0.208,0.156
KLHL6,0,0.013,0.095,0.038,0,0
CHCHD1,33.034,33.774,29.958,28.028,38.07,32.611
MRPL52,57.981,57.22,61.335,56.75,67.247,55.998
SMPDL3A,8.832,11.087,10.501,11.291,10.318,10.043
RND1,0.107,0.053,0.284,0,0.048,0.048
RAD9A,10.675,15.618,16.386,9.412,5.389,13.205
EFEMP2,213.345,223.231,233.671,296.431,320.443,337.871
OR10AD1,0,0,0,0.192,0,0.094
AGAP5,5.064,5.175,5.28,5.249,2.114,5.383
WASHC2C,29.196,32.299,35.158,26.105,29.811,29.915
TMEM134,36.387,26.877,24.296,25.08,32.512,23.548
ZMAT3,16.43,18.014,21.446,21.865,19.9,23.33
ZFAND4,2.198,1.593,1.219,1.416,1.983,1.796
THEMIS,0,0.119,0.063,0.019,0.054,0.081
MOS,0,0,0,0,0,0
ZNF738,4.246,3.428,4.627,4.935,3.022,5.731
MS4A10,0.193,0,0.203,0.071,0.074,0.069
SLFN11,27.275,28.295,28.58,33.833,19.009,32.757
FAM71D,0.513,0.195,0.24,0,0,0.088
CCL19,0,0,0,0,0,0
CORO1B,73.568,77.879,82.808,75.398,84.891,73.143
FUT10,5.536,6.313,7.454,4.751,7.292,6.74
LRRC20,3.366,4.985,4.023,4.497,4.003,4.622
MUS81,21.718,24.787,24.447,23.369,19.66,27.285
PURG,0.173,0.192,0.294,0.07,0.138,0.278
TMEM217,0.897,0.641,0.667,0.543,0.817,0.274
OR4D9,0.172,0.338,0.237,0.185,0.076,0.158
ZNF596,7.581,8.099,9.063,6.452,5.079,5.353
COL6A5,0,0,0,0,0,0
CFL1,913.628,830.361,773.94,928.116,903.182,865.575
TMCC1,14.68,5.431,7.333,5.129,5.342,5.365
NAA16,6.136,5.47,5.667,5.989,4.699,6.019
OR5B3,0,0,0,0,0,0
EFCAB12,0.12,0.16,0.424,0.178,0.172,0.398
OR10W1,0,0,0,0,0,0
PSME3IP1,64.277,63.432,72.501,69.24,65.253,61.29
RAB43,18.018,15.597,13.161,10.828,10.38,12.23
FADS6,5.746,4.689,4.12,2.723,0.806,1.957
CBWD1,31.888,29.365,26.721,29.879,29.558,23.436
HOXC5,3.159,4.59,5.401,5.732,4.573,7.779
RAB37,0.06,0.099,0.177,0.146,0.048,0.12
DCP2,3.629,3.338,2.971,2.991,2.32,5.157
SNX32,1.412,2.256,3.06,2.345,2.78,2.042
RPL38,1737.337,1652.846,1602.793,1613.191,2075.813,1421.907
CYP7B1,0.085,0.116,0.18,0.106,0.19,0.211
OVOL1,0.055,0.525,0.523,0,0.273,0
RARG,66.356,60.698,62.691,77.514,68.486,78.219
CES4A,1.47,2.069,2.316,1.792,1.094,1.888
CES3,1.984,3.099,2.142,2.243,1.023,1.562
SSH3,15.452,17.973,16.811,16.562,16.056,18.066
CES2,30.239,37.463,33.069,31.003,36.345,35.49
PDP2,6.216,5.667,5.164,5.677,4.012,4.786
SP3,58.351,52.497,53.082,50.32,42.564,46.89
KRT2,0,0,0,0,0,0
DMXL1,8.87,9.736,9.238,7.146,5.882,8.616
METAP1D,4.623,5.054,6.099,4.309,5.109,4.563
ZNF621,8.378,12.096,9.782,8.483,7.014,9.033
EGFL7,24.836,27.142,25.85,22.117,27.495,25.728
NADSYN1,39.363,40.15,39.049,35.639,33.32,40.1
DHCR7,7.861,9.624,10.195,11.821,13.955,11.068
LVRN,0.177,0.3,0.339,0.193,0.207,0.177
NBEA,2.187,3.55,3.4,2.166,1.967,2.467
RNASEH2C,26.463,25.239,30.662,25.275,30.851,30.184
MYEOV,0.257,0.425,0.079,0.371,0.255,0.302
ANKRD13D,15.947,17.174,15.815,16.461,12.519,17.637
MRGPRF,49.668,63.903,59.522,65.841,74.259,80.385
MYD88,20.956,21.69,20.15,21.924,21.631,20.604
MRGPRD,0,0,0,0,0,0
OXSR1,34.537,30.686,27.115,32.698,22.404,29.361
SLC22A13,0.104,0.158,0.059,0,0,0.075
PHF8,8.668,7.206,8.182,7.029,9.167,8.517
LCLAT1,7.098,12.324,14.5,11.162,8.091,10.304
ADH6,0.306,1.029,0.267,1.234,0.536,1.017
XKR3,0,0,0,0,0,0
FRG2C,0.041,0.064,0.045,0.23,0,0.191
KAT5,21.665,27.073,32.63,25.945,22.679,28.136
SH3RF3,7.52,6.984,6.824,6.822,7.304,7.55
GXYLT2,5.079,5.795,7.606,7.933,8.013,9.09
HPSE2,0,0.022,0,0,0,0
DCAKD,15.65,22.778,22.395,15.104,18.401,19.517
ARPP21,0,0,0,0,0,0
TADA2B,16.258,16.136,16.426,14.289,15.637,16.18
CCDC96,2.373,2.535,2.861,2.166,2.03,2.01
GRK2,32.598,28.527,31.862,32.007,30.788,35.781
RELA,72.104,71.018,69.312,66.724,57.189,75.031
EVC2,5.495,6.681,7.164,8.593,8.498,9.589
ZNF680,2.173,2.994,2.683,4.126,3.833,3.127
HECTD4,7.397,9.602,9.272,7.641,4.242,8.547
FAM222B,3.443,3.606,4.853,4.039,3.54,4.806
BNC2,14.06,16.445,17.083,15.159,11.356,16.506
RXFP4,0.248,0.125,0.33,0.398,0.28,0.902
HPSE,2.966,2.355,1.918,3.198,2.306,2.492
COQ2,8.863,8.347,9.101,10.141,9.774,8.413
CCDC63,0,0,0,0,0,0
HSPA6,1.11,2.366,1.867,0.49,0.516,0.618
TRMT112,138.471,133.634,121.173,137.443,157.44,131.974
LRRN3,0.163,0.07,0.051,0.127,0.18,0.021
KDM2A,31.615,33.915,33.532,33.085,26.304,31.904
ACSM6,0,0,0,0,0,0
ADCK5,10.017,10.784,9.908,9.151,7.517,9.929
MRPL57,14.137,13.294,13.413,13.316,15.989,12.766
NOC3L,12.271,10.75,8.731,11.171,8.573,9.976
ESRRA,35.204,28.987,28.49,23.101,25.817,24.386
RHOD,20.538,25.02,22.831,15.799,27.35,21.96
ADAMTS20,0,0,0,0,0.054,0
COMMD1,38.541,35.12,33.074,33.273,37.392,28.89
RAPH1,11.036,12.285,13.289,14.859,10.214,15.93
MTX1,44.93,46.969,49.279,37.296,52.519,48.666
ADCY5,0.179,0.233,0.466,0.087,0.064,0.196
PARP14,8.506,10.828,11.276,10.036,8.093,10.496
CYSLTR1,0,0.031,0.099,0,0.056,0
PARP15,0.534,0.475,0.813,0.251,0.222,0.88
CKS1B,60.385,56.782,68.195,69.185,71.083,72.139
ABCD2,0,0,0,0,0,0
ABLIM3,28.492,27.272,23.926,33.801,21.203,28.188
MAB21L3,3.593,3.954,5.534,3.714,1.443,4.221
TUBB8B,0,0,0,0.063,0,0
MFSD4B,2.292,2.045,1.174,2.302,1.221,1.736
VANGL1,14.775,16.129,15.012,14.591,10.389,14.502
GLRX,68.27,57.305,48.735,49.768,54.254,43.885
IQCB1,9.482,11.727,12.314,9.56,9.154,10.909
SYT12,0.052,0.24,0.223,0.096,0.142,0.099
GOLGB1,28.148,28.49,32.384,25.434,19.145,24.638
C11orf86,0,0,0.086,0,0,0
LIPM,0,0.121,0,0,0,0
GPR151,0,0,0.086,0,0,0.025
DMRT2,0.214,0.301,0.255,0.236,0.108,0.203
ZNF483,1.814,1.316,1.188,1.096,0.78,1.913
PLAC8L1,0.315,0.18,0.144,0.288,0,0.082
SLC2A14,3.031,3.691,3.014,2.417,2.145,3.188
GPR137,38.413,37.455,38.844,32.58,31.407,41.265
SNCG,3.696,4.742,2.415,3.167,5.216,5.005
MMRN2,17.901,18.278,19.312,17.057,9.065,15.731
MZT2A,112.226,118.914,96.656,121.699,143.64,120.721
TNKS,15.335,15.601,19.149,13.471,9.465,11.596
ZNF449,4.644,5.804,4.536,5.664,4.606,5.977
ZBTB21,8.88,7.897,10.169,7.331,6.16,7.737
PPP1R3B,7.435,8.028,7.761,7.679,7.013,8.269
OR10K1,0.166,0.194,0.222,0.176,0.046,0.245
GPR148,0,0,0,0,0,0
STOX2,0,0.03,0.024,0.007,0.027,0.04
MAP3K11,25.195,22.062,20.919,19.923,19.144,21.758
TRIB1,8.519,8.76,7.977,5.839,3.551,5.925
CST9,0,0,0,0,0,0
KCNK7,0.475,0.487,0.061,0.26,0.076,0.43
SFT2D3,0,0,0,0,0,0
C1QB,0.333,0,0,0,0,0
C1QA,0,0,0,0,0,0
NDNF,6.273,5.588,5.037,8.366,6.518,6.935
IQCF1,0,0,0,0,0,0
OLR1,0.408,0.258,0.537,0.46,0.673,0.541
GLIPR1L1,0,0.242,0.512,0.737,0,0.073
DAG1,49.373,43.171,45.687,41.256,31.584,43.142
INSM1,0,0,0,0,0,0
DAB1,0.493,0.867,0.755,0.829,4.303,1.894
ARV1,10.317,12.366,13.526,11.429,12.049,13.317
NAA20,74.574,77.552,73.554,80.477,73.814,66.368
IHO1,1.028,1.114,1.711,1.215,0.852,1.674
RNASE8,0,0,0,0,0,0
SAA1,0.25,0.875,0.796,0,0.682,0
MICOS10,95.688,74.61,75.498,82.369,78.564,66.451
EHBP1L1,65.98,59.659,55.512,60.875,43.784,60.978
THAP2,3.972,4.477,4.658,3.219,3.019,2.83
TMEM196,0,0,0,0.019,0,0
RNF26,26.167,29.451,29.495,29.014,30.129,28.999
PPP1R14B,284.602,240.805,195.207,290.139,298.586,278.185
RNASE11,0,0,0,0,0,0
ZNRD2,26.699,24.443,22.616,26.568,31.608,30.633
AGR3,0,0,0,0,0,0
SMARCC1,29.036,24.953,23.512,26.816,20.797,24.987
ZNF417,6.246,9.069,7.944,7.063,2.832,7.75
PTPRM,30.304,36.457,32.954,29.768,28.263,34.88
FKBP2,121.058,120.004,114.757,114.608,141.371,109.188
VEGFB,61.143,54.538,47.843,56.799,53.718,60.303
PEAK1,36.668,42.952,48.414,41.873,35.774,46.519
TNFRSF10D,81.654,49.705,42.945,51.228,31.035,41.289
MST1,7.453,12.097,11.386,8.623,9.654,15.013
TNFRSF10C,1.54,2.352,2.213,2.146,3.212,2.628
GMPPB,13.155,12.556,13.03,14.283,15.794,15.181
MOB1B,14.781,12.675,10.858,11.876,6.6,11.039
ZNF622,26.367,27.01,32.092,26.28,30.233,27.758
CSPG4,27.704,34.698,31.832,31.466,26.993,37.308
SNX33,44.117,44.245,43.783,44.795,48.738,47.163
FAM166C,0,0,0,0,0,0
NABP1,17.613,26.799,22.573,19.906,19.956,22.453
ADGRF3,0.149,0.217,0.245,0.463,0.243,0.23
NLRP13,0,0,0,0,0,0
CHD2,21.53,24.17,28.472,21.516,16.809,23.324
XCR1,0,0.553,0.57,0,0,0
CCDC106,8.48,9.71,9.479,10.292,13.036,13.054
CCR9,0,0.033,0.035,0,0,0
CEP83,5.041,3.904,4.921,5.26,4.731,4.505
SULT1B1,1.286,1.248,1.629,1.777,0.791,2.407
NUDT4,30.322,29.482,28.799,35.208,30.282,30.989
PC,7.875,8.97,9.686,6.918,6.327,7.392
UGT2A1,0,0,0.055,0,0,0
SCAI,1.706,2.187,2.945,1.838,1.239,2.177
GPRC6A,0,0,0,0,0,0
NMNAT1,8.453,11.193,11.174,6.59,9.136,8.143
LRFN4,28.093,22.613,21.72,25.015,22.607,25.692
TRAPPC3L,2.015,1.495,2.292,1.299,0.751,1.482
APOBEC4,0,0.03,0,0,0,0.027
SLC19A1,6.108,5.855,4.395,7.404,4.597,5.087
HSPB7,27.114,34.551,40.553,41.884,82.266,60.537
RCE1,13.904,11.721,12.042,11.2,10.998,13.973
UQCRH,432.663,410.198,405.631,381.621,400.944,359.879
TAS1R1,0.03,0.239,0.099,0.169,0.189,0.174
HES3,0,0,0,0,0,0
EIF1AX,173.576,136.172,127.858,146.904,111.152,123.659
SPDYE2B,0.197,0.796,0.98,0.818,0.522,0.894
OR1L1,0.107,0,0,0,0,0
BCLAF3,5.601,5.614,5.891,4.586,4.86,4.658
PSMD1,58.182,52.321,53.363,52.096,46.906,50.301
ADGRG2,0.139,0.181,0.248,0.126,0,0.094
SPATA3,0,0,0.058,0,0,0.05
MUC13,0,0.029,0,0,0.052,0
SUSD5,4.798,5.31,4.468,4.028,3.047,3.952
HEG1,98.764,90.601,90.506,100.552,75.244,91.276
WFIKKN2,0,0,0,0,0,0
C11orf80,6.625,8.904,8.295,6.079,4.605,9.575
TOMM20,89.89,87.371,83.437,90.996,86.164,87.959
C1orf100,0.28,0,0.436,0,0.148,0.255
AGFG1,37.088,35.067,34.007,36.73,34.234,32.451
STAT5B,21.14,18.346,18.775,18.29,15.413,18.21
CD7,0.605,1.403,1.592,1.29,0.388,0.587
TOPAZ1,0,0,0,0,0,0
CNP,53.931,54.004,55.088,55.956,59.783,62.695
JUP,16.408,27,15.038,14.492,18.399,18.924
HAP1,0.202,0.329,0.314,0.185,0.108,0.201
TDRD12,1.27,0.689,0.396,0.137,0.023,1.013
EIF1,947.852,1073.181,1189.769,1038.478,1215.289,1098.61
ENDOV,28.036,27.853,26.017,19.092,24.803,26.755
RNF213,20.241,23.101,25.636,21.264,13.629,23.056
TIGD3,0,0.296,0.18,0.193,0.114,0.077
KCNH6,0.109,0.065,0.144,0.059,0,0.219
MARCHF10,0.153,0.074,0.038,0.067,0.17,0.032
PLK3,15.833,17.327,17.153,16.814,14.123,21.668
NET1,35.687,22.094,17.57,39.784,16.79,26.61
DPY19L1,27.951,26.639,22.474,22.562,20.589,24.187
PHOSPHO1,0,0,0,0.109,0,0.051
ZNF791,9.106,6.694,9.888,8.727,5.381,6.929
PHC3,10.49,12.572,12.551,11.245,6.445,11.346
GPR160,0.894,0.484,0.854,1.274,0.405,1.184
CBX2,0.92,0.728,0.702,1.121,0.688,1.525
SPTBN2,0.338,0.446,0.255,0.207,0.143,0.175
GOLIM4,56.28,50.668,44.83,54.149,39.837,45.579
KRT28,0,0,0,0,0,0
RBM4B,16.317,20.839,17.08,15.703,15.037,15.489
ATP5MK,323.614,305.476,294.289,329.21,341.194,278.117
HOXB2,31.783,32.561,29.359,34.336,27.36,30.035
C1QTNF1,12.581,14.675,12.682,17.908,15.9,16.731
MARCHF3,7.262,4.993,5.77,6.128,2.142,5.742
SWSAP1,1.089,1.1,1.58,1.468,2.468,1.384
SLCO4C1,0.252,0.268,0.218,0.1,0.014,0.301
RBM4,86.894,89.371,94.99,87.738,102.611,78.154
PIFO,0,0.147,0.308,0.135,0.262,0.1
XXYLT1,22.518,21.979,19.779,21.486,19.442,22.104
UBXN2A,14.606,14.304,13.506,14.152,12.236,13.194
RAX2,0.144,0.136,0.254,0.11,0,0.411
LRRC63,0,0,0,0,0.226,0
TCAP,0.825,0.213,0.221,0.286,0.754,0.945
CCS,37.864,40.129,48.818,34.51,41.848,47.173
NRROS,0.524,0.229,0.244,0.149,0.059,0.119
CEP19,4.848,4.409,4.198,4.485,4.156,3.726
KLHL15,4.639,3.837,4.333,3.94,2.49,3.934
FBXO45,7.056,5.587,5.561,7.124,4.364,5.922
CBY2,0,0,0,0,0,0
TENT5D,0,0,0,0,0,0
GNG5,121.789,120.63,123.738,143.087,125.304,134.567
SLC25A30,15.254,15.174,12.899,13.168,14.032,11.285
C9orf131,0.983,0.121,0.155,0.282,0.07,0.022
CD34,0.01,0.066,0.032,0.192,0.078,0.06
CTSF,94.232,108.787,106.233,101.774,133.51,113.919
MSRB3,43.063,42.529,40.474,49.069,44.786,46.1
LEMD3,11.777,11.674,10.427,10.77,7.651,9.651
C16orf91,13.465,11.175,10.354,11.731,12.259,14.616
TLR10,0.142,0.094,0,0.086,0.042,0.09
TLR1,0.03,0.178,0.191,0.057,0.199,0.33
TLR6,1.069,1.686,2.637,1.093,2.207,1.486
FAM174A,16.108,14.254,11.038,10.382,11.553,10.919
RGMB,192.094,165.872,147.952,236.891,145.064,211.812
FAM53A,2.593,3.325,2.711,2.453,2.395,2.371
NWD2,0,0,0,0,0.018,0
CYB561D1,6.946,9.92,8.078,8.375,7.254,7.438
GSTA3,0,0,0,0,0,0
ZDHHC24,9.002,9.906,9.749,8.974,9.644,9.998
TRMT10C,18.281,16.522,16.333,18.272,17.201,14.72
SELP,0,0,0,0,0,0
CTU2,14.099,12.527,14.378,13.09,15.916,11.637
MGA,5.695,5.847,6.258,5.893,3.726,5.833
C12orf66,2.32,1.967,2.028,3.187,1.909,2.524
ARL13A,0.274,0.846,0.291,0.515,0.5,0.076
SNX31,0,0.221,0,0,0,0
PIGG,24.142,24.471,26.395,23.118,20.558,23.721
PRPF8,78.698,79.638,87.827,68.028,61.303,68.766
ADCY6,24.413,25.758,26.648,18.698,14.549,23.107
REP15,4.68,3.39,3.055,4.152,2.592,3.43
PITPNA,66.849,65.771,61.133,64.011,53.649,57.913
DDX23,42.977,42.122,41.791,40.857,39.465,40.713
ZNF80,0.446,0.283,0.561,0.283,0,0.064
ZNHIT2,8.354,8.969,5.872,7.017,7.914,8.998
EVX2,0,0.019,0,0,0.017,0
ZBTB4,34.81,41.245,42.239,42.127,44.089,50.277
TNK1,0.915,1.345,1.179,1.086,1.02,1.483
ZHX3,36.405,26.205,32.569,32.865,23.507,30.303
PHLDA3,62.862,79.423,84.907,74.023,116.718,98.627
SLC16A11,0.152,0.231,0.432,0.232,0.091,0.092
SLC16A13,0.965,1.693,1.951,1.235,0.869,1.051
GLIS1,6.472,8.985,9.684,6.005,6.356,8.127
OR2Y1,0,0,0,0,0,0
CHRNA9,0.224,0.41,0.396,0.238,0.201,0.237
PODN,6.9,8.223,9.549,9.725,14.816,16.393
SLC6A19,0,0,0,0,0,0
C11orf45,1.093,0.985,1.046,0.936,0.64,0.884
EXO1,4.683,6.13,5.087,12.124,4.777,7.197
RALGAPA1,7.176,8.519,7.719,6.363,3.969,6.1
LIG4,5.79,6.784,7.036,5.485,5.042,5.783
TRHR,0,0,0,0,0,0
GTF2IRD2B,13.758,14.276,14.353,13.009,13.365,16.502
ABRA,0.06,0.06,0,0.037,0,0.102
ATP2A2,118.67,108.79,101.156,114.124,79.169,107.854
ZWILCH,13.125,14.384,19.231,15.506,16.522,14.386
RPL4,2453.946,2571.136,2450.068,2591.286,2810.016,2410.162
SNAPC5,14.951,16.451,15.407,16.176,23.023,14.71
STARD6,0,0,0.367,0.161,0,0.471
GOLGA6L2,0.047,0.025,0.051,0.022,0,0
VWC2L,0,0,0,0,0,0
C12orf76,5.608,6.023,5.362,7.548,5.451,6.053
ZCCHC12,0,0,0,0,0.035,0
CNTNAP2,0.039,0.013,0.07,0.024,0,0.024
GALNTL6,0,0.028,0,0,0,0
LINGO2,0,0,0,0,0,0
BBS1,13.052,18.176,19.294,13.824,13.587,14.862
DENND4A,8.367,9.46,9.453,9.365,6.042,8.954
IGDCC3,0,0,0,0,0,0
GCSAM,0.129,0,0.08,0,0.351,0.085
ANKRD36C,4.903,6.54,7.887,5.041,2.759,3.952
SLC26A9,0,0.018,0,0,0,0
MFSD4A,0.104,0.062,0.189,0.172,0.018,0.167
PELI3,9.802,9.313,10.304,10.039,10.482,10.02
TTC9B,0.367,0.248,0.39,0.113,0.111,0
MYO1H,0.222,0.018,0.118,0.084,0.05,0.151
TMEM81,1.992,1.519,1.315,1.954,1.61,1.06
MRPL11,30.129,33.259,36.159,33.722,37.407,31.656
KLK15,0,0,0,0,0,0
IL20RB,6.799,14.925,14.465,13.118,24.088,16.726
GOLT1A,0,0,0,0,0,0
AKIRIN1,30.396,27.45,29.927,24.627,25.685,29.332
NPAS4,0.116,0.235,0,0.023,0,0.023
MSL2,11.916,8.104,8.946,11.521,8.587,11.439
ZNF497,6.665,8.825,6.995,6.793,4.511,6.37
TRAM1L1,1.442,1.614,2.391,1.471,2.558,1.963
CMKLR1,11.461,8.93,8.3,8.337,7.848,9.102
ANGEL2,7.45,8.733,8.818,8.401,6.49,7.671
UGT8,0.151,0.194,0.354,0.428,0.141,0.102
KY,0.243,0.473,0.567,0.609,0.549,0.674
IQCK,5.186,4.895,6,4.795,5.068,5.024
SLCO2A1,0.18,0.09,0.183,0.181,0.162,0.245
ZNF266,9.245,10.374,11.576,11.109,8.946,11.283
OR7D4,0.256,0.287,0.2,0.145,0.058,0.212
SLC29A2,1.642,1.78,1.31,1.061,1.146,1.211
BRSK2,0.336,0.359,0.32,0.79,0.587,0.635
B4GAT1,27.763,34.369,29.764,23.092,29.815,26.091
TMEM167A,28.693,25.359,27.421,29.909,27.953,28.178
LEP,0.344,0.263,0.357,0.522,0.386,0.353
SH3PXD2B,47.117,41.753,40.106,33.406,22.522,31.854
RESF1,11.361,11.274,10.451,11.964,6.348,9.491
LARP7,40.327,36.627,38.102,42.268,39.148,38.005
FGFBP3,1.049,0.656,0.732,0.807,0.708,0.982
NR1D2,47.312,65.422,72.033,57.544,59.527,66.947
PABPC5,2.777,3.401,2.044,2.084,2.313,2.359
BRMS1,30.191,31.71,30.289,27.007,29.853,27.08
RPL15,3169.761,3183.075,3228.887,3428.446,3951.248,3374.347
FAM241A,4.958,5.309,5.018,5.18,3.271,5.063
HRAS,87.554,68.329,67.626,79.111,83.08,71.476
WDR49,0,0.217,0,0,0,0
SRP72,71.623,70.495,68.911,71.3,71.062,73.751
PCP2,0,0.147,0,0.403,0,0
RIN1,53.534,53.612,54.266,55.543,39.098,53.993
ODAPH,0.153,0.277,0.469,0.124,0.229,0.047
THAP6,8.188,12.281,12.157,10.876,7.391,11.445
CEP135,4.365,4.974,4.852,5.144,4.072,5.418
FZD4,2.322,2.88,2.938,3.691,3.249,4.266
CD248,246.751,324.025,351.244,302.074,376.232,366.017
BTC,0.031,0,0,0,0,0
PDZK1,0.912,0.78,1.308,0.53,0.646,0.663
ADGRE1,0,0,0,0,0,0
DENND6A,11.1,6.502,7.371,9.143,4.563,6.284
PDE12,10.232,9.298,8.704,7.905,7.59,8.561
GLMN,7.212,6.321,6.329,6.809,5.108,6.254
DNAH12,0.057,0.057,0.02,0.022,0.085,0.012
YIF1A,84.849,81.634,77.442,88.098,97.471,89.587
CNIH2,1.523,1.996,1.64,2.355,1.372,1.442
AMY1B,0,0,0.019,0,0,0
NLRP6,0,0,0,0.028,0,0
NDUFA11,224.131,237.155,244.265,226.213,308.528,254.861
RSRC1,27.969,26.207,25.405,25.317,26.686,20.724
CATSPERD,0,0,0,0.09,0,0
RAB1B,173.417,155.415,160.887,188.605,182.572,190.642
OR9G1,0.068,0.068,0,0.041,0,0.02
PTDSS2,24.565,22.496,23.229,22.342,22.143,21.487
MICOS13,103.382,98.884,91.354,95.072,98.372,103.206
C3orf33,1.796,2.044,1.394,2.157,1.44,2.137
OR5M3,0,0,0,0,0,0
SEZ6L2,25.69,28.922,29.308,22.385,24.474,25.496
ASPHD1,15.041,13.7,13.474,11.796,10.846,11.629
KCTD13,14.727,17.887,15.899,12.635,10.385,11.98
P2RY14,0,0,0,0.029,0,0
AMZ1,1.247,0.776,0.469,0.802,0.755,0.987
GPR171,0,0,0,0,0,0
GPR149,0,0.014,0,0.013,0,0
CD164L2,0.062,0,0,0,0,0
FUT1,0.349,0.39,0.312,0.33,0.086,0.43
DHX36,21.975,22.612,22.385,23.51,18.913,23.311
OR5J2,0,0,0,0,0,0
ZIC4,0.701,0.328,0.609,0.637,1.112,0.568
OR10AG1,0,0.03,0,0,0,0
OR4S2,0,0,0,0,0,0
FBXW8,10.775,11.164,11.824,9.636,8.511,11.396
CA5A,0.171,0.086,0.182,0.079,0.077,0
ZG16,0.106,0.453,0.597,0.217,0.126,0.144
KLC2,27.775,24.846,23.387,21.404,19.309,20.808
SLC22A1,0,0.297,0.516,0,0,0.122
TEX36,0.33,0.107,0.45,0.618,0.191,2.098
CTBP2,61.776,64.127,58.479,57.9,61.634,69.082
CHST2,17.397,12.603,8.344,11.853,7.071,8.742
ZDHHC14,9.343,6.432,6.56,6.124,6.509,6.157
ATR,7.602,6.854,6.603,6.461,4.55,6.425
UBE2C,70.285,72.49,75.576,83.991,72.158,87.221
DSG4,0,0,0,0,0,0
GK5,4.213,3.531,3.919,3.677,3.772,5.867
VCPIP1,5.858,6.487,7.05,6.071,4.201,5.836
RTP1,0,0,0,0,0,0
DES,0.076,0.151,0.04,0.172,0.68,0.446
PDIK1L,2.115,3.195,3.151,3.213,2.015,2.41
SPSB4,0.056,0,0,0,0.075,0.025
RAG2,0,0,0,0,0,0
TRAF6,6.901,7.329,6.925,5.879,5.77,6.025
ZNF654,8.215,7.316,9.018,8.256,6.12,8.532
TVP23C,3.703,5.65,7.736,6.619,3.065,4.15
MRPS22,37.887,39.381,42.776,41.624,46.282,42.692
PACS1,53.596,57.256,54.88,51.666,45.249,56.944
WFDC5,0.096,0.096,0.102,0,0.086,0
MARCKSL1,21.092,16.774,14.342,17.044,13.501,16.06
SH3BP5L,38.292,29.765,32.938,34.567,32.859,35.198
OR2T1,0,0,0,0,0,0
YPEL2,5.46,7.812,8.233,6.853,8.614,8.753
CADM2,0,0,0,0.008,0,0
ABO,0,0.226,0,0.416,0,0.403
PSMD2,195.837,182.065,158.721,186.468,162.62,169.512
PPM1E,0.097,0.06,0.065,0.011,0.043,0.066
FAM131A,7.798,8.082,6.978,5.836,7.055,10.504
CSRP2,11.196,15.939,21.664,24.066,58.355,38.909
INHBC,0.026,0,0.082,0,0,0.093
PARL,39.283,39.586,39.609,37.723,37.438,41.181
DDIT3,40.289,71.896,90.783,43.177,71.445,54.81
PCCA,19.56,17.986,15.478,15.111,10.807,12.232
HIGD2B,0,0.084,0.089,0,0,0
DCTN2,148.573,146.895,141.601,179.026,185.659,152.704
NPPA,0.36,0.365,0.258,0.707,0.329,0.327
ZNF408,6.85,11.811,10.325,8.613,10.416,11.087
CTDSP2,123.689,148.762,150.794,146.908,154.525,171.07
CKAP5,49.177,40.505,59.803,42.161,36.878,44.468
ARHGAP1,47.989,44.163,44.622,44.014,38.556,48.419
MED16,29.383,31.466,34.308,26.384,32.01,34.726
ATG13,45.457,44.472,42.62,44.501,52.801,49.561
GAL3ST3,0,0.025,0,0,0,0
C1orf127,0,0,0,0,0,0
CHST1,0.436,0.458,0.243,0.44,0.28,0.453
GOLGA8A,57.638,63.024,70.57,56.015,23.337,61.563
VWA3A,0,0,0.126,0.268,0.033,0.048
TP53I11,34.024,38.179,37.901,47.871,50.673,54.257
CENPS,16.265,17.157,19.8,16.744,17.18,12.387
DOLK,15.463,12.927,15.222,13.253,15.631,12.238
PHYHD1,5.1,6.975,5.727,8.163,7.97,9.637
CATSPER1,0.421,0.324,0.689,0.325,0.729,0.441
CCNE2,10.927,8.42,7.511,13.742,8.799,11.196
PHYKPL,23.475,33.089,30.394,26.04,22.037,37.169
ANKS4B,0.041,0.271,0.147,0.238,0.021,0.129
CST6,3.451,1.246,2.155,5.888,6.446,7.386
GRAMD2A,0.384,0.349,0.027,0.023,0.31,0.203
ZNF519,0.605,0.724,0.884,0.788,0.495,0.817
LSM1,47.778,47.842,47.219,49.852,50.265,39.642
PROP1,0,0,0,0,0,0.056
ISX,0,0,0,0,0,0
BANF1,217.953,194.933,205.219,219.151,254.397,208.886
APOF,0.2,0.207,0.108,0.046,0.09,0.045
CHRNA7,0.104,0.203,0.069,0.171,0.066,0.103
TMEM9B,39.614,39.5,37.424,39.739,39.996,38.064
NRIP3,2.551,3.527,2.458,3.705,2.644,2.593
PTPN2,19.605,17.93,20.132,19.241,19.351,17.802
SCUBE2,3.547,3.638,3.697,3.564,2.741,2.852
EIF1AD,24.606,22.129,24.099,23.511,21.983,20.207
SMAD2,65.974,68.526,62.048,70.003,69.31,72.305
EIF3F,208.301,216.032,227.695,223.698,284.061,246.945
ZNF25,8.21,7.305,7.102,8.885,6.16,8.455
OR10P1,0,0,0,0,0,0
ARL10,9.344,6.404,14.182,8.873,2.955,11.387
CLTB,148.965,136.935,139.432,152.416,184.514,147.269
PCSK1,1.405,1.183,0.762,0.381,0.45,0.758
LPL,0,0,0,0,0,0
RFESD,1.336,2.001,4.018,1.352,1.258,2.434
CCDC14,18.625,23.53,30.057,25.912,15.661,24.249
TBC1D10C,0.436,1.162,1.135,0.477,0,0.907
SART1,37.085,35.864,36.223,32.924,34.295,35.836
PPP2R2D,8.535,8.904,8.468,8.811,8.518,9.145
MCTP1,0.159,0.351,0.27,0.165,0,0.259
POLD4,63.702,49.904,61.047,70.838,73.296,75.702
OR52W1,0,0,0,0,0,0.093
LRRC25,0.317,0.74,0.247,0.328,0,0.399
DPP10,0,0,0,0,0,0
CLCF1,17.075,19.501,23.209,20.999,19.762,26.481
TSGA10IP,0.09,0,0,0,0,0.203
GPR152,0,0,0,0,0.114,0
UBQLNL,0.08,0.224,0.448,0.182,0.143,0.144
UBQLN3,0,0,0,0,0,0
PNLIP,0,0,0,0,0,0
LIPT2,0.941,0.761,0.462,0.759,1.33,0.828
KCNE3,0.24,0.358,0.866,0.469,0.485,0.501
CABP4,0.285,0.183,0.375,0.234,0.228,0.227
ALG10B,3.15,2.065,2.313,3.039,1.706,2.349
DRAP1,558.553,492.488,426.63,511.281,493.754,467.531
LONRF3,0,0.028,0,0,0,0
UCP3,0.322,0.57,1.403,0.915,0.435,0.612
UCP2,2.487,1.077,1.199,1.964,2.596,1.413
C11orf68,83.354,69.122,67.226,78.612,69.845,81.312
PAAF1,11.515,13.369,15.684,14.419,15.501,16.477
MRPL48,16.779,13.727,16.821,14.573,14.834,18.006
RAB6A,95.181,95.063,85.314,101.277,104.455,98.162
P2RY2,0.115,0.118,0.083,0.107,0.211,0.178
FOSL1,267.815,244.702,227.22,214.834,115.844,191.193
ERCC4,4.82,6.228,4.861,4.975,3.823,4.274
SUGCT,2.133,2.412,3.272,3.608,5.672,3.636
CCDC85B,291.416,276.507,236.347,226.529,236.835,234.807
TMEM70,18.934,17.509,17.468,15.171,16.08,13.556
OR4B1,0,0,0,0,0,0
RPS6KB2,26.571,28.373,28.735,30.02,30.228,33.408
RMI2,7.822,7.137,6.397,9.044,8.789,7.33
PRM1,0,0,0,0,0,0
TOM1L2,27.435,28.843,29.412,27.11,23.526,29.084
TEX26,0,0,0,0,0,0
ZNF77,1.47,2.02,2.011,1.151,1.929,1.982
GPR156,0.105,0.133,0.037,0.112,0.299,0.112
CCDC197,0,0.063,0,0,0,0
MTLN,48.624,40.767,40.818,49.719,59.758,55.073
KDF1,0,0.094,0.114,0,0.048,0
B3GNTL1,3.356,4.842,5.022,4.82,5.1,5.341
RBMXL3,0,0,0,0,0,0
MLXIP,22.924,21.584,20.06,18.905,13.545,20.124
NR2F1,22.254,13.291,13.935,16.129,15.232,16.779
AURKAIP1,105.474,94.225,87.74,96.811,118.698,102.105
TTLL11,8.242,9.664,6.76,7.69,7.281,8.617
EIF4E1B,0,0.08,0.042,0.036,0.108,0.072
TOMM5,111.877,95.167,87.494,104.058,104.456,102.66
SLC35E3,2.386,2.534,2.536,1.882,1.418,1.934
PRIMA1,0.201,0.268,0.214,0.327,0.4,0.344
ZNF169,1.703,2.094,2.426,1.636,1.233,1.971
RUVBL1,43.11,36.361,32.829,37.151,37.419,36.993
SFN,14.825,26.275,5.007,0.84,10.541,0.127
MSRA,16.856,15.668,18.367,17.594,12.737,16.953
CBLL2,0,0,0,0,0,0
CCDC168,0.043,0.014,0.012,0.023,0,0.007
CTDNEP1,146.677,150.978,154.979,155.859,163.799,157.576
ETV4,11.832,9.427,8.878,13.115,9.01,10.068
SWI5,37.368,45.032,46.595,45.6,48.455,39.621
GAPT,0.081,0.04,0,0.147,0,0.111
BAIAP2,34.822,44.04,43.999,45.244,38.672,45.649
CALCB,0,0.082,0.087,0.037,0,0.084
CREG2,0.187,0.252,0.339,0.214,0.147,0.155
TMEM270,0,0,0,0,0,0
HOXD8,16.531,17.042,18.393,20.35,18.865,17.348
ZDHHC21,4.118,4.227,4.337,3.981,2.273,3.728
TSPEAR,0.041,0.123,0.044,0.037,0.018,0.149
PLEKHF2,7.702,8.842,8.499,8.109,7.907,8.257
A2M,0.192,0.505,0.241,0.317,0.376,0.348
ARL4D,18.289,26.485,26.634,28.487,37.366,34.479
DOK7,0.037,0.146,0.388,0,0,0.068
LRRN1,0,0.013,0,0,0,0
UBE2O,15.387,12.974,13.515,10.15,8.426,11.707
ORAI3,26.626,33.431,33.57,29.453,33.36,34.039
KLHL38,0.05,0.101,0.055,0.099,0.068,0.114
UNC119B,33.128,33.045,34.554,29.515,29.652,30.042
DENND2C,2.024,1.833,2.14,2.017,1.127,1.671
PLEKHD1,0.149,0.181,0.221,0.15,0.148,0.226
ASCL3,0,0,0,0,0,0
TUBB6,317.508,279.253,263.689,318.127,283.109,299.119
LYSMD3,10.963,12.337,12.471,13.212,10.333,11.539
AMIGO3,1.054,1.38,1.459,1.242,1.239,0.391
B3GALT6,25.264,19.348,18.321,23.563,21.007,20.993
ZNF613,2.514,5.275,4.879,2.815,2.27,2.868
C11orf16,0,0.105,0.055,0,0.094,0
TMPRSS7,0,0,0,0,0,0
NUPR1,118.184,161.285,159.841,137.134,201.228,163.321
JAKMIP2,0.119,0.178,0.126,0.02,0.149,0.162
MBLAC2,3.937,4.456,3.626,4.309,3.777,4.663
TPRN,9.728,10.735,8.707,9.575,9.881,9.844
KCNE5,0.122,0.245,0.195,0.168,0,0.166
ZNF683,0,0,0.154,0,0.109,0
SLC35A4,32.929,33.373,34.521,33.299,35.02,35.822
CRYBG2,0.115,0.274,0.081,0.014,0.041,0
IP6K1,22.765,22.391,24.912,22.424,22.538,23.885
SSNA1,69.969,71.325,65.999,74.819,75.202,69.277
CSTF3,22.995,20.455,21.709,21.76,15.397,19.792
YES1,26.759,23.962,24.509,24.468,21.893,22.172
CHMP6,24.827,25.958,24.707,27.589,33.519,27.239
UFSP1,1.083,0.895,0.523,1.09,1.245,1.342
MC5R,0.28,0.102,0.074,0,0.092,0.065
TMEM39A,27.496,25.227,26.445,33.546,29.162,30.51
TCP11L1,20.475,25.492,20.04,20.016,18.441,21.96
GPX2,0.652,0.22,0.628,0.1,0.196,0.197
CCDC57,15.138,14.071,15.31,10.817,6.906,12.767
HSF5,0,0,0,0,0,0
FOXG1,0.047,0,0.025,0.085,0,0
SPHK1,51.21,31.298,30.616,36.988,30.951,36.292
BNIP3,211.721,168.647,154.722,219.405,193.44,188.568
ENTHD1,0,0,0.033,0,0,0
MYPOP,9.532,10.741,10.334,9.252,8.954,9.852
CIDEA,0.194,0,0.206,0,0,0
OR11H4,0,0,0.119,0,0,0
OR4D11,0,0,0,0,0,0
LRRTM4,1.988,2.163,3.217,0.853,0,1.727
ATAD5,1.174,1.573,1.84,1.896,0.91,2.082
SMIM19,25.371,21.548,23.275,27.281,27.169,23.339
OR11H6,0,0,0,0,0,0
ZNF404,8.729,9.49,11.965,9.609,8.597,9.152
RTTN,4.886,4.816,4.505,7.08,5.648,6.807
OR4K17,0.522,0.671,0.794,0.333,0.223,0.568
OR10H4,0,0,0,0,0,0
OR51B6,0,0,0,0,0,0
ACBD7,0.968,1.009,1.271,0.688,0.627,1.366
OR4L1,0,0,0,0,0,0
ANAPC2,24.307,27.643,27.802,21.786,20.916,27.159
OR4K13,0.056,0.042,0.06,0.076,0,0.013
HMGB4,0,0,0,0,0,0
ZBTB8OS,34.555,37.698,35.576,37.685,36.261,43.041
OR4F21,0,0,0.056,0,0,0
SLC35G1,1.311,0.889,1.419,1.363,1.326,1.316
OR4K5,0,0,0,0,0,0
ZNF135,2.294,2.435,4.512,3.576,2.929,3.242
OR4N2,0,0,0,0,0,0
OR4M1,0,0,0,0.021,0,0
FOXR1,0,0,0,0,0,0
COX8A,306.097,282.51,274.821,303.658,350.852,305.363
TAC4,0,0,0,0,0,0
ZSCAN2,5.173,6.825,6.554,6.152,4.492,7.054
PRR18,0,0,0.028,0.024,0,0
B3GNT4,0.785,0.405,0.453,0.51,0.616,0.905
CDC26,37.73,38.763,38.595,36.957,43.399,39.807
HSD11B2,0.274,0.046,0.437,0.375,0.164,0.29
CRLF3,11.5,8.818,8.768,9.9,9.365,10.21
RNPEP,46.217,51.087,48.793,46.578,52.729,50.366
EID2,19.055,20.255,19.805,18.821,19.458,18.253
DMRTA1,0.014,0,0,0,0.013,0.013
EID2B,3.377,3.035,2.659,2.967,2.353,2.425
GJC3,0,0.257,0,0,0,0
RIMS2,0.433,0.319,0.483,0.273,0.218,0.203
KCMF1,65.503,73.743,63.877,59.769,63.93,60.26
DNAJC30,7.772,8.394,7.784,10.04,10.899,9.158
SPRYD4,1.239,1.596,1.397,1.08,1.077,1.142
VPS37D,6.396,5.759,5.698,5.203,6.501,6.344
CLEC14A,0.653,0.695,1.085,1.117,1.396,1.518
SYNE3,12.564,13.617,12.566,11.795,8.651,16.293
CLK2,23.007,29.881,28.353,25.652,20.5,28.716
LPCAT4,26.717,22.293,21.368,23.015,20.392,22.121
SLCO3A1,6.074,4.229,4.746,4.554,3.563,5.131
ZNF575,4.629,5.823,5.55,5.156,4.33,6.15
WDR25,5.73,6.263,5.708,6.185,7.158,7.831
SGF29,11.874,12.037,9.338,11.813,12.543,13.513
PLAAT3,6.74,8.465,9.964,7.015,6.047,8.376
DIRAS1,21.555,23.598,20.232,24.234,29.048,28.242
OR5AN1,0.082,0.164,0.066,0.066,0.019,0.028
PHLDB3,15.995,17.425,15.443,13.451,18.899,20.482
PRR15,0.267,1.127,1.192,1.078,1.521,1.979
GNG7,1.359,1.751,2.243,2.198,2.901,2.762
OR4C5,0,0,0,0,0,0
USF3,2.426,2.779,3.146,2.919,1.907,3.084
OR4C3,0,0,0,0,0,0
OR4S1,0,0,0,0,0,0
CNTD1,0.612,1.179,1.344,0.467,0.186,0.841
DCAF4L2,0,0,0,0,0,0
OR4X1,0,0,0,0,0,0
CNBD1,0,0,0,0,0,0
KBTBD11,0.503,0.559,0.487,0.852,0.658,0.923
B3GNT5,1.848,1.685,1.325,1.13,0.684,1.077
MAP3K19,0.02,0,0.166,0,0,0.056
LMNB2,64.834,60.443,55.429,75.371,63.246,70.936
RMDN1,42.041,41.349,42.842,41.976,37.584,39.603
MEX3C,29.913,25.427,27.383,27.241,31.341,30.287
HORMAD2,0,0,0,0,0,0
RNF152,8.233,4.202,2.411,9.595,4.584,7.231
MYO1D,109.149,113.753,116.641,92.211,102.785,102.538
FOXL1,3.626,2.157,1.988,2.407,2.016,3.492
TGIF2LY,0,0,0,0,0,0
LRRC37A,3.812,4.473,5.751,3.83,2.637,5.267
FOXC2,14.382,11.813,10.901,11.232,5.675,8.571
OR4F17,0,0,0,0,0,0
BDNF,1.046,1.25,1.013,0.836,1.44,1.383
CCDC121,0.861,1.056,0.92,1.403,0.908,1.457
ACSF3,16.797,18.269,21.963,14.625,16.946,18.969
BOK,38.266,36.18,29.557,38.478,41.279,37.206
ZNF843,0.956,0.513,0.742,0.507,0.469,0.316
RBIS,85.591,83.013,94.91,83.854,104.581,89.838
PFN4,1.632,0.864,1.898,0.179,1.488,1.238
OR51V1,0,0,0,0,0,0
MAGEB6,0,0,0,0,0,0
CDK5R1,0.821,1.004,0.939,0.803,0.554,0.987
TCERG1L,0,0,0,0,0,0.029
NCKAP5,0.224,0.463,0.155,0.803,1.4,0.516
MAGEB18,0,0,0,0,0,0
DEFB104A,0,0,0,0,0,0
RUFY1,45.253,46.577,45.159,45.739,46.595,47.115
OR52E2,0,0,0,0,0,0
BASP1,145.8,159.021,163.28,144.286,185.629,158.892
DEFB103A,0,0,0,0,0,0.496
OR51L1,0.065,0.172,0.092,0.049,0.029,0.02
LRRC37A3,10.965,11.537,12.217,10.001,8.879,10.646
VSIG10,8.86,8.514,8.71,7.728,6.193,7.146
IRX5,6.164,6.453,6.126,6.885,9.465,10.385
METRNL,286.732,260.818,250.734,263.442,271.089,275.18
FAM91A1,23.534,23.526,22.571,21.491,14.849,20.34
WSB2,49.213,46.568,41.724,53.854,43.387,50.756
GRIN1,0.091,0.273,0.048,0,0.061,0.124
SOX11,0.044,0.052,0,0.04,0,0.008
TYMS,69.66,69.6,68.729,91.667,86.541,90.416
OR51G2,0,0,0,0,0,0
PXMP2,14.461,15.537,14.925,18.167,21.258,19.569
OR51A7,0,0,0,0,0,0
TCEANC,1.406,1.877,1.666,2.63,1.521,3.36
OR51T1,0,0,0,0,0,0
PNMA1,70.528,60.214,58.308,59.15,61.054,57.915
TCIM,0.285,0.143,0.101,0.478,0.257,0.259
MAMSTR,2.599,2.552,3.392,3.465,2.517,4.952
ANKLE2,47.19,44.833,46.442,45.784,33.732,46.64
C8G,0.808,0.934,1.349,0.427,0.73,1.153
FUT2,0.513,0.295,1.321,0.303,0.678,0.931
OR51S1,0,0,0,0,0,0
OR51F2,0,0,0,0,0,0
EFCAB5,0.218,0.689,0.136,0,0.079,2.851
GCNT4,0.325,0.398,0.524,0.319,0.731,0.731
MUC20,7.222,7.653,6.902,5.426,4,2.972
THAP4,43.929,40.723,42.416,39.482,46.142,43.549
NFATC2IP,16.301,17.539,18.648,15.869,14.081,16.954
LY6H,0,0,0,0,0,0
FIBIN,16.427,24.969,27.078,37.137,44.724,40.818
FAM89B,78.528,76.813,62.802,70.829,68.47,76.336
SHMT1,7.82,12.406,11.086,13.691,9.414,11.995
DPP7,103.07,109.742,104.411,111.669,115.267,123.151
TRIM60,0,0,0.056,0,0,0
SEC24C,47.353,44.243,47.381,40.195,34.207,41.992
FMR1NB,0,0.097,0,0,0,0
SMCR8,8.227,9.57,9.961,7.579,6.199,7.349
MTHFR,10.962,14.568,18.194,9.719,11.255,13.084
DEFB104B,0,0,0,0,0,0
C19orf18,0.11,0.666,1.283,1.116,0.496,0.598
DEAF1,28.636,29.191,30.411,29.128,29.536,31.265
MTX3,7.048,7.881,8.098,7.611,4.788,7.402
TMEM80,26.125,30.085,32.955,24.911,24.504,30.219
SIX5,15.508,19.441,17.308,19.236,23.914,24.48
IFNW1,0,0.157,0.083,0.072,0,0
FBXO46,4.215,5.83,6.385,8.049,5.559,9.231
ZDHHC13,6.471,7.514,7.455,7.589,5.973,6.853
SLC38A9,7.985,8.012,10.356,6.78,8.107,7.887
ACER2,0.449,0.479,0.606,0.464,0.566,0.408
WDR73,7.099,8.955,9.403,7.254,5.964,7.849
POLE,9.802,11.238,11.269,11.815,6.86,11.084
PHETA2,21.893,22.551,23.888,28.586,33.59,34.849
SCN4B,0.018,0.072,0,0,0.016,0.016
DSCAML1,0,0,0,0,0,0
RHOG,61.624,60.642,61.735,61.849,55.199,62.051
EPS8L2,41.288,48.132,43.492,56.557,42.472,53.01
ZDHHC22,0,0.024,0,0,0,0
ANO6,58.132,59.232,54.634,53.731,44.426,52.344
ZBTB34,2.713,3.514,3.582,3.956,3.342,4.249
FAM9B,0.147,0.142,0.383,0.355,0.157,0.232
CETN1,0,0,0,0,0,0
NUDT4B,5.865,6.222,6.765,6.701,4.731,6.295
FAM210A,15.247,15.132,10.423,14.29,13.542,13.621
OR2T35,0,0,0,0,0,0
TALDO1,131.754,134.518,127.152,135.132,142.521,130.253
ULK1,27.14,32.433,33.531,26.2,22.523,30.067
OR14C36,0,0,0,0,0,0
RIMKLA,0.237,0.479,0.252,0.067,0,0.054
CLVS1,0.483,0.068,0.677,0.252,0,0.219
OR2M7,0,0,0,0,0,0
RPS6KA3,25.125,26.054,25.545,24.843,17.219,23.632
B3GNT8,3.79,3.798,4.67,3.337,4.953,4.866
PUS1,23.059,19.776,23.429,20.291,17.541,27.365
CHD9,11.196,13.61,13.878,12.142,7.041,13.046
OR2T12,0.188,0.156,0.161,0.123,0.081,0.187
SPACA4,0.101,0,0,0,0,0
OR2T33,0.122,0.26,0.058,0.156,0,0.115
GATD1,34.73,35.818,37.475,32.314,32.539,39.165
TRIM72,1.017,1.644,1.562,0.982,0.509,0.718
MAN1B1,42.637,47.895,49.833,43.406,49.796,44.599
DEFB103B,0,0,0,0,0,0
DEFB4B,0.262,0,0,0,0,0
KCNA3,0.034,0,0.072,0.031,0.153,0.031
OR2AJ1,0,0,0,0,0,0
FZD8,3.914,2.454,1.594,2.708,1.33,1.722
GJD4,0.271,0.268,0.23,0.546,0.096,0.146
FBXO39,0.157,0.209,0.499,0.239,0.094,0.568
CLDN22,0,0,0,0,0,0
KCNA2,0.008,0,0,0.024,0.022,0.016
TOP3A,12.099,10.738,10.364,11.725,8.766,12.575
CASKIN2,7.144,9.891,7.491,9.722,6.118,8.767
ZBTB38,50.485,54.3,47.643,47.607,35.721,44.773
BEND2,0,0.048,0.037,0.042,0,0.041
CCDC71,15.861,19.413,21.426,19.75,22.743,22.433
C10orf71,0.03,0.015,0.065,0,0.014,0
LRRN4CL,24.535,41.565,44.923,40.496,51.981,52.42
TIMM22,13.456,12.289,12.513,13.798,12.765,11.477
HIC1,16.236,16.379,18.287,20.346,24.008,26.311
PPFIA3,1.033,1.708,1.286,1.915,1.415,1.781
MAGEF1,24.048,25.412,24.098,21.997,25.056,23.795
UMODL1,0,0,0,0.03,0,0
SAMD9L,12.15,14.476,14.772,15.465,12.254,16.122
UBE2U,0,0,0,0,0,0
PAWR,15.407,17.244,17.985,15.884,18.748,19.719
TGIF1,72.354,65.742,90.428,61.645,72.796,71.684
MIEF2,9.863,11.157,9.489,11.534,9.69,10.782
NAP1L5,4.234,3.069,3.786,3.21,3.651,3.557
NIM1K,1.675,2.076,2.161,2.007,2.367,2.463
CD19,0.18,0.09,0.096,0.041,0.081,0
ERICH5,0.238,0.419,1.28,0.376,1.181,0.324
OR2T8,0,0,0,0,0.063,0
NR2C2,28.255,32.645,36.702,28.474,21.343,23.679
GPR4,0.243,0.324,0.144,0.123,0.073,0.247
ACOT4,1.166,0.678,0.653,0.731,1.438,0.78
OLIG3,0,0,0,0,0,0
CAVIN1,718.276,688.767,673.453,789.676,783.626,814.655
OR2G3,0,0,0,0,0,0
ARIH2,42.606,41.261,41.285,39.508,36.691,38.823
RBM44,0.304,0.19,0.202,0.316,0.149,0.19
ZBTB33,7.278,6.405,6.591,6.786,6.489,6.884
OR2G2,0,0,0,0,0,0
ZBED2,0.23,0.461,0.122,0,0.173,0.035
VCX2,0,0,0,0,0,0
IRX3,5.261,6.457,7.206,6.551,8.614,7.964
ST8SIA3,0,0,0,0,0,0
RPRM,0,0,0,0,0,0
OR2B11,0.089,0.232,0.222,0.203,0.144,0.24
SLC25A22,29.507,23.173,23.155,26.012,19.711,31.456
RABEP2,23.695,20.604,21.154,19.161,23.015,22.624
NHLH2,0,0,0,0,0,0
ATOX1,109.71,120.471,110.324,115.105,130.352,117.336
FAM187B,0,0,0,0,0,0
TBL1XR1,18.938,23.026,34.636,20.45,24.051,40.132
SAMD12,0.295,0.401,0.59,0.748,1.714,2.589
CD163,0.136,0.184,0.048,0.186,0.061,0.108
C18orf32,16.635,7.844,7.756,8.132,12.732,11.095
PIDD1,9.282,11.512,11.623,11.121,8.025,15.558
ZNF491,1.2,1.94,0.906,1.621,0.826,1.515
RPLP2,2920.937,2951.895,2926.076,3247.271,3745.744,3109.407
HASPIN,2.226,2.202,2.47,3.218,1.843,3.319
JUN,157.219,166.475,164.254,132.301,122.343,133.25
CSTF2T,12.133,12.255,12.473,11.682,11.87,11.562
PGBD5,0.113,0.171,0.181,0.036,0.032,0.051
C12orf54,0,0,0,0,0.101,0
GBA,38.764,42.277,46.554,39.944,39.503,42.881
ACAD9,22.064,25.26,21.258,21.611,20.447,24.035
IL17RA,9.054,8.849,8.87,7.491,6.963,8.419
PNPLA2,88.23,92.651,86.764,63.455,74.408,81.493
MBOAT4,0.215,0,0.057,0,0,0
TEX44,0,0,0,0,0,0
AGTRAP,35.962,42.294,45.83,36.435,42.781,41.592
CD163L1,0.123,1.155,0.406,0.239,0.393,0.212
SRRM3,1.689,2.16,2.052,1.886,2.836,2.39
THAP5,9.57,10.664,11.841,12.422,12.373,10.683
DEFB114,0,0,0,0,0.56,0
CRACR2B,1.098,0.638,0.743,1.125,1.147,1.326
SUMO4,0,0,0.407,0,0,0.174
MAGEB10,0.271,0.356,0.706,0.165,0.04,0.21
DNAJC28,1.476,0.963,2.173,1.016,1.126,0.873
OR4F4,0,0,0,0,0,0
NAALADL2,14.613,12.015,12.619,10.605,12.349,13.22
CD151,446.381,430.803,412.886,506.491,516.762,491.647
POLR2L,243.035,212.531,206.461,218.423,249.474,240.195
FAM20C,190.087,147.825,138.353,180.357,131.308,174.958
NECTIN3,46.174,40.833,38.637,55.284,43.056,45.549
SLC35G5,0,0.204,0,0.078,0.061,0.184
ANXA2R,1.78,1.692,2.336,3.092,2.741,2.757
TMEM94,18.165,19.177,22.683,16.837,14.196,16.469
FLII,99.503,92.022,88.343,98.338,83.502,97.304
SOX12,22.934,21.903,23.148,25.325,27.568,26.935
HNRNPA0,28.081,27.639,28.837,25.797,29.739,30.791
YIPF7,0,0,0,0,0,0
MYOZ1,0,0,0,0.065,0.128,0
KCNJ10,0.03,0.034,0.044,0.059,0.028,0.1
CHID1,84.181,83.099,81.092,91.906,108.663,91.253
PCDHB9,0.956,1.167,1.202,1.081,0.623,1.043
ZNF620,1.276,0.786,1.281,0.6,0.479,0.202
ZNF518A,2.872,4.221,4.493,3.215,2.583,3.167
TMEM187,6.551,10.05,7.301,5.828,9.033,12.831
SVBP,22.373,24.085,25.356,26.55,33.106,28.494
ZNF619,1.848,1.971,2.38,2.171,2.243,2.538
CCDC184,1.075,1.669,1.498,0.71,0.834,0.605
AP3S1,157.762,146.214,147.289,165.398,174.974,162.337
GRB2,54.8,51.496,52.013,48.444,48.836,49.679
ZBTB41,4.458,5.148,5.407,5.103,3.631,4.973
UBE2N,84.375,66.87,59.534,79.302,53.897,65.009
ARL6IP6,13.554,11.997,11.149,13.114,9.587,12.998
ZNF354C,4.83,6.043,5.341,4.634,3.166,5.127
CAPZA3,0,0,0,0,0,0
MAMDC4,3.203,5.163,5.206,5.605,3.147,7.067
ODF3,0.072,0.217,0,0,0,0.196
BET1L,68.739,77.776,78.753,66.546,63.273,76.7
RPS27,5566.136,5553.189,5783.09,6130.328,7370.966,5647.146
RIC8A,83.71,77.662,77.763,85.186,84.654,87.125
IMP3,71.422,60.042,47.444,63.686,54.454,52.838
ASB8,28.179,35.245,34.602,26.461,28.634,29.933
LCN15,0,0,0,0,0,0
ODF3B,1.281,3.845,2.738,5.289,4.841,3.985
DPY19L2,9.034,8.786,8.074,8.395,5.654,6.908
SPATA31E1,0,0.018,0,0.017,0,0
C2orf73,0.066,0,0.925,0.182,0.252,0.079
GPR150,0.25,0,0.089,0.076,0.037,0.076
TSPYL6,0,0.054,0,0,0,0.049
LRRC75B,9.802,11.53,11.704,13.088,12.306,14.649
DMAP1,25.099,29.434,29.775,22.2,23.435,25.944
ADAMTSL1,35.416,47.05,46.259,41.235,36.962,41.83
CALHM5,2.463,3.095,2.75,2.883,2.913,3.026
IMPDH2,239.491,243.746,257.707,248.766,317.212,267.926
ALS2CL,2.53,2.774,2.219,2.133,1.418,2.903
MLF1,3.881,5.549,4.077,5.377,6.705,3.798
NDUFAF3,44.024,45.799,43.364,51.408,59.579,55.747
C2orf69,11.371,10.017,10.811,11.633,8.267,10.158
GRAMD1C,2.22,1.385,1.135,1.358,1.039,1.299
STAP2,3.954,5.059,3.976,2.802,5.262,4.695
HTR3C,0,0,0,0,0,0
TSSK6,1.445,2.006,1.61,1.642,1.737,1.062
BOLA1,10.833,17.221,14.886,11.197,19.011,14.11
PDE4DIP,46.753,54.22,58.01,46.119,47.039,48.478
DDX10,12.18,11.227,11.08,10.554,12.975,11.376
GOLGA8Q,0.449,0,0.956,0.574,0,0.811
PPP1R42,0,0,0.376,0.081,0,0.08
NDUFV2,121.388,116.696,102.422,120.113,103.333,99.825
DALRD3,30.905,36.24,34.234,38.628,42.983,42.893
ZNF114,0.439,1.922,1.482,1.307,0.667,0.595
ZNF518B,5.842,5.741,8.464,6.167,5.931,6.774
AMER3,0.09,0.068,0.069,0.024,0.013,0.059
SPINK6,0.556,1.333,0,0,1.209,0
ZNF366,0.051,0.127,0.122,0.253,0,0.012
LCORL,2.959,4.288,4.103,4.363,3.165,4.25
PARD6G,1.274,1.808,1.816,1.697,2.061,1.915
ZNF454,0.463,1.003,0.945,0.551,0.583,0.554
SH2B1,35.831,41.916,48.486,32.905,33.58,47.18
ZC3H12D,0.245,0.258,0.25,0.198,0.154,0.363
VN1R1,0.468,0.443,0.742,0.779,0.199,0.294
POGLUT3,27.464,26.866,23.786,33.889,31.072,32.063
PLEC,300.791,310.947,301.298,192.865,120.875,234.571
SH2D4B,0.02,0.057,0,0.026,0,0
RNF212,0.577,0.756,0.539,0.751,1.176,0.492
PRSS36,0.183,0.064,0.345,0.434,0.44,0.194
ZNF543,1.305,1.472,1.441,1.398,1.632,1.748
TMEM151B,0.249,0.868,1.235,0.458,0.299,0.226
GALNT11,35.577,35.168,35.927,33.265,32.981,33.35
SLITRK1,0,0,0,0,0,0
WDR6,71.289,86.106,90.896,66.492,55.011,69.627
PRM3,0.678,0,0,0,0,0
TNP2,0,0,0,0,0,0
SPAG11A,0,0,0,0,0,0
GEN1,4.797,3.448,5.492,7.535,2.237,6.916
TMPRSS9,0.615,0.664,0.756,0.498,0.171,0.819
AQP11,0.947,1.091,1.007,0.735,0.895,1.117
TMEM11,35.781,34.461,33.301,34.452,39.025,35.877
ZNF354B,7.848,6.736,7.313,5.355,4.297,7.583
KCNG2,0.388,0.13,0.55,0.356,0.35,0.47
SHISA3,0,0,0.077,0,0,0
OR2D3,0.099,0,0,0,0,0
CALML3,0.096,0.144,0,0,0.087,0
CALML5,0.35,1.298,0.372,0,0.316,0.106
ZFAND2A,23.976,31.856,27.907,20.888,24.869,19.26
PLEKHM3,4.844,4.077,4.504,4.327,2.602,4.142
ZNF223,2.953,2.223,2.572,3.72,2.545,4.167
HTR1A,0,0,0,0,0,0
CCDC185,0,0,0,0.076,0.038,0
FAM220A,13.943,15.459,12.974,14.41,14.799,14.155
DNAJC22,0.385,0.342,0.2,0.278,0.187,0.382
NEUROG2,0,0,0,0.101,0,0
CEP295NL,0.504,1.185,0.348,0.545,0.247,1.097
BEND3,1.364,1.226,1.386,1.552,1.127,1.115
NT5DC1,14.357,13.252,10.989,14.637,7.699,10.45
TIMM23B-AGAP6,3.072,2.524,1.832,1.362,1.358,2.466
GLDC,1.665,1.137,0.765,1.669,1.714,0.996
COX14,55.98,54.004,51.353,46.92,66.127,57.031
MCMDC2,2.16,2.16,2.525,2.207,2.178,2.008
TUBAL3,0,0,0,0,0,0
P4HTM,28.445,36.383,35.026,28.256,30.299,35.891
UCN3,0.149,0,0,0,0,0.068
DTX3,6.703,8.169,8.714,11.032,7.984,11.377
KLHL11,2.671,2.456,2.255,2.538,2.005,2.845
AMBN,0,0,0,0,0,0
CTXN1,18.701,19.191,15.092,17.657,18.013,18.342
SLC25A20,20.111,21.347,18.523,15.984,18.418,16.317
CA8,0,0,0,0,0.012,0
CD28,0.053,0.124,0.076,0.082,0,0.097
EPM2AIP1,5.59,6.634,7.402,5.959,4.206,8.585
ERBB4,0,0,0,0,0,0.035
MAF,5.894,5.825,9.742,6.213,9.077,8.346
CTNNBIP1,29.37,26.838,22.948,22.085,23.736,21.384
OR6B3,0,0,0,0,0,0
DEFB125,0,0,0,0,0,0
PSAPL1,0,0,0,0.016,0,0
OTOS,0,0,0,0,0,0
GTPBP6,34.754,37.006,34.031,34.82,37.583,37.753
ERN1,4.616,4.542,5.141,3.518,2.403,3.471
GPR35,0.749,0.705,1.098,0.894,0.642,0.922
C10orf53,0.43,0.668,0.659,0.5,0.262,0.34
CSRNP3,0.02,0.007,0.014,0.018,0.012,0.006
ZNF713,0.923,1.256,2.05,1.342,1.133,1.965
PARP10,21.532,27.494,25.236,23,24.005,32.784
DYNAP,2.012,1.352,1.579,2.191,0.804,1.416
SUZ12,15.964,16.326,18.233,18.686,15.887,18.746
NSUN3,2.253,2.441,2.81,2.441,1.849,2.449
KCTD12,33.958,23.991,21.92,25.006,15.327,20.867
DHFR2,5.229,7.39,6.508,6,4.604,5.927
RPP25,1.504,1.72,1.029,2.026,1.612,1.495
GRINA,174.157,178.261,160.423,158.648,158.841,175.895
THBD,4.666,2.86,2.557,4.537,1.171,3.034
GP5,0.092,0.069,0.025,0.063,0,0.105
COX5A,155.526,134.3,144.661,134.218,148.194,119.32
STX19,0.658,0.331,0.087,0,0.371,0.149
ERFE,2.49,2.396,1.257,3.068,2.925,2.751
FAM219B,36.972,33.381,34.284,32.285,33.018,41.111
ZHX2,2.956,3.616,5.584,3.596,7.07,6.369
CPN2,1.063,1.412,1.008,1.083,0.269,1.361
CPNE7,15.613,20.99,20.217,23.49,12.916,20.19
C5orf46,0,0,0,0.2,0,0
CD300LB,0,0,0,0,0,0
GDPD4,0,0,0.036,0,0,0
RIIAD1,0.169,0,0,0,0,0
MPI,30.685,26.203,24.422,36.652,29.342,33.614
H1-8,0,0,0,0,0,0
TRIM73,8.984,10.291,12.193,8.923,6.154,11.156
OPLAH,7.569,7.499,8.119,7.583,7.66,9.991
TMEM52,1.96,1.456,1.476,1.444,4.418,1.811
TMEM139,0.183,0.076,0.081,0.124,0.163,0.138
RNF186,0,0,0,0,0,0
EFCAB13,7.532,6.22,7.602,3.472,2.064,4.814
MSC,11.493,13.324,13.07,10.419,16.496,14.468
APOLD1,1.03,1.27,1.515,1.037,1.375,1.496
RFLNA,2.141,3.53,2.297,3.384,5.427,4.989
EXOSC4,27.632,24.77,18.419,22.36,24.837,21.195
DPY19L3,12.493,12.76,9.971,10.784,6.179,9.19
TAF7,67.356,66.944,68.724,62.299,68.931,61.329
ZNF852,3.779,4.204,2.837,2.723,0.796,2.608
FOXE1,0.117,0.094,0,0.085,0.042,0.021
PFAS,12.389,11.213,12.145,10.679,5.425,11.922
HYI,18.555,15.099,17.773,18.456,20.493,18.054
CYBC1,71.05,75.621,83.325,70.776,73.709,70.918
TPRX1,0,0,0.191,0,0,0
LGALS7B,2.1,6.917,0.932,0,0.617,0
ZNF552,1.429,3.25,3.048,2.151,1.36,1.801
SMIM10L2A,0.137,0.259,0.26,0.139,0.233,0.277
GAK,32.358,32.506,29.378,26.091,22.598,31.958
ZBTB7A,55.232,49.489,49.421,50.094,41.281,51.35
TUFM,101.117,96.506,94.45,93.29,105.505,100.877
ERICH3,0,0,0,0,0,0.03
RMI1,5.842,7.004,6.695,9.234,9.172,9.16
CTC1,7.762,6.788,8.553,5.196,4.898,5.488
FBXO34,12.04,10.979,11.513,12.176,11.71,10.4
SELENOW,96.999,102.575,105.718,118.401,107.537,112.837
EIF3K,193.497,204.488,206.211,217.106,263.593,207.74
MRFAP1L1,53.853,53.93,57.338,51.823,55.568,53.327
SNX18,17.403,21.893,20.933,18.228,23.187,21.19
EXD1,0.056,0,0.06,0.051,0,0
AURKB,26.032,26.999,31.898,28.08,23.378,25.976
TAS1R2,0,0,0,0,0,0
C14orf39,0,0,0,0,0,0
MRFAP1,360.689,341.244,329.825,305.142,369.979,322.589
C3orf38,15.218,13.992,14.148,15.784,16.379,13.616
KLHDC7A,0,0,0,0,0,0
TMEM107,8.321,10.421,9.611,9.062,11.696,14.115
RRS1,25.425,15.534,17.127,17.755,15.926,18.546
EXOC3L1,0.567,0.794,0.442,0.845,0.509,0.637
TRIML2,0.234,0.6,0.329,0.199,0.117,0.12
RCC2,23.208,20.67,22.1,29.918,24.545,31.952
OR13D1,0,0,0,0.194,0,0
IGSF22,0.038,0.038,0.04,0,0.017,0.068
C9orf50,0.132,0.274,0.174,0.55,0.148,0.361
ZFP42,0.259,0.198,0.184,0.212,0.098,0.067
CCDC89,1.258,1.762,1.644,1.082,1.941,2.152
FAM133A,0,0,0,0.047,0,0
DPM3,85.096,93.7,80.461,79.913,125.769,87.009
C12orf42,0,0,0,0,0,0
CYC1,80.541,79.48,78.522,85.214,87.104,84.623
PER1,12.568,21.058,22.209,12.63,9.342,16.564
HTR1F,0,0,0,0,0,0
TMTC2,2.837,2.953,3.014,2.654,2.712,2.24
HES7,1.224,0.156,0.529,0.535,0.317,0.578
FARSA,43.862,37.26,36.38,37.475,34.889,36.575
SPTY2D1,8.612,9.087,10.439,9.563,7.529,8.217
C10orf67,0.423,0.395,0.252,0.135,0.153,0.217
SAMD4B,88.524,92.773,91.076,79.454,75.158,88.509
CYP11B2,0,0,0,0,0,0
GIMAP7,0,0,0,0,0,0
ALOXE3,0.307,0.189,0.3,0.025,0.073,0.186
EDC3,17.871,19.606,20.526,18.748,17.495,19.367
TCAIM,12.726,14.004,15.652,13.319,11.163,12.001
FUCA1,8.051,9.157,8.03,8.463,10.535,9.21
PXT1,0,0.083,0,0,0.037,0
GGN,2.647,3.083,3.218,2.859,4.005,4.6
HNRNPCL1,0,0,0,0.077,0.151,0.076
TMEM125,0.097,0.097,0,0,0,0
ZNF664,47.76,52.338,51.648,48.159,46.728,49.542
SIGLECL1,0,0,0,0,0,0
CALR,690.29,665.359,659.668,808.249,750.745,746.114
MAGED1,112.447,118.335,116.244,118.411,115.068,125.806
GVQW3,0.607,1.074,0.891,1.131,0.487,1.058
LDLRAD3,8.372,5.932,5.47,7.914,4.318,6.682
CDH4,0.723,1.087,1.124,1.141,0.855,1.006
SMCO3,0,0.041,0.043,0,0,0
RAD23A,85.555,76.158,68.747,76.717,76.834,83.128
PCARE,0,0,0,0,0,0.029
GADD45GIP1,50.537,42.496,41.816,43.741,50.625,48.114
DAND5,0.118,0.552,0.328,0.116,0,0.291
TMEM151A,0.33,0.165,0.351,0.06,0.238,0.15
PTPN11,72.946,66.986,64.991,73.74,59.7,75.133
NSUN7,0,0,0,0,0.041,0.021
RTL3,0.094,0.378,0.368,0.459,0.368,0.743
FAM156B,23.17,17.017,16.755,12.098,16.995,10.85
WSCD1,0.508,0.51,0.36,0.806,1.055,0.461
RAB39A,0,0.184,0.098,0,0,0.042
CLK3,46.853,46.857,44.24,46.862,36.841,51.158
HLA-DQB1,0,0,0,0,0,0
GATA2,9.668,11.802,11.206,12.776,11.568,16.819
ARID3B,2.466,2.342,2.842,2.185,1.391,1.94
TMEM31,0,0,0.158,0,0,0.135
PACS2,37.096,37.282,37.466,34.474,33.472,38.166
ELMOD2,15.99,17.13,14.72,12.844,10.52,12.647
EGR3,4,17.907,17.188,13.92,11.918,19
CATSPERE,1.249,1.063,0.752,0.651,0.257,0.715
GPC5,0.309,0.028,0.03,0.095,0,0
VWA1,12.448,13.887,13.595,13.04,15.08,15.642
DNAJB8,0.034,0.034,0,0,0,0
GEMIN4,18.224,19.505,19.646,16.763,16.003,19.519
HNRNPCL4,0,0,0,0,0,0
FJX1,66.213,44.21,37.067,55.515,41.846,46.821
KLHL28,6.41,7.069,7.101,5.179,7.453,8.918
MKRN3,0.984,0.188,0.161,0.328,0.151,0.464
ZBTB18,5.752,5.714,6.86,6.764,6.252,7.68
OR9A2,0,0,0,0,0,0
C14orf28,5.572,4.451,4.628,4.727,4.791,7.985
ALOX12B,0.5,0.384,0.106,0,0.55,0
SLC17A8,0,0,0.022,0,0,0
SHARPIN,41.264,46.353,44.72,42.21,47.513,47.275
LBX2,0.903,2.135,2.379,1.394,2.31,2.362
DNHD1,2.081,2.528,2.097,1.34,1.812,1.515
SLITRK4,0.073,0.037,0.01,0.033,0.066,0
HTR1D,0.084,0.025,0.084,0.07,0,0.024
GCC1,12.723,14.095,15.54,12.661,13.84,13.711
LSMEM2,0,0.069,0.079,0.255,0,0
RNF151,0,0,0.143,0.125,0,0.367
CIITA,0.413,0.601,0.829,0.414,0.154,0.693
ZFPM1,4.272,3.617,3.286,3.555,3.624,6.013
ALOX15B,0.356,0.438,0.141,0,0.087,0
PLD6,1.608,1.397,1.818,1.073,0.917,1.744
GPHB5,0,0,0,0,0,0
GRM8,0.454,0.022,0,0,0.02,0
CDC42EP4,26.506,27.789,28.978,29.996,30.375,29.766
OR2AP1,0.115,0.058,0.188,0.053,0,0
OR6C4,0.241,0.304,0.446,0.367,0.231,0.306
ZBTB42,2.362,2.771,2.803,2.785,2.984,3.724
LACC1,16.473,15.597,14.938,14.434,14.021,11.807
MAF1,112.997,106.794,107.22,107.512,126.629,107.42
TPPP2,0.275,0,0,0,0,0
FCER1A,0,0,0,0,0,0
RPRML,0,0,0,0,0,0
ARL14,0,0,0,0,0,0
OR6C2,0,0,0,0,0,0
WDR97,0.24,0.377,0.451,0.208,0.206,0.281
NLRP8,0,0,0.022,0.019,0.056,0
PCED1B,0.326,1.231,0.389,0.581,1.454,0.718
APOBEC3B,6.694,7.109,10.367,12.532,12.335,12.747
SYCN,0,0,0,0,0,0
PIPOX,0.236,0.081,0.485,0.283,0.177,0.181
FOXS1,0,0,0,0,0,0
ATOH7,0,0,0,0,0,0
CDH5,0.053,0,0.056,0,0,0.129
LRRC3B,0,0,0,0,0,0
FAM216B,0.05,0.145,0.213,0.027,0.023,0.15
MRGPRX4,0,0,0,0,0,0
MYADM,139.911,121.784,115.14,137.882,107.102,143.164
MRGPRX3,0,0,0.059,0,0,0.247
MROH1,14.811,15.235,15.108,11.95,9.844,13.752
SERTAD2,45.652,47.14,46.529,36.917,27.567,35.99
AKAP5,0.128,0.171,0.094,0.147,0.112,0.203
NKPD1,0.133,0.049,0.122,0.074,0.029,0.104
GIPC3,0.055,0.201,0.253,0.345,0.18,0.265
RNF227,1.226,1.776,1.836,2.509,1.77,2.963
CITED4,7.289,3.946,2.608,4.501,3.349,4.517
ABCA13,0.055,0.098,0.096,0.132,0.032,0.057
NLRP11,0,0,0,0,0,0
TIGD5,4.636,4.354,4.245,4.406,5.197,5.761
PDXDC1,70.413,67.35,66.806,60.977,53.35,61.354
C1orf194,0,0,0.253,0,0,0
ZNF154,1.379,1.797,1.933,1.513,1.061,1.731
R3HDM2,29.672,33.937,38.267,38.468,26.075,36.004
B3GNT3,0.093,0.093,0.23,0.197,0.089,0.056
ITLN1,0,0,0,0,0,0
NRXN1,0.008,0,0,0,0.008,0.066
SEPHS2,38.832,44.019,39.386,34.197,43.122,36.785
OR10A7,0,0,0,0,0,0
GPBAR1,0.131,0.194,0.14,0.274,0.059,0.126
ZNF784,4.499,5.74,6.226,4.432,5.919,4.162
ZNF648,0,0,0,0.02,0,0
C14orf119,60.934,54.666,56.682,55.95,51.545,46.644
CCR8,0,0,0,0,0,0
GOLGA8J,0,0,0,0,0,0
BBS10,7.699,8.035,8.023,9.109,7.914,9.121
FIZ1,7.346,7.874,7.203,8.109,6.076,9.29
PUF60,87.622,86.303,79.262,79.526,81.646,78.032
SSC5D,49.367,59.364,56.863,41.425,34.488,51.265
DCTPP1,32.177,28.013,29.462,34.963,36.943,28.156
ZNF771,13.116,11.719,12.746,10.669,9.605,11.659
TSHZ1,13.148,17.709,18.465,16.796,19.045,19.726
PSTK,2.093,3.593,3.391,1.863,4.336,3.898
SOCS4,6.395,6.926,6.882,6.758,4.873,6.96
ZADH2,20.798,30.873,29.696,27.564,25.517,26.646
OR1E1,0,0.141,0.075,0,0,0
ZNF48,4.271,4.3,4.043,4.507,4.866,4.914
OR1R1P,0,0,0,0,0,0
FAM71E2,0.103,0.103,0,0.023,0.185,0.023
C3orf80,0.119,0.03,0.032,0.054,0.107,0.108
NKX2-6,1.032,0.394,0.366,0.989,0.93,1.115
TMEM150B,0,0,0,0.092,0.09,0
ANKRD18A,0,0.028,0,0.089,0.092,0
WFDC11,0.359,0.734,1.017,0.537,0,0
TMEM86B,2.754,3.445,3.166,4.58,3.759,5.475
OR3A1,0,0.103,0.109,0.094,0.048,0
SEPTIN1,6.572,8.384,7.405,7.189,8.581,8.14
TRNAU1AP,14.619,20.236,19.155,16.374,15.739,15.993
EXOC3,30.617,35.88,39.562,29.274,34.304,37.933
TDRD6,0.208,0.131,0.168,0.584,0.055,0.159
C12orf40,0,0,0,0,0,0
CSNK1A1L,0,0,0.037,0,0,0
LYNX1,5.461,7.984,6.501,7.473,11.715,10.407
TH,0.116,0.233,0.525,0,0,0.053
MED14,14.574,12.266,13.773,12.354,8.695,11.964
FAHD1,55.093,47.098,47.742,53.384,49.922,52.713
TDRP,4.476,4.497,5.177,4.231,2.587,4.79
RCC1,84.569,88.683,97.967,77.059,73.501,78.943
WFDC9,0,0,0,0,0,0.152
MYLPF,0.174,0,0.185,0.648,0,0
F2,0,0,0,0.039,0,0
FAM71C,0,0.047,0,0,0,0
PRKRA,35.068,31.71,31.437,32.662,32.926,32.272
ZNRF2,9.81,9.105,7.512,8.32,7.403,8.101
RRH,0.015,0.159,0.062,0.044,0,0.174
SLC9A4,0.163,0.145,0.302,0.091,0.053,0.145
ZNF816,3.549,3.221,3.693,2.8,3.41,4.905
FGD6,1.337,1.917,1.142,1.686,1.602,1.589
ADGRD2,0,0,0,0,0,0
GPR139,0.017,0,0.053,0.075,0,0.06
PLD5,0.097,0.089,0.075,0.112,0.249,0.105
OAZ2,76.32,82.639,83.102,77.081,79.611,81.692
WFDC10A,0,0,0.574,0,0,0
PNPLA1,0.036,0.435,0.077,0,0.035,0
ALX1,0,0.069,0,0,0,0.062
CCDC43,16.377,15.775,16.429,14.455,16.801,15.34
KCTD4,2.65,2.131,1.41,2.933,2.35,2.77
MEIOC,0.474,0.359,0.708,0.634,0.271,0.393
FZD2,7.398,9.479,10.396,9.984,12.128,11.309
TIGD2,2.585,2.219,2.991,1.973,2.586,2.691
ITPRID1,0.088,0.063,0.024,0.01,0.016,0.064
HCLS1,1.825,1.469,2.426,3.231,1.593,2.506
MTURN,18.774,18.967,18.117,18.538,15.332,16.619
ZNF609,12.232,12.848,13.095,12.572,10.311,12.687
PAK2,47.006,44.055,43.755,40.927,35.388,42.293
CCDC66,4.548,5.777,5.604,5.238,4.265,4.762
DEFB124,0,0,0,0,0,0
KRTAP9-7,0,0,0,0,0,0
MCFD2,120.17,119.899,115.456,131.118,115.078,127.418
HARBI1,2.182,2.175,6.285,2.386,3.343,2.379
DEFB123,0,0,0,0,0,0
C11orf71,0.378,0.767,0.777,0.571,0.405,0.607
CYP8B1,0.088,0.05,0.138,0.042,0.238,0.089
OR6K6,0,0,0,0,0,0
SERTM1,0,0.027,0,0,0,0
GAS1,75.25,89.988,92.377,108.094,117.759,118.182
ARHGAP45,1.767,2.924,1.894,2.503,1.883,3.107
OR10Q1,0,0,0,0,0,0
ZNF571,2.44,3.634,7.835,3.286,4.102,4.267
GLIPR1L2,0.963,1.689,1.682,1.237,0.485,1.49
DEFB119,0,0,0,0,0,0
MIGA1,7.579,8.33,10.417,7.307,7.075,7.777
KCNE1,0,0.065,0.116,0.029,0,0.015
NRIP1,12.32,14.072,11.541,14.677,8.172,10.179
ZSCAN4,0.113,0.038,0.081,0.172,0.137,0.069
BHLHA15,0,0.101,0.107,0.023,0,0.142
RNF182,7.224,7.896,6.436,10.165,5.117,6.335
TSPYL5,7.684,8.469,8.738,8.654,9.015,9.587
FUT7,0,0,0,0,0,0
H2AC6,38.316,65.706,67.563,35.515,35.567,32.166
EIF2S3B,0.124,0.286,0.22,0.113,0.261,0.188
SKIDA1,0.264,0.197,0.432,0.416,0.225,0.431
H2BC4,3.112,7.303,5.878,5.726,2.414,4.545
MB21D2,3.551,3.523,4.122,4.558,5.011,3.955
GSX2,0.079,0,0.056,0,0,0
SSTR2,0.284,0.42,0.364,0.348,0.288,0.469
ZNF594,1.118,2.359,2.328,1.662,1.877,2.563
PCGF5,16.516,15.745,16.074,17.449,13.521,16.384
SLC47A2,0.203,0.075,0.516,0,0.073,0.111
PRF1,0.034,0,0,0.031,0,0
OR2A4,0,0,0,0,0,0
MAB21L1,4.307,4.278,5.312,6.29,8.779,7.869
YOD1,2.751,2.892,3.916,2.555,1.473,2.45
TMEM64,7.402,6.473,6.298,7.109,7.075,8.152
C3orf22,0,0,0,0,0,0
OR10K2,0.144,0.153,0.061,0.109,0,0.026
CHRM4,0.355,0.379,0.259,0.217,0.107,0.074
SHISA2,0.213,0.07,0.113,0.062,0.076,0.038
S1PR5,0.155,0.387,0.223,0.208,0.233,0.328
CLRN3,0.082,0,0,0.076,0,0
GPR157,1.112,1.651,1.571,1.41,1.433,1.232
CHST13,0.045,0,0.048,0.082,0,0
AGTR2,0,0,0,0,0,0
SLC36A4,11.639,10.222,10.201,11.849,7.155,9.81
ZDHHC20,35.395,33.313,35.315,31.979,26.116,32.514
ANKRD30B,0.089,0.213,0.076,0.258,0.287,0.145
OR51E1,0,0,0,0,0,0
ZFP3,1.894,2.884,2.647,3.093,2.151,2.708
ARSJ,25.918,24.571,21.957,28.889,26.454,27.27
HOXC9,16.44,17.373,16.085,18.682,24.019,16.903
MAP3K15,0.053,0,0,0.016,0.046,0.048
PPA1,122.014,122.95,123.124,123.732,139.005,120.446
HOXC10,20.458,24.532,24.501,21.689,28.293,22.353
PSMG4,24.609,25.108,27.244,24.279,30.269,25.289
BHLHE22,0,0,0,0.023,0,0
MAP6D1,2.995,3.283,2.932,3.129,2.656,3.762
ZNF443,1.084,0.972,1.306,1.708,0.84,1.547
CXCR2,0.039,0,0.062,0.053,0,0
DEFB112,0,0,0,0,0,0
GREM2,122.181,108.681,96.74,103.874,79.668,92.472
C11orf42,0.164,0.412,0,0.226,0.147,0.594
SSR4,363.773,381.931,375.243,410.031,458.65,416.749
CAPS2,0.82,1.396,1.774,0.376,1.661,1.8
ZNF792,0.656,0.794,1.04,1.395,0.909,0.938
CUEDC1,57.939,48.435,49.433,43.303,44.621,52.699
SCRIB,60.153,53.187,53.949,58.176,50.565,57.909
KCTD2,16.001,16.053,16.46,16.103,17.942,16.175
D2HGDH,40.185,50.076,60.581,45.452,27.205,52.987
OXTR,1.799,2.278,2.279,3.71,4.691,5.248
CMTR2,13.044,11.175,11.903,13.127,11.004,11.408
OR56B4,0,0,0,0,0,0
FAM83H,8.469,7.731,7.646,8.298,7.507,8.298
GPR62,0,0.121,0,0,0.072,0.11
OR56A1,0.112,0.148,0.171,0.076,0.05,0.16
ZNF572,0.1,0.4,0.319,0.251,0.315,0.567
ST20,9.377,5.334,6.223,5.517,4.844,8.072
PITPNB,61.21,56.407,54.553,58.174,51.41,53.816
TCEAL8,69.207,66.493,64.872,70.38,74.873,67.606
OR52E4,0.196,0.351,0.38,0.193,0.217,0.255
LRRC57,11.178,8.108,12.36,12.07,9.958,11.184
OR52N2,0,0,0,0,0,0
MRPL14,49.706,51.448,40.389,47.687,53.662,44.014
GPR137C,1.006,0.621,1.501,1.555,0.452,1.591
C1orf105,0,0,0,0,0,0
OR52N1,0.316,0.394,0.184,0.293,0.07,0
BBS12,3.7,3.715,3.808,3.346,3.955,3.664
ZFP82,2.976,2.585,3.408,2.713,2.217,3.832
OR52N5,0,0,0,0,0,0
LSMEM1,0.324,0.455,0.345,0.835,0.54,0.715
OR56B2P,0,0,0,0,0,0
NQO1,372.825,300.541,315.325,222.801,273.906,211.613
OR56B1,0,0,0,0,0,0
AEN,23.927,23.39,25.69,24.774,21.887,23.533
FKRP,21.815,22.19,23.235,17.241,17.782,20.269
TRAPPC5,68.62,62.461,62.235,59.263,71.624,67.586
RPH3AL,1.981,5.067,3.453,4.475,6.524,4.94
SLC25A42,4.844,5.469,6.277,6.103,4.743,5.489
FCRL6,0.088,0,0.235,0.207,0.095,0.296
METTL23,30.387,29.324,28.67,32.259,30.164,27.325
SLC26A11,13.949,16.818,18.805,16.796,10.583,19.75
HIGD1A,98.542,86.79,82.156,88.129,78.59,70.716
CHRM2,0.202,0.572,0.826,0.596,0.981,0.957
OR52N4,0,0,0,0,0,0
MAPK15,2.741,2.761,2.911,1.697,1.53,3.811
EHMT1,29.727,32.015,30.529,29.432,23.065,25.594
ADIPOQ,0.061,0.042,0.019,0.016,0.016,0.038
F2R,15.27,16.745,14.297,13.49,9.438,11.975
ZNF707,11.526,13.738,11.065,11.729,8.593,13.377
MUC16,0.02,0,0,0,0,0
NPM1,961.345,958.605,979.035,982.901,1057.816,955.752
PJA1,15.221,13.969,14.435,17.283,18.853,16.417
DHTKD1,4.836,6.251,6.172,6.271,4.209,5.726
PENK,19.552,22.709,16.45,25.701,23.04,24.629
C4orf50,0.006,0,0.049,0,0,0
H2AW,8.929,12.686,10.329,9.925,10.413,7.597
ZNF746,9.487,9.469,9.774,8.079,8.13,10.604
POLR2A,54.203,69.349,74.457,39.19,30.687,44.541
TMEM132C,0,0,0,0,0,0.014
SLC25A41,0.116,0.117,0.124,0.213,0.157,0.158
TLCD5,5.053,4.729,5.409,4.923,4.897,6.031
OR5AK2,0,0,0,0,0,0
FRAT2,3.798,2.7,3.071,3.258,3.419,3.309
TMEM102,0.825,1.577,1.398,0.962,1.533,0.994
TMEM132E,0,0.014,0,0.026,0,0
ZNF322,8.99,9.331,10.395,8.319,7.065,8.282
NME9,0.469,0.622,0.8,0.414,0.152,0.312
SPEM1,0,0,0,0,0,0
HEPHL1,0.11,0.137,0.015,0.087,0.111,0.025
LRRC75A,71.558,69.25,71.072,80.272,83.201,78.498
OR5M8,0,0,0,0,0,0
CCL13,0,0,0,0,0,0
CFAP65,0,0,0.033,0.034,0,0.458
DDX60L,6.368,7.009,5.814,5.22,4.575,6.427
SYNE4,0.594,0.464,0.884,0.898,0.552,0.619
OGFOD3,27.502,24.112,25.95,26.197,29.53,30.935
WASHC1,43.76,54.936,59.589,48.061,42.915,62.115
UTS2R,0.903,0.271,0.517,0.4,0.384,0.42
AATK,0.232,0.438,0.388,0.242,0.3,0.248
DDN,0.106,0.255,0,0,0.096,0.058
SAGE1,0,0,0,0,0,0
ZNF467,0.11,0.321,0.341,0.203,0.21,0.212
SOX2,0.1,0.033,0.106,0.152,0,0.061
ZNF678,2.166,2.248,2.371,1.113,1.891,1.684
TMEM45A,53.505,61.95,50.621,71.061,63.871,61.16
RAP2B,8.298,8.422,8.444,8.839,9.121,9.15
ZBTB2,9.55,9.785,11.122,11.211,10.312,11.097
RNF135,23.345,24.142,22.15,19.885,24.092,22.819
OR6T1,0,0,0,0,0,0.092
ACBD4,8.054,9.512,12.716,6.616,10.781,11.109
OR8D4,0,0,0.095,0,0,0
SGSH,42.81,46.338,53.711,36.47,32.101,50.431
MAB21L2,0.066,0.165,0,0,0.059,0.06
FANCB,1.489,1.401,1.816,2.455,1.23,1.84
EDDM3B,0,0,0,0,0,0
SETD2,16.089,17.226,19.969,16.835,15.024,15.786
EDDM3A,0,0,0,0,0,0
TMIE,0.054,0.217,0.287,0.172,0.097,0.196
MEX3D,30.469,28.862,27.069,35.135,32.513,36.247
OR52D1,0,0,0,0,0,0
MRPS23,28.114,22.889,30.018,28.874,27.185,25.254
OR52H1,0,0,0.192,0,0,0
FDCSP,0,0,0,0,0,0
GPR135,1.159,1.472,1.476,1.309,0.758,1.402
SLX1B,20.93,24.739,25.014,28.05,12.467,21.46
ANKRD62,0.136,0.102,0.18,0.092,0.015,0.046
P2RY13,0,0,0,0,0,0
TNFSF15,0.157,0.051,0.079,0.218,0.215,0.326
ZFP41,6.72,7.657,8.33,6.723,5.306,7.456
PHLDA2,40.334,25.006,19.576,41.182,23.428,26.731
ATG9B,0,0.167,0.057,0.152,0.08,0.064
GPR88,0,0,0,0,0,0
ZNF875,20.056,26.914,30.151,21.551,15.265,25.206
PLAG1,2.902,3.685,4.86,4.367,3.046,3.832
OR8H1,0,0.113,0.155,0.03,0.076,0.057
OR5T1,0,0,0,0,0,0
YIPF6,11.169,11.086,10.228,10.523,10.391,10.483
OR5T2,0.208,0.166,0.044,0.265,0,0.075
ZBTB20,3.06,4.364,5.367,3.828,1.702,4.594
OR2Z1,0,0,0,0,0,0
DIPK2A,12.392,10.42,12.687,11.341,8.647,8.663
MACIR,28.635,16.443,11.425,18.127,11.552,13.264
OR8K5,0,0,0,0,0,0
AMIGO1,2.055,1.959,1.66,1.827,2.836,1.934
OR8H3,0,0,0,0,0,0
OR8H2,0,0.027,0,0,0,0
GPR3,2.313,1.278,1.23,1.893,1.4,1.231
TMEM252,0,0,0,0,0,0
ODF3L2,0,0,0.178,0,0,0
OR5AS1,0.741,1.178,1.464,1.039,0.361,1.116
ACTL9,0,0,0,0,0,0
SIAH2,19.224,19.581,20.615,25.825,31.212,33.153
COPG1,115.238,117.606,131.459,110.576,119.922,109.751
ADGRB1,2.005,2.014,1.519,0.983,0.778,1.334
OR6S1,0,0,0,0,0,0
SLC9A9,3.991,7.382,8.227,5.205,9.816,8.02
LSM10,53.513,44.985,47.485,45.871,44.685,37.026
RELL1,7.585,7.707,8.865,9.62,7.255,9.186
RFX7,5.722,7.219,8.141,6.534,5.956,6.621
SLC35C1,20.384,15.814,13.939,19.043,18.875,17.08
TIGIT,0.028,0.227,0.023,0,0,0
RNF41,31.911,37.263,41.061,35.218,49.471,42.856
SLC2A4,0.358,0.342,0.196,0.311,0.176,0.44
FTMT,0,0,0,0,0,0
IBA57,3.089,3.561,3.626,2.344,1.514,2.096
CLDN7,0.437,2.011,1.053,0.946,0.767,0.692
ZNF329,9.502,8.876,7.872,7.748,7.322,9.558
ZNF101,4.763,6.722,5.357,3.601,4.324,4.661
OR4C6,0,0,0,0,0,0
C5orf24,31.409,29.455,26.643,29.564,20.99,26.38
ADO,15.838,14.484,13.659,14.67,11.8,13.646
COA4,72.491,66.953,56.214,76.367,78.949,69.8
OR4P4,0.123,0.342,0,0.038,0.037,0.186
PRKAG1,64.947,75.008,71.781,68.01,72.783,73.663
GINS3,6.667,5.429,5.535,8.6,5.266,6.084
OR4C15,0,0,0,0,0,0
OR4A15,0,0,0,0,0,0
OR4A16,0,0,0,0,0,0
OR52K2,0,0.091,0,0,0.081,0
NEUROG1,0,0,0,0,0,0
CCDC149,11.11,10.496,12.947,11.382,14.285,14.784
MRPS11,26.611,28.973,24.876,26.696,32.627,22.106
SNRPE,100.019,91.379,73.961,124.835,120.278,98.111
RTKN2,0.775,1.475,1.345,0.722,0.951,1.314
PNMA8A,0.856,1.309,1.252,1.107,0.819,0.922
CHST15,2.845,2.211,2.672,3.056,2.637,3.015
ADIG,0,0,0,0,0,0
USH1G,0.298,0.343,0.146,0.209,0.33,0.125
MGAT4C,0.087,0.112,0.036,0.025,0.012,0.05
TRIM49B,0,0,0,0,0,0
IDH2,34.601,36.685,37.447,41.49,46.083,42.264
OR52A1,0.013,0.026,0.014,0,0,0.07
OR6B2,0,0,0,0,0,0
TMEM259,105.197,107.817,112.793,94.483,82.694,106.123
GET1,47.157,51.053,45.738,48.626,46.313,43.803
TNRC18,90.166,102.347,108.149,83.743,67.084,90.634
FAM181B,0.145,0.124,0.264,0.282,0.093,0.15
TMEM30B,0.082,0.224,0.13,0.112,0.1,0.081
DEXI,36.775,36.364,34.956,33.107,38.233,34.662
ZNF716,0.125,0.325,0.248,0.16,0.053,0.161
NOP10,222.162,187.594,172.9,218.455,196.183,179.211
FAM89A,3.693,2.87,3.357,3.6,2.844,3.298
KCNIP1,0,0,0,0,0,0
TDRKH,0.913,1.385,1.612,1.711,1.471,1.243
ZNF708,4.027,3.007,3.116,1.738,1.208,2.3
IST1,97.095,109.206,117.092,98.088,93.531,109.188
ERCC6L2,6.822,8.501,8.202,7.428,5.788,6.431
MRPL41,148.996,118.532,118.569,126.015,137.279,105.154
ENPP7,0,0,0,0,0,0
CREB3L2,41.638,38.703,34.684,37.191,23.632,34.481
P2RY8,0.605,0.547,0.483,0.31,0.34,0.635
UNC5C,0.008,0,0,0,0,0
MRGPRG,0,0,0,0,0,0
TSEN54,7.305,7.283,5.875,6.539,6.845,6.246
RGMA,1.607,1.886,2.899,2.246,2.46,2.803
ASB18,0,0,0,0,0,0
UBA7,18.228,23.224,26.022,20.956,22.783,27.117
MRPS16,34.602,31.385,31.143,34.793,32.818,30.516
SHISAL2A,0,0.11,0.115,0.1,0.196,0
RAD51B,4.471,6.151,7.99,3.049,2.945,2.778
CRYGB,0,0,0,0,0,0
LDOC1,15.111,14.283,14.155,15.266,17.077,18.225
ARL6IP4,190.973,186.258,189.708,186.871,246.004,191.439
EXT1,61.347,51.869,48.459,62.159,51.918,55.637
SHMT2,146.813,166.805,174.212,173.378,216.954,184.646
MOB2,47.84,53.772,49.487,42.926,51.704,51.044
HHIPL1,2.867,2.951,2.802,3.867,3.68,3.791
ATP6AP2,183.311,205.331,194.905,182.488,189.483,190.313
ZAR1,0,0,0.066,0.113,0,0
CYB5D1,12.2,12.341,12.341,9.992,9.596,10.907
FAM153B,0,0.731,0.121,0.388,0.081,0.372
BACE2,12.464,12.553,11.27,10.136,11.221,12.253
UBE2E2,15.789,20.27,21.018,18.276,17.049,16.52
SYNM,4.334,5.339,5.475,4.46,3.68,5.554
KCNA4,0.559,1.309,1.641,0.929,2.409,1.801
GABRG3,0.022,0.022,0.069,0.007,0,0.02
NLRP10,1.876,2.394,1.881,2.235,1.699,2.621
FIGN,0.452,0.639,0.796,1.471,0.628,0.879
IZUMO1,0.053,0.053,0,0,0,0
TMIGD1,0,0,0,0,0,0
B4GALNT4,12.199,13.378,12.222,16.664,12.106,17.577
AP1S2,50.231,47.616,43.84,66.494,53.186,55.414
C8orf33,28.059,26.797,26.602,24.293,26.477,25.683
DCAF4L1,0.051,0.017,0.091,0.046,0.015,0.093
SPACA6,6.705,8.484,9.296,5.54,5.748,7.683
MBD3L3,0,0,0,0,0,0
ZSCAN22,1.164,1.752,1.762,2.498,1.859,2.21
KCNJ14,0.827,0.795,0.845,0.554,0.366,0.488
FBXL6,22.501,17.922,16.325,17.943,12.696,20.011
C1S,267.571,295.236,331.548,291.731,402.561,346.53
GLTPD2,0.919,1.927,2.118,1.196,1.382,0.904
KIAA2012,0.039,0,0.042,0.036,0.176,0.053
PRAMEF8,0,0,0,0,0,0
LIPF,0,0,0,0,0,0
OR5P3,0,0,0,0,0,0
DAOA,0,0,0,0,0,0
ZNF804B,0,0,0,0,0,0
KBTBD3,1.572,1.058,1.606,2.453,1.756,1.342
YBEY,30.43,26.969,27.453,23.335,33.335,29.849
CLN8,9.948,10.757,12.213,7.162,6.153,7.749
PLCXD1,5.304,4.843,4.562,6.84,5.423,6.254
NXPH4,11.718,12.183,11.901,13.138,11.163,14.838
CACNB4,0.137,0.27,0.324,0.188,0.128,0.406
IFNL1,0,0,0,0,0,0
TRAPPC6B,18.363,18.474,15.398,12.481,9.925,12.775
PGBD4,1.361,1.167,1.716,1.317,0.949,1.319
CDY2A,0,0,0,0,0,0
NPLOC4,44.864,45.003,42.958,38.934,37.729,43.04
OTOL1,0,0,0,0,0,0
KCNK4,0.21,0.066,0.278,0.048,0.043,0.095
TEX19,0,0.045,0.095,0.041,0,0
TSHZ2,9.105,16.081,16.461,12.157,15.43,14.711
CAPN12,0.552,0.568,0.419,0.734,0.57,0.485
EXOC7,65.794,63.413,70.232,66.559,61.377,68.741
KPNA2,76.414,81.729,84.538,88.771,84.401,88.159
WASH6P,37.041,42.284,45.854,43.604,35.109,47.52
XKRX,0.113,0.038,0.062,0,0,0
BGN,829.045,900.632,922.952,964.722,974.371,1062.757
CEP97,4.213,4.242,5.075,4.305,2.909,3.655
LHFPL1,0,0.115,0.061,0.157,0.206,0.052
FES,3.193,6.229,7.155,7.655,5.753,7.131
GLRX5,48.232,43.078,44.908,38.988,42.88,37.747
FAM104B,10.709,10.623,11.213,14.854,11.871,13.383
TBPL2,0.234,1.59,0.953,0,0.41,0.419
CAV3,0,0,0,0.058,0.132,0.133
MXRA7,342.702,306.734,304.197,344.937,369.753,329.031
LIMK2,7.649,10.408,11.052,9.191,7.686,10.944
MFSD5,28.005,23.324,24.306,24.472,23.826,24.949
RNASE10,1.979,2.217,1.937,1.654,1.509,2.26
ADI1,63.568,64.093,66.819,64.428,74.645,67.868
RWDD4,20.001,16.228,15.509,18.664,20.243,15.492
SPNS3,0,0,0,0,0,0
CLEC4G,1.029,1.068,0.553,0.483,0,0
SATB1,6.154,7.064,8.694,8.072,6.451,7.875
NXPH3,0.292,0.82,0.857,1.053,1.787,1.43
CSF1R,0.715,0.356,0.556,0.489,1.246,1.055
EPHB3,4.373,8.344,9.117,8.132,10.663,10.738
VCX,0,0,0,0,0,0
EPGN,0.579,0.5,0.625,0.316,0.14,0.203
KRTAP11-1,0,0,0,0,0,0
SNORC,1.765,0.699,0.91,2.788,0.948,0.312
HS3ST4,0.182,0.511,0.027,0.412,0.057,0.491
TRAK1,45.092,45.468,43.422,45.569,37.433,49.022
TSPAN10,2.978,5.496,5.551,4.969,5.62,6.307
OR2V2,0.204,0.245,0.142,0.17,0.035,0.226
PLCB1,2.569,2.348,3.964,2.71,2.168,2.564
SKA2,29.614,34.506,29.203,34.614,31.266,29.217
RXFP3,0,0,0,0,0,0
OR10G7,0,0,0,0,0,0
NDN,46.925,48.16,40.514,44.038,47.322,45.717
CCDC172,0.052,0,0,0.048,0,0.048
OR4Q3,0,0,0.126,0,0.035,0.071
NTM,67.139,54.61,49.493,84.229,43.622,59.84
TTC3,92.601,106.682,107.457,107.298,91.676,101.312
KCNB2,0,0,0,0,0,0
PPP1R27,0.125,0.065,0.14,0.057,0.119,0
BRICD5,5.513,4.735,7.142,4.029,1.026,6.311
GALR2,0,0.067,0.282,0,0,0
RESP18,0,0,0,0,0,0
IGIP,6.287,5.361,6.087,6.692,4.147,5.555
TSKU,19.238,22.732,20.554,22.432,29.617,22.572
CMC4,23.935,20.832,23.943,20.385,27.014,19.144
ANXA2,2700.984,2584.855,2438.169,2830.75,2708.845,2639.918
RGS6,0.015,0,0,0.079,0,0.043
HOXB4,9.266,10.615,10.086,9.756,6.181,10.707
SLC35D3,0,0,0,0,0,0
PAQR7,12.174,13.399,13.537,12.91,13.324,13.826
PAPPA,15.509,20.964,25.957,22.526,27.038,30.762
MAFA,0.031,0.156,0.066,0.085,0.028,0
NGRN,103.021,104.25,100.186,110.122,110.645,110.445
GRID1,0.272,0.401,0.378,0.439,0.418,0.447
RPS17,3960.958,3852.923,3992.934,4294.463,4808.759,3621.152
HCAR2,0,0.208,0.264,0,0.112,0
OR2T29,0,0,0,0,0,0
CCDC87,0.315,0.229,0.519,0.235,0.542,0.494
GSTA5,0,0,0,0,0,0
C1orf116,0.209,0.837,0.139,0.095,0.377,0.024
MAGEB17,0,0.132,0.067,0.121,0.059,0.174
CRIP2,136.767,130.453,127.577,155.007,144.777,173.911
DDX28,5.834,5.328,6.013,4.957,5.055,4.07
KRTAP13-2,0,0,0,0,0,0
ACBD3,35.901,34.167,36.199,32.908,34.736,33.155
C16orf72,25.657,26.278,23.763,24.593,17.753,25.391
PLCXD3,0.135,0.042,0.133,0.114,0.065,0.142
VMO1,0.159,0.85,1.254,0.329,1.915,0.64
OR4F15,0.081,0.041,0.063,0.111,0.073,0.147
ALG12,6.694,8.798,6.755,8.112,8.341,9.584
LCK,0,0,0,0,0,0
GALNT9,0.141,0.113,0.104,0.154,0,0.384
COL18A1,164.45,158.876,154.763,151.162,150.395,173.15
RBM10,29.86,33.218,31.272,26.249,27.869,30.725
ADGRG3,0,0,0,0,0,0
GLUD2,0.302,0.264,0.081,0.168,0.199,0.237
TMEM95,0,0.081,0,0,0,0
TCHHL1,0,0,0,0,0,0
RPL35A,1231.722,1178.451,1220.054,1153.581,1416.125,1092.749
RGS7,0.553,0.831,0.917,1.033,0.959,0.928
SLC25A18,0.506,0.35,0.398,0.106,0.385,0.247
ZNF721,10.019,11.521,11.445,13.657,10.111,12.746
TCEAL7,4.01,5.442,5.257,4.908,4.733,5.14
C11orf54,9.661,17.378,11.323,13.19,11.603,17.318
CEP63,18.132,19.218,20.575,18.598,22.082,15.7
WFDC10B,1.135,1.086,1.345,1.905,2.098,2.57
SRPRA,73.484,73.384,65.231,73.049,67.742,69.507
OTOP3,0,0.036,0,0,0,0
EWSR1,137.545,134.755,144.269,126.609,92.174,134.324
ODF3L1,0,0,0.178,0.154,0,0
HMGN4,51.331,50.499,47.197,51.274,52.219,48.28
SPATA13,4.9,5.532,7.641,5.959,4.748,6.926
GJC1,17.315,15.033,14.055,16.417,10.799,14.711
SOX1,0.035,0,0,0,0,0
CNOT10,11.649,12.663,11.889,11.022,9.8,11.793
OR4M2B,0,0,0,0,0,0
MTA1,57.96,57.098,58.993,61.373,60.103,71.016
ZNF662,1.021,1.51,1.019,2.354,0.521,0.932
CADM1,5.461,6.627,7.897,7.773,11.488,6.891
ZNF320,11.701,9.627,13.781,7.564,8.229,9.888
C12orf60,0.392,0.505,0.952,0.871,0.605,0.355
PYCR1,69.377,75.847,60.705,99.889,132.143,108.441
NAA38,85.738,80.539,82.43,81.2,111.554,84.18
SPNS2,0.024,0.072,0.077,0.087,0.11,0.22
MCEMP1,0,0,0,0,0,0
AP2A2,47.901,43.852,49.868,52.056,50.007,50.789
SLC8A1,17.369,14.518,12.676,25.04,15.639,21.027
OR1G1,0,0,0,0,0,0
SLC25A21,0.57,0.479,0.303,0.338,0.31,0.432
OTOP2,0,0,0,0,0,0
CYLC1,0,0,0,0,0,0
PCP4,0,0,0,0,0,0
ABAT,2.529,3.48,3.447,2.543,2.747,3.276
SLC25A10,9.278,8.198,9.328,10.95,9.885,10.522
CAMK1D,2.738,2.471,3.081,3.044,2.405,3.301
RGPD6,0.584,2.371,0.16,3.357,1.913,1.897
LYSMD4,4.786,5.272,4.24,4.947,4.858,4.669
WBP2NL,0.113,0.249,0.104,0.069,0.169,0.239
IGSF5,0.497,0.913,1.013,0.87,0.559,1.128
NKX2-5,0.057,0.057,0.121,0,0,0
AFMID,27.32,25.995,28.851,27.692,26.017,29.681
GAS6,593.335,598.211,591.142,588.066,688.369,661.531
FREM3,0,0,0,0,0.011,0
NEB,0.623,0.157,0.296,0.363,0.158,0.254
BEGAIN,0.483,0.285,0.135,0.199,0.134,0.316
GPC6,15.725,18.509,18.12,18.29,19.036,17.916
ARHGEF37,0.542,0.822,1.559,0.456,0.16,1.521
FAM43B,0.137,0.137,0.11,0.125,0.309,0.156
CSMD1,0,0.006,0,0.012,0,0
CALHM3,0.16,0.214,0.057,0.049,0.048,0.194
PTGDR2,0.058,0.288,0.092,0.21,0.416,0.209
CEP57L1,14.294,17.41,16.84,14.56,10.927,16.437
RIPPLY3,0.638,0.252,0.49,0.131,0.188,0.455
ANKRD20A2P,0.061,0.04,0.161,0.085,0.178,0
GPR19,0.226,0.654,1.197,0.634,0.045,0.205
GJD3,2.889,3.34,3.327,2.178,3.364,3.411
RABIF,8.456,7.615,7.196,7.372,6.391,6.972
TMEM119,112.243,136.149,143.537,129.386,162.182,167.121
FANCF,3.775,3.03,3.028,3.522,3.166,3.273
CALN1,0,0.27,0.055,0.084,0.033,0.057
SMDT1,13.097,12.916,12.9,11.469,15.135,12.095
GABRR3,0,0,0,0,0,0
C2CD4C,0.186,0.133,0.141,0.194,0.143,0.169
CHST6,0.207,0.241,0.273,0.127,0.083,0.266
POTEC,0.073,0.123,0.208,0.116,0.109,0.219
RUVBL2,65.584,67.57,73.545,76.437,78.762,79.953
GDPGP1,0.764,0.826,0.639,0.855,0.637,0.81
CTNNA3,0,0,0,0,0,0
RIMBP3C,0.047,0,0.151,0.046,0,0
PRR36,0.22,0,0.156,0.067,0.397,0.333
OR51B4,0,0,0,0,0,0
PTTG1IP,283.065,291.707,310.666,311.499,309.868,313.67
DDX41,60.876,82.766,55.652,63.631,50.183,76.353
ABHD16B,4.629,5.433,6.458,6.058,4.767,6.385
OR52E8,0,0,0,0,0,0
CCDC60,0,0,0,0,0,0
PLGLB1,5.713,6.894,10.892,5.455,5.175,6.709
DAZAP2,90.547,109.848,106.938,96.165,110.832,97.94
CCBE1,47.324,47.613,40.72,61.134,68.249,67.418
SELENOF,154.74,142.77,137.227,148.256,164.854,144.933
OR5P2,0,0,0,0,0.092,0
FAM9A,0,0,0,0,0,0
MAGEA2B,0,0,0,0,0,0
TMEM121B,0.158,0.11,0.152,0.149,0.166,0.148
ZNF623,8.471,10.801,11.346,11.374,10.135,12.219
OR2T34,0,0,0,0,0,0
OR52L1,0,0,0,0,0,0
EPHA10,0.026,0,0.193,0.042,0,0
SPDYE4,0,0,0,0,0,0
CCDC125,1.58,2.299,3.252,2.154,2.54,2.568
REC114,0.124,0,0.132,0.201,0,0
BOLA2,6.028,6.443,4.518,5.871,4.616,6.535
BCOR,9.096,10.037,9.665,11.871,8.843,10.469
JRKL,10.503,10.446,10.982,12.93,10.771,12.478
CABCOCO1,0.915,0.784,1.052,0.811,1.876,1.643
GBP6,0.153,0.151,0.127,0.188,0.137,0.099
KIAA2026,9.234,10.754,9.346,9.619,7.585,9.677
OVCH2,0.062,0.187,0.066,0.057,0.056,0.056
SYNDIG1L,0.826,0,0,0,0.094,0
FHL3,19.691,18.846,22.87,21.815,29.582,29.564
OR56A4,0.022,0.058,0.185,0.101,0,0.037
PMCH,0.185,0.334,0.364,0,0.269,0.187
TMEM89,0.424,0.867,0.225,0,0,0
C19orf71,27.387,22.962,18.802,19.766,16.493,23.984
CCDC159,14.258,21.958,23.027,20.19,16.773,20.4
RIPK4,0.297,0.487,0.407,0.501,0.543,0.692
LRIT3,0.067,0,0,0,0,0.061
NPIPA1,106.435,109.283,112.137,107.092,83.857,116.631
SF3A3,39.883,35.964,39.253,39.077,41.661,39.183
TFDP3,0,0,0,0,0,0
TRIM61,3.597,4.13,3.898,3.577,3.754,3.317
GRIN2A,0.335,0.421,0.229,0.66,0.62,0.766
URAD,0,0,0,0,0,0
GTF2H2C,24.28,27.021,20.889,20.122,21.617,23.291
ASB7,5.733,7.249,8.264,6.962,5.542,7.284
SH2D7,0,0,0.042,0,0,0
TREX2,3.029,2.375,3.206,1.36,2.43,3.415
GPR132,0.375,0.259,0.315,0.209,0.157,0.026
MX2,1.437,2.63,3.849,2.558,2.507,3.079
EP400,19.363,22.925,24.328,17.586,12.829,20.382
MEX3B,1.911,3.919,4.659,3.511,5.063,4.794
TENT5C,0.296,0.506,0.689,0.269,0.393,0.575
COA5,18.316,19.621,20.885,14.624,15.453,24.139
UTP11,22.338,21.964,23.892,24.938,20.167,22.195
PSMG1,31.106,32.039,32.763,32.24,29.767,27.372
PRR14L,5.213,5.444,5.638,7.168,4.409,6.462
KLRC4,0,0,0,0,0,0
ACSM5,0.327,0.847,1.252,0.788,1.838,2.348
C10orf120,0,0,0,0,0,0
IZUMO1R,0,0,0,0,0,0
SERHL2,10.063,13.911,15.643,9.083,9.281,6.799
PCBP3,24.232,27.667,27.093,20.026,18.585,20.605
PGPEP1L,0,0.099,0.105,0,0.109,0.351
SETD3,38.552,33.447,31.865,34.73,35.631,33.033
TNFAIP8L3,3.102,2.242,2.29,3.439,1.442,2.651
ZNRF3,3.091,3.28,2.664,2.427,1.828,2.622
FBXL7,12.109,15.315,17.036,14.214,16.541,16.298
TANGO2,16.267,17.88,18.068,13.379,13.877,16.817
H3C13,1.176,3.501,2.18,0.939,0.391,3.732
SFXN4,6.874,8.033,8.194,10.74,9.32,7.857
GKN2,0,0,0,0,0,0
FAM167B,5.039,3.499,3.235,3.488,4.075,2.288
MRPL54,58.339,56.576,60.479,63.763,82.622,64.406
ZNF438,3.259,5.181,3.647,5.013,6.263,5.139
HMCES,28.544,27.936,25.662,21.691,22.347,22.297
CCR3,0.043,0.086,0.366,0.078,0.039,0.156
DGCR6,2.108,3.499,5.089,4.41,6.363,4.422
GOLGA8G,0.158,0,0.252,0.229,0.283,0.293
PRR32,0,0,0,0,0,0
TP53TG3,0,0,0,0.019,0.002,0
RP1L1,0,0.01,0.021,0,0,0
KRTAP8-1,0,0,0,0,0,0
HOATZ,0.547,0.109,0.229,0.988,0.15,0.121
ZNF530,1.482,4.589,3.229,2,2.372,2.971
NDUFB1,159.117,155.329,153.124,141.358,170.92,119.158
MARCHF11,0,0,0,0,0,0
KLHL25,2.074,1.693,1.4,1.583,1.826,1.7
TAFA1,0,0,0.096,0,0,0
TRMT12,6.387,7.474,7.123,5.83,7.587,6.46
PSG9,0.801,0.926,1.546,0.991,1.467,1.104
GPR1,17.264,36.637,30.81,35.999,49.248,44.382
BMP8A,0.772,0.898,1.223,0.648,0.481,1.093
ALYREF,73.83,63.601,60.806,75.392,70.847,72.652
RFLNB,26.946,22.425,22.377,29.508,26.46,27.009
EFHC2,0.05,0,0,0,0,0.023
NOG,0.734,0.452,0.288,0.371,1.057,0.779
MRGPRX2,0,0,0,0,0,0
UPP1,24.369,15.368,12.895,15.922,11.463,13.186
OR4N4,0,0,0,0,0,0
IFNL2,0,0,0,0,0,0
OPCML,2.255,2.433,2.888,4.439,2.733,3.106
TRIM52,7.187,7.134,7.074,6.67,5.351,6.286
LHFPL6,60.585,60.955,65.152,61.763,73.739,65.83
CMTM4,10.152,8.522,7.731,9.54,7.045,9.464
TMEM50A,128.735,113.236,105.32,121.361,132.147,120.157
FIGLA,0,0,0,0,0,0
ASCL2,0.06,0.182,0.064,0.111,0.054,0.274
TBK1,18.084,21.132,17.825,16.313,16.261,17.842
CBX6,38.439,36.743,35.517,35.036,32.907,39.563
MACC1,0.221,0.165,0.434,0.201,0.061,0.151
ACSM2A,0,0,0,0,0,0
TBL3,16.726,17.095,15.445,14.323,17.086,20.832
BPY2,0,0,0,0,0,0
ACP7,0.32,0.377,0.666,0.344,0.106,0.483
KREMEN1,14.943,16.264,15.3,17.284,14.031,17.547
TRAIP,4.183,4.231,5.487,4.952,5.011,6.859
CHEK2,14.082,14.648,14.266,17.372,13.463,15.959
FOXL2,5.677,6.699,5.951,5.509,5.544,6.569
AIFM3,0.149,0.398,0.397,0.204,0.355,0.361
KCTD16,0.185,0.226,0.285,0.339,0.499,0.546
B3GALT5,0.066,0.041,0.252,0.081,0.021,0.027
ZNF703,22.777,27.109,28.655,26.251,29.252,29.881
SLC35F3,0,0.03,0,0,0,0
KCTD8,0,0,0,0,0,0
TUBA8,1.164,1.469,1.386,0.907,0.756,0.935
NPIPA5,15.47,18.351,26.919,19.197,14.566,16.346
BPY2B,0,0,0,0,0,0
EMILIN3,0.049,0.124,0.104,0.157,0.153,0
OLFML1,2.942,5.071,6.033,5.511,10.633,9.094
FAM162B,0,0,0,0,0.085,0
RBM12B,4.133,4.993,4.984,4.758,4.154,5.762
CCR4,0.44,0.575,0.524,0.287,0.3,0.475
LIN9,3.062,2.951,2.665,4.916,3.313,3.157
BTBD9,7.283,8.104,8.176,6.771,6.611,8.897
NUDT14,7.218,10.228,6.519,6.011,8.478,7.54
ANKRD45,0.157,0,0.069,0.058,0.029,0.03
CFAP91,0,0.109,0,0,0,0.115
PNMA3,0.045,0.067,0.024,0.082,0.04,0.02
GPR39,2.432,1.804,2.036,2.847,2.845,1.958
FAM3B,0,0,0,0,0,0
ZNF730,0.539,0.869,1.167,0.785,0.677,0.787
KIRREL1,64.395,65.622,68.183,62.057,57.358,65.427
IQGAP3,13.682,19.518,21.536,19.528,13.564,21.928
CNGA2,0,0,0,0,0,0
TOB2,27.007,30.171,27.654,37.539,33.664,36.852
SCN5A,0.033,0.054,0.069,0.024,0.488,0.057
ARSI,2.022,1.453,1.68,2.673,3.303,4.073
UTY,0.114,0.152,0.045,0.197,0.081,0.077
SRARP,0.584,0.719,0.287,0.36,0.253,0.439
TTC32,7.562,6.237,5.81,5.184,4.254,5.818
LRRC55,0.061,0.061,0.016,0,0.028,0.014
DNAH2,0.159,0.247,0.513,0.352,0.217,0.46
SH2D1A,0,0,0,0.035,0,0.034
SDR42E2,0,0.032,0.101,0,0,0
PRKX,4.341,4.585,5.064,5.148,3.814,5.25
KMT5A,46.518,49.969,47.382,58.254,56.868,57.594
KCNH8,0,0,0,0,0.028,0
SMTN,121.42,82.079,74.546,102.028,57.761,95.958
NPW,1.722,2.039,2.149,4.382,5.951,4.396
PP2D1,0.121,0.282,0.086,0.221,0.181,0.329
COA3,51.176,50.518,51.896,53.406,65.595,58.725
NPB,0.311,2.304,0.291,0.861,1.168,2.056
ST6GALNAC3,0.191,0.39,0.123,0.053,0.173,0.347
PTP4A2,170.817,164.941,152.53,167.485,150.797,161.014
ACTG1,1544.176,1576.342,1638.733,1792.94,2293.973,2038.122
TMPRSS2,0.022,0.09,0.072,0.143,0.061,0.143
DENND5A,67.345,64.875,65.475,73.428,65.698,69.599
OR2T10,0,0,0,0,0,0
KRTAP20-2,0,0,0,0,0,0
CTAG1B,0,0,0,0,0,0
DIABLO,33.213,35.816,36.738,31.654,35.156,32.003
VPS33B,12.135,12.343,10.736,9.477,9.294,9.857
TBX1,14.355,16.081,16.348,14.935,14.038,17.493
ADAP2,0.351,1.122,0.168,0.152,0.941,0.633
UQCR10,69.405,57.764,73.904,64.368,77.312,71.311
FAM120C,4.601,3.137,3.66,4.116,2.284,3.433
TRIML1,0,0,0,0,0,0
EIF3C,290.823,311.454,327.64,307.45,342.128,275.651
CLDN5,0,0,0.07,0,0.045,0
NIPSNAP1,18.798,22.749,26.408,23.366,30.556,28.143
OR4F6,0,0,0,0,0,0
CNTN2,0,0,0,0.027,0.035,0.018
SPRR4,0.287,0,0,0,0.13,0
LRTOMT,6.144,7.102,8.756,6.284,10.958,11.796
OR10J5,0,0,0,0,0,0
KCNQ3,0.679,0.86,1.201,0.812,0.28,0.824
ADRA2C,1.154,0.916,0.635,0.799,1.531,0.939
NR2C2AP,16.108,16.172,12.19,17.573,14.47,19.943
C1QTNF12,1.123,2.264,2.387,1.551,0.76,1.529
CRELD2,40.072,41.74,42.959,45.447,46.337,49.307
OR1D2,0.427,0.667,0.476,0.488,0.413,0.531
SCFD2,30.052,31.765,25.698,36.382,25.355,31.123
UBE2F,50.985,45.566,50.165,50.651,56.483,43.765
KCNJ12,0.387,0.426,0.423,0.564,0.698,0.561
GPR173,4.332,3.949,4.815,3.485,1.15,3.963
PPP1R2,17.419,19.678,21.535,17.744,17.151,18.264
TSPYL2,26.218,27.684,31.402,30.051,16.517,24.86
GOLGA6L4,6.087,6.793,8.051,6.647,3.314,8.1
PGP,9.04,7.166,7.602,8.707,7.223,7.921
SNRNP35,15.659,15.807,17.856,18.545,16.185,18.087
DGAT2L6,0,0,0,0,0.046,0.046
IRAK1,72.075,60.497,56.075,73.67,65.92,66.904
CMSS1,31.843,36.678,25.182,27.408,30.882,23.937
OLIG1,0,0.037,0,0,0,0
PCDH9,1.137,0.992,0.556,1.532,0.647,1.282
ACOT1,2.784,3.134,2.041,1.973,3.558,2.066
OAF,25.868,23.113,22.87,28.587,22.551,24.327
ALDH1A3,61.298,53.288,48.822,83,64.915,73.285
H2AC20,0,1.404,1.188,2.298,1.229,0.491
KCNK12,0.023,0.047,0.068,0.026,0.031,0.068
H2AC21,0.535,1.646,0,0.753,0,0.486
POU6F1,3.809,3.201,2.582,3.603,3.546,2.843
DEFB108B,0,0,0,0,0,0
TM2D3,23.147,27.654,27.205,21.939,25.308,24.535
TSSC4,33.151,33.331,34.492,36.038,41.14,35.08
TACSTD2,2.771,5.124,1.27,0.131,2.668,0
CLECL1,0,0,0,0,0,0
SIX6,0,0,0,0,0,0
PRKD1,11.453,11.829,11.972,14.098,15.419,16.662
CCSER1,0.103,0.117,0.044,0,0.074,0.112
ZDHHC23,1.649,1.438,0.984,0.841,0.629,1.097
MROH7,0.168,0.028,0.237,0.065,0.125,0.168
S100A7A,0,0.019,0,0,0,0
SRPK3,0.656,0.633,0.612,0.58,0.231,0.722
GDF3,0,0,0,0,0,0
IQCF2,0,0,0,0,0,0
SLIT3,195.712,227.379,252.938,209.332,238.242,273.075
EFNA5,2.733,4.493,3.224,3.523,3.275,3.307
MRGPRE,0.138,0.098,0.042,0,0,0.018
KRTAP19-1,0,0,0,0,0,0
H1-5,0.925,0.536,0.281,1.838,0.119,2.16
SPATA32,0,0,0.078,0.067,0.066,0
PKP3,3.02,5.658,2.355,2.128,3.156,2.588
MAP7D2,0.542,0.271,0.727,0.34,0.427,0.452
CSF1,65,90.613,94.273,73.914,75.375,89.113
COLEC10,0.079,0.315,0.196,0.048,0.189,0.143
ACTRT3,3.318,3.54,3.193,3.951,4.128,3.012
PLA2G6,4.516,6.838,6.886,5.822,4.496,7.888
MAML2,15.088,16.181,15.766,14.435,13.067,14.832
PABPC1L2B,0,0,0,0,0,0
A3GALT2,0.19,0,0.505,0,0.086,0
OR4N5,0,0,0,0,0,0
SS18L1,7.883,6.399,8.028,6.301,6.431,8.119
KCND2,0.027,0.095,0.102,0.136,0.439,0.438
TOP1MT,38.025,33.279,32.749,29.637,30.289,31.134
COPB2,103.068,101.888,99.864,109.784,102.575,104.14
LRRC19,0.206,0.227,0.387,0.228,0.077,0.228
THAP7,14.559,16.331,17.243,16.691,17.671,18.695
KNTC1,8.363,12.279,10.917,11.923,7.224,12.161
CCR10,2.035,1.891,2.312,2.273,1.961,2.129
NCMAP,0.298,0.121,0.154,0.19,0.055,0.191
BPIFC,0,0,0.043,0,0.279,0
WDR27,16.156,19.587,23.181,15.982,10.783,22.203
TXNRD2,21.173,18.911,20.289,21.78,22.726,24.462
C1QTNF8,0,0,0,0,0,0
OR56A3,0,0,0,0,0,0
FOXO4,7.014,8.972,9.248,7.543,10.15,9.527
POU3F2,0.098,0.131,0.052,0.06,0.03,0.119
PTP4A3,0.906,1.785,0.753,1.45,2.181,1.884
FOXD4L1,0,0,0.107,0.092,0,0.183
TMEM255B,9.234,8.78,9.522,9.292,9.187,13.492
PROS1,13.282,13.272,14.487,12.365,11.678,12.666
GAST,0,0,0,0,0,0
NUTM1,0,0,0,0.039,0,0
HDDC3,13.084,16.074,17.77,19.578,18.175,14.018
BEX5,0,0.139,0.145,0,0,0.124
ZFP1,6.465,7.143,5.99,7.477,5.473,7.209
CEND1,3.531,3.433,2.758,2.071,3.48,3.606
C6orf58,0,0.235,0,0.143,0,0.071
DHRS7C,0,0,0,0,0,0
DUSP8,1.391,1.912,2.038,1.134,0.439,1.098
SOCS3,44.988,79.647,79.86,58.527,50.893,63.985
SPEM2,0,0,0,0,0,0
SLITRK6,0.029,0.076,0,0,0.077,0
PIWIL3,0.071,0.024,0.025,0.042,0,0.043
LPAR5,0,0.124,0.033,0.028,0,0
XPOT,73.231,83.8,86.478,98.062,92.677,94.096
STING1,45.019,48.272,46.832,62.194,48.429,61.806
PDE4B,2.759,5.91,2.339,2.267,1.932,1.341
TAFA3,0.248,0.072,0.264,0.24,0.065,0.522
C14orf180,0,0,0,0,0,0
SNN,6.08,7.433,8.128,8.466,8.455,8.892
KCNH7,0,0,0,0,0,0
NELL2,0.444,0.028,0,0.137,0,0
KRBA2,1.277,1.052,1.728,1.332,0.815,1.455
MED12,12.23,11.937,15.213,9.922,9.014,11.463
ZNF93,2.575,2.264,2.489,3.016,2.185,2.546
SEPTIN9,514.661,484.359,454.29,456.144,371.085,430.793
PRSS55,0,0,0,0,0,0
ODF4,0,0,0,0,0,0
FOXD4L4,0.066,0,0.162,0,0,0
CDCA2,7.008,8.509,7.785,10.125,7.277,9.599
RALYL,0.062,0,0.099,0.113,0.084,0.085
AMER1,1.182,1.404,1.564,1.839,1.253,1.586
ZBTB40,7.086,8.692,8.13,6.267,4.836,7.941
H2BC21,4.127,6.606,5.787,3.782,2.371,4.289
CLDN6,0.606,0.469,0.496,0.092,0.06,0.551
OR51M1,0.042,0.022,0.072,0.097,0.057,0.109
SEPTIN5,32.591,39.783,36.153,41.455,44.422,40.48
EIF4ENIF1,18.483,13.088,16.146,15.502,12.051,12.766
LRRC26,0.154,0.103,0,0.094,0,0.282
SERINC4,0,0,0.186,0,0,0
RNLS,1.959,1.507,3.375,1.378,4.675,2.784
KRTAP6-1,0,0,0,0,0,0
APOBR,0.065,0.087,0.048,0.079,0,0.078
FAM110C,0.12,0.067,0.118,0.021,0.057,0.025
DDX53,0.067,0.067,0.072,0.02,0,0.041
ATL3,58.197,58.974,57.873,62.685,42.176,67.836
NDUFA12,97.075,108.933,101.031,89.138,133.203,101.721
SMIM10,8.651,7.836,9.458,9.533,8.668,8.897
DYNLT2,0.269,2.181,0.857,0.623,0.486,0.122
UBE2G2,44.956,39.052,49.332,40.573,35.305,40.649
SATL1,0,0,0,0.023,0,0
OSBP2,3.226,4.911,2.897,3.122,1.881,4.905
TRARG1,0,0,0,0,0,0
PRR23B,0,0,0,0,0,0
ZBTB7C,0,0.017,0.255,0.477,0.015,0.423
APOO,8.922,8.294,6.518,7.884,11.194,10.336
PRR16,40.881,47.673,44.728,50.898,55.278,55.16
TMED9,100.663,94.936,93.11,98.225,104.039,100.617
DRD1,0.02,0,0.021,0,0.018,0.055
TMEM186,7.02,6.547,5.866,6.95,6.496,9.047
SDR42E1,0.096,0.275,0.037,0.115,0.113,0.101
RBM33,19.489,23.511,24.651,17.751,11.092,18.612
ARMCX2,34.389,34.546,33.779,32.59,34.869,35.096
BTBD6,35.26,30.937,30.865,38.834,41.784,39.104
SRY,0,0,0,0,0.34,0
H1-10,107.779,171.887,172.319,122.956,162.891,148.467
RBM43,6.011,8.788,9.337,7.192,7.964,7.943
SUMO3,87.426,91.135,85.041,107.571,115.989,106.252
IMMP2L,11.071,11.57,11.865,11.226,12.611,12.614
TCEAL2,0.089,0.089,0,0,0.24,0
CLCNKB,0.079,0.08,0.128,0,0.079,0.073
DMRTC1B,0.261,0.13,0.169,0.113,0,0.169
JAG2,0.235,0.344,0.572,0.228,0.313,0.339
FMNL1,5.959,8.068,9.745,8.453,6.749,8.604
NUTM2A,0.725,0.594,0.824,0.748,0.536,0.907
PTRHD1,20.348,20.346,21.078,25.431,29.192,27.756
LCN12,0,0,0.403,0,0,0.135
OR6A2,0,0,0,0,0,0
WT1,0,0,0.482,0.037,0.038,0
ZFP90,13.639,23.77,23.75,19.611,15.582,18.874
AQP12A,0,0,0,0,0,0
FAM227A,0.558,0.749,0.907,0.748,0.595,0.679
OR6C70,0,0,0,0,0,0
MUC6,0.029,0.157,0.073,0.116,0.026,0.463
NOC4L,11.617,13.525,12.146,14.323,11.844,13.764
USP18,2.287,2.9,2.681,3.625,2.774,4.024
NDUFA6,61.041,59.975,53.183,57.92,66.882,51.997
CHRM5,1.401,2.783,2.291,0.978,1.041,1.803
SORCS2,1.905,2.233,1.798,2.972,3.042,3.56
TMEM121,5.006,7.046,5.461,6.849,6.896,6.738
TMEM106A,2.168,2.337,1.842,2.359,3.149,2.855
SIVA1,89.36,90.865,78.526,88.428,104.707,105.527
BRI3BP,6.916,5.979,5.434,5.741,3.379,4.8
IFNE,3.105,2.017,1.554,1.841,0.165,1.437
SLC22A10,0.186,0.047,0.099,0.042,0.042,0.084
DGAT1,14.585,15.219,13.959,14.494,17.331,15.262
RFX6,0,0,0,0,0,0
ROBO2,3.498,4.128,6.352,5.295,7.393,5.516
AP3M1,32.798,32.024,31.767,30.858,28.153,31.877
F8,2.567,5.07,4.524,4.79,4.528,3.506
NT5C1B,2.764,1.074,1.3,2.216,0.841,3.058
CA13,0.769,0.71,0.987,0.839,0.489,0.657
UBOX5,3.948,5.099,4.313,3.867,3.735,4.876
MAFF,65.35,54.403,52.82,55.762,46.43,52.319
BRF1,20.118,19.856,22.278,19.789,16.474,20.086
LRRC14B,0,0.065,0,0,0,0
SEMA4B,11.202,9.417,7.943,8.636,9.465,8.822
MROH2A,0,0,0.032,0.027,0,0.027
SPDYE16,3.573,3.099,4.104,2.904,2.917,3.082
CIB1,97.583,92.45,92.447,99.057,95.921,88.221
ANKS1B,0.243,0.404,0.815,0.404,0.331,0.221
NELFA,16.938,19.385,19.425,17.312,16.735,18.136
SLC24A3,0,0,0,0.019,0,0
SGCZ,0,0.011,0.011,0.01,0,0
EFCAB10,0.741,0.785,1.334,1.275,0.538,0.549
C5orf47,0.067,0,0,0,0,0
KRT76,0,0,0,0,0,0
FLRT2,17.176,20.704,19.437,17.967,15.764,18.168
INTS5,14.049,12.245,13.437,12.202,13.023,14.718
RPS27L,262.03,277.886,301.973,284.849,357.233,270.612
MANEAL,2.127,1.33,1.123,2.144,2.6,1.932
ADSS1,5.576,4.624,4.042,4.847,4.008,4.654
ANO9,0.607,0.289,0.092,0.237,0.104,0.262
FAF1,18.958,21.389,18.68,21.77,21.288,19.938
MYADML2,0.069,0.069,0.109,0.219,0.031,0.031
FAM43A,8.13,11.617,11.48,9.303,12.428,11.918
NSMCE3,10.725,9.687,9.806,10.463,9.962,9.407
HSF1,60.663,54.229,48.396,55.723,54.092,58.744
C6orf120,28.788,26.438,28.579,27.057,26.557,26.178
PURA,20.621,18.821,18.704,18.661,13.964,21.478
H2BC13,0.551,0.566,0,1.034,0,0.251
INPP5J,0.11,0.186,0.66,0.337,0.104,0.592
NPY2R,0,0,0,0,0,0
MIXL1,0.123,0.176,0.358,0.109,0,0.086
MFSD6L,0.038,0.038,0,0,0,0
LRRC37B,28.258,28.136,36.67,30.778,27.553,29.645
DDX51,7.522,7.524,6.945,5.303,5.494,6.61
NOMO2,68.475,63.717,64.668,67.217,58.37,54.87
AQP12B,0,0,0,0,0,0
ZNF479,0.127,0.137,0.324,0.053,0.054,0.137
SIGIRR,40.733,39.938,37.191,41.295,48.464,46.274
NRBP2,43.754,45.626,46.948,44.645,27.678,47.81
PRSS57,0,0,0,0,0,0
IFITM2,312.845,309.59,316.638,391.541,410.868,381.216
TNFAIP2,15.312,15.406,18.969,20.329,19.267,26.535
ZNF445,4.106,4.276,5.09,4.269,2.596,5.059
PGBD2,2.631,3.477,2.716,2.753,2.169,3.222
TCEAL9,163.176,145.995,118.778,152.367,130.418,137.971
MC2R,0.023,0,0.11,0.063,0.047,0
RAB11B,104.21,106.891,101.128,98.756,93.619,112.134
PRMT3,11.694,12.257,10.013,10.363,11.926,10.042
GP1BA,0.938,1.372,0.993,0.823,0.42,0.753
PRPF39,14.776,11.553,17.133,13.46,9.628,15.157
MAGEA11,0,0,0.048,0,0,0
PPIL6,2.915,3.445,3.195,3.1,4.254,4.278
ZNF74,4.707,6.21,9.61,5.713,4.403,5.075
KIAA0825,0.731,1.365,1.509,0.995,1.189,0.862
UBALD2,63.298,57.246,51.902,55.932,45.738,50.936
TEX33,0,0,0,0,0,0
CDNF,1.175,0.963,1.719,1.055,0.857,1.347
NOTUM,0.038,0.306,0.041,0.091,0.178,0
KLHL33,0.128,0.096,0.068,0.124,0.023,0.153
RBM11,0,0,0.141,0,0,0
GALNT17,0.104,0.164,0.243,0.075,0,0.149
ZBTB37,1.726,1.917,2.067,1.449,1.363,1.65
NUPR2,0.379,0.967,0.603,0.354,0.343,0.861
IL3RA,2.372,4.512,3.689,2.225,2.49,2.967
SPPL2C,0,0,0,0,0,0
CCDC137,17.182,16.211,15.92,15.487,17.429,14.654
SFTPA2,0,0,0,0,0,0
RGPD2,1.773,2.055,1.972,1.448,1.213,1.396
ARL15,8.214,10.561,7.621,8.283,7.263,6.318
C12orf56,0.179,1.426,0.134,0.424,0.334,0.41
SCN10A,0.024,0,0,0,0,0
CDK10,39.291,55.611,75.832,64.678,35.617,88.592
SOCS1,1.592,4.037,3.303,3.625,4.262,6.671
TCN2,1.935,1.843,2.525,2.603,3.3,3.441
GAS2L1,33.293,31.674,27.115,31.564,31.094,35.232
ATP6V0A2,7.179,7.435,8.239,6.712,5.505,7.422
PRKN,0.951,1.706,1.813,0.822,0.878,1.047
TEDC1,6.7,11.148,8.574,8.942,9.887,8.528
HS6ST3,0.045,0,0,0,0,0.008
HGS,132.162,104.783,98.776,115.427,75.796,116.933
TNFAIP8L1,3.803,4.238,4.274,4.31,4.069,4.903
OR2V1,1.07,1.252,1.13,1.35,0.381,1.148
RAD51D,8.144,8.199,8.005,7.007,8.72,9.744
OR7A17,0.38,0.457,0.379,0.42,0.108,0.527
MAPK11,14.576,14.482,16.693,12.565,13.497,14.712
SP140L,14.402,16.25,14.278,13.786,12.652,15.066
MRPL30,17.593,10.962,11.19,12.032,12.716,10.606
TARS3,10.64,9.852,10.207,7.707,7.734,7.556
SMYD3,18.661,21.014,21.903,19.117,20.608,18.871
METTL7A,2.199,6.411,8.971,4.444,4.997,6.714
IFNLR1,0.122,0.063,0,0.08,0.063,0.035
SH3BGR,4.635,2.864,5.404,4.503,3.735,3.932
FAM174B,2.539,1.637,2.784,1.196,1.267,1.615
FAM47A,0,0,0,0,0,0
ZSWIM9,9.255,11.282,9.657,7.745,5.538,8.419
KPNA7,0,0,0.103,0,0,0
TMEM179B,44.542,46.017,42.059,44.335,52.614,43.055
GPRIN3,0.022,0,0.012,0,0.005,0
KRT6B,14.118,29.237,5.719,0.222,11.318,0.133
PARPBP,3.721,4.444,4.614,5.426,3.52,4.318
STAC3,1.925,2.46,2.596,2.494,2.676,3.036
ROR1,11.738,10.822,10.671,9.9,8.302,9.806
MUC1,9.158,13.444,14.233,12.32,8.691,17.251
FAAP100,23.159,24.598,27.52,27.135,24.703,29.9
IRF7,5.76,7.431,8.516,4.687,7.587,5.98
L3MBTL1,2.277,3.244,3.263,2.238,1.341,3.777
BRCC3,19.499,18.07,17.425,17.707,13.713,18.008
SV2B,0.077,0.073,0.05,0.007,0.025,0.02
FAM131C,0.56,0.46,0.596,0.839,0.964,1.11
LMNTD2,1.244,1.774,2.526,1.274,0.525,1.778
SPATA45,0,0.267,0,0,0,0
PDE6G,0.918,0.315,0.59,1.529,0.09,0.722
PRKG1,5.702,6.634,8.226,5.958,7.557,7.151
NR2F2,21.087,18.281,20.264,17.445,20.031,19.968
DLK1,0.034,0.07,0,0.063,0.125,0
TLCD2,2.742,3.921,5.786,3.431,5.48,5.033
LSAMP,4.686,7.79,6.519,5.763,7.047,7.929
AHNAK2,70.097,95.88,111.644,69.739,60.866,78.247
OLFML2A,5.358,7.955,7.925,6.481,7.635,8.665
SP1,19.283,19.775,22.55,21.247,15.419,21.255
MRPL40,55.965,54.759,49.561,44.835,63.911,53.886
DBX2,0,0.03,0,0,0,0
INKA1,4.601,3.977,4.092,5.537,7.033,6.48
PDIA2,0.496,0.105,0.06,1.626,0.599,0.986
PCGF3,37.619,37.787,35.197,36.005,30.56,38.323
LMLN,8.035,8.972,9.485,6.601,5.341,6.931
P4HB,714.556,720.91,703.592,837.624,824.61,824.024
PSMD13,79.632,73.881,78.654,80.431,86.195,71.762
PBX1,15.294,22.563,28.741,23.888,28.86,33.728
NDUFA4L2,24.923,30.19,30.029,30.782,35.122,33.837
SHC4,0.787,1.013,1.453,1.797,0.568,1.259
KRT79,0.08,0,0,0,0.036,0
ZFP36L1,114.872,185.078,197.329,154.134,168.553,183.994
UBE2L3,59.415,56.747,55.827,59.357,59.597,57.126
NTF3,4.225,4.341,3.827,5.563,5.959,6.434
BRWD1,14.12,13.284,14.646,11.856,8.74,11.471
SMIM23,0,0,1.25,0,0,0
PMEL,0.667,0.454,1.252,1.354,0.506,0.586
SYN3,0.725,0.865,0.511,0.309,1.001,1.508
POU3F1,0.028,0.028,0,0.025,0.05,0
SNAI3,0.704,0.908,0.588,0.598,0.408,0.548
ZBTB3,2.454,3.475,2.063,1.378,1.358,2.342
LYG2,0,0,0,0,0.105,0
MORN5,0,0.463,0,0,0.143,0.183
PRAME,0,0,0,0,0,0
MYBL1,11.61,14.146,13.713,17.209,15.369,17.098
MOSMO,17.233,12.356,12.423,15.807,9.069,11.008
DRG1,42.507,48.013,46.883,44.276,48.36,40.087
ANKFY1,22.498,24.018,23.098,20.15,15.988,21.376
YTHDF3,36.065,38.203,37.331,33.183,25.854,33.719
ZNF696,6.851,9.366,9.19,6.426,7.325,6.826
ADARB2,0.028,0.028,0.02,0.017,0.043,0.017
NRG3,0,0,0,0,0,0
SRL,0.115,0.038,0.082,0.017,0.034,0.088
C11orf87,0.379,1.23,2.206,2.069,6.494,5.212
IFIT1,1.722,3.303,5.082,2.842,6.434,4.08
CXorf38,6.722,7.302,7.953,6.463,5.445,5.786
CLDN24,0.58,0.638,0.546,1.119,0.155,0.488
KCNQ5,3.142,2.583,2.294,3.131,2.288,3.329
ADAMTSL5,17.862,14.865,17.759,18.943,19.986,25.509
KCNIP4,0,0,0.531,0.184,0,0.211
SPATA31A6,0,0,0,0,0,0
MORF4L1,446.836,448.393,468.658,505.041,546.845,447.163
NLRP9,0.023,0.024,0.119,0.025,0,0
WDR53,6.419,9.042,11.685,11.465,6.912,9.455
DMWD,53.099,63.662,58.213,48.724,37.085,61.907
SLC52A2,44.009,33.672,31.289,36.06,33.305,33.378
PIGP,13.254,14.432,15.448,12.587,15.802,16.069
IKZF1,0,0,0,0,0,0
PCYT2,15.285,16.066,15.012,13.94,15.126,18.423
NAT8L,0.262,0.17,0.265,0.286,0.047,0.167
OR6C76,0,0,0,0,0,0
NPAP1,0.289,0.244,0.608,0.267,0.12,0.328
BCAP31,196.6,176.014,170.81,184.19,179.284,170.683
ARL17A,14.578,19.313,16.601,14.975,10.88,15.39
GNB1L,7.867,5.217,6.363,6.912,6.796,5.768
DNAH14,2.968,1.914,2.048,2.669,2.026,2.638
CCDC190,0,0.032,0,0,0,0
EVI2B,1.62,1.74,1.54,1.603,1.564,1.511
TMEM210,0,0,0,0,0,0
NPIPB4,29.942,39.492,38.237,25.432,10.553,36.054
ZNF829,1.702,1.576,2.25,2.075,1.874,1.959
TMPRSS11B,0,0.069,0.112,0,0.029,0.065
THNSL1,1.79,2.448,1.881,2.21,2.382,2.053
TRIM69,2.004,3.631,3.001,2.196,2.096,2.686
ATP6V0C,196.001,180.763,181.723,173.696,170.684,188.183
IFITM1,155.625,182.909,202.824,164.841,212.942,177.703
PRSS38,0,0,0,0,0,0
BPY2C,0,0,0,0,0,0
LAMP1,280.698,290.345,290.287,271.453,292.362,277.581
FFAR3,0,0.08,0,0,0,0
TAS2R60,0,0,0,0,0,0
POMK,5.647,4.812,3.47,5.79,2.345,6.762
C16orf54,0.269,0.229,0.454,0.091,0.031,0.36
KLHDC8B,13.482,14.732,15.457,15.425,19.096,15.405
KLHL34,0,0,0.024,0,0,0
SETD4,10.452,11.484,12.967,8.904,11.443,14.496
PTCH1,3.389,3.651,5.148,2.223,2.587,5.095
RTN4RL1,5.521,5.764,5.084,4.574,4.968,4.458
OR4C46,0,0,0,0,0,0
CALHM1,0.332,0.192,0.401,0.128,0.223,0.338
KRTAP5-5,0,0,0.227,0,0,0
NKAIN3,0.578,0.607,0.903,0.51,0.25,0.549
RNPC3,5.579,6.912,11.359,7.624,7.252,8.614
ZNF267,5.997,5.997,6.734,5.292,4.137,5.024
IRS2,18.173,18.531,19.166,12.153,9.591,13.142
C7orf61,0.497,0.502,0.528,0.825,0.775,1.118
FAM186A,0.164,0.549,0.351,0.301,0,0.222
SHOX,0.216,1.15,1.087,0.777,0.092,0.127
LCE3A,0,0,0,0,0,0
BICD2,26.447,26.197,24.522,26.179,20.085,25.006
LCE3E,0,0.194,0,0,0.516,0
CCIN,1.549,1.818,1.177,2.75,2.431,2.893
TMLHE,8.294,6.308,7.367,7.632,8.24,5.962
GRK1,0.057,0,0.02,0.017,0,0
DEFB128,0,0,0,0,0,0
SLITRK2,0.041,0.051,0.154,0.009,0.037,0.019
PLK5,0.687,0.932,0.414,0.395,0.083,0.716
RASA3,67.928,53.896,47.461,59.176,39.374,51.163
LRCH3,20.578,23.134,26.244,21.477,17.698,20.007
LEMD1,0.197,0,0,0,0,0
ATP4B,0,0,0,0,0,0
NDUFA13,348.033,344.581,333.678,336.836,430.074,359.818
ZNF566,2.264,3.078,2.372,2.327,2.783,2.342
ZNF529,2.45,4.557,5.279,5.973,4.332,4.561
ZNF284,1.88,2.127,1.59,2.521,1.438,1.963
HTR3E,0,0,0,0,0,0
DLEU7,0.041,0.041,0,0,0.074,0.074
KRT73,0,0,0,0,0,0
TAL2,0.339,0,0,0,0.307,0.462
AIDA,121.89,112.07,106.253,123.591,101.553,112.927
CDIN1,5.795,7.509,6.823,7.842,9.129,9.152
CD300LF,0,0,0,0,0,0
ZPBP2,0.273,0.078,0.249,0.25,0.035,0.284
KRT5,79.374,158.393,25.415,2.642,59.914,1.905
NBPF6,0,0,0,0,0,0
GSAP,1.094,0.791,0.464,0.935,0.794,0.597
HTR3D,0,0,0,0,0,0
OR4F5,0,0,0,0,0,0
AGBL4,0.021,0.069,0,0.044,0.104,0.019
ARGFX,0.772,0.89,1.092,0.718,0.462,0.937
CYP2R1,3.72,4.373,4.369,3.553,2.459,4.007
LRRC70,0.236,0.481,0.084,0.147,0.213,0.258
ANKRD46,7.361,6.435,8.323,4.819,5.703,7.602
PIP5K1C,51.806,50.804,50.046,43.363,40.33,52.477
OR5D14,0,0,0,0,0,0
CYP4F2,0,0.083,0,0,0,0
TEX38,0,0.284,0.414,0,0,0
OR5D18,0,0,0,0,0,0
ZBTB6,4.555,5.14,4.974,4.431,3.796,4.921
C2orf76,13.404,14.165,11.565,12.263,14.263,11.59
TAS2R42,0,0.106,0,0.097,0,0
POLR3C,23.1,22.494,21.852,20.667,23.619,24.053
PRR30,0,0,0,0,0,0
DEFB131A,0,2.659,0,0,0.63,0
UBL4B,0,0,0.063,0,0.054,0.054
WWOX,8.267,6.793,9.683,5.047,7.18,7.851
CYP4Z1,0.039,0.079,0,0,0,0
CENATAC,7.018,8.768,9.347,8.003,4.995,8.383
BCL9L,41.578,54.15,52.344,44.151,40.943,55.45
POLR1D,108.353,129.242,120.784,118.02,143.588,112.578
KIF18B,5.341,6.035,6.956,6.797,4.694,7.25
ZNRF1,20.047,18.873,19.064,16.822,13.475,14.656
FFAR4,0.056,0.048,0.098,0.172,0.088,0.147
BPIFB3,0,0,0,0,0,0
BPIFB4,0.18,0.288,0.268,0.23,0.195,0.392
SAPCD2,4.81,5.145,5.413,5.578,6.568,6.74
EDARADD,0.187,0.106,0.378,0.323,0.214,0.403
SLC51B,0,0.657,0.23,0,0,0.295
CYP4F12,0,0,0,0,0,0
MTARC1,0.347,1.184,0.445,0.358,0.581,0.45
LCE5A,0,0,0,0,0,0
SOWAHB,0.02,0.081,0.043,0.055,0.073,0
BLOC1S4,19.028,18.38,17.711,17.817,21.128,18.991
LCE1E,0,0,0,0,0,0.071
ZNF749,6.041,3.646,5.004,7.568,2.427,6.387
KLHL32,0,0.063,0,0.029,0,0
MRTFB,6.52,9.012,6.06,6.554,4.128,5.089
BTLA,0,0.153,0.028,0,0,0
ZNF17,2.76,3.186,3.073,3.662,3.077,3.336
KDM4D,0.672,0.504,0.702,0.663,0.907,0.712
GPAT2,1.445,1.204,1.153,2.243,2.709,2.32
TOR3A,20.83,23.107,23.241,19.533,20.675,20.45
PABPC1L2A,0.114,0.076,0.041,0,0,0.034
GABRA5,0.156,0.098,0.484,0.287,0.089,0.178
PPP1CC,106.075,102.955,101.762,94.656,100.836,95.373
ZNF555,1.497,1.754,2.48,1.987,3.164,2.368
OR10T2,0,0,0,0.097,0,0
NAP1L3,2.424,3.055,4.422,1.894,2.749,2.348
PRELID2,3.579,3.497,3.436,4.05,3.209,2.939
BACE1,49.067,57.193,54.614,47.478,45.234,51.264
RGS9BP,0.296,0.346,0.182,0.194,0.154,0.249
TMEM212,2.875,2.552,3.514,3.143,1.32,2.883
SLC36A3,0,0.029,0,0,0,0.139
SLC36A2,0.17,0.437,0.305,0.153,0.133,0.367
THBS2,287.217,278.34,294.191,307.428,275.128,345.521
RXRA,31.583,33.015,33.815,38.214,40.558,40.118
ANKRD37,20.619,19.259,21.601,20.548,24.953,19.652
NUDT17,2.024,1.763,1.882,2.268,1.348,2.733
MINAR2,0.11,0.15,0.393,0.033,0.099,0.302
ZNF75D,5.52,6.379,7.675,5.332,4.918,5.79
CYP4X1,0,0,0,0,0,0.034
KRT26,0,0,0,0,0,0
KRT10,29.421,31.129,21.629,20.845,29.643,20.112
GOLGA8R,1.234,2.878,3.73,1.271,1.741,1.586
CD300E,0,0.047,0.154,0,0.123,0
CCDC30,2.246,3.394,3.417,2.535,2.204,2.84
NKRF,4.397,5.502,4.783,5.138,5.633,5
GLDN,1.259,0.858,0.604,0.314,0.037,0.212
FCAR,0.531,0.241,1.193,0.392,0.312,0.595
KPNA4,54.353,44.999,41.418,43.095,36.85,42.843
TRDN,0.017,0,0,0,0,0
OR6P1,0,0,0,0,0,0
KRT3,0,0,0,0,0,0.033
ZNF501,2.241,3.321,2.94,3.599,2.644,3.428
ZNF197,7.923,8.778,8.346,9.048,9.017,8.239
SPATA12,0,0,0,0,0,0.141
TMPRSS12,0.126,0.05,0,0.045,0.045,0.158
FAM228A,1.202,0.573,0.882,0.433,1.373,0.562
DEFB132,0,0,0,0,0,0
NAP1L2,0,0.066,0.105,0,0.03,0.059
RPS23,2516.151,2539.295,2455.856,2525.905,3232.729,2513.547
GNG2,27.543,33.362,26.87,26.812,21.591,23.762
BTN3A2,13.096,11.15,11.18,11.704,12.299,11.825
AKAP14,0,0,0,0,0,0.099
PCLO,0.005,0.005,0.005,0,0.039,0.008
KLK12,0,0,0.314,0,0,0
RGS7BP,0.018,0,0,0,0,0
INSIG1,26.947,23.956,22.458,17.574,16.275,19.042
MYT1L,0.207,0.083,0.162,0.116,0.048,0.047
ZNF396,1.158,1.173,2.997,0.735,1.117,1.292
TMEM222,40.953,46.234,46.576,44.122,55.142,51.403
OR9Q1,0,0,0,0,0,0.031
CLCNKA,0.101,0.032,0,0.031,0.055,0.078
OR9Q2,0,0.022,0,0,0,0
ARHGAP30,0.141,0.125,0.067,0.084,0.113,0.106
SEPTIN10,101.561,92.177,92.159,99.578,80.676,89.842
FAM86B1,13.227,12.096,17.008,15.229,12.67,11.69
CYP4F8,0.172,0.057,0.122,0.104,0,0.078
CYP4F3,0.35,0.397,0.547,0.361,0.299,0.217
SMYD4,7.273,7.025,7.706,6.115,6.032,6.536
DEFB105A,0.502,0.921,0.37,0.226,0.132,0.34
FOXD2,0.157,0.189,0.101,0.172,0.198,0.229
GPATCH8,15.39,20.783,19.68,16.72,13.447,18.135
CEACAM19,12.406,12.354,15.507,9.645,6.587,11.944
DEFB107A,0,0,0,0,0,0
NF2,27.512,27.498,22.6,30.689,26.539,33.178
SMIM29,75.953,73.66,60.044,62.793,50.119,54.911
DEFB106A,0,0,0,0,0,0
SPATC1,0.146,0.079,0,0.167,0,0.071
UBE2H,58.178,82.015,76.709,61.998,66.207,72.501
DEFB105B,0,0,0.237,0,0,0
HPDL,0.383,0.336,0.662,0.657,0.561,0.652
KATNA1,22.012,23.953,24.104,26.325,26.712,25.269
FSD2,0.669,0.592,0.448,0.27,0.2,0.225
ARAP1,49.796,64.221,59.87,67.245,56.193,63.539
KIF24,1.675,3.505,1.985,2.239,1.36,2.639
PDE2A,0.097,0.202,0.154,0.211,0.262,0.026
SPDYE17,0.254,0.209,0.111,0.274,0.167,0.094
CARMIL3,0,0.052,0.112,0.016,0.031,0.032
PRG2,0,0,0.354,0,0.12,0
PRR5,15.252,16.457,15.564,16.281,20.427,21.425
ZFP91,39.657,36.499,34.574,38.572,32.187,36.144
C17orf58,14.329,13.205,14.022,16.279,17.844,15.122
BCDIN3D,3.473,2.867,3.065,3.359,3.145,3.586
MAGEE2,0,0,0,0,0,0
CYP27C1,0.856,0.469,0.352,0.432,0.22,0.398
LYRM7,7.862,10.646,11.732,8.678,5.741,9.031
CFAP73,0.576,0.125,0.93,0.576,0,0.114
CCDC73,0,0.018,0,0,0,0.017
BCR,18.779,17.375,16.894,15.919,14.035,17.224
OR10H1,0.707,0.7,0.855,0.46,0.543,0.682
MPPED1,0,0,0,0,0,0
FSCN2,0.313,0.524,0.175,0.743,0.052,0.573
FOXI2,0,0,0,0,0,0
SPIN4,3.032,3.54,2.536,4.156,3.489,3.913
ZNF732,0.108,0.144,0.166,0.299,0.292,0.166
SPIN2B,10.726,9.518,10.364,6.673,7.136,12.66
SPATA31D3,0,0.015,0,0,0,0
FOXE3,0.049,0.297,0,0.045,0,0.045
HYAL3,3.617,4.627,5.916,5.457,5.147,4.709
KCNK18,0,0,0,0,0,0
IFNA10,0,0,0,0,0,0
VSIG10L,0.86,1.542,1.291,1.204,1.032,0.82
CXCR3,0,0,0,0,0,0
ZNF397,12.006,11.797,12.941,10.68,7.426,11.011
ZSCAN30,19.097,19.569,19.151,23.055,15.481,20.504
TPCN1,23.968,25.527,28.026,20.332,20.723,23.94
LILRB4,0.168,0.297,0.187,0.075,0.018,0.283
TNFRSF4,0.179,0.18,0.095,0.247,0,0
KRT16,28.121,51.406,12.746,1.021,20.909,0.976
HEXIM1,32.1,34.518,35.835,30.282,25.122,31.961
SELENOV,0,0.156,0.166,0.047,0,0.047
LCE1A,0,0.191,0,0,0,0
KRT14,54.072,103.993,21.385,3.21,39.057,3.222
TRABD2A,0.663,1.513,1.573,0.894,0.982,1.197
KRTAP17-1,0,0,0,0,0,0
PDZD7,1.834,2.919,3.928,1.838,1.543,3.633
POFUT2,48.641,51.384,49.079,46.485,54.866,52.349
QRFPR,0.036,0.074,0,0.023,0.098,0.066
MAPT,0.856,1.024,1.049,0.986,1.43,1.063
ERCC6L,3.269,3.272,3.146,4.557,2.53,3.407
OR13F1,0,0,0,0,0,0
OR5D3P,0,0,0,0,0,0
TMEM17,4.453,4.224,4.683,3.518,5.137,5.483
TNFRSF18,0.314,0.407,0.333,0.146,0.328,0.428
FGF3,0,0,0,0,0,0
C1QL4,0.041,0.041,0.132,0.038,0.037,0.037
RTN4RL2,1.845,1.604,2.517,2.341,2.269,3.387
ZDHHC17,11.779,12.978,13.173,10.083,8.113,11.154
SERPINA11,0,0,0,0,0,0
P2RY4,0.042,0,0.224,0.038,0.189,0
ZNF395,81.038,85.078,76.811,92.768,74.753,96.627
ZACN,0.073,0.461,0.166,0.213,0,0
KRTAP22-1,0,0,0,0,0,0
KRTAP19-6,0,0,0,0,0,0
KRTAP6-2,0,0,0,0,0,0
OR13C8,0,0,0,0,0,0
PPARA,14.042,21.967,13.24,15.734,15.757,19.22
TMEM232,0.429,1.904,0.719,0.675,0.267,0.954
KRTAP19-2,0,0,0,0,0,0
KRTAP19-4,0,0,0,0,0,0
KRTAP15-1,0,0,0,0,0,0
KRTAP13-4,0,0,0,0,0,0
FAM183A,0,0,0,0,0.579,0
EFCAB6,1.042,1.668,1.674,1.611,1.567,2.737
KRTAP19-5,0,0,0,0,0,0
KRTAP23-1,0,0,0,0,0,0
KANK3,0.508,0.612,0.501,0.393,0.339,0.309
EMID1,0,0.042,0.044,0.038,0.141,0.038
ACTL7A,0,0,0,0,0,0
KRTAP21-1,0,0,0,0,0,0
RHD,0.887,1.155,1.495,0.517,0.875,0.842
ESPN,0.232,0.184,0.108,0.22,0.327,0.054
PNLIPRP1,0,0,0,0.138,0,0.135
PTRH1,25.414,22.429,17.58,21.65,21.051,22.515
KRTAP21-2,0,0,0,0,0,0
SAMD7,0,0,0,0,0,0
GPR141,0.168,0.025,0.342,0.122,0.021,0.207
TMPRSS6,0.184,0.126,0.364,0.096,0.118,0.283
CYP4A11,0.112,0.221,0.035,0.37,0.089,0.18
TMEM216,7.771,10.49,12.476,12.818,15.923,14.248
RPS19BP1,75.995,68.749,72.229,72.523,96.596,75.954
TMPRSS11A,0,0,0,0.025,0,0
TMEM262,0.333,1.056,0.829,0.241,0,0.468
C3orf70,0.812,0.639,0.528,0.932,0.416,0.624
TEAD1,59.716,62.244,60.418,69.394,54.485,75.978
OR2AK2,0,0,0,0,0,0.074
DEFB106B,0,0,0,0,0,0
PLCD1,15.237,19.179,17.862,17.205,17.344,17.696
CCK,0.875,1.013,0.768,0.926,0.392,0.341
ENTPD5,7.303,8.362,7.691,6.937,4.762,6.044
MITF,1.252,1.428,1.639,1.1,0.599,1.978
HEATR4,0.388,0.128,1.246,0.508,0.156,0.803
NAP1L1,575.287,576.105,575.647,602.498,639.752,577.021
LILRA5,0,0,0.076,0.082,0,0
CMC1,25.725,23.214,21.119,21.321,20.573,23.283
SLIT1,0.04,0.117,0.075,0.027,0.044,0.027
LYPD6,5.266,5.583,5.778,6.683,6.929,6.854
AKR1C1,199.765,175.968,173.368,201.093,153.817,184.45
VSTM2B,0,0,0,0,0,0
FOXD3,0,0,0,0,0,0
SPATA21,0.251,0.26,0.892,0.279,0,0.153
RNF220,57.971,49.633,50.183,63.019,67.844,61.652
ANGPTL5,0.198,1.014,0.303,0.097,0.545,0.541
SHTN1,2.072,2.173,2.462,2.259,2.269,1.843
H1-7,0,0.071,0,0,0,0
LCE4A,0,0,0,0,0.348,0
LCE2A,0,0,0,0.181,0,0
KRTAP12-1,0,0,0,0,0,0
LCE2C,0,0,0,0,0,0
ZNF546,1.027,2.453,2.802,2.667,1.493,4.124
TSPYL4,10.928,12.229,13.052,10.764,9.76,13.001
DAZ3,0,0,0,0,0,0
MT1X,68.643,65.794,60.776,51.287,46.786,31.72
GCNT1,12.138,14.591,15.721,17.146,15.96,18.313
LCE2D,0,0,0,0,0,0
SESTD1,11.405,11.884,9.468,8.687,7.571,10.009
LCE3B,0,0,0,0,0,0
FNBP1,35.637,41.254,39.358,37.091,33.871,38.676
DYNC2H1,7.105,12.255,10.259,9.826,6.076,10.016
KRT12,0,0,0,0.042,0,0.167
MAGED4B,34.516,23.121,34.558,16.76,23.47,23.934
BCAM,6.51,7.96,6.641,5.741,8.869,7.504
RSBN1L,7.703,9.18,9.068,8.764,6.715,7.856
NPSR1,0,0,0,0,0,0
WDR86,0,0.064,0,0,0.171,0
EPOR,5.426,6.301,5.602,4.861,4.395,6.152
FAM9C,0.095,0.068,0.089,0.273,0.025,0
KRTAP9-8,0,0,0,0,0,0
CIDEC,8.095,6.51,6.563,5.775,6.332,4.117
DCC,0,0,0.009,0,0.007,0
TAF9B,11.767,12.649,12.087,16.333,12.201,15.576
PCDHB13,1.221,1.905,1.862,1.587,1.239,1.704
MAGI2,1.369,1.524,1.64,1.028,0.909,1.182
LUZP2,0.049,0.064,0.12,0.059,0.058,0.073
LHFPL3,0.061,0.025,0.027,0,0,0
CHP1,75.233,74.705,86.516,71.825,69.203,73.024
FPR3,0.076,0.115,0.041,0.105,0,0.035
H1-6,0,0.307,0,0,0,0
C11orf96,19.776,27.911,27.537,26.657,28.984,33.11
KCNJ11,0.141,0,0.051,0,0.043,0.049
CDHR4,0.283,0.393,0.543,0.538,0.089,0.399
COL4A1,50.866,51.013,46.676,40.493,38.27,45.607
PLEKHG7,0,0,0,0,0,0
GJA4,0,0,0,0.251,0,0
PTMA,944.491,947.933,861.515,990.716,910.637,928.586
H2AP,0,0,0,0,0,0
HSPA14,9.63,10.992,10.699,8.006,8.966,9.353
ATP13A5,0,0,0,0,0,0.392
SIRT7,17.622,21.287,25.173,16.442,15.416,18.069
PRR27,0.197,0.329,0.264,0.178,0.173,0.2
IFT140,14.907,20.072,20.08,14.863,13.77,16.063
POTEG,0,0,0,0,0,0
PRAMEF10,0,0,0,0,0,0
AGMO,0,0.102,0.4,0.25,0.275,0.463
SBK2,0.308,0.268,0.301,0.447,0.082,0.429
CYP26C1,0,0.058,0,0,0,0
TLR5,0.029,0.058,0.124,0.054,0.356,0.079
USP7,49.202,44.886,45.088,44.108,34.302,41.731
NANOS3,0.524,0.212,0.295,0.258,0.753,1.513
FOXD4L3,0,0,0,0,0,0.035
NHLRC1,2.913,2.773,2.762,2.838,1.434,2.661
DPPA3,0,0,0,0,0,0
COX8C,0,0,0,0,0,0
PLEKHN1,2.583,2.131,2.004,3.729,1.955,3.619
ZNF385C,0,0.043,0.092,0.039,0.129,0.157
MAGEH1,20.479,17.675,19.714,19.284,20.94,19.557
TET3,1.782,1.847,2.091,1.958,1.589,2.375
ZNF286A,11.204,17.72,13.174,11.602,11.069,14.161
ISG15,28.897,29.318,27.205,26.788,32.471,25.581
EXD3,9.056,8.109,12.529,9.931,9.503,10.467
OR5W2,0,0,0,0,0,0
MYMK,0,0,0,0,0,0
C17orf97,1.415,3.48,2.107,2.605,1.232,2.467
ZKSCAN4,1.486,1.944,2.043,1.824,1.871,2.103
RGPD1,0,0.24,0.216,0.45,0,0.259
DHRS4L2,23.636,24.598,29.074,21.453,27.965,21.827
SAMD11,3.158,3.198,2.399,2.889,3.108,6.24
PERM1,0.098,0,0.054,0.063,0,0
VMAC,2.581,3.276,4.08,3.317,1.984,3.028
C5orf52,0,0,0,0,0,0
HAPLN4,0.394,0.283,0.298,0.392,0.317,0.444
ERC2,0,0.025,0.041,0,0.011,0
B3GLCT,7.123,6.788,6.052,6.985,5.185,6.324
SPRY4,23.888,17.326,15.55,22.014,10.381,15.99
ERAS,0,0.127,0,0.233,0,0.133
TRPV2,47.675,40.839,39.493,50.228,39.242,45.994
AMTN,0,0,0,0,0,0
EZHIP,0,0,0,0,0,0.041
C2orf88,0.611,1.718,0.213,0.822,0.391,1.101
OR2T27,0,0,0,0,0,0
TMEM203,41.811,39.969,40.427,37.863,41.454,38.21
SLC18A3,0,0,0,0,0,0
KBTBD12,0.107,0.104,0.105,0.091,0.06,0.036
THSD4,12.526,14.548,12.356,14.727,7.208,13.262
DNAJB13,0,0.575,0.259,0.127,0,0.374
GABRD,0,0,0,0,0,0
AMY1C,0,0,0.019,0,0,0.102
TCEA1,120.751,118.697,148.827,131.608,158.399,132.237
NHEJ1,13.169,13.053,15.199,12.934,13.973,16.333
FANCA,8.92,8.687,7.312,8.11,5.28,7.54
SECISBP2,12.388,11.693,12.345,12.394,8.497,10.082
OR52B6,0,0,0,0,0,0.088
C9orf153,0.732,0.183,0.065,0.551,0.136,0
SSX7,0,0.204,0.142,0.123,0,0.165
ADH1A,0.062,0.314,0.398,0.227,0.224,0.728
SEMA4D,3.145,1.84,2.457,2.025,2.467,3.645
KRTAP10-8,0,0,0,0,0,0
LIN28B,0.337,0.581,0.586,0.205,0.1,0.606
DIPK1C,0,0,0,0,0,0
DNAH17,0.3,0.141,0.277,0.273,0.076,0.154
MCRS1,30.373,34.004,33.302,35.759,36.249,37.678
TMEM72,0,0,0.061,0,0,0
FANCM,1.825,3.04,3.322,2.773,2.523,2.226
FAM205C,0,0.303,0.313,0,0,0.087
ZNF70,1.912,2.001,2.325,2.138,1.314,2.255
CARD9,3.517,5.42,4.774,4.429,4.914,6.238
PEAR1,0.899,1.527,1.277,2.006,3.723,2.703
ZFP69B,2.519,2.067,3.428,1.862,2.23,2.23
TMEM202,0,0,0,0,0,0
SOWAHD,0,0.11,0.175,0,0.049,0.099
ZFP69,2.719,2.585,1.785,2.41,2.351,2.725
HELT,0,0,0,0,0,0
RTL4,0,0,0,0.117,0,0.029
TMEM220,4.889,6.111,4.885,6.798,4.069,5.99
C2orf78,0,0,0,0,0,0
H1-2,14.304,17.712,12.504,13.161,12.675,12.727
PLSCR3,69.355,78.479,68.27,81.364,73.203,83.787
EIF4EBP1,143.083,140.344,124.923,160.232,184.83,153.592
P2RX2,0.184,0,0,0.042,0,0.078
ASCL4,0,0,0,0,0,0
OR6C75,0.126,0.38,0.52,0.243,0.128,0.244
CCDC157,2.013,2.689,2.046,1.894,2.293,2.934
TTC24,0.084,0.14,0.327,0.178,0.05,0.203
PABIR1,5.316,6.158,6.136,5.293,5.615,6.124
PALM3,0.862,0.675,0.678,0.604,0.337,0.674
GFRAL,0,0.091,0,0.042,0,0.206
FYB2,0,0,0,0,0,0
SHISA7,0,0.025,0,0.033,0.011,0.023
LRRC74B,0,0.16,0.339,0.293,0.215,0.145
DMBT1,0,0,0,0,0,0.019
CLEC17A,0.369,0.194,0.216,0.299,0.049,0.302
OR51I2,0,0,0.026,0.023,0,0.045
LCN10,0,0,0,0,0,0
LDLRAD2,1.881,1.66,2.091,1.273,1.103,2.508
C2orf66,0.48,0.414,0.073,0.126,0.186,0.062
OVCH1,0.048,0.425,0.026,0.044,0.043,0.022
CYHR1,52.906,50.14,54.91,45.398,50.542,53.064
COL14A1,3.164,3.71,5.249,3.104,5.446,3.989
DNER,0.403,0.252,0.08,0.023,0.091,0.091
CPSF4L,0,0,0.077,0,0,0.162
KLHL17,14.782,16.005,16.972,15.549,8.736,17.78
ZCCHC13,0,0,0,0,0,0
PLA2G2C,0.31,0.34,0.215,0.161,0.182,0.229
ZSCAN23,0.711,1.289,1.064,1.055,0.947,0.931
RINL,2.006,1.921,3.323,1.469,2.109,1.802
C17orf99,0,0,0,0,0,0
OR7D2,0.341,0.49,0.39,0.367,0.214,0.341
TPRG1,0.055,0.379,0.015,0.194,0,0.381
MORN2,21.961,23.884,25.115,22.642,32.03,23.679
RTP5,0,0,0,0,0,0
S100A3,20.593,25.757,19.458,31.35,30.553,28.598
UBQLN2,21.32,21.919,19.857,17.769,15.826,17.257
RILPL1,22.959,19.492,21.993,19.274,19.948,22.335
C19orf67,0,0,0,0.057,0,0
ZNF490,0.903,1.079,1.269,2.115,1.119,1.645
CLCN1,0.026,0,0,0.047,0,0.082
NRN1L,0.187,0.381,0.594,0.493,0.801,1.997
NWD1,0.1,0.159,0.149,0.041,0.01,0.08
ARL4C,22.679,23.682,23.781,19.303,19.09,19.23
RNF133,0,0,0,0,0,0
TMEM221,0.169,0.254,0.09,0.308,0.38,0.153
TREML4,0.066,0.066,0.07,0.03,0.03,0
RAB42,2.519,3,2.854,4.116,4.204,4.025
WNT7B,0,0.147,0.226,0.038,0.139,0.093
C11orf95,36.409,41.098,34.775,40.778,26.826,35.726
SCGB1C1,0,0,0.177,0,0,0
PRSS45P,0,0,0,0,0,0
PLA2G4E,0.121,0.168,0.065,0.083,0.014,0.028
GPR89B,2.338,3.298,3.609,5.445,2.547,2.109
MESP2,0.281,0.054,0.374,0.59,0.58,0.438
FAM25A,0,1.454,0,0,0,0
EYS,0.016,0.242,0.11,0.062,0.097,0.285
C6orf132,3.192,4.987,4.39,7.059,7.535,8.241
DAZ1,0,0,0,0,0,0
OR2AG2,0.02,0,0.061,0.038,0.138,0.017
MAPK12,24.481,19.667,18.792,21.016,17.581,22.883
TMEM215,0,0,0,0,0,0
NUTM2G,0.407,0.459,0.448,0.22,0.078,0.254
COL4A5,2.363,2.705,4.262,2.657,2.415,2.487
KRTAP10-6,0,0,0,0,0,0
AGRN,102.064,105.508,104.951,86.154,86.889,106.148
NHS,3.521,2.987,3.005,2.582,1.421,2.397
OTOG,0,0,0,0.008,0,0
FAM166A,0,0.442,0,0,0,0.222
TMPPE,0.639,0.875,0.932,0.819,0.341,0.816
ZNF626,3.827,4.761,3.612,4.681,4.802,4.086
HEPACAM2,0,0,0.049,0,0,0
SMTNL2,0,0,0,0,0,0
ZC3H6,1.95,2.648,2.631,2.447,2.084,2.921
LAMTOR4,95.666,94.634,94.225,76.881,114.696,82.142
PRKAR1B,7.815,9.407,8.577,8.284,12.28,10.583
NUTM2B,0.368,0.338,0.603,0.375,0.331,0.619
NCR3LG1,0.872,1.143,1.047,0.668,0.459,0.881
DCUN1D3,10.082,10.697,11.236,9.175,9.659,10.584
POTEE,0,0,0,0,0,0
ZNF793,1.83,1.165,1.131,1.617,0.611,0.596
TUBB4B,368.336,335.682,319.634,345.837,305.285,329.353
AGAP4,6.885,8.434,9.748,6.648,3.49,6.499
COMMD6,142.027,136.916,138.175,157.144,167.653,130.673
PLA2G2A,0,0,0,0,0,0
IL17REL,0.07,0.07,0.074,0.062,0,0
HYKK,1.717,2.813,2.473,2.63,4.464,2.851
OR7A5,0,0,0,0,0,0
C15orf62,1.495,1.122,1.519,1.023,0.581,1.264
RUFY4,0,0,0,0,0,0
ZNF383,3.785,4.072,5.289,4.804,2.983,3.632
HES4,8.492,8.301,7.204,10.727,7.182,12.212
IGFL1,0.682,2.766,0.434,0,0.493,0
ZNF669,5.127,5.219,5.294,2.429,1.875,2.263
PEAK3,0.033,0.492,0.494,0.09,0,0.326
LRRIQ4,0,0,0.051,0.087,0,0.043
CENPP,3.013,2.569,3.457,5.241,4.315,2.813
PLSCR1,15.141,17.624,20.516,17.913,17.635,21.196
C3orf62,2.512,3.634,3.992,3.521,1.779,4.178
ENO4,0.121,0.303,0.257,0.439,0.305,0.467
ZNF559,14.271,16.973,18.15,12.514,16.603,12.538
SBK1,0.274,0.321,0.24,0.235,0.245,0.453
OR6C6,0.12,0.437,0.128,0.055,0.159,0.274
BSPH1,0,0,0,0,0,0
SLC38A3,0,0.212,0.228,0.414,0.025,0.188
OR6N2,0,0,0,0,0,0
GTF2F2,31.069,25.616,25.764,29.05,25.092,24.396
CIBAR1,41.1,44.944,45.605,38.293,41.289,35.03
FOCAD,14.375,16.067,15.606,14.968,11.443,15.281
PRR19,0.637,0.948,1.193,0.733,1.263,0.529
ZP3,2.726,1.758,2.117,1.9,2.497,2.432
C10orf99,1.134,0.511,0,0,0.114,0
H3-5,0,0,0,0,0,0
IFNA2,0,0,0,0,0,0
JAKMIP3,0.299,0.25,0.2,0.36,0.503,0.476
PPP3R2,0,0,0,0,0,0
PDCD1,0,0,0,0,0,0
CLEC2A,5.631,6.562,6.273,8.891,10.738,7.684
GPR21,0,0,0,0.052,0,0
DYNLT4,1.41,2.3,2.29,1.729,0.956,1.161
SELL,0,0.036,0.076,0.065,0.032,0
MAGEB5,0,0,0,0,0,0
CHM,13.682,13.403,12.831,13.281,10.41,13.016
NANOS2,0,0,0,0,0,0
BLOC1S5,13.253,15.402,14.855,11.581,15.146,10.58
CERKL,0,0,0.22,0.126,0,0.158
SLC24A5,0,0,0,0,0,0
IER5L,10.165,13.116,14.934,16.656,26.397,20.846
H2AX,57.014,62.376,55.394,63.971,68.01,66.73
INSC,0.225,0.114,0.338,0.425,0.239,0.299
SERPINA5,0,0.038,0,0,0.138,0.105
C19orf54,6.407,5.453,5.932,6.047,4.746,7.931
LCTL,0.802,0.472,0.835,0.488,0.67,0.568
NCCRP1,0.67,0.936,0.801,0.721,0.402,0.853
KRTDAP,5.189,5.296,0.366,0,2.21,0
COL25A1,0,0,0.089,0.04,0.009,0.316
FAM83G,10.728,8.588,7.352,8.694,7.271,8.901
CFAP77,0,0.113,0,0,0,0.046
SRSF10,59.792,56.219,59.924,65.739,48.902,58.563
HBA2,0,0.209,0.641,0.191,0.348,0.745
DUSP28,1.165,2.218,2.162,1.946,2.012,2.072
CCDC9B,10.941,15.096,13.773,17.465,16.426,21.235
NBR1,67.857,72.562,72.732,68.692,68.399,67.581
OR2G6,0.201,0.359,0.259,0.156,0.104,0.297
RALGAPA2,2.578,3.753,2.465,1.906,1.704,2.177
NDOR1,9.769,11.021,10.552,10.526,6.641,11.198
FBLL1,0.206,0.623,0.439,0.695,0.744,0.562
NKAIN2,0,0,0,0.025,0.024,0.025
KRTAP1-1,0.442,1.006,0.235,0.92,0.599,2.31
PAQR9,0.054,0.009,0.04,0.082,0.033,0.065
CLEC20A,0,0,0,0,0,0.115
CFAP54,1.729,2.351,1.835,2.017,0.897,1.21
CLN3,19.973,21.522,24.703,16.57,18.626,19.314
FAM72B,2.382,3.069,2.767,2.068,2.178,4.079
ASAH2,0.231,1.999,1.965,0.797,1.284,0.345
SUMO2,316.67,285.154,315.523,375.651,396.398,346.159
NANOS1,0.946,0.693,1.28,0.554,1.319,1.093
HMX3,0.096,0.059,0.094,0.088,0,0.079
IGFL3,0,0.168,0,0.462,0,0.15
GOLGA8M,0.054,0,0.055,0.073,0.237,0
ZNF177,1.979,4.208,2.674,1.71,2.528,1.679
RTL6,19.792,20.503,20.173,21.389,19.786,22.003
DPYD,46.414,47.423,44.149,54.013,48.187,53.104
S100A16,497.342,354.358,274.566,440.134,309.454,361.3
PTAR1,13.654,12.105,13.733,12.218,7.879,12.214
CC2D2B,2.082,2.218,3.14,1.474,3.544,3.749
RNASE9,0,0,0,0,0,0
SAXO2,0.506,1.348,3.328,0.741,0.322,1.127
RHCE,0.308,0.25,0.63,0.527,2.417,0.592
C2orf80,0.128,1.039,0.274,0.357,0,0
IDO2,0,0,0,0,0,0
PARVB,58.95,54.246,53.568,57.249,64.82,56.94
SLC4A5,1.538,1.85,2.385,1.699,0.614,0.72
UROS,49.527,54.111,49.833,48.127,55.115,48.577
OR56A5,0,0,0,0,0,0
KRTAP24-1,0,0,0,0.049,0,0
ZDHHC9,34.992,31.73,31.81,38.499,31.577,36.771
ZBED6CL,0.1,0.166,0.194,0.136,0.164,0.166
QRFP,1.472,0.757,0,0.439,0.337,0.048
DUSP29,0,0,0,0,0.226,0.076
SMIM15,40.502,42.624,42.023,44.429,38.939,45.885
OSTN,0,0,0,0,0,0
VWC2,0,0.007,0.007,0.019,0,0
FAM221A,0.808,1.116,0.303,0.858,0.516,0.64
TMEM120B,9.62,7.989,6.853,5.665,5.2,7.006
FSIP2,0,0,0.022,0.013,0,0.007
RBM34,35.286,31.318,32.725,36.702,32.947,33.655
NOXA1,0.822,2.91,3.739,2.233,1.906,3.977
TMEM198,3.936,3.316,4.057,3.487,2.117,4.836
BCL2L15,0.085,0.215,0.089,0.059,0.072,0.016
FZD9,0.252,0.613,0.345,0.394,0.648,0.327
SPRED3,8.771,6.411,5.189,11.304,5.197,8.679
OPTC,0,0.063,0,0.058,0.402,0
PLET1,0.174,0.232,0.185,0.106,0,0.053
ADRB3,0.034,0.038,0.115,0.051,0,0.094
SKOR1,0.204,0.469,0.68,0.237,0.041,0.256
CATSPER4,0,0,0,0,0,0
PRELP,13.582,15.456,17.091,23.614,24.287,28.447
PLA2G2E,0,0,0,0,0,0
ZNF548,4.971,7.817,7.34,5.843,3.98,7.634
MTF1,4.848,5.218,5.886,4.868,4.67,5.408
TMCO2,0,0,0,0,0,0
SHISA6,0,0,0,0,0.01,0.01
TMEM201,6.697,7.159,7.136,7.481,5.802,7.851
NHLRC3,5.361,6.698,6.561,5.663,4.908,6.62
HMX2,0,0,0,0,0,0
SNTN,0.252,0.397,0.454,0.237,0.147,0.382
ZDHHC11,1.894,1.558,1.474,1.795,0.512,1.821
CALHM6,2.514,1.171,0.746,2.03,1.063,1.202
CNR2,0.097,0.14,0.19,0.084,0.014,0.056
SLX4,2.865,2.847,2.77,2.477,1.59,2.408
ENTPD8,0,0,0,0,0.073,0.256
RPL14,1064.635,1011.864,1057.503,1058.754,1241.905,937.797
BEND4,0,0,0.01,0,0,0
FAM78B,0.166,0.446,0.531,0.152,0.2,0.453
ZNF563,2.16,1.599,3.286,3.586,1.413,1.797
TMC3,0.37,0.319,0.286,0.306,0.389,0.381
FBF1,5.333,6.743,6.387,5.374,4.552,6.421
KLRG2,0.039,0.249,0.126,0,0,0
ASTL,0,0,0.112,0,0,0
MSL1,56.074,60.087,56.822,64.842,54.518,65.752
LRRK2,3.991,5.163,5.415,4.532,4.043,5.771
BSX,0,0,0,0,0,0
GJB3,0.436,1.022,0.412,0,0.524,0
INSYN2A,0.729,0.563,0.611,0.476,0.305,0.332
TRMT2B,7.152,8.922,8.589,8.65,6.398,7.272
HACD4,5.029,6.494,6.192,6.826,6.26,6.646
CFAP126,16.234,18.279,15.341,15.7,12.44,15.996
NYX,0,0,0,0,0,0
FAM120AOS,27.918,28.383,31.227,26.04,29.368,30.47
UTS2B,1.271,1.451,1.683,1.408,0.791,1.128
C9orf152,0.096,0.097,0.135,0.06,0.028,0.087
NOC2L,51.646,44.065,46.046,43.828,37.569,41.042
MSANTD1,0.259,0.698,0.306,0.14,0.052,0.105
AADACL3,0.02,0,0,0.018,0,0
NELFB,62.491,54.871,57.9,55.81,56.338,57.189
SLC15A5,0,0,0,0,0,0
LIPI,0.107,0.054,0,0.174,0,0.145
LRRC66,0.5,0.618,0.278,0.347,0.514,0.558
ZNF292,10.521,10.202,12.532,9.995,6.477,9.435
HUS1B,0.095,0.287,0,0.175,0,0.172
KCTD21,7.85,8.476,9.98,8.471,9.227,6.605
SBSN,48.398,47.749,45.598,41.602,41.274,45.764
ADAT2,1.481,1.492,1.363,1.468,0.886,1.47
KIR2DL4,0,0,0,0,0,0
MAGEB16,0,0,0,0,0,0
VHLL,0,0,0,0,0,0
DUSP21,0,0,0,0,0,0
ZNF567,4.308,3.886,3.948,4.126,3.887,4.428
NDUFA4,50.554,45.416,44.129,46.95,56.579,44.312
ANKDD1B,0.218,0.453,0.733,0.048,0.239,0.797
ALKBH2,22.565,19.304,19.985,17.516,19.328,22.782
RNFT1,7.763,8.628,8.09,3.963,5.429,6.653
RNF222,0.241,0.062,0.113,0.047,0.094,0.029
CGB5,0,0,0,0,0,0
RELN,0.236,0.41,0.309,0.309,0.267,0.367
FAM111B,9.753,8.485,7.897,13.204,6.645,10.159
APOD,45.861,41.523,48.657,50.492,53.875,46.772
H1-0,116.569,169.222,180.846,136.535,171.528,144.229
GAGE2A,0,0,0,0,0,0
LITAF,49.225,58.545,54.139,49.79,57.518,47.529
VSTM1,0,0,0,0,0,0
TMEM120A,42.755,41.847,38.234,44.891,54.837,40.792
ARID2,5.148,6.295,6.647,5.92,4.565,5.739
FAM25G,0.242,0.249,0.256,0,0,0
SF3B3,30.074,31.792,27.689,26.327,20.385,28.289
PRSS48,0.397,0,0,0,0,0
IL1RAPL2,0,0.215,0,0.048,0.048,0.193
BLOC1S3,13.677,11.395,10.764,9.537,10.563,9.476
SP6,0.171,0.36,0.205,0.253,0.516,0.327
ANKRD34B,0,0,0,0,0,0
PLAC9,71.787,81.207,76.939,86.138,117.453,94.994
FAM47B,0,0,0,0,0,0
NKAPL,1.696,1.754,1.297,1.455,0.812,0.77
FSCB,0,0,0,0,0,0
CLDN4,6.779,6.912,4.761,4.939,4.163,4.9
ZNF573,1.765,4.121,4.552,1.372,1.285,2.82
GRAPL,0.312,0.257,0.945,1.043,0.796,0.808
FAM47E,0.498,0.533,0.88,0.195,0.732,0.674
JPT1,107.851,101.692,92.651,95.41,97.283,95.133
ZNF527,2.013,3.621,2.665,2.75,2.374,2.185
ZAR1L,0,0,0.119,0,0,0
KRTAP10-12,0,0,0,0,0,0
S100A13,624.355,576.19,492.457,592.675,564.022,509.335
ZNF33A,5.204,6.211,6.352,7.101,5.627,6.586
OR14I1,0,0,0,0,0,0
KRT77,0.073,0.267,0.026,0,0.087,0
PCDH18,51.111,84.008,85.792,88.116,88.596,102.047
DCAF8L2,0,0,0,0,0,0
ZNF600,2.126,2.459,1.599,1.883,1.177,1.741
BTBD8,1.775,2.786,3.424,2.652,1.542,1.939
MAOA,0.268,0.309,0.307,0.263,0.241,0.318
C15orf61,4.741,5.286,7.929,6.266,9.792,7.038
NUGGC,0.392,0.528,0.733,0.579,0.111,0.452
TSPYL1,29.57,30.39,29.268,27.34,26.202,28.073
SPANXN3,0,0,0,0,0,0
TRIM64B,0,0,0.033,0.028,0.028,0
PNRC2,67.873,70.707,64.287,68.616,60.921,61.593
DRICH1,0.619,1.657,0.519,0.649,0.442,0.642
GJB5,0.337,0.879,0.143,0.123,0.425,0.061
FHIT,0.397,0.608,1.101,0.346,2.072,0.361
ALKAL2,0.238,0,0,0.146,0,0.575
ZKSCAN3,1.72,2.337,1.976,2.797,2.362,2.028
FOXR2,0,0,0,0,0,0
RRP7A,22.783,20.765,19.076,20.565,20.727,22.578
LIN54,7.754,8.27,9.091,10.176,7.574,8.635
FAM53B,8.034,8.188,8.67,6.276,7.23,6.817
FAM180A,109.58,87.537,74.049,103.216,48.509,67.566
BNIP5,0,0,0,0,0,0
SPANXN4,0,0,0,0,0,0
S100A14,8.739,17.971,3.989,0.699,5.581,0.139
KAZN,13.782,15.095,14.977,14.869,15.755,18.129
SLC35E2B,28.427,32.558,36.097,31.567,29.662,38.523
TOGARAM2,0,0,0,0,0,0
SPATA31D4,0,0.034,0,0,0,0.03
NEMP2,1.721,1.116,1.409,2.467,1.179,1.528
KIAA0408,1.542,0.731,0.553,0.746,0.332,0.759
GSPT2,10.113,8.359,10.73,8.268,8.539,8.206
TBC1D28,0.113,0,0,0,0,0
C8orf76,15.794,19.118,17.059,15.057,16.329,14.671
CXCL17,0,0,0,0,0,0.081
OTUD6A,0.206,0.102,0.167,0.047,0.092,0
HMGB1,312.445,313.379,312.805,325.835,313.911,288.667
MMP23B,1.241,0.283,0.305,0.454,0.453,1.589
SH2D5,2.929,5.088,2.846,2.957,1.092,2.728
ZFP92,0.322,0.358,0.279,0.45,0.167,0.466
NCR1,0,0,0.176,0.103,0,0.102
RASSF10,0,0,0,0,0,0
GJB4,0.125,0.502,0.066,0,0.113,0
OR2L13,0,0,0.051,0,0,0
BLOC1S2,22.401,19.863,31.2,19.328,24.223,21.343
SYCP2,1.87,1.337,2.254,1.324,0.761,2.558
ZNF724,0.654,1.792,0.666,1.241,1.113,1.357
IL1RAP,6.598,6.773,6.668,9.095,6.598,7.85
PTPRT,0.007,0.025,0.007,0.023,0,0.069
MYBPC1,0,0,0,0,0,0
PAX5,0.009,0.009,0.01,0,0.058,0.059
OR5K4,0,0,0,0,0,0
OR6M1,0,0,0,0,0,0
SPOCK3,0,0,0,0,0,0
ZNF676,0,0,0,0,0,0
ZNF699,2.815,3.677,3.168,2.682,2.314,2.814
TDRD7,8.116,7.999,7.112,7.588,6.707,8.225
CCDC189,4.244,4.536,3.98,4.27,4.077,2.678
OR8A1,0.431,0.636,0.415,0.243,0.126,0.271
KIAA0895L,11.871,11.791,11.299,14.745,6.389,12.968
HLA-DRB1,0.076,0.076,0,0.139,0.341,0.206
VN1R2,1.108,1.172,1.096,0.451,0.536,0.956
MYT1,0.098,0.115,0.163,0.189,0.062,0.131
SERPINA3,0.602,0.433,0.719,0.617,0.457,0.358
AKR1C3,33.926,49.736,58.363,68.92,90.772,72.989
SPATS2L,79.36,76.807,81.727,87.273,98.966,85.732
ZNF250,4.764,4.381,5.065,7.509,5.225,3.652
WDSUB1,10.737,12.773,13.857,13.001,13.377,12.677
ZNF79,2.806,3.328,4.486,3.574,3.526,4.138
S100A4,2724.208,2557.694,2443.747,3322.499,3311.931,2839.632
PLEKHG4,32.13,35.459,36.165,42.297,23.4,37.292
KRTAP4-3,0,0,0,0,0,0
FAT4,2.926,5.919,7.38,5.366,6.287,7.794
KIF19,0,0,0,0,0,0
OR6K2,0,0,0,0,0,0
ZNF681,0.232,0.307,0.394,0.392,0.444,0.523
ACADSB,10.143,8.786,10.862,9.006,7.24,8.347
STK40,21.755,21.228,21.266,22.185,20.134,23.342
OR10J1,0.153,0.102,0.075,0.029,0.145,0.034
TMEM63A,21.835,25.714,23.519,20.768,12.384,22.174
CTSE,0.064,0.059,0.173,0.056,0,0
SEMA4A,0.845,0.328,0.447,0.451,0.174,0.643
HRCT1,2.882,3.774,6.465,6.504,9.733,5.428
MPHOSPH8,41.698,40.143,53.908,38.02,31.735,40.429
GREB1,0.338,0.407,0.341,0.094,0.044,0.329
SIRPB2,0.063,0.064,0.033,0.142,0.104,0.085
ZNF766,10.389,12.54,17.228,12.381,9.206,8.794
RYR1,0.676,0.04,0.048,0.037,0.059,0.046
SRGAP3,0.379,0.805,0.882,0.663,0.383,0.594
KRTAP5-3,0,0,0.119,0.104,0,0
FAM217B,4.27,4.719,4.634,6.254,3.517,3.938
SULT1C3,0,0,0,0,0,0
TUBB,711.174,748.547,772.573,809.237,778.764,779.544
LCOR,5.107,5.388,8.063,6.469,2.124,9.803
SUPT5H,68.302,65.405,73.932,57.27,59.267,64.361
XPNPEP3,8.468,8.828,13.328,7.058,2.589,4.748
OR2T2,0,0,0,0,0,0
OR2C3,1.16,1.36,1.373,1.154,1.009,1.389
ZNF107,2.051,2.3,3.446,3.085,1.623,2.938
OR10S1,0,0,0,0,0,0
SFTA2,0,0,0,0,0,0
PPIA,2285.682,2119.878,1983.033,2386.494,2221.233,2114.331
ZNF471,8.341,11.853,9.821,7.213,6.432,7.182
ZNF836,4.104,2.176,3.044,3.142,4.71,5.725
ZNF493,4.331,5.594,6.447,3.875,2.453,4.023
GTF2IRD2,8.927,13.007,12.636,14.951,14.781,11.661
GRM7,0,0,0,0,0,0
SUPT3H,5.432,6.093,5.415,6.226,6.08,6.757
BECN2,0,0,0.151,0,0,0
NIF3L1,17.777,19.01,18.147,20.231,17.064,16.441
ATP2A1,3.444,2.74,4.549,3.852,0.991,3.032
IARS1,102.913,113.353,122.235,121.01,132.387,134.585
POM121,27.8,27.675,28.224,24.583,19.186,26.029
ZBTB44,13.304,14.316,15.544,14.512,10.64,13.175
GIMAP5,0,0,0,0,0,0
STK31,0,0,0,0,0,0
CGB7,0.169,0.399,0.11,0.111,0.11,0.201
NLGN3,0.14,0.233,0.595,0.132,0.189,0.254
OR8D1,0.019,0.085,0.03,0.017,0.06,0.086
ADH7,0,0,0.074,0,0,0
ZKSCAN7,2.239,2.612,2.335,2.81,2.031,2.128
ZNF729,0,0,0,0,0,0
CD55,59.763,57.95,54.245,72.275,55.008,63.849
CPNE4,0,0.04,0,0,0,0.037
ZNF565,4.316,3.84,3.879,5.162,3.409,4.141
NTNG2,2.493,2.699,2.94,1.427,2.251,1.785
ELAVL3,0,0,0.247,0,0,0
WDR5,30.158,27.564,27.03,33.588,29.399,30.494
LONP1,53.484,54.865,60.897,68.21,68.123,84.568
TRRAP,13.014,13.805,14.806,11.304,7.196,12.157
NUDT11,7.899,8.272,7.466,9.918,8.654,9.054
SRGAP2B,15.653,20.137,19.767,17.197,13.23,18.351
FUT4,3.578,3.147,3.665,3.736,2.967,3.452
ASB13,6.401,5.759,7.039,5.667,5.816,6.086
SLC35F1,0,0.037,0.068,0.102,0,0.033
ZNF34,1.774,3.437,2.587,2.94,2.794,2.859
ZNF781,0.772,0.264,0.759,0.474,0.542,0.249
OR4Q2,0,0,0,0,0,0
ZNF140,9.589,6.76,8.465,8.916,9.722,12.148
INCA1,6.725,8.007,9.227,7.944,8.662,9.251
ZNF774,2.184,1.074,1.433,0.726,0.702,1.129
PTPN1,25.955,24.116,23.56,21.362,16.776,19.897
EVL,55.183,70.08,74.312,82.013,71.76,86.6
SPANXD,0,0,0,0,0,0
THEM5,1.37,0.98,1.022,0.891,2.626,1.179
NOXO1,0,0.087,0.362,0,0.075,0
EPHB4,30.142,33.854,34.346,33.301,35.43,36.289
PRTN3,0,0,0,0,0,0
ZNF765,3.322,4.483,3.871,3.645,3.473,4.229
ZNF124,3.885,5.264,4.054,3.152,2.281,3.965
XRCC6,219.251,206.703,202.367,207.286,225.223,202.46
S100A5,3.937,4.096,1.814,2.89,1.933,1.27
C20orf204,0.832,0.315,0.952,0.155,0,0.661
PPP1R26,8.886,8.259,8.316,9.356,8.399,9.613
NBPF4,0,0,0,0,0,0
TSC22D2,13.88,17.384,21.169,16.576,17.528,18.684
CRYBA4,0,0,0,0.24,0,0
ASMT,0,0.301,0.34,0.587,0.592,0.129
NPIPB15,1.886,1.634,3.359,1.69,1.429,1.124
ZNF569,3.319,3.885,5.08,4.478,3.174,4.66
ARMCX4,2.517,2.967,2.826,1.795,1.223,1.946
YRDC,12.223,12.834,11.462,10.298,9.945,10.476
ZNF777,10.933,13.596,11.552,12.246,13.778,12.883
PIK3R4,8.773,9.427,8.438,8.948,9.361,10.276
ZNF775,3.858,4.592,4.612,5.538,6.199,7.886
ZNF605,3.111,3.812,4.382,4.316,3.442,4.639
TRAPPC2,6.904,10.546,11.694,8.721,7.175,8.07
RFX8,98.711,66.912,58.529,59.696,12.675,39.231
MYL6B,59.044,56.424,58.277,62.893,85.624,64.685
ZNF799,2.871,3.129,2.787,3.751,2.113,3.518
FGF16,0.053,0,0,0,0.048,0.048
SIAH1,16.902,15.525,16.767,16.321,14.356,16.333
GK2,0,0,0,0,0,0
C20orf96,6.702,7.279,8.758,6.671,6.067,7.175
ESRRG,0,0.041,0.016,0.08,0.051,0.051
IPO4,29.143,27.627,27.528,26.616,27.2,28.795
NCOR2,122.325,107.656,109.016,85.252,64.64,114.596
SULT1A1,0.512,0.639,0.752,0.524,0.266,0.915
ARL9,0.261,0.32,0.069,0.234,0.393,0.355
PRPF40A,34.298,31.796,28.976,34.524,25.426,29.317
GDAP2,4.615,4.606,4.408,4.226,3.292,4.058
TCEAL3,36.85,39.785,36.389,39.337,45.202,41.856
ANAPC7,27.006,21.623,21.085,20.571,21.609,24.408
TPK1,1.138,1.828,1.076,2.258,0.998,1.687
SLC6A9,24.798,25.841,25.284,23.283,27.229,29.051
AFAP1,37.551,36.488,39.808,38.19,43.316,44.084
NACA,1333.145,1299.472,1267.048,1489.677,1635.074,1311.403
MYO18A,25.466,33.488,31.122,27.439,21.591,31.689
OR2T3,0,0,0,0,0,0
SPTSSB,0,0,0,0,0,0
BORCS6,5.014,4.03,5.082,5.577,6.688,5.023
MAN2A2,22.691,19.324,21.219,20.018,19.006,20.934
MME,131.671,126.404,117.483,173.091,111.2,146.553
FAM72A,6.31,4.929,6.956,6.372,3.758,5.526
CCDC196,0,0,0,0,0,0.078
CACNA1H,0.074,0,0,0.045,0.036,0.089
SULF2,3.748,7.502,10.39,7.597,19.825,11.458
HBG2,0,0,0,0,0.436,0
LAMA2,36.027,39.033,41.292,36.543,30.608,41.45
PFN3,0,0,0,0,0,0
PLXNB2,122.438,153.748,157.902,133.801,124.948,173.244
OR5AC2,0,0,0,0,0,0
AJAP1,0.164,0.121,0.113,0.112,0.012,0.032
XRCC2,2.703,2.621,2.728,3.929,2.184,3.242
MYO6,15.758,14.444,15.981,13.919,11.025,12.057
MRTFA,24.226,22.215,23.872,15.926,18.336,21.829
MBD3L2B,0,0,0,0,0,0
HDAC2,70.624,70.151,64.35,68.259,67.774,66.321
ZNF782,2.426,3.489,2.988,1.949,2.436,1.875
SLC22A25,0,0,0,0,0,0
POTEF,0,0,0.04,0,0,0
ZNF846,16.205,12.321,19.269,11.56,9.887,12.098
MMP1,509.697,229.72,148.946,529.493,116.015,255.531
ADH1B,0.979,7.145,10.154,3.806,20.362,10.452
UGT2B15,0,0.045,0.043,0.073,0.108,0.036
TCF4,30.756,36.291,44.175,39.681,34.071,38.196
WNK3,0.308,0.198,0.239,0.429,0.151,0.198
SDHAF3,9.83,13.58,13.308,11.416,11.483,10.884
HRH1,3.533,3.535,5.209,3.32,4.934,5.037
RABL6,60.502,62.142,61.057,60.646,64.495,67.723
ZNF136,6.134,7.895,8.931,7.315,4.224,5.53
ZKSCAN5,7.366,7.841,9.08,8.233,8.171,7.432
ZNF502,4.167,4.016,3.828,3.603,2.651,3.873
TRAPPC4,55.828,51.855,43.51,47.603,53.116,48.181
TTC30B,1.607,1.994,2.065,1.47,1.937,2.209
SLC30A10,0.267,0.317,0.5,0.12,0.065,0.188
TECPR2,8.395,9.891,8.939,7.419,7.046,8.405
TLR7,0,0.017,0.018,0,0,0
FAM180B,0.444,1.005,0.768,0.354,0.537,0.753
ZFP62,8.154,8.581,8.897,12.134,9.201,11.15
ERI2,6.64,7.417,8.34,7.57,6.331,7.733
TOMM7,652.914,675.046,647.49,611.783,813.921,595.678
HSH2D,0.16,0.185,0.138,0.142,0.117,0.292
TRPV1,2.621,2.819,3.895,2.012,1.666,2.681
ZNF33B,3.061,3.442,6.143,3.942,7.845,5.925
ZNF512B,20.554,22.048,22.33,21.105,18.712,24.022
AMZ2,58.694,72.897,74.911,64.653,81.689,70.732
ZNF431,5.171,4.983,4.343,3.452,3.12,5.162
ALKAL1,0,0,0,0,0,0
NF1,14.733,17.676,18.539,13.712,10.935,13.743
VKORC1L1,25.451,21.873,20.789,22.916,20.472,22.667
ZNF418,1.992,1.6,4.037,2.652,1.435,1.972
DAPK1,1.909,3.325,4.684,2.793,5.344,4.468
LCE1B,0,0,0,0,0,0
HLA-DQA1,0.249,0.51,0.802,0.466,0.452,0.226
COL27A1,11.525,11.446,11.322,11.623,6.581,10.678
GM2A,19.842,19.684,17.237,18.374,15.158,16.36
H2AC13,0.787,1.346,0,2.543,0,1.657
CLPSL2,0,0,0,0,0,0
S100A2,39.012,68.863,26.252,11.298,43.583,11.672
ZNF700,4.738,5.031,5.051,4.437,3.807,4.572
POU3F4,0,0,0,0,0,0
OR14A16,0,0,0,0,0,0
CD47,76.714,76.082,83.055,73.377,52.373,69.399
OR52K1,0.284,0.51,0.285,0.318,0.099,0.272
TLE1,10.208,12.013,10.175,13.814,11.198,11.319
MAML3,2.472,2.869,2.41,2.916,1.984,2.494
H2AC11,0.731,0.997,0.645,0.572,0.237,0.685
STRN3,18.675,16.557,16.82,15.285,14.986,15.873
ZNF239,3.268,2.944,1.893,3.38,3.516,3.603
SPINK14,0,0,0,0,0,0
SPRR2B,0.381,0.393,0,0,0,0
CHRNG,0,0,0,0.297,0,0
ZSCAN16,2.164,1.741,1.917,2.251,2.211,2.947
MVB12B,4.157,3.878,3.475,3.969,3.489,3.817
ILRUN,49.053,46.047,44.373,40.3,34.685,40.033
OR11G2,0.065,0.108,0.046,0.079,0,0.117
POTEI,0.026,0.075,0.042,0,0.033,0.025
ADA,8.844,10.447,9.362,8.135,8.448,9.73
ARID5A,9.517,11.054,12.896,9.662,10.987,12.24
PATE2,0.054,0.299,0,0,0.048,0
PPTC7,13.522,13.545,14.614,12.409,8.833,12.197
KRT39,0,0,0,0,0,0.045
TOMM20L,0.782,0.2,0.622,0.365,0.179,1.088
RGPD4,0.31,0.365,0.408,0.354,0.199,0.442
NHLRC2,4.665,5.146,4.804,4.884,2.688,4.737
H2AC7,1.558,0.934,0,2.351,0,0
ZFP28,6.845,6.334,7.078,6.302,5.026,7.085
CRACDL,0,0.296,0.022,0,0,0
CBWD3,18.752,15.582,14.057,12.77,8.448,6.069
SCN8A,9.521,10.53,15.08,9.626,8.127,10.483
LAMB3,9.615,12.748,9.782,8.964,7.232,9.931
H2BU1,0.127,0.324,0.197,0.395,0.064,0.625
TEX43,0.285,0,0,0,0,0.259
KPNA5,3.555,4.194,4.412,5.337,2.979,3.194
ANKRD36B,2.836,6.845,5.016,3.893,1.7,4.851
ARHGEF12,46.254,46.826,47.066,41.62,32.261,43.459
HCAR1,0.462,0.393,0.358,0.373,0.321,0.415
PDLIM7,119.763,120.514,111.723,103.007,90.346,123.875
FLNA,461.26,462.174,466.909,421.187,389.611,475.446
TMEM26,0.456,0.753,1.326,0.939,0.834,1.155
SRGAP1,24.026,19.784,21.004,23.05,12.164,21.887
FAM3C,89.236,76.904,85.597,71.522,76.511,74.725
NOP9,14.493,15.387,15.204,10.579,9.795,12.376
OR2T4,0,0,0,0,0,0
ZNF705A,1.039,0.533,3.29,0.484,2.384,1.879
SLC39A10,11.937,15.662,10.107,13.329,11.093,13.9
CASP4,67.027,62.846,73.399,66.227,69.118,65.126
AP2A1,87.811,88.018,94.054,83.829,92.342,94.821
ZNF585A,10.057,8.03,8.264,7.955,6.548,8.068
FUT11,27.453,20.667,20.021,26.404,19.653,24.476
SMIM10L2B,0.442,1.001,0.501,0.832,0.557,0.748
ANXA4,69.05,79.379,80.531,76.997,84.482,74.015
LAGE3,19.158,16.388,16.021,15.847,22.305,19.014
WDR5B,2.408,3.2,3.48,2.825,3.795,3.294
FAM163B,0,0,0,0,0,0
NPIPB9,0.277,0,0.839,0.164,0,0
WDR45,94.792,67.65,69.793,80.256,77.426,82.344
METTL9,170.678,145.499,134.935,150.718,139.148,129.082
ZNF138,1.728,3.206,3.051,2.951,2.03,1.645
ZNF429,2.026,3.432,3.023,3.468,1.964,3.265
ZNF470,4.499,3.628,4.034,3.659,3.62,3.94
SERTAD1,21.801,20.355,20.562,15.922,20.179,16.671
ZNF100,2.833,3.004,2.088,3.867,3.021,4.408
EOLA2,20.311,17.429,21.748,18.934,17.673,19.278
ZNF398,6.546,6.536,5.246,5.583,4.165,5.654
ZSCAN25,5.034,7.842,8.636,6.263,4.563,7.486
ANXA6,175.306,173.273,175.077,221.146,205.7,212.786
ZNF441,2.111,3.075,3.829,2.562,2.634,3.452
GMFB,46.52,38.842,36.502,43.789,33.171,40.629
SIGLEC15,1.018,1.316,0.45,0.624,0.537,1.175
ZNF420,2.572,3.871,4.24,3.469,3.006,2.537
ZNF763,0.911,0.413,1.765,0.322,3.186,1.933
ZMYM1,5.845,6.328,6.641,5.549,4.776,7.118
DTHD1,0,0,0,0.023,0,0
H4C3,3.398,3.881,1.996,3.885,0,3.083
ZSCAN26,12.448,10.922,14.592,12.74,13.574,13.934
MAFG,23.527,22.379,22.867,16.566,17.318,19.871
ARRDC1,29.801,26.72,26.701,27.872,26.096,31.137
KIAA1671,1.027,1.1,1.164,0.882,0.746,0.993
KRT35,0,0,0,0,0,0
IGF2R,32.656,32.922,38.08,26.554,22.129,28.45
LCE1C,0,0.155,0,0,0,0
GAL3ST4,3.057,3.764,4.119,4.114,7.863,6.536
DYNC1H1,73.192,67.519,70.35,55.997,36.104,56.821
SLC6A17,0.346,0.468,0.434,0.437,0.1,0.325
IFNL3,0,0,0,0,0,0
PCBP2,551.538,598.367,643.589,533.031,619.574,549.201
ZGPAT,33.257,29.787,33.372,24.712,21.033,30.639
SLC25A29,11.873,13.075,14.803,12.901,14.727,14.206
PGAP1,4.389,6.647,6.269,3.638,2.918,4.561
SRC,21.508,21.135,21.431,21.113,25.017,23.799
ZNF679,0,0,0.182,0,0.085,0.218
ZNF682,1.913,4.658,3.253,2.92,1.261,2.603
OR8B8,0.195,0.457,0.182,0.367,0.261,0.245
ZNF772,3.11,3.77,2.557,2.993,2.02,4.496
ZNF257,0.146,0.46,0.313,0.471,0.041,0.704
PCNX3,15.575,15.583,14.65,11.595,9.028,13.506
ADAM32,1.43,2.405,0.911,1.358,1.92,1.322
ACSL5,0.882,1.101,1.251,1.271,1.256,1.489
LRRC8B,0.511,0.535,0.86,0.776,0.508,0.51
ABCB8,19.335,21.192,21.888,22.099,16.621,21.047
H3C12,0,1.307,0,0.717,0,0.232
SND1,152.211,160.042,162.664,153.481,154.584,153.577
ZNF785,7.456,6.168,6.857,8.328,6.231,8.19
SULT1A2,1.036,1.341,1.883,1.534,0.389,1.019
NEK5,0.149,0.182,0.125,0.331,0.132,0.182
PSMD12,26.065,22.128,23.336,22.72,18.453,20.948
MAGEA6,0,0.05,0,0,0,0
ADGRA1,0,0,0,0,0,0
PIWIL2,0.058,0.141,0.154,0.129,0.142,0.172
NOL4L,4.735,6.829,5.77,6.287,4.815,7.799
CYSRT1,0.844,3.175,2.928,0.828,0.763,2.043
SLC22A4,9.794,5.511,5.412,4.435,3.486,4.823
ZSCAN5B,0,0,0,0,0.037,0.408
ENTPD4,20.093,21.248,19.925,19.154,15.153,22.84
C1D,31.208,26.486,30.206,30.245,31.704,29.325
TBC1D9B,77.778,75.822,71.427,80.897,69.892,86.231
OR1J2,0.951,0.32,0.225,0,0.286,0.48
H4C11,0,0,0,0,0,0
SLC2A7,0,0.044,0,0,0,0
FAM110D,0.138,0.177,0.141,0.089,0.058,0.157
SERPINA1,0.535,0.22,0,0,0,0
TPSB2,0,0,0,0,0,0
KANK2,231.612,240.171,240.446,220.704,221.686,227.736
C6orf141,0.062,0.25,0.132,0,0.112,0
GTF2E2,30.282,27.704,27.686,28.196,32.822,25.85
IL27,0.174,0,0,0,0.157,0
GUCA2A,0,0,0,0,0,0
RAD54B,2.412,3.394,3.118,3.646,2.178,2.891
ZNF165,0.654,0.601,1.015,0.719,1.231,0.72
SYNGAP1,13.277,16.489,16.878,15.413,11.612,17.634
FITM2,7.335,7.273,6.257,6.607,5.795,6.693
BLM,2.06,1.808,1.58,2.398,1.383,2.359
ZNF720,13.309,15.373,17.229,12.567,13.967,14.73
OR10D3,0,0,0,0,0,0
DDI2,5.817,6.049,6.843,6.361,4.001,6.127
SVIL,51.603,56.579,60.619,35,38.063,41.027
TRIM33,11.183,11.837,13.319,10.021,8.829,10.542
LRP10,119.843,129.101,124.741,123.461,118.585,133.636
PELI1,2.713,2.645,2.98,1.832,1.988,2.382
ZNF655,33.985,40.147,44.804,37.624,36.166,45.556
MRPL21,54.87,41.821,50.18,48.535,57.686,42.458
LYPD2,0,0.208,0.431,0,0,0
UAP1L1,13.931,17.678,19.325,11.686,9.233,12.746
ZNF98,0,0.227,0,0.204,0,0
FBXL22,0.093,0.873,0.424,0.371,0.484,0.359
ZNF786,2.328,1.553,1.715,2.79,2.589,2.263
ZNF517,6.016,10.32,10.834,8.702,8.068,8.625
S100A7L2,0,0,0,0,0,0
ZNF675,4.721,7.013,6.584,4.307,6.064,5.877
SLC22A5,1.522,1.594,2.235,1.435,1.441,1.521
DACT3,5.996,6.541,6.37,5.566,6.409,5.931
ADARB1,9.974,12.278,15.721,9.16,11.826,10.819
ZNF860,0.077,0.135,0.028,0.213,0.047,0.119
HTT,12.472,12.227,15.023,11.978,7.664,10.838
OR6N1,0,0,0,0,0,0
C5AR1,1.596,1.691,2.033,1.234,1.102,0.985
DIO3,0.041,0,0,0,0,0
CYP2B6,0.322,0.64,0.62,0.524,0.343,0.408
H3C4,1.53,2.794,0,2.806,0.402,0
DCHS2,0.017,0.087,0.105,0.069,0.243,0.201
VEPH1,10.799,11.28,11.497,21.279,11.819,13.587
FABP12,0,0,0,0,0,0
SHPK,7.352,8.668,8.239,7.131,5.137,6.508
OR51D1,0,0,0.073,0,0,0
IPP,6.449,8.573,8.711,7.41,6.145,6.398
OPALIN,0,0,0,0,0,0
OR13G1,0.098,0,0,0,0,0
MAP3K5,10.831,8.244,6.35,9.439,5.575,6.96
OGDHL,0,0,0,0,0,0
CYP2F1,0.705,0.377,0.608,0.472,0.085,0.469
GSTK1,94.569,97.703,97.719,93.952,106.997,101.754
HNRNPAB,174.446,131.936,119.192,158.964,132.726,130.461
OR2L5,0.173,0.069,0.221,0.126,0.125,0.251
STMN3,74.167,58.465,55.674,62.412,46.004,54.861
PDGFA,4.363,4.705,6.353,5.424,6.244,6.496
GYPE,2.553,2.895,2.771,2.145,2.065,2.601
COL13A1,64.164,60.806,47.148,65.973,31.642,56.279
SPN,0.261,0.454,0.396,0.324,0.102,0.56
ZNF695,1.758,2.38,1.938,2.774,2.72,2.929
PCDHB11,0.482,0.667,0.447,0.608,0.383,0.433
ZNF628,9.582,8.365,8.28,11.071,6.914,9.583
GALP,0,0,0,0,0,0
SLC2A10,26.909,28.907,29.42,28.247,26.899,28.814
ZNF665,1.265,1.79,1.983,1.471,1.239,1.967
RPF2,21.244,20.263,19.048,22.568,19.788,16.365
SLC28A3,0.145,0.193,0.155,0.147,0.276,0.19
FAM177B,0,0,0,0,0,0
MIB2,36.182,40.885,40.652,36.879,36.012,46.48
OR6Y1,0.69,0.661,0.556,0.377,0.108,0.452
MYO5A,32.859,30.197,25.627,27.375,17.99,23.279
GZMM,0,0,0,0.1,0,0.098
ATG7,25.975,25.709,25.54,20.745,19.396,25.383
SIPA1L1,18.356,21.405,20.132,20.558,21.436,24.143
TTC30A,3.46,4.223,4.322,3.866,3.815,4.06
ELANE,0,0.336,0.301,0.522,1.4,0.515
RAB40C,15.066,15.86,14.887,14.963,15.793,14.99
PIGN,22.456,22.895,23.081,20.441,15.186,21.833
COL4A6,0.133,0.211,0.065,0.077,0.076,0.135
ZNF624,1.408,2.225,2.288,2.759,2.531,2.468
HOXA4,2.331,3.842,4.045,6.282,4.159,4.912
TOPORS,14.614,15.589,14.6,15.189,13.049,12.653
BCO2,0.536,0.545,0.491,0.355,0.666,0.638
KCNMB2,0.225,0,0,0,0.035,0
ENTPD6,57.983,54.016,49.124,51.056,44.093,56.918
DMBX1,0.03,0,0.185,0.053,0,0
OR11L1,0,0,0,0,0,0
ENPP1,3.218,3.466,3.353,3.886,2.337,3.323
CCDC154,0.576,0.882,0.765,0.596,0.353,0.622
FAR1,37.77,33.417,32.96,32.744,23.237,30.986
CPLANE1,5.865,6.824,7.058,5.459,4.288,5.732
ZNF841,4.924,5.701,7.198,4.637,3.082,5.648
MFAP5,32.342,41.058,34.895,42.976,48.134,45.471
MYH6,0,0,0,0,0.012,0
ZNF615,5.66,8.868,5.222,6.488,4.544,8.101
EOLA1,12.229,13.391,16.081,14.085,12.85,16.01
CDC42SE1,27.648,28.362,27.488,30.206,26.66,32.777
MPEG1,0.074,0,0,0,0.033,0
SERPINB2,3.899,4.894,6.029,6.173,4.564,4.077
DPP4,24.957,33.084,34.533,30.95,31.097,35.15
SERPINB13,0.21,0.429,0,0,0.284,0
PDCD1LG2,21.293,16.708,13.498,30.582,17.021,23.339
ZNF433,3.544,3.605,4.738,3.103,3.058,2.378
CCER1,0,0,0,0,0,0
DNAH10,0.928,0.94,0.725,0.49,0.394,0.992
SLC22A24,0,0,0,0,0,0
OR51C1P,0,0,0,0,0,0
KRTAP26-1,0,0,0,0,0,0
SPTAN1,103.246,119.063,112.781,85.707,65.193,83.969
NMB,6.452,6.706,7.775,6.984,9.049,8.672
PARVA,105.356,103.215,106.443,113.708,119.434,113.309
KLHL14,0,0,0,0,0,0
OR6C74,0,0,0,0,0,0
FAM114A1,159.246,162.206,153.665,170.901,163.201,156.337
RPE,39.847,41.93,38.989,37.975,34.494,39.183
ZNF460,2.02,1.607,1.428,2.85,0.59,2.445
CR1L,0,0,0.051,0,0,0
PHF2,19.318,17.628,18.184,16.687,16.431,18.628
RPS26,978.516,997.127,958.403,956.005,1148.885,889.896
SCGB1D4,0,0,0,0,0,0
PSAP,1282.763,1330.822,1360.459,1197.381,1353.42,1289.966
S100A10,1630.329,1775.005,1753.764,1792.368,1905.815,1588.799
CFAP43,0.349,0.19,0.474,0.22,0.176,0.114
LHFPL5,3.346,3.546,5.001,2.994,0.704,3.194
RPL37A,5407.633,5120.987,5351.782,5028.292,6838.463,4861.13
HOXC6,51.402,54.468,59.322,62.268,62.209,72.205
TXNRD3,6.567,7.29,8.246,7.168,6.931,8.613
CFD,43.914,48.558,43.567,44.337,81.879,63.02
STPG3,0.232,0.792,0.585,0.991,0.355,0.436
MAP1LC3C,0.482,0.561,0.345,1.134,1.257,0.856
MCMBP,37.565,32.425,30.279,38.101,32.577,34.603
EME2,6.054,5.269,5.774,4.671,2.593,5.512
KLHDC1,2.181,2.731,3.504,2.166,2.056,2.848
ZNF81,2.578,1.895,3.271,2.623,1.385,2.06
TAF13,76.108,65.8,60.271,59.295,50.237,59.58
ZNF780A,6.756,9.766,9.214,8.6,5.372,5.731
ATAD3A,35.598,26.256,29.062,34.048,27.157,35.28
OR5B17,0,0,0,0,0,0
OR52M1,0,0.105,0,0,0,0
FAM118B,15.393,15.193,13.029,11.916,14.135,11.36
ZNF461,6.029,3.354,6.83,4.128,2.115,4.856
CCDC180,0.593,0.585,0.524,0.452,0.241,0.481
SLC9A8,4.43,5.779,6.391,5.6,3.908,5.794
OCLN,1.558,2.712,2.13,1.708,1.319,1.968
CFAP299,0.695,1.016,0.861,1.392,0.776,1.039
H4-16,0.845,0.865,2.913,0.593,0,1.344
CYP2A13,0,0.05,0,0,0,0
ZNF181,6.897,8.668,6.277,9.049,11.704,10.745
OR8G1,0.048,0.063,0.034,0.086,0.014,0.029
INKA2,5.147,4.351,4.922,3.145,4.062,5.284
ZNF44,3.865,4.98,5.595,3.672,3.596,4.097
GPAA1,76.657,85.305,80.774,87.992,100.653,94.681
ADAMTSL2,0.02,0.04,0.043,0.054,0.018,0.109
SGTB,13.574,12.394,13.257,12.847,8.839,13.54
ZNF790,4.418,4.279,5.073,3.753,3.978,4.931
PRB3,0.088,0,0.153,0.198,0,0.08
CYRIA,0.323,0.263,2.484,0.36,0.402,0.773
MYO1C,134.385,130.447,130.236,147.301,140.886,159.342
NKIRAS1,13.019,16.962,17.478,16.375,30.074,22.484
OR1S2,0,0,0,0,0,0
UGT2B17,0.097,0,0,0.106,0,0.103
MEIG1,0.823,0.838,1.372,0.486,0.149,0.15
SLC22A12,0,0,0,0,0,0
KIF13B,2.985,3.089,3.007,3.076,2.194,3.918
NRAP,0.031,0,0,0,0,0
ADH5,159.998,158.651,157.637,158.849,187.686,165.694
SLC22A6,0,0,0,0,0,0
H2BC12,29.864,38.129,45.651,37.626,31.36,35.26
TEAD4,12.184,12.391,10.034,9.146,9.459,12.166
SPG7,43.387,39.777,42.59,33.236,30.371,39.238
HRNR,0.024,0.008,0.026,0.037,0,0.022
IFNA1,1.456,0.885,0.616,0.509,0,0.287
HES5,0.069,0,0,0,0,0
ZNF677,13.299,15.788,19.338,16.366,13.404,13.416
ERO1A,98.664,82.403,72.235,87.413,60.763,72.156
ZNF823,1.331,2.59,2.028,2.226,1.801,2.664
ZNF311,0.597,1.522,1.752,0.952,0.886,0.867
ZNF347,6.57,7.551,6.063,9.679,4.443,8.074
OR5H2,0,0,0,0,0,0
PLCG2,5.354,5.819,1.041,5.751,0.301,7.48
FCHSD1,37.419,43.899,35.939,34.915,23.04,37.911
ZNF71,4.815,4.734,4.127,3.899,3.414,4.135
AADACL2,0.126,0.047,0.067,0.057,0,0.029
S100A6,8109.26,7789.652,7009.78,6964.945,7398.533,5884.515
RPL12,2666.5,2705.973,2706.666,2726.756,3268.126,2691.52
DNM3,2.176,2.383,1.762,1.444,1.981,2.722
ZNF121,11.091,6.758,6.983,6.093,2.58,5.69
MPZL1,73.651,60.595,56.608,58.164,48.629,56.921
VPS13A,11.003,9.64,10.535,9.032,5.648,9.593
MBP,0.616,1.288,2.33,0.986,2.301,2.999
AKAP17A,27.837,30.685,32.665,30.011,26.519,32.633
ELOVL2,0.244,0.223,0.216,0.314,0.402,0.387
GOLGA6L9,3.451,3.838,4.422,2.355,1.671,3.72
LEKR1,0,0.471,0.2,0.706,0.069,0.522
C1orf122,34.627,37.546,33.21,30.947,46.189,37.36
CLEC9A,0,0,0,0,0,0
KEL,0.034,0,0,0.165,0.03,0.031
NOL8,14.713,17.383,19.76,16.132,14.795,16.88
IRAK4,10.763,11.979,11.626,14.452,9.223,11.417
ODAD3,0.928,0.684,1.136,0.734,0.796,0.725
DLGAP2,0,0,0.008,0,0,0.021
MRPL42,26.712,23.789,21.811,21.916,23.733,19.893
ENTPD7,4.115,3.055,2.796,2.956,1.924,2.904
FCGR1B,0.249,0.42,0.476,0.042,0.041,0.082
SPANXA1,0,0,0,0,0,0
ZNF335,9.666,10.482,10.461,10.402,7.444,9.229
ZNF560,0.236,0.206,0.094,0.134,0.133,0.348
TUBA3C,0.066,0.319,0.403,0.12,0.354,0.084
RPS4X,1438.174,1419.729,1416.24,1474.577,1642.28,1440.484
ZNF273,0.924,1.087,2.21,1.073,0.967,1.381
ZNF84,13.165,17.107,11.692,17.426,14.03,16.63
MAK16,10.21,10.034,10.684,11.776,10.361,10.012
ZNF667,7.841,11.209,10.063,7.868,6.963,6.434
AVPR1B,0,0,0,0,0,0
SIRPA,49.176,48.536,49.047,51.167,48.621,53.757
GRK6,24.517,22.052,19.705,23.131,23.599,25.56
PRIM1,8.134,8.855,10.914,11.556,8.366,9.649
MARCHF5,16.739,16.093,15.146,15.286,13.576,14.999
POTEH,0,0,0,0,0,0
NPIPB13,3.873,4.14,7.438,4.049,1.698,5.329
AKR1B10,0.74,1.593,2.746,0.854,1.575,1.649
SULT1C4,0.03,0.031,0,0.085,0.052,0
CYP2A7,0.16,0.201,0.085,0.037,0,0
ZBTB14,9.841,7.644,8.043,6.918,7.786,9.744
KRTAP9-9,0,0.202,0.107,0,0,0
CD2AP,11.419,11.749,10.348,12.088,9.481,11.669
NUP62CL,0.162,0.25,0,0,0,0.09
SFI1,11.209,8.779,9.786,9.034,4.653,9.092
KRTAP4-6,0,0,0,0,0,0
TMPRSS11F,0,0,0,0,0,0
ZNF649,4.903,4.864,4.488,3.576,6.085,5.717
ADH4,0.263,0.926,0.728,0.339,0.157,0.198
OR2T6,0.052,0.051,0.091,0.109,0.046,0.062
ZNF248,6.357,7.084,8.169,7.904,5.494,5.619
CHSY3,0.925,1.113,1.097,0.88,0.473,0.725
TOR4A,3.938,3.167,3.164,5.78,4.861,5.54
LPAR1,97.166,94.465,81.79,94.83,70.727,87.277
MB,0.093,0,0,0.165,0,0
OR2L3,0.03,0.03,0.063,0.027,0,0.162
DEFB107B,0,0,0,0,0,0
HIBCH,13.036,16.839,19.64,9.759,11.367,15.255
ZNF544,9.094,15.338,17.874,17.546,14.45,15.761
TMEM229B,0.443,0.543,0.722,0.618,0.924,0.783
SOWAHC,9.299,10.237,10.033,9.433,7.563,8.524
ZNF770,13.925,12.99,12.341,13.796,11.868,13.914
NPIPB6,0.231,0.784,0.429,0.59,0.288,0.373
HMGN5,3.156,3.378,4.541,4.578,4.16,3.807
MIER1,22.974,23.265,25.319,20.549,20.738,21.881
MAN1A2,21.958,23.904,23.492,19.598,18.489,20.512
SVIP,2.019,1.479,1.979,1.987,1.506,1.987
ZNF251,15.721,15.769,19.285,14.69,11.973,16.741
DDRGK1,48.72,55.217,49.496,53.158,58.236,53.441
FAM47C,0,0,0,0,0,0
TFDP1,116.731,113.407,105.143,119.131,109.769,124.158
CLEC4C,0.07,0.07,0.223,0,0.063,0.063
ZNF607,4.507,2.412,4.119,3.655,3.223,3.082
BPIFA1,0,0,0,0.308,0,0
ZNF334,0.5,0.659,0.852,0.579,0.871,1.083
HSD17B11,32.629,37.084,36.02,32.371,32.191,34.243
SZT2,9.195,8.144,9.606,7.129,4.177,8.413
SULT1C2,0,0,0.033,0.054,0,0.081
ZXDA,1.87,1.744,2.656,1.828,1.734,2.126
RPS6KL1,0.977,0.307,0.847,0.226,0.221,0.203
CACNA1E,0,0,0,0.031,0,0
QRICH1,34.16,36.473,42.322,37.108,33.131,34.99
CSF2RA,0.311,0.267,0.443,0.504,0.118,0.735
FKBP1C,0.06,0.059,0.063,0,0,0
DDX42,67.813,70.953,73.993,66.271,56.318,63.223
RPL23A,1927.813,1936.307,1970.981,2067.572,2408.591,1873.018
SLC29A3,5.896,5.263,5.633,4.933,5.483,4.294
STYX,12.415,11.502,12.327,13.587,10.553,13.257
UBL5,379.35,364.973,380.156,352.376,428.836,332.5
HELZ,4.386,6.325,6.353,5.188,3.901,6.463
TMEM116,2.448,5.164,8.511,6.307,6.78,5.019
KRTAP4-5,0,0,0,0,0,0
UCKL1,34.267,36.465,31.223,34.423,23.165,34.981
OR5B21,0,0,0,0,0,0
CARD11,0,0.038,0,0,0.118,0
ZNF485,1.249,1.56,1.811,1.155,2.627,1.838
PEG3,0.021,0.038,0.01,0.017,0.154,0.052
SDAD1,23.009,20.477,25.213,21.429,21.042,21.695
ZKSCAN8,9.185,10.767,12.024,9.773,7.936,10.289
PHETA1,11.969,10.024,9.015,8.841,9.492,9.808
TMEM239,0.184,0.122,0.12,0.104,0,0.089
HYLS1,8.169,8.022,8.44,10.837,9.677,10.139
MYL4,0.12,0,0.491,0,0.109,0
ZNF442,0.903,1.227,1.224,0.586,0.411,0.946
ZNF813,1.991,2.389,1.766,2.052,1.283,1.751
HOXC4,31.411,43.098,46.357,36.199,32.895,47.438
DCAF12L2,0.059,0.089,0,0.054,0.027,0
PIM3,19.377,25.467,24.763,23.032,22.86,27.982
GET3,70.81,71.429,70.904,72.244,78.529,69.479
ASPH,378.591,356.584,358.846,368.05,314.504,342.697
SPRED2,42.108,36.422,34.776,31.457,27.288,32.182
WWP2,13.804,16.25,17.572,14.033,13.968,15.773
GFPT1,44.946,49.278,45.281,46.648,44.024,47.773
UVRAG,11.28,19.843,12.115,14.065,12.948,11.466
KRTAP13-1,0,0,0,0,0,0
ZNF26,3.132,5.632,2.251,3.577,2.192,5.826
TMEM207,0,0,0,0,0,0
ITSN2,15.303,14.491,17.464,13.994,10.15,12.889
NTRK1,0.232,0.111,0.164,0.031,0.056,0.333
OGA,59.408,67.052,73.669,46.184,39.972,49.427
MT1F,4.862,2.501,4.408,3.579,4.121,1.577
TCAF1,53.526,55.403,51.479,54.116,44.726,50.609
ZNF69,2.033,3.375,3.574,3.049,2.054,2.956
TXNRD1,288.581,236.118,239.583,189.904,214.368,189.649
NRARP,0.316,0.158,0.605,0.461,0.227,0.487
ZNF583,4.798,4.501,3.721,4.006,4.986,2.657
KRTAP4-1,0,0.15,0,0,0,0.117
CCT8L2,0,0.042,0,0,0,0
OR14L1P,0.055,0.192,0.233,0.25,0.099,0.249
ZNF568,13.916,10.213,14.618,9.996,11.192,13.505
ZXDB,4.674,4.674,4.859,4.609,3.592,4.945
ZNF480,9.719,10.492,8.597,7.433,7.584,6.036
ZNF587,6.158,6.619,8.551,7.51,3.538,6.274
TPM2,1119.831,1091.116,1108.842,1153.476,1337.021,1145.164
RTP2,0,0,0,0,0,0
SH3BGRL2,0.489,0.924,0.687,0.238,0.863,1.029
ZNF808,3.427,7.094,3.789,3.092,1.755,3.634
ANKRD35,3.008,3.84,4.079,2.982,3.21,2.778
B3GNT6,0.101,0.309,0,0,0.03,0.065
YTHDF2,48.481,46.968,43.684,44.355,41.494,45.811
TMA16,26.722,21.41,23.203,19.009,26.717,16.585
HLA-DRB5,0,0,0,0,0,0
ATL1,2.608,3.823,2.612,2.224,2.182,1.418
CNGA1,0.03,1.164,0.062,0.053,0,0.187
MAFK,50.372,52.889,50.27,51.95,40.441,61.398
ARMH1,1.676,3.612,2.44,1.066,0.56,1.904
ZNF43,4.409,5.957,3.998,5.998,2.241,4.357
GPN1,26.676,26.211,28.259,25.007,26.681,24.675
PLN,0,0.083,0.118,0.025,0,0.05
C2CD4A,0.22,0.129,0.051,0.143,0.022,0.115
ZNF28,5.08,5.147,6.064,5.831,4.073,6.832
ITGBL1,315.01,327.616,339.84,314.992,390.369,348.471
ZNF511,31.682,31.42,29.909,35.071,33.247,34.592
C20orf203,0.692,0.5,0.772,0.389,0.192,1.009
ZNF627,5.794,7.009,6.958,4.431,5.492,6.711
KCNRG,2.013,0.744,0.262,0.629,0.378,0.859
WDHD1,7.007,7.856,7.831,9.367,7.197,8.794
ZNF789,4.34,5.793,6.451,4.386,3.49,5.383
CTNND1,48.357,52.823,53.839,48.21,44.815,50.723
DDX39B,224.894,243.34,265.455,262.846,193.175,292.848
SLC34A3,0.831,1.833,2.286,1.167,0.532,1.701
RD3,0.071,0.158,0.255,0.112,0.058,0.049
SPANXC,0,0,0,0,0,0
SH2D1B,0,0.033,0.07,0,0.03,0
ARC,0.476,0.868,0.715,0.664,0.706,0.839
NUDT16,13.745,14.284,14.956,11.448,12.49,12.473
TLK1,20.14,24.389,23.528,21.519,17.529,20.365
LRBA,9.394,10.359,9.806,7.84,6.301,8.01
ZNF536,1.756,1.726,1.396,1.865,1.808,1.498
MMP17,12.157,12.878,12.42,14.761,14.439,15.159
OR2M2,0,0,0,0,0,0
BAZ1A,18.612,15.109,15.587,16.552,12.402,15.231
AKR1C4,0.128,0.079,0.084,0,0,0.071
COPS8,73.8,70.861,71.731,69.988,70.344,68.014
CCDC69,1.022,2.312,1.751,1.534,1.419,1.541
MDM4,8.487,9.407,10.384,10.803,3.071,11.16
RYR2,0,0,0,0,0,0
ZNF534,0.174,0.089,0.259,0.146,0.069,0.126
KLHL9,24.49,23.033,22.851,20.661,17.501,20.296
FAM3D,0,0,0,0,0,0
NCOA6,11.335,12.576,15.566,10.589,8.539,12.641
STK39,19.196,14.727,13.547,21.633,16.573,18.556
TAT,0.062,0.177,0.022,0.075,0.055,0.058
C6orf89,47.328,54.205,52.174,55.296,55.151,55.959
CALM1,305.203,271.876,277.301,278.375,274.334,245.288
LPA,0.135,0.095,0.109,0.056,0.033,0.129
TAFA2,0.713,0.349,0.451,0.214,0.467,0.696
OR10G6,0,0,0,0,0,0
TTC37,31.989,34.429,35.008,33.211,27.329,33.102
OR5BS1P,0,0,0,0,0,0
TUSC1,15.756,13.561,16.563,16.609,20.394,17.285
MAGEA1,0,0,0,0,0,0
PAPSS2,43.5,42.697,40.313,54.178,42.98,47.444
SLC9A6,11.408,9.401,9.114,8.481,8.497,9.599
FAN1,8.937,10.676,9.994,10.381,8.942,11.433
ABCA4,0.075,0.152,0.185,0.049,0.098,0.335
EIF1AY,0,0,0,0,0,0
MT-ND6,3593.803,3689.085,3883.928,2906.394,1225.398,2999.307
IPO9,14.782,13.511,13.717,16.363,12.698,13.84
GPX6,0,0,0,0,0,0
CEP290,10.178,10.136,11.54,8.862,5.906,8.16
MT-CO2,10296.847,10242.164,10678.053,9157.023,4775.16,9573.727
GLMP,29.861,33.236,36.102,26.688,33.275,32.708
TOGARAM1,9.753,8.011,9.09,8.722,7.896,9.887
DLL1,1.483,2.711,0.938,1.93,0.947,1.014
ANKRD13B,10.778,12.208,16.37,14.712,10.573,14.366
ECI2,78.428,75.222,66.321,81.194,79.558,70.697
UNC13B,15.889,16.633,15.24,13.476,10.31,14.425
TEX45,0.498,0,1.066,0.313,0.112,0.238
MT-CYB,5332.028,5250.263,5500.474,3876.674,1596.029,3615.256
LDB1,50.997,67.792,74.153,64.22,58.718,79.915
PPP1R14C,3.136,3.829,3.296,1.92,2.583,2.673
CTR9,22.706,23.87,25.446,21.044,20.527,19.961
SMOC1,0,0.133,0.071,0,0.08,0
F5,0.017,0.043,0.037,0.047,0.031,0.063
MSRB1,15.72,16.132,14.551,16.114,19.735,17.67
LRRTM3,0,0.013,0,0,0,0
ZNF652,2.981,3.17,3.31,2.937,2.104,3.348
SMURF1,13.79,13.335,14.603,13.351,11.683,14.432
SLC5A3,25.604,14.322,14.079,19.549,7.538,16.189
GPATCH3,10.186,10.955,12.283,10.061,10.243,9.579
CDC42BPB,65.427,65.303,66.264,61.078,55.032,62.271
PLXNB3,16.379,17.178,16.95,20.51,10.259,20.003
OXCT2,1.19,1.813,1.721,1.784,1.715,1.642
RPL10A,1923.443,1918.471,1875.685,1924.775,2144.878,1897.878
COLGALT2,1.137,0.843,1.128,0.92,0.678,0.953
EPS8L3,0,0.16,0,0,0,0
EGFL6,0.283,0.283,0.636,0.258,0.604,0.288
MT-ND2,4050.567,3934.865,3914.579,3523.526,1461.84,3081.403
SYCP1,0,0,0,0,0.029,0
APCDD1L,27.676,22.427,18.736,24.107,18.184,22.94
RCSD1,0.104,0.075,0.156,0.2,0.04,0.093
RASSF9,0.555,0.592,0.524,0.949,0.86,1.025
FAM169A,0.098,0.133,0.133,0.242,0.112,0.101
ZNF830,7.653,7.851,8.908,7.918,9.141,9.215
GRIN3A,0.11,0.11,0.075,0.146,0.063,0.073
MT-ND5,2509.914,2666.439,2740.102,2129.311,779.066,1997.861
MUC2,0,0,0,0,0,0
CNOT7,52.81,61.468,70.722,47.403,65.14,60.379
TMEM184B,57.062,54.063,44.736,50.422,44.87,51.295
MTOR,14.528,11.706,11.25,10.542,8.522,10.692
SCAMP5,0.703,1.314,1.315,0.745,1.079,0.81
ZNF521,30.198,40.238,54.689,32.783,43.585,35.01
ALPK2,7.008,13.051,17.954,14.956,24.835,23.681
BRINP2,0.039,0.039,0.042,0.036,0.053,0.072
MAGEB3,0,0,0,0.037,0,0
LRIG2,1.951,1.954,2.566,2.041,1.299,2.322
MT-CO1,12870.993,13860.185,15117.552,11216.28,4991.267,13006.784
PNP,42.25,34.594,26.05,42.122,22.882,32.529
PAX9,1.128,0.345,0.239,0.29,0.215,0.41
LRRC10,0.256,0.074,0.278,0.169,0.163,0.133
GK,8.459,5.416,4.618,5.568,2.789,4.473
FOXJ3,15.435,16.492,18.334,19.032,12.635,16.818
ZNF358,69.271,73.952,77.787,72.44,90.538,97.217
SFT2D1,50.519,39.773,41.619,46.37,44.063,46.301
CD247,0,0.056,0,0,0,0
GRM3,0.048,0,0.04,0,0,0
CHAMP1,23.196,21.67,22.196,20.859,14.061,19.913
INPP5F,9.265,12.308,10.448,11.159,8.731,10.12
ARHGAP11A,18.853,23.688,23.056,28.426,17.333,24.964
SUCNR1,0,0,0,0,0,0
HMGN2,248.252,275.661,299.603,232.884,286.263,253.057
SELENOM,161.99,178.207,193.321,198.716,260.702,234.298
UBE2J1,28.976,28.164,25.905,28.902,26.834,27.366
GJC2,2.516,2.913,2.844,4.844,5.839,5.922
OPA1,21.43,22.435,23.869,23.749,22.507,21.592
DENND4B,10.108,12.766,10.45,12.587,8.014,14.016
RYR3,1.201,0.527,0.599,0.171,0.71,0.477
ZNF277,19.123,21.784,19.166,19.271,16.176,16.936
MT-ND3,3932.85,3734.92,3736.982,4098.246,2699.125,3634.586
KTI12,14.103,13.867,15.297,12.464,11.717,12.058
STYXL2,0,0.023,0,0,0,0
SELENOT,51.747,48.043,47.196,43.069,42.606,37.061
ARHGEF15,0,0,0,0,0,0.021
TOX,0.932,1.07,1.436,1.877,3.533,2.124
CES1,1.943,1.711,2.024,1.902,2.988,1.711
CD3E,0,0,0,0,0,0
RUSC2,23.629,25.184,24.372,25.149,21.746,27.892
C1orf68,0,0,0,0,0,0
FICD,5.659,4.982,5.138,6.549,4.462,7.247
OSTC,186.649,169.147,164.406,194.061,181.839,184.692
R3HDM4,53.368,43.08,44.429,40.666,50.026,51.259
TSEN15,25.229,24.307,23.879,25.845,23.652,21.161
LTN1,10.077,11.334,10.509,10.164,7.54,10.117
RUNDC1,10.382,9.916,9.157,8.322,7.887,7.245
CCDC152,0.809,1.463,1.936,1.6,1.129,0.737
STKLD1,0.352,0.587,0.531,0.241,0.581,0.639
GRK5,27.079,24.26,21.945,26.854,21.517,24.676
TYW1,9.207,10.468,10.577,8.661,9.263,9.152
DCAF12,15.573,13.417,13.904,16.869,15.51,19.814
SFMBT2,0.122,0.177,0.342,0.143,0.055,0.199
ASB12,0,0,0,0,0,0
PNMA5,0,0,0,0,0,0
ITPRIPL1,0.49,0.337,0.349,0.459,0.242,0.421
MT-ND4,5996.799,6159.632,6671.48,4989.979,2002.629,5290.4
SMC5,13.384,13.166,13.743,14.796,11.082,13.453
MT-ND1,4215.062,4265.488,4425.436,3612.648,1474.522,3630.326
DCAF12L1,0,0,0,0,0,0
PRMT6,9.236,7.806,8.404,8.653,8.915,9.162
SHISA4,14.373,18.362,18.503,13.693,21.476,17.74
CIPC,5.671,4.607,5.112,5.898,4.172,5.007
CAPZA2,108.924,100.361,98.879,105.262,91.737,100.972
MT-ATP6,7359.351,7361.734,8053.265,6779.269,2990.491,6880.987
TOP1,47.185,36.936,35.007,38.036,29.023,31.807
PRC1,38.482,45.983,47.244,55.93,65.077,50.466
BHLHB9,1.845,2.499,2.506,1.786,2.011,1.986
MAP3K3,27.119,25.091,26.409,24.951,20.988,25.355
L1CAM,1.271,1.716,1.771,1.335,1.021,1.855
SREBF2,37.6,39.024,39.762,31.556,33.032,37.783
C1orf174,18.613,18.44,19.03,19.094,16.185,18.051
POU3F3,0.073,0.162,0.058,0.15,0.016,0.232
RASGEF1A,0.201,0.563,1.172,0.297,0.834,0.733
SPOUT1,12.476,11.594,12.259,11.2,11.392,11.052
RPL39,2698.662,2723.768,2650.39,2820.578,3429.772,2264.401
DZIP3,3.402,4.046,5.133,2.933,4.975,5.034
KIAA0753,7.249,8.978,9.896,8.741,7.604,10.929
DCLRE1A,3.039,3.341,3.557,4.51,3.515,3.774
ATG9A,42.398,44.97,46.662,44.178,38.403,43.303
NOS1AP,0,0.064,0.152,0.065,0,0.073
CSAG1,0,0,0,0,0,0
APRT,128.168,122.016,113.521,143.698,143.438,135.523
GPRASP1,0.46,0.861,1.347,0.747,0.48,0.805
TBKBP1,9.379,12.946,16.441,14.579,12.14,12.814
MAGEE1,2.488,3.045,2.934,2.672,2.601,2.664
CCDC167,27.826,22.564,26.352,33.883,37.113,33.465
MT-CO3,6092.819,6440.801,6647.216,5934.347,2529.266,5831.554
ZFP2,0.589,0.577,1.057,0.541,1.129,0.681
SOWAHA,0,0.047,0,0,0,0
L3MBTL3,3.681,3.576,3.438,3.07,2.75,3.562
DMD,0.833,0.572,0.864,1.025,0.464,0.882
MFAP3L,2.357,1.641,2.239,1.714,1.85,1.954
NAGA,18.379,21.596,21.342,21.096,21.956,21.867
SMG5,33.92,27.866,32.049,31.716,28.879,32.697
KIFBP,37.093,30.667,31.382,34.841,29.471,30.078
TGM2,7.856,4.909,4.015,4.496,3.058,4.865
ARMCX6,33.395,31.342,32.957,30.29,36.588,30.491
PJA2,64.095,59.004,60.44,61.098,50.822,57.446
RORB,0.041,0.028,0.026,0.03,0,0.025
SGMS1,16.743,18.581,16.389,16.44,18.485,18.6
OR10R2,0,0,0,0,0,0
OR10Z1,0.013,0.038,0.053,0,0.034,0.011
ZNF525,3.313,3.885,3.048,2.375,1.736,3.397
INF2,91.255,93.055,87.749,87.129,68.862,97.816
IQANK1,0.937,0.446,0.741,0.957,0.537,0.329
GP1BB,11.257,18.041,18.549,15.248,16.875,22.979
OR2T5,0,0,0,0,0,0
OR2L2,0.389,0.306,0.159,0.293,0.174,0.218
EFCAB2,7.617,10.224,8.299,10.746,12.545,8.197
COX20,62.537,64.123,67.652,62.495,55.364,57.6
CHML,4.569,4.85,3.572,7.43,6.791,5.704
STUM,0,0.092,0.031,0.037,0,0.08
CAPN8,0.032,0.071,0.038,0.032,0.141,0.09
TATDN3,6.762,12.162,8.031,8.686,10.571,9.42
CR1,0.019,0.056,0.049,0.025,0.033,0.058
RAET1G,2.476,4.082,5.226,4.497,5.566,4.282
C1orf53,7.452,7.685,7.056,8.183,9.021,8.756
SAMD5,0.96,0.915,0.98,0.931,0.614,0.871
TEDDM1,0.033,0.068,0.07,0.121,0,0.09
GJE1,0,0,0,0,0,0
ECT2L,0.041,0.083,0.04,0,0.022,0.098
GPR52,0,0,0,0,0,0
METTL11B,0.04,0,0.043,0,0.073,0
FCGR3A,0,0,0,0,0,0
TMEM244,0.218,0,0,0,0,0
OR6K3,0.24,0.095,0,0,0,0.043
CENPW,16.654,16.133,19.863,21.739,16.966,17.671
SPRN,1.213,2.339,1.66,1.717,2.354,2.367
FAM229B,18.788,18.294,20.452,21.312,23.395,17.643
FANK1,3.136,3.708,4.323,3.343,3.501,5.637
LORICRIN,0,0.075,0,0,0,0
PRR9,0.229,0.46,0.729,0.14,0,0.277
LELP1,0,0,0,0,0,0
SPRR2E,3.552,3.679,1.079,0,2.25,0
KPRP,0.202,0.135,0.358,0.307,0.303,0.305
EEF1AKMT2,5.233,5.177,5.91,6.3,6.529,5.149
FAM24A,0,0,0,0,0,0
DDO,0.28,0.243,0.328,0.382,0.541,0.693
PLPP4,0.26,0.54,0.255,0.452,0.616,0.413
H3C14,0.639,1.412,1.189,0.341,0.551,0.763
H2AC18,0,0,0,0,0,0
H2BC18,1.214,3.197,2.486,1.079,0.271,1.364
PNLIPRP3,0.142,0.142,0.038,0,0.096,0.032
H3C15,0.639,1.412,1.189,0.341,0.551,0.763
HSD3B1,0.063,0,0,0,0,0
HSD3B2,0,0.053,0,0,0,0
RBM20,0,0.011,0,0,0,0
SMIM9,0,0,0,0,0,0
C6orf163,0.407,0.95,1.229,0.967,0.291,0.268
RIPPLY2,0,0,0,0,0,0
GDI1,121.392,118.078,114.608,121.804,105.004,122.018
PCMTD2,50.651,75.075,77.238,57.281,47.334,62.772
SOX18,0.14,0,0.099,0,0.293,0.127
LIME1,30.209,28.985,26.681,24.108,16.402,35.17
OOEP,0.308,0.241,0,0,0,0
KHDC3L,0,0,0,0,0,0
DPPA5,0,0,0,0,0,0
C1orf146,0,0,0,0.338,0,0.337
SPANXN1,0,0,0,0,0,0
SPANXA2,0,0.766,0,0,0,0
CXorf66,0,0,0,0,0,0
C10orf62,0,0,0,0,0,0
SAMD13,0.247,0.67,0.06,0.414,0.058,0.89
RTL8A,44.516,46.266,38.95,49.276,48.575,48.061
CCDC160,0,0.049,0.052,0.045,0.044,0
C1orf141,0,0.042,0,0,0,0.268
EFCAB7,3.631,4.574,6.605,5.097,4.394,4.43
DEFB110,0,0,0,0,0,0
GLYATL3,0,0,0,0,0,0
LDLRAD1,0.2,0.24,0.29,0.148,0,0.142
RHOXF2B,0,0.074,0,0,0,0
ZYG11A,0.54,0.396,0.214,0.442,0.267,0.303
LCN8,0.23,0,0,0,0,0
C1orf185,0,0,0,0,0,0
GLT6D1,0,0,0,0,0,0
IFIT1B,0,0.087,0,0,0,0.04
CT83,0,0,0,0,0,0
LIPN,0,0.031,0,0,0,0
LIPK,0,0.142,0,0,0,0
LIPJ,0,0,0,0,0,0
TRPC5OS,0,0,0,0.027,0,0
LRIT2,0,0,0,0,0,0
LRRC73,1.327,1.853,0.727,1.175,2.426,0.985
FOXO6,0.122,0.611,0.323,0.167,0.329,0.11
TCEAL5,0,0,0,0,0,0
SYS1,18.564,18.063,17.103,15.406,20.887,22.024
TCEAL6,0,0,0,0,0,0
INPP5B,7.795,10.133,10.248,9.753,9.67,11.626
RPA4,0.057,0.057,0.061,0,0,0.104
NEU4,0,0,0,0,0,0
MAFB,3.113,4.39,5.265,2.901,3.127,3.329
TRAF3IP1,11.061,10.798,10.858,11.16,10.327,9.889
CHIC1,4.676,5.214,4.509,4.593,2.647,4.156
GIGYF2,31.18,31.941,31.97,25.333,20.204,24.782
C2orf72,1.234,0.538,0.812,1.021,0.767,0.855
RUFY2,13.48,12.19,14.952,12.801,10.092,12.248
NHSL2,3.171,4.757,3.813,4.224,2.035,4.247
GGTA1,0.07,0.071,0,0,0,0
PHACTR4,10.157,8.685,11.313,10.627,7.304,10.594
CLPSL1,0,0,0,0,0,0
ASAH2B,3.113,2.864,3.62,2.815,1.521,3.3
AGAP6,4.31,6.367,6.081,6.32,2.789,5.976
TIMM23B,11.814,9.932,10.653,6.422,6.016,8.405
ZDHHC18,19.11,16.743,16.366,17.726,13.832,18.233
TMEM273,0,0,0,0,0,0
CXorf65,0,0,0,0,0,0
AGAP9,2.764,4.135,4.15,2.662,1.632,3.113
NPY4R,0,0,0,0.022,0,0
GPRIN2,0,0.052,0,0,0,0
SYT15,1.333,0.811,1.092,1.523,0.599,1.505
MACO1,14.138,13.622,15.266,14.681,14.24,13.423
PTPN20,0.434,0.579,0.333,0.323,0.788,0.352
ZDBF2,4.863,5.253,4.479,4.25,2.868,4.939
TXNDC8,0,0,0,0,0,0
AWAT1,0,0,0,0,0,0.059
DAXX,42.096,40.657,35.826,36.992,38.185,37.873
BMPR2,25.439,28.909,26.565,25.172,18.29,24.376
TCEA3,4.346,5.269,6.778,9.329,9.754,9.371
PFDN6,67.042,51.607,59.953,58.115,65.915,52.721
RING1,42.914,46.307,45.701,46.597,47.572,49.715
HSD17B8,3.126,5.394,4.179,2.604,5.006,3.388
RXRB,33.863,41.134,38.381,35.985,35.6,40.994
OXLD1,25.059,26.289,28.511,27.396,32.748,26.914
OR13C3,0,0,0,0,0,0
COL11A2,1.06,1.446,1.421,0.522,0.833,1.02
HLA-DOA,0.048,0.277,0.16,0.024,0.079,0.138
BRD2,103.739,121.592,120.337,103.375,81.945,99.021
HLA-DMA,1.527,1.927,0.93,2.611,2.411,2.49
COL5A2,168.834,197.945,225.716,201.974,264.97,260.802
PSMB8,32.015,35.127,40.691,32.227,48.436,36.647
TAP2,15.288,16.657,20.793,11.338,10.773,13.552
SPIN3,3.555,5.686,5.745,6.499,5.251,7.461
NBDY,37.721,32.526,32.104,32.611,36.472,34.354
TMEM235,0,0,0,0,0,0
PAGE3,0,0,0,0,0,0
HLA-DRA,0,0.151,0,0,0,0
BTNL2,0,0,0,0.113,0,0
COL15A1,333.978,356.927,358.47,326.742,278.034,355.307
TSBP1,0,0,0,0,0,0
TMEM225,0,0,0,0,0,0
NOTCH4,0.211,0.07,0.087,0.075,0.127,0.096
PBX2,28.34,31.578,34.595,32.128,29.824,36.165
AGER,5.014,7.11,12.297,5.853,4.783,10.721
RNF5,39.414,42.018,39.094,42.836,46.996,40.966
AGPAT1,57.207,58.152,58.058,56.817,62.367,65.684
PJVK,2.589,3.384,2.88,2.217,1.056,3.635
PRRT1,2.079,3.912,4.092,2.531,3.166,3.263
FKBPL,4.562,6.707,6.009,6.62,8.654,7.417
MRPL38,33.096,31.978,33.481,32.939,34.31,33.031
SMIM5,0.374,0.33,0.495,0.233,0.12,0.372
ERICH2,1.389,3.245,2.317,2.226,3.419,2.527
SP5,0,0,0,0,0,0
STK19,18.482,16.41,19.819,15.511,19.308,17.913
CD300LD,0.071,0.213,0.075,0.129,0.064,0.514
BTBD17,0,0,0,0,0,0
DXO,21.835,22.049,20.728,18.77,12.205,21.939
SKIV2L,36.676,40.242,40.205,34.224,23.307,34.391
NELFE,68.403,74.916,79.822,70.125,77.183,66.289
NXPE2,0.093,0.139,0,0.127,0,0.168
SPANXN5,0,0,0,0,0,0
ZBTB12,5.263,6.152,5.972,5.369,7.464,6.807
SDHD,74.87,80.467,82.219,77.613,78.67,74.161
EHMT2,20.309,25.298,27.958,22.832,21.446,24.035
XAGE1A,0,0,0,0,0,0
LAYN,34.601,45.06,53.027,53.932,81.312,60.569
XAGE1B,0,0,0,0,0,0
SLC44A4,0.033,0.067,0.037,0.031,0.03,0.03
NEU1,11.067,14.121,14.125,7.819,9.939,9.926
HSPA1B,72.841,73.848,70.519,53.309,56.09,61.237
HSPA1A,82.372,84.867,88.238,64.846,71.988,73.113
HSPA1L,1.926,1.685,1.376,1.782,1.816,2.402
LSM2,35.508,37.748,35.058,37.166,39.533,37.793
VARS1,37.606,31.893,28.835,34.739,32.382,33.619
VWA7,0.199,0.34,0.544,0.362,0.434,0.464
CASP12,0,0,0,0.048,0,0
MBD5,3.972,5.425,5.111,4.415,3.89,4.648
MSH5,4.119,5.321,7.523,5.299,3.439,8.358
CSHL1,0,0,0,0,0,0
MPIG6B,0.071,0.232,0.114,0.345,0.032,0.101
LY6G6C,0.34,0.573,0.361,0,0.205,0.206
LY6G6F,0,0,0,0,0,0
ABHD16A,20.907,22.281,23.196,18.177,22.949,18.391
LY6G5C,1.004,1.364,1.779,2.184,1.668,1.673
CSNK2B,158.361,153.683,148.674,168.527,161.214,156.889
GPANK1,17.56,19.305,18.869,24.753,23.92,20.186
C6orf47,15.962,14.889,16.085,14.65,15.708,14.087
FAM155A,0.711,0.591,0.631,0.457,0.289,0.318
APOM,2.775,3.327,3.801,2.73,3.606,3.99
TRIM49C,0,0,0,0,0,0
TRIM64,0,0,0,0,0,0
BAG6,113.613,115.666,110.874,110.411,94.937,113.643
PRRC2A,78.613,81.635,81.844,68.076,56.942,73.327
AIF1,0,0,0,0,0,0
NCR3,0,0,0,0,0,0
PRAMEF20,0,0,0,0,0,0
PRAMEF17,0,0,0,0,0,0
PRAMEF19,0,0,0,0,0,0
PRAMEF14,0,0,0,0,0,0
LST1,0,0.627,0.172,0,0,0.15
NFKBIL1,24.744,31.497,35.75,27.179,43.81,34.459
PRAMEF15,0,0,0,0,0,0
PRAMEF9,0.042,0.136,0.109,0.067,0.068,0.194
PRAMEF7,0,0.114,0,0,0,0
MCCD1,0.621,0.79,0.165,0.145,0.141,0
ZNF814,8.025,10.255,9.019,6.682,6.813,5.773
MICB,5.069,5.525,6.191,7.529,7.282,7.579
AADACL4,0.042,0,0,0.077,0.076,0
ZNF551,2.693,3.325,2.065,2.603,2.202,3.477
MICA,39.708,40.999,48.554,38.527,34.53,39.189
ZNF805,1.687,2.251,1.907,2.022,1.075,2.806
HLA-C,401.575,420.815,396.223,404.616,499.749,443.409
POU5F1,0.702,1.711,1.707,1.777,0.518,1.481
ZSCAN5C,0.054,0,0.059,0.052,0,0
CCHCR1,12.92,15.17,14.128,14.797,12.626,17.219
PSORS1C2,0.353,1.072,1.626,0.327,0.425,0.428
CDSN,0.589,1.605,0.801,0.448,0.324,0.773
PSORS1C1,3.382,3.942,4.335,1.649,4.325,5.79
C6orf15,0,0,0.087,0.075,0,0
MUC21,0.51,0.312,0.262,0.205,0.06,0.245
DEFB121,0,0,0,0,0,0
DHX16,28.613,20.892,26.326,21.634,18.765,20.156
C6orf136,5.285,11.251,11.506,7.405,8.227,9.27
MRPS18B,31.85,36.388,35.348,33.709,40.509,36.718
PPP1R10,10.999,12.977,13.395,16.23,13.262,15.432
KRTAP5-11,0,0,0,0,0,0
KRTAP5-10,0.08,0.081,0.256,0,0.145,0
ABCF1,47.084,46.714,44.686,40.366,39.621,37.065
PRR3,5.841,7.329,8.508,7.215,6.821,8.512
LILRB3,0.23,0.408,0.438,0.539,0.167,0.215
DDR1,10.624,11.478,13.607,12.286,13.965,14.297
LRCOL1,0,0,0,0.269,0,0
GNL1,40.616,43.613,39.258,37.089,43.549,38.729
HLA-E,145.654,161.229,163.862,148.293,182.774,156.349
DPRX,0.177,0,0.377,0,0,0
TRIM39,14.95,15.071,11.905,15.26,14.177,19.116
ZNF468,3.245,3.711,5.07,4.123,3.334,3.582
TRIM15,0,0,0,0,0,0
ZNF616,5.505,4.222,4.484,6.415,6.955,5.796
FOXB2,0,0,0,0,0,0.065
TRIM10,0.055,0.027,0,0.025,0.025,0
TRIM40,0,0,0,0,0,0
TRIM31,0,0.085,0,0,0,0
RNF39,1.6,2.113,2.618,1.835,1.625,1.861
PPP1R11,57.004,60.587,56.567,59.971,62.935,60.347
DISP3,0.076,0.015,0.065,0.165,0.054,0.041
RACK1,2276.84,2328.044,2292.413,2442.539,2724.556,2613.118
HLA-G,0,0.424,0.128,0,0.076,0
TBC1D8,15.934,14.824,15.115,10.332,9.47,10.872
NMS,0,0,0,0,0,0
HLA-F,14.337,23.085,20.049,20.761,20.342,19.429
ZFP57,0,0.056,0,0,0,0
ASPDH,1.551,3.279,2.618,5.009,0.566,1.814
MOG,0,0.1,0,0,0.043,0.046
OR2H2,0.242,0.178,0.029,0.226,0.106,0.147
CBY3,0,0,0,0,0,1.069
C9orf57,0,0.162,0,0,0.048,0.049
IL31,0,0,0,0,0,0
AKT1S1,68.183,70.454,65.02,71.273,67.732,70.833
GABBR1,36.048,40.208,40.857,27.213,10.483,29.352
MAS1L,0,0,0,0,0,0
OR2H1,0,0,0,0,0,0
OR11A1,0,0.122,0.162,0.213,0.155,0.247
OR14J1,0.694,0.583,0.834,0.686,0.244,0.398
OR2J2,0,0.106,0,0.064,0.032,0
OR2J3,0.025,0.05,0,0,0,0.045
OR2J1,0,0,0,0,0,0
OR2B3,0,0,0,0,0,0
OR2W1,0,0,0,0,0,0
SPDYC,0,0,0.842,0,0,0
C9orf135,0,0,0,0,0,0.262
TRIM27,25.05,22.374,22.105,25.961,24.513,24.653
MALRD1,0.05,0,0.053,0.181,0.045,0.135
RANBP17,1.959,1.267,1.73,1.257,0.636,1.151
INSYN2B,8.663,5.086,5.113,6.302,4.608,5.217
FOXD4L5,0.113,0.238,0.141,0.193,0.167,0.144
ODAD4,0.549,0.679,0.946,0.571,0.823,1.044
MRPL53,74.457,81.517,83.695,84.843,118.727,81.391
MROH6,3.45,3.957,3.623,2.757,3.815,5.12
ATXN2,29.054,27.341,29.708,24.85,20.975,23.304
DCTN1,81.691,86.256,89.993,85.097,76.474,87.261
SPATA31A1,0,0,0,0,0,0
PNMA8B,0.481,0.891,0.913,1.061,1.251,1.059
TCTN1,32.612,38.445,41.102,37.038,35.979,33.355
FAM216A,9.447,10.391,12.806,14.834,13.135,10.467
ZBTB48,8.367,8.171,12.182,8.546,8.465,10.909
IGFL2,0.391,0.599,1.037,0.636,0.354,0
IGFL4,1.616,1.905,1.444,2.218,2.31,1.236
KRTAP9-3,0,0,0,0,0,0
KRTAP4-8,1.181,0,0,0,0,0
GPR20,0,0.228,0,0.052,0,0.103
KRTAP1-4,0,0,0,0,0,0
KRT40,0,0,0,0,0.044,0
KRT25,0,0,0,0,0,0
MZT1,16.728,15.529,14.481,17.105,12.014,14.526
SPINK9,8.073,8.992,8.153,6.627,3.393,6.449
LRRC3C,0,0,0,0,0,0
PRR20B,0,0,0,0,0,0
PRR20A,0,0,0,0,0,0
ZNF155,7.112,5.934,9.935,6.538,5.641,4.943
UQCC3,7.991,8.183,8.529,7.88,9.755,8.365
FBXO48,0.617,0.829,1.024,0.905,0.82,1.105
GRXCR2,0,0,0,0,0,0
FAM221B,0.46,0.931,0.673,0.471,0,0.277
CD177,0.474,0.116,0.124,0.247,0.209,0.176
PSG5,90.216,100.586,111.289,149.028,178.028,151.795
ZNF783,4.462,4.676,5.41,3.76,3.308,5.234
ZNF425,2.803,2.395,2.23,2.794,3.316,2.334
LRRC10B,0,0.187,0.04,0.102,0.034,0
FBXO47,0,0,0,0,0,0
C12orf73,4.627,9.787,7.817,6.136,7.998,4.533
PCDHGA1,1.235,1.547,1.766,1.428,1.159,1.56
PCDHA9,0.114,0.143,0.159,0.124,0.01,0.122
PCDHA8,0.032,0,0,0,0,0.028
PCDHA7,0.311,0.126,0.181,0.186,0.255,0.068
PCDHA5,0.019,0.095,0.04,0.035,0.023,0.07
PCDHA4,0.38,0.496,0.299,0.218,0.25,0.394
PCDHA2,0.032,0.032,0,0.029,0.057,0
PCDHA1,0.061,0.061,0.048,0.056,0.037,0
TRIM13,15.807,17.936,15.725,14.691,13.79,15.52
ERICH4,0,0,0,0,0.095,0
MS4A13,0,0,0,0,0,0
PRSS1,0,0,0,0,0,0
SPIRE2,3.793,3.987,3.843,4.136,2.964,3.801
AARD,0.272,0.324,0.494,0.153,0.101,0.371
PABPN1L,0,0,0,0,0,0
OR5D16,0,0,0,0,0,0
OR5L2,0,0,0,0,0,0
PKHD1L1,0.008,0.004,0.012,0,0,0
SLC35B4,7.821,6.971,7.597,8.001,5.982,6.706
LGALS7,8.879,16.809,1.915,0.253,7.732,0
SYCE1L,0.456,2.801,0.684,2.219,0.329,1.592
TMEM231,8.668,9.56,10.793,6.295,10.977,8.897
FAM71F2,1.064,1.134,2.369,0.964,0.342,1.374
CCNI2,0.099,0,0.068,0.029,0.115,0.029
TMEM240,6.633,7.687,6.426,8.575,9.689,7.763
FRG2,0.041,0.061,0.218,0,0,0.037
FAM205A,0.076,0.057,0.182,0.086,0,0.155
CDKL4,0.083,0.084,0.088,0,0,0
TMEM88B,0.235,0.161,0.187,0.049,0.046,0.091
ACCSL,0,0,0,0,0,0
C4orf47,3.185,5.202,2.677,2.497,0.935,2.34
TRIQK,28.709,34.097,33.093,23.358,32.751,28.182
SDHAF1,10.8,13.598,12.109,14.125,18.114,12.411
ARID3C,0.131,0.394,0.278,0.18,0.589,0.237
PSENEN,67.731,63.563,70.378,64.849,82.201,77.044
C11orf91,12.067,9.273,9.231,4.931,1.38,3.55
FABP9,0,0,0,0,0,0
ZBTB10,4.99,5.947,6.656,6.047,5.193,6.165
C4orf46,12.618,15.552,14.752,18.73,12.231,17.521
SCGB2B2,1.293,1.401,1.573,1.066,0.883,1.139
LGR4,12.799,19.25,22.951,19.607,22.061,23.606
PSMB10,29.832,29.171,28.64,31.249,39.591,29.468
VIT,7.91,14.427,14.89,16.553,31.839,23.382
SPDYE2,1.695,2.251,2.865,1.561,0.767,3.193
E2F4,42.413,40.065,35.98,38.334,35.451,37.745
PDE7A,4.837,5.633,7.021,7.729,6.494,8.556
TMEM170B,0.986,1.107,1.251,0.78,0.881,1.131
MUC12,0.047,0.047,0.096,0.082,0.038,0.06
CTXN3,0,0,0,0,0,0
MGAT4D,0,0,0,0,0,0
SNX2,54.388,66.695,59.487,50.905,55.773,56.866
SAP25,1.742,1.678,2.565,2.852,1.16,2.372
NT5M,2.392,2.076,1.254,1.521,1.991,1.899
SARNP,81.398,88.739,83.775,84.033,99.671,76.961
OR6C68,0,0,0,0,0,0
OR6C65,0,0,0,0,0,0
OR6C3,0,0,0,0,0,0
OR6C1,0,0,0,0,0,0
ADGRG1,6.35,5.312,4.672,8.161,2.976,6.763
IPO7,87.845,75.798,78.551,88.4,67.97,78.362
PRR13,94.461,99.571,98.735,94.288,114.791,99.039
TECPR1,7.375,9.383,10.638,7.327,6.421,8.839
MT1H,0,0,0,0,0,0
SLCO6A1,0,0,0,0,0,0
MT1A,6.677,6.055,3.318,11.392,6.469,7.845
INSYN1,5.727,4.526,5.068,5.439,9.919,6.688
MT1M,10.513,14.405,10.283,16.746,16.386,9.189
CFI,0,0.343,0.407,0.079,0.431,0.309
OR52E6,0,0,0,0,0,0
SAMD9,14.85,17.072,17.075,18.323,12.203,16.687
KRT6A,54.037,104.381,17.954,1.216,40.085,0.599
CNEP1R1,16.804,15.751,13.878,13.63,13.61,13.144
KRT81,0.403,0,0.238,0.354,0.158,0.521
EXOC3L4,0.037,0,0.039,0,0,0
KRTAP12-3,0,0,0,0,0,0
IZUMO3,0,0,0,0,0,0
KRTAP10-2,0,0,0,0,0,0
TP53TG3D,0.507,0.314,0.632,0.309,0.321,0.892
TP53TG3C,0,0,0,0.019,0.007,0
CCDC85C,6.176,4.147,4.199,7.06,4.01,5.853
OR52J3,0,0,0,0,0,0
OR51A2,0,0,0,0,0,0
OR51A4,0,0,0.02,0,0,0
C2CD4B,0.056,0,0.119,0,0,0
RGL3,7.101,4.622,6.268,3.535,1.893,4.235
NAP1L4,83.147,86.178,82.614,88.019,78.732,91.135
TMSB4X,4797.504,4973.196,4315.616,4928.189,4639.629,4363.186
TMEM256,59.865,58.774,53.196,56.993,77.553,62.655
CPT1B,3.133,3.901,4.961,3.157,2.361,4.462
SMN2,53.079,42.442,53.197,52.053,52.74,42.169
SERF1B,7.063,8.775,4.086,22.92,8.784,5.986
HMGN1,211.474,198.12,206.69,163.288,189.686,162.654
MUC19,0,0,0,0,0.122,0
DENND6B,11.861,12.804,14.426,8.125,7.184,12.462
EIF3CL,3.758,1.235,5,4.863,5.845,1.766
LCMT1,28.096,25.562,29.505,25.864,29.054,27.766
MFSD2B,0.058,0.411,0.249,0,0.105,0.053
VCX3B,0,0,0,0,0,0
CDPF1,7.74,6.153,6.532,5.699,8.79,7.891
HTN3,0,0.715,0,0.135,0.256,0.126
LIN52,3.793,5.27,4.054,5.668,4.022,4.821
ARSH,0,0,0,0.031,0,0
ACOT6,0,0,0,0.18,0,0
SMIM11A,16.009,0.863,16.247,13.529,18.246,2.546
TECRL,0.263,0.327,0.497,0.278,0.207,0.254
DPF3,1.979,1.677,1.676,1.918,0.848,1.324
MANSC4,0.053,0.106,0.389,0.104,0.095,0.228
CYP2D7,1.381,2.357,1.574,1.125,0.757,1.518
LINC00634,0.059,0.059,0.189,0.523,0,0.054
ETFRF1,16.683,22.981,18.961,19.694,22.323,18.966
C17orf107,0.931,1.259,1.383,1.975,2.198,2.526
MBD3L4,0,0,0,0,0,0
ITSN1,26.276,25.295,22.465,24.17,18.995,22.456
ITPRIPL2,49.082,35.212,31.674,37.12,23.379,33.708
DENND1C,0.211,0.267,0.037,0.032,0.063,0.064
CRLF2,0.116,0.68,0,0,0.174,0.087
CRYZL1,27.427,30.302,32.552,20.799,21.383,25.932
C5orf51,11.416,13.127,12.523,12.177,8.789,11.877
GAGE1,0,0,0,0,0,0
ARRDC5,0,0.108,0.172,0,0,0.147
CYS1,2.551,2.4,2.908,2.547,5.713,3.5
PLPP6,4.402,4.652,4.803,4.264,3.36,4.45
KLRC2,0,0,0,0,0,0
KLRC3,0,0,0,0,0,0
C16orf96,0,0,0,0,0.036,0
GMNC,0,0,0,0,0,0
TTC23L,0.101,0,0.359,0,0,0.092
CLEC6A,0,0,0,0,0,0
C22orf42,0,0.199,0.07,0.181,0,0.06
NANOGNB,0.126,0.128,0.355,0,0.114,0.229
LRRC72,0,0,0,0,0,0
C1QTNF9B,0,0.077,0.246,0,0.069,0
KRTAP5-6,0,0,0,0,0,0
KRTAP5-2,0,0,0,0,0,0
KRTAP5-1,0,0,0,0,0,0
DEFB134,0,0,0,0,0,0
DEFB135,0,0,0,0,0,0
DEFB136,0,0,0,0,0,0
BHLHA9,0,0,0,0,0,0
ZNF316,26.421,17.663,20.427,14.559,13.83,16.791
DAZ4,0,0,0,0,0,0
ONECUT3,0.09,0.1,0.16,0.12,0.07,0.18
CEMP1,0,0,0,0,0.001,0
OLIG2,0.101,0.226,0.054,0.046,0.068,0.023
C21orf62,0.142,0.245,0.388,0.238,0.126,0.316
RNPS1,103.615,98.106,102.341,106.522,92.101,102.453
DAZ2,0,0,0,0,0,0
NYNRIN,2.384,3.52,4.569,3.271,4.305,4.55
DNAJC19,24.001,21.158,19.572,27.31,27.271,27.426
IFITM5,0,0,0,0,0.134,0.134
SMIM21,0,0,0,0.087,0,0
C18orf63,0,0,0,0,0,0
DEFA1,0,0,0,0,0,0
DOK6,1.299,0.423,1.101,1.462,0.647,0.456
JPT2,47.797,43.819,39.923,63.755,42.02,50.384
TMEM211,0,0,0,0,0,0
SERPINB11,0,0.046,0.063,0,0,0
SERPINB4,0.103,0.475,0.091,0,0.231,0
SERPINB5,3.038,5.82,1.271,0.134,2.24,0.059
ZDHHC11B,0,1.186,0.488,0,0.024,0.831
KRTAP19-8,0,0,0,0,0,0
KRTAP20-3,0,0,0,0,0,0
KRTAP20-4,0,0,0,0,0,0
KRTAP22-2,0,0,0,0,0,0
KRTAP27-1,0,0,0,0,0,0
CFAP99,0.292,0,0.078,0,0.033,0.033
GOLGA8O,4.293,4.988,5.975,3.246,2.798,4.766
TMEM191C,5.905,2.633,3.864,2.47,3.979,3.274
RNASE13,0.271,0,0,0,0,0
HBA1,1.056,0.007,0.033,0.007,0,0.025
HBM,0,0,0,0,0,0
ELOA2,0.08,0,0.028,0,0,0.048
ATP10A,14.821,12.816,15.268,14.972,17.121,19.153
ANKUB1,0.038,0.038,0.041,0.07,0.069,0.139
TSSK2,0,0,0,0,0,0
PRR23A,0.148,0.197,0.04,0.146,0.034,0.169
FOXL2NB,3.755,4.113,5.125,4.226,2.683,4.763
COL6A6,0.273,0.204,0.157,0.156,0.213,0.222
RAB12,41.111,39.667,39.774,43.854,41.467,42.029
LRRC30,0,0,0,0,0,0
TMEM200C,0,0,0,0,0,0
OR10C1,0,0,0,0,0,0
HLA-A,467.024,475.23,480.329,503.411,656.319,546.621
HACD2,17.172,18.717,17.898,17.682,15.422,16.125
CFAP44,1.674,1.937,2.975,2.08,0.995,2.984
CD200R1L,0,0,0,0,0,0
LNP1,1.442,1.724,1.193,1.36,2.303,2.11
OR5K3,0,0,0,0,0,0
VGLL3,11.288,24.182,31.005,18.64,29.978,33.518
TRIM71,0.063,0.009,0.01,0.033,0.016,0
ZCWPW2,1.493,1.45,2.346,1.299,1.376,1.143
ANKRD28,52.656,54.412,55.816,51.166,40.102,52.932
COLQ,1.089,1.167,1.829,0.586,0.832,0.974
METTL6,15.021,15.559,16.283,13.538,15.653,11.893
XKR4,0.028,0.043,0.021,0.015,0.007,0.018
GPX3,2.537,2.707,1.153,1.606,2.228,3.041
DIO2,0.249,0.335,0.74,1.524,1.34,1.014
SELENOH,48.483,45.255,48.628,45.37,51.915,51.485
DIO1,0.723,1.353,0.786,0.703,0.687,1.498
AKR7L,0.785,0.226,0.193,0.619,0,0.681
STK38L,7.505,7.307,8.8,5.805,5.394,7.535
SACM1L,31.029,27.975,30.678,26.785,24.177,26.031
TSN,37.703,31.499,39.724,35.584,36.435,32.302
SLC48A1,14.328,13.806,18.748,15.252,16.721,17.508
TSSK1B,0.034,0.069,0.147,0.063,0.062,0
PRR22,0.729,0.866,0.952,0.486,0.481,1.895
TAS2R19,0.195,0.689,1.141,1.08,0.176,0.355
TAS2R50,0.098,0,0.208,0.18,0,0
TAS2R14,0.795,0.985,1.642,0.727,0.632,0.849
TAS2R13,0.108,0.054,0,0,0,0
KRTAP16-1,0,0.057,0,0.157,0,0.052
KRTAP29-1,0,0,0,0,0,0
KRTAP9-6,0,0.213,0.525,0,0.127,0
CTAGE1,0.019,0.037,0.02,0.017,0,0.068
KRTAP4-11,0.078,0,0,0,0,0
KRTAP4-9,0.222,0,0.236,0.225,0.221,0.222
KRTAP2-3,12.461,11.899,8.043,18.311,13.236,17.946
KRTAP2-1,0,0,0,0,0.519,0.406
RTL8B,13.366,13.482,12.763,15.007,14.224,15.793
OR2A42,0.59,1.153,0.668,0.138,0.512,1.218
RNF208,3.8,5.067,3.639,6.253,4.543,8.419
KRTAP3-3,0,0,0,0,0,0
KRTAP3-2,0,0,0,0,0,0
KRTAP3-1,0,0,0,0,0,0
MT-ND4L,7883.184,8115.041,8572.652,7096.85,2631.051,7366.161
MAP10,0.624,0.729,0.702,0.648,0.625,0.76
KRTAP12-4,0,0,0,0,0,0
KRTAP10-3,0,0,0,0,0,0
KRTAP6-3,0,0,0,0,0,0
POU5F1B,0.135,0.153,0.273,0.066,0.11,0.212
ZNF580,36.793,37.344,43.869,33.462,35.429,41.355
ZNF611,5.505,6.251,6.75,5.138,3.406,4.161
KLK9,0,0.39,0.069,0,0,0
SYT3,0.117,0.066,0,0,0,0.12
NUP62,36.847,36.054,33.786,44.956,34.083,40.797
CGB8,0,0,0,0,0,0
DENND1B,2.256,2.016,1.944,1.985,1.935,4.544
SFT2D2,8.006,10.013,8.026,8.287,5.865,10.282
CEP43,10.43,12.809,13.206,10.816,9.383,11.117
SCAF8,21.974,22.48,24.489,21.393,17.21,21.457
CFAP45,0.424,0.685,0.25,0.473,0.408,0.555
ACKR1,0,0,0,0,0,0
ZNF254,2.574,2.622,3.64,4.834,3.929,4.171
DYNLT2B,20.761,21.389,19.855,15.551,17.13,17.518
CRYGS,3.055,4.083,3.506,2.036,1.546,2.775
CRIP1,32.572,42.786,52.302,48.868,68.856,65.763
KLHL23,1.386,1.253,1.002,1.087,0.838,1.44
LINGO4,0,0,0,0,0,0
FAM24B,8.828,8.378,5.46,6.509,6.44,7.848
TRIM59,7.153,12.004,11.188,11.387,10.427,10.02
MLLT11,1.436,1.499,1.765,1.294,1.655,1.411
ASIC3,3.147,3.722,4.309,1.773,1.179,2.959
GIMAP1,0.018,0.04,0.123,0.053,0.017,0.052
CCDC183,2.606,3.638,3.043,1.589,1.611,2.133
ARHGEF35,4.402,3.67,5.309,4.183,4.447,4.865
OR2F1,0.033,0.033,0.035,0.06,0.015,0.166
CSH2,0,0,0,0,0,0
DNLZ,5.185,4.203,3.853,3.73,5.339,4.645
TCL1B,0,0,0,0,0,0
SUPT4H1,68.867,75.088,66.774,70.942,83.02,71.258
TSGA13,0,0,0,0,0,0.041
NRAS,23.492,23.092,20.393,25.634,19.673,21.147
LTC4S,1.109,2.128,1.943,2.083,4.736,5.099
ANKRD39,13.736,13.202,13.391,10.285,11.792,10.209
QTRT1,52.826,51.872,56.008,42.242,35.772,46.856
CHUK,12.197,10.875,9.224,10.711,8.47,10.226
MXD3,20.023,23.077,29.67,25.018,27.267,32.513
GSTM2,62.453,83.401,96.728,67.31,62.174,68.418
COG8,21.591,24.176,25.145,21.608,17.606,23.973
ARHGAP19,3.445,4.325,4.696,4.416,3.896,4.223
HAUS7,31.56,39.13,40.07,35.657,30.207,46.404
LCAT,18.427,18.097,18.542,29.182,15.232,30.595
MAGEA12,0,0,0,0,0,0
PTPRCAP,0.414,0.209,0,0,0.139,0.671
PVRIG,4.197,5.967,6.057,4.543,1.539,4.557
KRTAP4-12,0,0,0,0,0,0.08
KRTAP2-4,0,0,0,0,0,0
GPC2,1.216,0.921,1.259,0.659,0.473,1.074
KRT222,0,0.031,0,0,0,0
SIPA1,21.244,19.593,17.83,22.368,14.327,23.092
ERV3-1,3.761,6.119,6.917,3.456,2.865,4.416
SYNJ2BP,8.454,7.459,7.892,7.905,6.28,7.967
ARL2,88.162,85.232,80.64,95.782,103.071,103.78
TTLL13P,0.182,0.113,0.212,0.343,0.203,0.102
GBP7,0.055,0,0,0.05,0,0
RBMXL1,6.316,6.986,6.029,5.111,4.92,6.168
SRA1,26.958,26.185,27.087,24.966,26.234,25.596
STIMATE,19.086,14.122,15.963,13.549,9.727,14.388
DNAJC9,24.188,24.463,24.263,28.807,22.707,26.661
C8orf82,39.902,43.314,42.384,39.461,45.048,49.881
CPLX3,0.043,0,0.046,0,0,0.078
VDAC1,204.352,181.69,164.999,212.644,179.02,184.065
ZBTB9,7.817,7.156,4.899,5.933,5.103,5.239
TMX2,58.564,54.961,56.164,58.944,53.172,57.842
HEXA,82.881,81.885,89.222,90.675,106.604,99.992
NDUFS3,59.971,55.726,58.959,47.236,63.364,61.582
LEPROT,53.987,58.991,62.232,52.28,45.392,50.68
LBH,19.556,36.275,48.229,46.391,97.923,72.294
ADAT3,2.438,2.433,1.734,3.452,2.771,1.746
PPP1CB,77.432,76.299,80.012,69.502,65.529,78.398
SULT1A4,1.842,1.578,0,3.423,0.957,2.248
GPSM3,3.99,4.357,2.945,5.247,4.1,4.512
LAT,3.956,5.89,5.479,5.267,1.888,6.66
NCKIPSD,14.869,15.26,16.993,15.002,12.851,17.225
ATF6B,48.953,47.598,53.024,42.8,44.177,50.402
TREX1,11.55,13.596,13.759,15.807,15.9,11.356
S1PR3,5.093,5.495,5.687,4.097,5.618,5.307
SLC35F6,9.296,10.034,10.313,9.123,8.241,10.317
FAM209B,0.321,0,0,0,0,0.146
CLIC1,649.699,557.132,529.576,686.678,643.115,639.989
DDAH2,47.433,53.977,62.152,61.149,98.994,77.7
RPS29,2395.663,2233.072,2278.567,2132.084,2822.1,2051.796
UGT2B11,0,0,0,0,0,0
ATP6V1G2,3.176,4.213,3.624,2.332,3.593,3.377
ZNF134,10.78,10.695,12.483,8.865,7.517,9.637
GTF2H4,14.866,17.249,16.58,15.204,14.682,15.204
DDX47,45.192,43.756,43.141,48.923,49.516,42.444
ZNF888,1.54,1.575,1.805,1.762,1.441,1.517
ZNF845,1.976,2.775,2.866,2.652,2.519,2.981
KLRK1,0.169,0.113,0.777,0.103,0.051,0.409
CEACAM18,0,0,0,0,0,0
EMP2,27.526,30.552,27.412,29.374,21.743,30.523
KCTD11,16.798,21.275,20.954,18.273,24.597,21.038
UBD,0.015,0,0,0,0,0
PPM1N,4.194,4.459,3.937,2.998,3.047,2.544
CEACAM16,0,0,0,0,0,0
SLC23A3,3.883,5.695,6.082,2.726,1.934,5.285
LTB4R,4.66,4.057,5.846,2.485,2.545,4.067
LTB4R2,3.061,4.446,4.071,1.962,2.252,4.051
DNASE1,4.646,4.173,8.013,6.425,5.365,5.605
MDP1,13.623,19.211,18.417,15.847,17.331,14.759
LEUTX,0,0,0,0,0,0
CSNK1E,150.884,130.653,123.968,127.284,95.911,120.967
CCL27,0,3.691,2.277,0.672,1.966,0
IRF9,31.367,44.371,41.935,33.289,39.91,36.445
GALT,13.186,18.183,20.694,15.748,15.203,17.713
HBE1,0,0,0,0,0,0
HBG1,0,0,0,0,0,0
CLDN9,0.056,0.056,0.06,0.257,0.152,0.305
ITGA1,5.085,5.541,5.788,4.643,4.29,5.09
NUDT19,10.868,8.899,9.325,8.687,6.397,9.466
ZNF726,1.62,1.551,2.731,2.125,0.916,1.569
ZNF99,0.268,0.396,0.283,0.481,0.494,0.366
TAX1BP3,140.809,139.564,132.6,144.607,176.301,164.003
AP1G2,25.4,22.997,30.345,21.683,11.794,26.965
ZNF90,0.391,0.455,0.624,0.83,0.375,0.591
NAXD,24.542,27.981,28.408,24.182,27.227,26.531
TM6SF2,0.942,1.123,0.689,1.132,0.849,1.496
MEF2B,5.539,6.504,7.293,6.089,6.404,6.358
GANC,11.368,10.244,15.74,14.867,12.364,12.497
TTLL3,53.67,62.57,83.937,47.444,30.874,59.808
REPIN1,30.947,29.321,25.346,29.897,32.925,33.457
MRPL23,86.833,87.633,81.972,87.628,107.613,92.902
ZNF891,1.436,1.531,1.28,0.99,0.676,1.238
IFNA7,0,0,0,0,0,0
SMIM7,53.292,47.263,53.764,50.874,48.108,46.333
FBXO16,0.67,0.576,0.415,0.369,0.578,0.269
TSPAN4,139.048,136.057,153.578,189.79,175.913,188.176
CPNE1,149.605,147.643,163.154,137.716,144.767,148.731
ARL16,36.673,29.515,32.839,32.922,31.519,35.697
SMCO1,0.049,0.049,0.104,0,0.088,0.177
WEE2,1.164,0.396,1.03,0.363,0.704,1.588
MAGEB1,0,0,0,0,0,0
LYRM4,31.734,31.735,36.402,33.581,38.351,31.38
MYCBP,13.985,12.698,10.127,14.482,12.638,12.001
TMEM213,0.228,0.82,0.573,0.569,0.26,0.514
PRCD,0.456,0.346,0,0.452,0.078,0.157
ALG3,26.636,20.672,19.511,23.44,25.59,22.183
SH3D21,14.598,18.307,15.436,14.761,7.256,15.725
SMIM30,36.54,34.505,38.993,36.747,41.312,38.46
C19orf38,0.273,0,0.246,0.142,0.082,0.28
IQCJ,0.069,0,0.21,0.174,0,0.058
C17orf67,2.777,2.234,2.372,2.344,1.856,3.169
MINDY4B,0.042,0,0,0,0.038,0
FIS1,117.604,118.283,115.686,121.67,150.316,119.219
ANG,8.358,10.23,12.482,11.462,14.098,9.309
SCART1,0.962,1.385,1.193,0.991,0.284,0.953
NPS,0,0,0,0,0,0
COLCA2,0,0,0,0.126,0.115,0.23
SPDYE3,0.819,0.844,0.77,0.947,1.327,0.642
MBLAC1,1.064,1.551,2.94,1.534,1.985,1.656
C3orf56,0,0.05,0,0,0,0
FOXI3,0.088,0,0.031,0.027,0.026,0.08
SOGA3,0.813,0.99,1.031,1.184,0.446,0.861
NEURL1B,2.058,2.816,3.123,3.663,3.228,3.847
EFCAB9,0,0,0,0.146,0,0
HAUS3,8.343,9.321,11.686,8.457,8.275,8.776
VSTM5,0,0.027,0.029,0.025,0,0
LCNL1,0.095,0.664,0.654,0.346,0.724,0.429
BBIP1,24.778,20.913,27.324,27.112,27.356,26.895
TRIM77,0,0,0,0,0,0
GNAT3,0,0,0,0,0,0
AS3MT,1.352,2.221,2.598,1.86,2.199,1.662
FAM187A,0.511,1.104,1.328,1.882,3.577,1.239
PLIN5,0.347,0.567,0.701,0.805,0.288,0.51
SEC14L6,0.509,0.396,0.532,0.329,0.091,0.628
SPINK13,0,0,0,0,0.172,0.259
HIGD1C,0,0,0,0,0.404,0
NOTO,0.119,0.141,0.307,0.228,0,0.431
PPME1,26.575,24.164,25.84,25.865,25.804,24.333
KRTAP2-2,0,0,0,0,0,0.148
STARD10,14.706,18.664,19.14,19.039,26.54,18.021
ZNF705E,0.024,0.024,0.076,0.022,0,0.129
NUTM2D,4.384,3.89,4.834,2.488,2.94,4.021
CPEB1,3.368,4.763,3.438,3.855,1.616,5.1
EML6,1.133,1.09,1.366,1.261,0.712,1.191
DEFB113,0,0,0,0,0,0
ZNF727,0.046,0.102,0.121,0.118,0.033,0.101
B3GALT9,1.985,2.442,3.267,2.226,2.209,2.118
ZSWIM8,32.201,35.387,42.175,30.157,26.917,33.4
IQCF5,0,0,0,0,0,0
IQCF6,0,0,0,0,0,0
C10orf105,0.725,0.985,1.524,0.763,1.132,1.07
ARHGEF33,0.558,1.012,0.443,0.238,0.568,0.911
C12orf71,0.19,0.096,0.911,0.088,0.086,0.173
IFRD2,46.053,41.305,34.587,48.946,47.784,50.185
CAPN14,0.214,0.15,0.251,0.292,0.25,0.233
ZBED1,20.967,21.046,19.582,21.483,22.631,23.051
TOMM6,149.217,138.553,145.338,145.177,171.594,130.154
HNRNPUL2,72.886,70.125,71.088,70.331,59.454,68.481
CSKMT,4.088,3.404,4.779,3.926,4.222,4.972
MS4A18,0,0,0,0,0,0
MS4A4E,2.338,2.576,2.603,2.23,2.15,2.984
FER1L6,1.666,2.134,2.332,1.717,0.684,1.369
CDRT15L2,0,0,0,0.17,0.083,0.167
MTCP1,1.313,1.13,2.256,0.644,1.263,1.996
RAD51AP2,0.022,0,0,0,0,0
EVPLL,0.043,0.044,0,0,0,0
DCDC2C,0.204,0.408,0.478,0.186,0.147,0.447
SMTNL1,0.232,0.233,0.247,0.16,0,0.211
TRIM64C,0,0,0,0,0,0
PNMA6E,0,0,0,0,0,0
SPATA31D1,0,0,0,0.015,0.03,0
NPIPA8,52.998,64.522,76.977,43.476,54.546,61.262
ZSWIM7,15.981,17.173,17.518,11.662,16.978,13.796
GPR33,0,0,0.08,0,0,0
ARHGEF28,2.711,2.693,2.327,3.266,1.849,2.204
TBC1D26,0.113,0,0.06,0,0,0
LRRC69,0.644,1.397,0.779,0.457,0.138,0.532
CRPPA,0.928,1.881,0.621,1.272,1.69,0.933
NPIPA7,22.922,20.861,23.787,23.757,25.839,24.089
GSG1L2,0,0,0,0,0,0
ACSM4,0.08,0,0,0,0,0.036
RTL10,6.586,7.777,6.429,8.008,7.503,8.639
COL28A1,2.175,0.795,0.922,1.99,0.354,0.862
PHB2,195.734,183.744,183.466,195.306,213.177,203.58
TCP11X2,0,0,0,0,0,0
NEURL4,11.906,11.689,10.924,10.66,8.331,11.916
GRID2IP,0,0,0.054,0,0,0.122
CXorf49B,0,0,0,0,0,0
UBXN2B,6.79,6.077,7.096,6.021,5.245,6.226
CXorf49,0,0,0,0,0,0
CBWD6,1.759,1.382,1.635,1.721,6.779,5.508
C16orf90,0.108,0,0,0.099,0,0
PRSS41,0,0,0,0,0,0
NLRP2B,0,0.026,0.055,0,0,0.093
MUC5AC,0,0,0,0.004,0,0
MSMP,0,0,0,0,0,0
GOLGA6B,0,0.059,0.074,0.042,0.108,0.105
FAM166B,0,0.096,0.201,0.253,0.165,0.086
PEX26,9.103,10.811,11.578,8.193,7.299,8.313
GRXCR1,0,0,0,0,0,0
C5orf49,0,0.096,0.101,0,0.172,0.23
UBE2QL1,0.04,0.027,0.029,0.012,0.012,0.024
FASTKD5,9.324,9.479,10.211,8.986,7.848,7.834
GOLGA8B,5.133,6.328,7.709,5.043,2.6,6.737
KCNU1,0,0.022,0,0.04,0,0
GAGE12G,0,0,0,0,0,0
HOMEZ,3.565,3.758,3.784,4.651,5.003,4.716
GAGE10,0,0,0,0,0,0
RNF212B,0,0.339,0.119,0.103,0,1.038
DDX3X,155.149,150.254,147.812,145.883,127.906,145.297
VPS16,32.94,31.313,31.645,27.587,24.575,28.445
ZNF705D,0,0.109,0,0,0,0
ZNF705B,0,0,0,0,0,0
ZNF705G,0,0,0,0,0.04,0
MYL5,29.064,36.407,33.58,27.418,24.85,32.435
SCRT2,0,0,0,0,0,0
ZNF407,3.265,3.179,4.116,3.19,2.717,3.431
NPEPL1,34.528,36.215,33.832,34.94,31.368,38.548
KRTAP10-4,0,0,0,0,0,0
KRTAP10-1,0,0,0,0,0,0
RPL17-C18orf32,25.782,27.848,27.783,25.027,30.823,23.437
SKOR2,0.027,0.081,0,0.074,0,0.172
SIAH3,0.011,0,0.036,0.01,0.01,0.01
EFCAB8,0.041,0.343,0.022,0.037,0.018,0.303
DEFB116,0,0,0,0,0,0
DEFB115,0,0,0,0,0,0
GAB4,0,0,0,0,0,0
C20orf202,0,0,0,0.101,0.099,0
HMX1,0,0,0,0,0,0
GCGR,0,0,0,0.205,0,0
RSC1A1,1.621,2.203,1.965,1.763,2.487,2.874
CELA2B,0.11,0.606,0.453,0,0,0
TMEM242,9.788,11.247,10.411,10.179,10.226,9.16
TMEM167B,30.901,30.946,32.27,30.446,27.433,28.709
FAM72D,1.103,1.91,1.145,0.837,1.373,2.063
TNFRSF25,6.176,6.408,5.859,6.277,4.769,8.949
ZC3H11B,0.105,0.174,0.056,0.064,0.078,0.064
TSTD1,0.286,0,0,0,0.169,0
RPTN,0,0,0.024,0.021,0,0.021
CYB5RL,1.711,2.87,4.782,3.918,3.012,4.186
LACTBL1,0,0,0,0,0,0
C1orf167,0,0,0.125,0.085,0.173,0.174
TTC34,0.356,0.408,0.72,0.38,0.208,0.428
ATAD3C,0.304,0.343,0.301,0.409,0.239,0.223
IFI30,12.914,10.231,10.563,15.878,18.907,14.536
IGSF23,0.365,0.298,0,0.272,0.082,0.332
GAGE12E,0,0,0,0,0,0
FAM240C,0,0,0.549,0,0,0
CCDC7,0.717,1.837,0.739,1.221,0.583,1.455
FNIP1,9.553,11.645,12.723,9.25,7.279,9.885
SP9,16.348,17.306,17.744,17.595,15.777,17.541
SYCE3,0,0,0,0.283,0,0
CKLF,61.843,46.111,55.533,65.934,66.006,64.828
PAM16,37.21,40.818,37.886,47.375,40.65,37.557
CDC14C,0.453,0.31,0.598,0.462,0.235,0.474
TENM3,2.109,2.331,5.538,3.489,3.017,3.737
CEBPZOS,21.871,29.743,24.024,29.287,28.792,23.76
TDRD15,0,0.014,0,0,0,0
PAPOLB,0.019,0,0.06,0,0.084,0.034
ZNF579,9.953,11.314,11.532,11.465,13.514,15.477
CELA3B,0,0,0,0,0,0
RNASEK,243.473,250.422,257.301,247.193,299.443,263.446
CATSPERZ,0,0.276,0.289,0,0,0.371
TAFA5,6.446,5.557,6.561,6.451,9.402,9.831
NBPF1,35.658,42.377,44.608,28.574,25.757,32.175
UMAD1,9.884,8.255,10.696,10.378,10.733,8.536
PPP1R3G,1.562,1.493,1.47,1.904,2.101,1.783
FAM228B,8.825,8.187,9.721,8.229,7.943,7.714
LINGO3,0.076,0.114,0.241,0.138,0.17,0.172
ZGLP1,0.85,0.551,1.871,1.242,0.256,1.794
VAMP2,35.622,45.616,48.176,35.765,37.131,43.388
TRIM51GP,0,0,0,0,0,0
OR6B1,0.109,0.078,0.116,0.085,0.014,0.043
EBF2,1.284,0.787,0.56,2.03,0.904,1.479
C6orf226,8.033,12.33,10.179,8.782,11.543,11.146
PPP3R1,43.029,40.007,40.152,43.551,42.799,38.561
PSG3,0.074,0.051,0,0.043,0,0.172
FANCG,14.845,14.835,15.506,17.247,14.96,16.279
OR2A5,0.114,0.159,0.184,0.159,0.041,0.145
KRTAP10-9,0,0,0,0,0,0
AP4M1,17.899,18.544,16.218,18.126,20.752,20.348
OR4A5,0,0,0,0,0,0
C2orf16,0.395,0.485,0.403,0.288,0.321,0.511
KRTAP1-5,41.001,32.33,28.836,49.779,45.058,46.011
TAS2R41,0,0,0,0,0,0
OR2A12,0.098,0.138,0.105,0.168,0.018,0.123
KRTAP10-10,0,0,0,0,0,0
KRTAP12-2,0,0,0,0,0,0
PLXNA4,2.364,1.688,1.396,2.156,0.527,1.373
MAGEA3,0,0,0,0,0,0
CEBPD,31.012,56.283,67.364,38.669,80.014,59.065
ZNF816-ZNF321P,1.045,1.837,1.098,1.258,1.273,1.771
PSG7,0.103,0.167,0,0.076,0,0.071
KRTAP1-3,0,0,0,0,0,0
OR3A2,0.085,0.085,0.58,0.039,0.038,0.199
ZBED8,1.714,1.805,2.09,1.91,2.393,2.452
HMSD,0.162,0.122,0.173,0.037,0,0.074
OR1C1,0.022,0.186,0.023,0.02,0.02,0.084
NPTXR,2.547,2.93,3.308,1.888,1.66,2.192
POM121L12,0,0,0,0,0,0
FAM200A,4.575,4.704,5.051,5.188,5.688,5.785
OR2F2,0,0,0,0,0,0
PPP2R2A,44.753,33.742,40.203,38.864,28.151,29.081
C19orf73,0.292,0.296,0.62,0.542,0.528,0.265
ZNF880,16.171,17.104,17.969,18.851,13.612,18.03
TRIM16,24.763,32.342,33.515,33.323,37.393,30.38
OR6X1,0,0,0,0,0,0
HEPN1,0,0,0,0,0,0
OR2A25,1.538,1.5,1.589,2.887,3.637,1.222
TAS2R40,0,0,0,0,0,0
OR2A14,0.041,0,0,0,0,0
TIGD1,3.338,3.633,4.248,3.018,1.948,3.827
FXYD7,0.491,1.836,1.76,0.315,0.562,0
XKR9,0.153,0.049,0.031,0.143,0.049,0.025
OR4C12,0,0,0,0,0,0
SLC12A8,0.735,1.632,2.022,0.903,1.199,1.596
APOL6,9.701,12.459,13.493,10.685,9.913,11.616
FADS3,88.645,84.5,99.477,83.581,80.051,98.775
OR2A1,0.721,0.579,1.314,1.527,1.116,0.666
OR4E2,0.058,0.146,0.093,0.079,0.026,0.053
CCNL2,146.814,165.859,165.836,133.783,90.092,163.273
UBA52,1396.827,1419.141,1473.558,1476.939,1738.251,1505.556
MYBPHL,0,0,0,0,0,0
PPT2,10.716,15.663,17.957,13.727,10.218,16.222
OR2A2,0,0,0.44,0.096,0,0
ZNF630,0.476,1.377,0.855,1.222,0.866,0.567
TIAF1,0.67,1.072,0.976,1.218,0.431,1.418
OR52B4,0,0,0,0,0,0
BTBD19,12.435,14.408,14.728,13.04,5.653,16.008
FAM185A,3.418,4.156,4.424,3.306,2.766,2.976
RAB6C,0,0,0,0,0,0
FAM243A,0,0.51,1.071,0,0,0.261
PSMB11,0,0,0,0,0,0
POTEM,0.484,0.485,0.572,0.352,0.301,0.416
POTEJ,0,0,0,0,0,0.019
DCDC2B,2.096,2.446,2.301,2.79,0.975,2.271
TRIM49D1,1.469,1.55,1.943,1.087,0.679,1.297
USP17L2,0.07,0.035,0.222,0.064,0.282,0.126
EXOSC6,13.19,12.432,13.174,13.291,9.324,15.455
VPS52,17.931,21.368,18.963,20.334,18.777,20.128
CDRT15,0.698,0.277,1.112,0.651,0.158,0.159
ZNF844,2.38,4.747,4.262,3.162,2.312,2.384
USP17L15,0,0,0,0.048,0,0
CKMT1A,0.278,0.268,0.3,0,0.34,0
TINCR,1.037,0.681,0.97,0.756,0.282,1.216
CENPVL1,0,0,0,0,0,0
EBLN1,0,0,0,0,0,0
HBD,0,0,0,0,0,0
SUPT20HL2,0.051,0,0,0.023,0,0
ZNF735,0,0,0,0,0,0
RFPL4A,0.187,0,0,0,0,0
C1GALT1C1L,0.144,0.29,0.383,0.397,0.26,0.327
SUPT20HL1,0,0,0,0.028,0,0.055
CERS1,2.217,2.445,2.523,1.823,2.626,2.601
HLA-DPB1,13.077,10.551,9.898,9.435,10.929,15.53
C1QTNF5,3.465,2.693,5.442,5.153,9.411,6.452
CPTP,23.679,25.062,20.704,23.203,26.424,26.812
CT47A10,0,0,0,0,0,0
ETDB,0,0,0.35,0,0.149,0
CENPVL3,0,0,0,0,0,0
PRR29,0.511,0.218,1.223,0.861,0.553,0.53
C4B,0.19,0,0.744,0.331,0.388,0.85
ADM5,0.153,0.256,0.597,0.42,0.368,0.463
CXorf51A,0,0,0,0,0,0
ATXN1L,8.363,9.87,9.024,8.491,6.251,8.91
SMIM13,5.671,5.564,5.025,6.081,4.836,5.681
HNRNPA1P48,0.246,0.082,0.09,0.299,0,0.291
GPX5,0,0,0,0,0,0
GAGE12J,0,0,0,0,0,0
NPIPA3,9.135,1.16,8.713,0.39,1.903,2.559
NDUFAF8,78.246,80.331,78.163,88.806,112.503,93.512
GAGE12H,0,0,0,0,0,0
APOC4-APOC2,0,0,0,0,0,0
PRRT4,0.092,0.049,0.052,0.119,0,0
PPP4R3C,0,0,0,0,0,0
TMEM233,0,0,0,0.028,0,0
PNMA6F,0,0,0,0,0,0
PVALEF,0,0,0.075,0.129,0,0
PLEKHM1,24.068,32.192,34.162,23.185,20.908,27.705
USP17L3,0,0,0,0,0,0.017
TDGF1P3,0.117,0.031,0.076,0.121,0.055,0.031
FAM236D,0,0,0,0,0,0
MKRN2OS,0.266,0.524,1.327,0.473,0,0.315
C2CD4D,0.298,0.249,0.529,0.273,0.314,0.542
ZNF469,2.661,2.443,2.918,3.071,3.2,4.56
MCRIP1,137.311,128.896,130.053,130.216,160.678,130.412
SLC26A6,20.422,18.848,19.029,17.354,10.569,16.771
OR6V1,0,0,0,0,0,0
DEFB131B,0,3.988,1.389,0,0.63,1.178
FAM229A,6.921,6.462,9.766,6.273,4.027,9.658
ERCC6,17.044,19.539,17.623,17.734,15.792,17.095
FRG2B,0.041,0,0,0,0,0
NOL7,58.654,56.616,56.022,54.249,58.505,53.311
CTAGE4,0.878,0,0.394,0.806,0.499,1.132
NTF4,0,0,0.25,0,0,0.117
ELFN1,14.201,13.448,14.005,11.36,11.638,13
PIGBOS1,15.009,13.729,15.823,15.347,15.731,12.175
CT47A6,0,0,0,0,0,0
FTCDNL1,1.213,0.577,0.352,0.916,0.488,0.569
TEX22,0.447,0.255,0.441,0.32,0.46,0.55
OR52I2,0,0,0,0,0,0
CROCC2,0.044,0.207,0.189,0.269,0.213,0.323
DCAF8L1,0,0,0,0,0,0
USP17L7,0.052,0.135,0.167,0,0,0.19
TMEM185B,23.52,20.181,19.016,21.447,17.329,19.159
CT47A9,0,0,0,0,0,0
KIF4B,0.018,0.018,0.02,0,0,0
CT47A12,0.081,0.081,0,0,0,0
HSBP1L1,12.157,15.015,20.149,18.424,23.347,19.746
TAS2R46,0,0.129,0.457,0,0,0
SRRM5,0.321,0.363,0.545,0.277,0.192,0.064
PGAM4,0.114,0.284,0.427,0.155,0.462,0.052
C13orf42,0,0,0,0,0,0
MROH5,0,0,0,0,0,0
ERVMER34-1,1.636,2.03,1.354,1.491,1.772,1.292
CT47A11,0,0,0,0,0,0
RBMY1J,0,0,0,0,0,0
LTA,0,0,0.068,0,0.173,0.058
C14orf132,26.437,32.507,32.847,31.511,30.095,33.894
WDR46,46.737,41.679,41.853,44.413,38.995,41.673
ANHX,0,0,0,0,0,0
ZNF717,8.49,10.613,10.32,7.434,11.169,13.132
USP17L5,0,0,0,0,0,0
PRR20D,0,0,0,0,0,0
SPANXB1,0,0,0,0,0,0
KLLN,0.295,0.703,1.059,0.567,0.58,0.669
PARG,10.064,11.532,10.891,11.256,9.104,10.938
AKR1B15,0.863,0.985,1.21,0.548,0.49,0.295
GAGE12D,0,0,0,0,0,0
SCAMP4,38.358,36.71,37.464,36.585,34.971,45.035
LTB,0.12,0.122,0,0,0,0
USP17L12,0,0,0,0,0,0
RD3L,0,0,0,0,0,0
TEX46,0,0.264,0.273,0,0,0
MRLN,0,0.668,0.192,2.496,0.245,0.668
POLR2J2,2.691,5.845,3.583,3.806,4.552,3.01
BOD1L2,0,0,0,0,0,0
IFNA14,0,0,0,0,0,0
OR2M3,1.403,1.609,1.71,1.341,0.756,1.432
MT-ATP8,7735.299,7427.395,8529.522,6682.836,2923.582,6282.864
ORM2,0,0,0,0,0,0
FAM174C,52.432,53.095,48.225,58.452,54.646,65.107
OST4,566.419,572.753,533.998,640.283,746.966,586.181
C2orf92,1.977,0.735,1.737,1.055,0.468,1.638
CT47A7,0,0,0,0,0,0
VN1R4,0.092,0.093,0.098,0,0,0.167
NUTM2E,4.345,4.918,4.852,3.581,4.009,4.262
FNDC10,24.333,24.207,23.239,27.2,23.174,25.983
CLDN25,0,0,0,0,0,0
PROB1,0.766,0.534,0.702,0.551,0.401,0.792
ARL17B,9.434,11.152,11.345,8.186,7.653,7.888
DHFR,29.339,30.437,31.962,40.537,29.842,38.778
SAPCD1,3.966,4.727,5.009,3.241,2.376,5.576
CT45A5,0,0,0,0,0,0
USP17L30,0,0,0,0,0,0
TSPY3,0,0,0,0,0,0
RPL41,7061.547,6702.102,7232.378,7326.187,8573.71,7487.175
PGA4,0.554,1.915,2.295,2.558,1.635,1.939
RFPL4AL1,0,0.081,0,0,0,0
ORM1,0,0,0,0.13,0,0.254
SPINK8,0,0,0,0,0,0
PATL2,0.481,0.047,0.51,0.451,0.219,0.082
NKX1-2,0,0,0,0,0,0
TSPY8,0,0,0,0,0,0
PRAMEF25,0,0,0,0,0,0
USP17L26,0,0,0,0,0,0
PRAC2,0.221,0,0,0.491,0,0.201
PRR20C,0,0,0,0,0,0
H2AL1RP,0,0,0,0,0,0.154
ZNF492,0.269,0.233,0.219,0.245,0.343,0.209
ZNF688,14.654,21.676,21.809,16.602,20.871,16.744
PET100,67.273,67.022,83.57,73.562,85.078,55.413
PGA3,0.815,0.574,0.534,1.022,0.117,1.256
GK3P,0,0.048,0,0.088,0.088,0.173
FAM90A26,0.27,0.317,0.11,0.249,0.152,0.524
PRPS1L1,0,0,0,0,0,0
IQCF3,0,0,0,0,0,0
POTEB2,0,0,0,0,0,0
TEX53,0,0,0,0,0,0.267
ANKRD66,0,0,0,0,0,0
ACBD6,40.249,41.824,40.056,34.423,37.854,32.142
OR4F3,0,0,0,0,0,0
SSU72P8,0,0,0,0,0,0
OR5H6,0,0,0,0,0,0
CT47A8,0,0,0,0,0,0
SPDYE21,0.186,0.181,0.354,0.202,0,0.079
USP17L25,0,0,0,0,0,0
ANKRD18B,0.509,0.173,1.259,0.275,0.219,0.352
MBD3L2,0,0,0,0,0,0
USP17L1,0,0,0,0,0,0.017
CCDC192,0.548,0.665,0.699,0.911,0.396,0.697
CT47A4,0,0,0,0,0,0
TEX48,0,0,0,0,0.156,0.156
PRB4,0,0,0,0,0,0
SETSIP,0,0,0,0.102,0.1,0
ANKRD63,0,0.017,0.018,0.031,0.015,0
YY2,2.867,2.113,2.665,2.585,2.852,2.246
STMND1,0,0,0.166,0.436,0.208,0
HSBP1,40.936,32.698,38.389,38.868,41.679,30.052
USP17L28,0,0,0,0,0,0
KRTAP21-3,0,0,0,0,0,0
OR5H1,0.026,0.026,0.014,0.072,0.012,0.036
PLSCR5,0,0,0,0,0,0
CFAP97D1,0.267,0.215,0.168,0.167,0.12,0.145
SBK3,0,0,0,0,0,0
HLA-DPA1,1.759,2.733,2.656,2.219,3.484,2.299
USP17L10,0,0,0,0,0,0
RPS18,5635.633,5683.123,5558.905,5870.327,7048.252,5217.258
USP17L29,0,0,0,0,0,0
TSPAN19,0,0,0.649,0.568,0.756,0.822
RPS27AP5,0.296,0,0,0,0,0
AKAIN1,0,0,0.522,0,0,0
CYP21A2,0.493,0.645,0.496,1.509,0.426,0.463
OR5K2,0,0,0,0,0.094,0
PRH1,1.446,2.313,0.826,1.061,2.952,1.388
PSG1,4.308,3.417,4.797,8.019,8.167,7.048
TAPBP,57.834,53.791,54.538,56.252,44.769,51.051
PPP1R2B,0,0,0,0,0,0
MAGEB6B,0,0,0,0,0,0
ZBED9,0.075,0.12,0.043,0.109,0.041,0.194
TMEM253,0.275,0.681,0.291,0.749,0.85,0.464
TMA7,334.712,301.244,296.351,286.502,343.906,304.918
TEX50,0,0,0,0,0,0
MCTS1,19.659,20.415,15.358,18.133,21.695,18.897
DYTN,0,0,0,0,0,0
MTRNR2L4,2.141,2.503,2.367,2.445,0.741,2.84
ASCL5,0,0.064,0,0,0,0
TMEM114,0,0,0,0,0,0
KRTAP25-1,0,0,0,0,0,0
USP17L24,0,0,0,0,0,0
OR52I1,0,0,0,0,0,0
OR5K1,0,0,0,0,0,0
SMIM26,72.17,63.893,70.509,72.122,80.846,57.614
USP17L13,0,0.037,0,0,0,0
PRAMEF6,0,0,0,0,0,0
AJM1,4.975,5.939,6.076,5.861,4.261,6.613
KANTR,0.417,0.322,0.222,0.293,0.154,0.362
HLA-DQB2,0,0.17,0.045,0,0,0
GOLGA8N,3.018,6.131,6.544,3.504,1.77,3.282
TNF,0.052,0,0.056,0,0,0
PET117,8.052,9.399,8.882,8.592,8.094,8.101
LYRM9,4.389,7.8,5.825,3.547,2.968,5.224
DEFB130A,0,0,0,0,0,0
NPIPA9,46.494,94.675,94.939,102.627,108.531,91.949
PHGR1,0,0,0,0,0,0
DEFB130B,0,0,0,0,0,0
ERVH48-1,0.119,0.298,0.348,0.38,0.027,0.432
RAB6D,0,0,0,0,0,0
USP17L11,0,0,0.03,0,0,0
RNF224,0.566,1.137,0.542,0.674,0.612,1.131
NPIPB7,4.573,4.558,5.336,3.715,1.461,4.082
GPX1,317.747,319.116,303.835,352.868,458.359,384.795
OR5H15,0,0,0,0,0,0
BTBD18,0.084,1.212,0.71,0,0,0.051
TMEM238,1.121,1.303,1.361,0.298,2.175,2.183
TWIST2,315.723,359.138,353.175,333.905,435.42,395.333
PIRT,0,0,0,0,0,0
PRR23C,0,0,0.095,0,0,0
TRIM49D2,0,0,0,0,0,0
TSPY4,0,0,0,0,0,0
IFNA13,0.142,0.259,0,0.173,0.052,0.379
H2BC15,0.348,0.695,0.308,0.972,0.123,1.102
POTEB,0,0,0,0,0,0
RPS28,391.046,388.924,410.555,404.516,470.387,395.494
CTXN2,0,0,0.033,0,0,0
UQCRHL,0.283,0.649,0.431,0.68,0.275,0.468
PAGE2,0,0,0,0,0,0
TRIM26,26.462,29.931,28.953,26.565,22.44,26.684
C16orf82,0,0.114,0.04,0,0,0
TMEM229A,0,0,0,0,0,0
PRR20E,0,0,0,0,0,0
ZNF879,1.949,2.916,2.106,1.672,2.364,2.226
H2BS1,0,0,0,0,0,0
CCDC188,4.076,5.498,5.564,5.072,2.193,6.075
RBMY1A1,0,0,0,0,0,0
KBTBD13,0,0,0.027,0,0,0
ZNF736,1.45,3.343,2.241,2.22,1.136,1.81
PINLYP,0.912,1.5,1.42,1.574,0.285,2.179
CLDN34,0,0,0,0,0,0
C5orf58,0,0,0,0,0,0
FAM133B,25.404,25.178,27.31,20.393,17.829,17.831
OR10G8,0,0,0,0,0,0
MCIDAS,0,0,0.042,0,0,0
JRK,6.589,7.994,7.313,6.911,5.07,8.3
NPIPB2,16.905,18.092,22.124,16.059,14.578,23.777
HLA-B,107.675,113.765,118.518,118.756,147.226,134.123
C11orf94,1.88,2.894,1.986,1.316,0.862,0
IQCM,0,0,0,0.215,0.254,0.043
IFNA17,0,0,0,0,0,0
APOC2,0.328,1.21,1.166,0,0,0.303
SHISA8,0,0.048,0,0,0.172,0
C19orf81,0.141,0.286,0,0.261,0.51,0
ANKRD65,0.704,0.688,0.822,0.728,1.204,1.081
BRD3OS,19.951,22.135,24.252,19.339,23.636,22.335
ZSCAN31,1.591,0.719,2.074,0.61,1.37,1.781
FAM237A,0,0,0,0,0,0
C12orf75,245.87,229.444,231.259,325.486,384.197,337.073
SMIM1,3.113,1.866,3.786,3.402,5.198,2.127
HGH1,13.747,12.828,10.372,13.258,11.541,13.915
PPP1R3E,4.95,6.544,4.864,7.604,4.93,6.049
KDM4E,0,0,0,0,0,0
RAMACL,0.469,0.148,0,0,0,0.132
RPEL1,0,0.08,0.043,0,0,0
SPAAR,0,0.166,0.235,0.051,0.348,0.368
SMIM27,9.795,7.652,6.544,6.699,9.112,6.289
NFAM1,0.043,0.113,0.106,0.078,0.038,0.091
NKX1-1,0,0,0,0,0,0
RNF148,0,0.074,0,0,0,0.067
CXorf51B,0,0,0,0,0,0
ANKRD34C,0.014,0,0.046,0.013,0.026,0.026
MFRP,0,0,0.067,0.204,0,0
KIAA0040,0.068,0.203,0.02,0.154,0.182,0.092
USP17L27,0,0,0,0,0,0
B3GALT4,1.804,2.067,1.864,1.886,3.018,2.853
LCE6A,0,0,0,0,0,0
PNMA6A,1.629,1.176,1.693,1.694,1.33,1.994
PATE3,0,0,0,0,0,0
OR5H14,0.033,0.109,0.104,0.09,0.069,0.069
ZBTB22,14.396,17.003,18.575,14.648,19.999,18.54
USP17L4,0,0,0,0,0,0.017
CT47A3,0,0,0,0,0,0
CLEC2L,0.058,0,0,0,0,0
ZBED5,31.363,36.006,37.436,31.476,24.333,29.748
SLFN14,0.088,0.178,0.106,0.041,0.089,0.122
PPIAL4G,0.998,0.145,0.454,0,0.129,0.259
GAGE12F,0,0,0,0,0,0
CT47A1,0,0,0,0,0,0
CCDC200,7.519,4.27,9.001,3.175,4.164,3.215
SLC35G4,0,0,0,0,0,0
TAS2R39,0,0,0,0,0,0
TSPY10,0,0,0,0,0,0
UBE2L5,0.197,0.218,0.948,0.112,0.137,0.071
CT47B1,0,0,0,0,0,0
ZNF853,1.071,0.881,1.162,1.318,1.7,1.467
IFNA4,0,0,0,0,0,0
ARHGEF38,0.015,0,0,0,0,0
GAGE12B,0,0,0,0,0,0
CTAGE9,0.138,0,0,0,0.058,0
ZNF593OS,0.446,1.108,0.235,0.306,1.144,0.792
C3orf84,0,0,0,0,0,0
OR10G9,0,0,0,0,0,0
USP17L8,0,0.147,0,0,0,0
TAAR9,0,0,0,0,0,0
C4orf51,0,0,0,0,0.101,0
B3GNT9,26.636,25.618,24.069,28.706,31.879,31.405
CDKN2AIPNL,23.646,25.202,19.447,23.318,17.823,19.42
MBD3L5,0,0,0,0,0,0
CKMT1B,0.556,0.804,0,0,0.328,0
RNF223,0.236,0.274,0.29,0.22,0.128,0.083
PATE4,0.433,0.347,0.553,0.395,0.12,0.395
OR4A47,0,0,0,0,0,0
PRSS56,0,0,0,0,0,0
ZNF737,3.261,6.537,4.917,4.06,2.219,5.589
RGL2,20.441,23.32,21.412,27.071,23.429,29.693
MEIOSIN,0,0,0,0,0,0.059
C10orf143,6.243,4.09,2.991,3.853,3.65,4.559
SHISA9,1.022,1.125,1.121,1.364,0.368,1.23
OR7E24,0.104,0.068,0.22,0.095,0,0.235
TEX51,0,0,0,0,0,0
HLA-DQA2,0,0,0,0,0,0
KIFC1,20.075,23.497,25.778,29.314,22.751,30.122
C2orf74,22.413,29.091,24.544,26.518,31.653,28.308
GAGE12C,0,0,0,0,0,0
IRGM,0.272,0.272,0.399,0.341,0.244,0.217
PRAMEF33,0,0.059,0,0,0,0
AMY1A,0,0,0.019,0,0,0
FAM200B,15.737,17.301,14.239,14.271,17.426,16.196
CT47A5,0,0,0,0,0,0
OR2I1P,0.098,0.065,0.086,0,0,0.147
TSPY9P,0,0,0,0,0,0
LRRC37A2,4.062,4.863,6.092,5.156,5.619,5.124
MPC1L,0,0,0,0,0,0.141
ETDA,0.407,0.418,0,0,0,0.167
TMEM250,40.253,39.457,33.69,40.487,44.055,44.307
OR2W3,0,0,0,0.292,0,0.574
PAGE2B,0,0,0,0,0,0
TXNDC5,287.984,285.326,267.973,302.104,298.436,299.761
CASTOR1,5.59,6.889,5.752,6.146,8.39,5.578
RNF103,19.501,21.763,20.995,19.253,18.628,17.602
RBM14,29.121,29.334,29.331,31.4,21.32,31.638
ALKBH6,16.12,15.794,19.21,13.718,15.535,20.412
ASB14,0.335,0.49,0.853,0.377,0.371,0.446
PCDHA13,0,0,0,0.032,0.031,0
KLHL41,0.171,0.137,0.617,0.404,0.05,0.465
OR1J4,1.48,0.747,1.123,0.683,1.05,1.344
STPG4,0.254,0.257,0.174,0.49,0,0.149
PRR20G,0,0,0,0,0,0
MEIKIN,0,0,0,0,0,0
NME1,119.036,107.528,80.222,131.483,125.814,107.639
TNFSF12,33.94,40.871,40.715,40.498,51.416,49.028
CDRT4,3.588,1.717,4.289,3.251,0,4.922
APOBEC3G,4.508,5.339,5.446,5.735,5.811,6.277
TLR9,0.098,0.024,0.156,0.133,0.044,0.199
WBP1,69.189,72.02,82.792,50.622,64.129,67.523
MRPS17,12.15,9.363,14.975,12.253,11.002,9.525
PRAMEF11,0,0,0,0,0,0
DEFA3,0,0,0,0,0,0
GET4,21.392,21.84,22.135,20.72,19.55,20.218
KRTAP9-2,0,0,0,0,0,0
C1orf226,0.02,0.134,0.048,0.107,0.053,0
ADSL,59.417,57.034,55.915,54.812,61.623,55.313
LILRA4,0,0,0,0,0,0
LILRA2,0.225,0.059,0.359,0.152,0.065,0
TEX35,1.708,1.591,1.809,0.467,0.366,0.842
AMY2B,1.7,0.882,1.541,1.607,0.868,1.248
STRIT1,0.138,0.561,0.476,0.127,0.245,0.124
LY6G5B,7.842,11.406,13.852,12.684,4.697,14.634
PSMB9,12.163,12.971,18.14,12.268,18.283,12.603
PCDHGC3,74.944,66.666,62.671,59.626,60.702,58.934
SMKR1,1.63,2.469,2.274,1.88,1.472,1.573
COX19,3.9,5.59,5.808,4.783,5.482,5.336
DEFA1B,0,0,0,0,0,0
ACAD11,14.208,14.224,19.211,16.855,13.912,18.364
PPIL3,40.86,54.456,51.765,45.132,53.999,49.549
LCE1F,0.15,0.459,0.479,4.478,0.681,0.957
KIR3DL2,0,0,0,0,0,0
KRTAP13-3,0,0,0,0,0,0
FOXO3B,3.265,4.292,5.397,3.677,1.745,3.295
TNFRSF13B,0,0,0,0,0,0
KRTAP9-1,0,0,0,0,0,0
L1TD1,0.021,0.127,0.227,0.106,0.019,0.058
AQP1,125.021,119.395,108.32,238.239,181.887,212.785
C1QTNF9,0.285,0.286,0.202,0.13,0.086,0
ISY1,32.302,35.812,34.398,33.475,37.781,37.089
PNMA2,1.157,1.693,1.582,1.273,1.743,1.669
LRRD1,0.203,0.167,0.557,0.334,0,0.145
KRBOX1,2.84,3.647,4.142,2.432,6.265,2.579
PCDHGC5,4.129,4.281,3.967,3.14,2.059,2.684
ARHGEF25,19.146,22.606,25.278,22.546,22.634,23.761
PEDS1,18.742,16.833,18.641,20.121,17.085,20.109
RDH14,21.313,21.749,20.126,19.763,19.514,17.286
KRTAP4-7,0.297,0,0,0,0,0
PLCXD2,0.29,0.194,0.315,0.121,0.138,0.176
MIF,985.777,920.84,845.984,1184.479,1088.929,1165.216
NSUN6,5.336,5.362,4.807,5.164,3.856,5.191
HLA-DOB,0.281,0.476,0.739,0,0,0.211
UGT1A9,0,0,0,0,0,0
KRTAP10-5,0,0,0,0,0,0
YAE1,17.486,18.358,18.457,17.251,22.926,19.824
OR14A2,0,0,0,0,0,0
ZNF722P,0,0,0,0,0,0
TDGF1,0.173,0.238,0.407,0.267,0,0.776
C3orf85,0.048,0,0,0,0,0.044
KRTAP5-8,0,0.319,0,0.073,0,0
KRTAP4-16,0.468,0.476,0.497,0.435,0.282,0.142
CRCP,18.268,22.675,22.758,24.031,19.903,21.873
CDRT1,0.572,0.871,0.922,0.358,0.369,0.9
RPL36A,1388.185,1270.55,1322.11,1375.224,1787.162,1298.819
PDXP,13.31,10.636,9.217,11.424,11.01,10.895
RPP21,52.6,48.871,51.624,53.095,48.807,57.893
CD302,12.037,14.272,14.48,12.653,15.372,13.416
EGFL8,9.484,13.268,19.428,12.887,10.012,13.046
ATP5MF,466.527,413.35,407.453,424.888,502.32,366.655
SSX2,0,0,0,0,0.06,0.156
ARHGAP8,1.478,1.129,1.192,0.427,1.163,0.806
ARPC4,144.815,133.71,128.57,137.777,138.201,126.404
CORT,0.11,0.381,0.363,0.73,0.106,0.221
KRTAP9-4,0,0,0,0,0,0
KRTAP5-4,0,0,0.086,0,0,0
UGT1A1,0.445,0.548,0.372,0.382,0.051,0.398
INMT,0.343,0.475,0.528,0.642,0.775,0.798
ARPC1A,159.866,150.51,140.99,166.187,141.596,154.687
TMEFF1,2.665,1.674,0.264,2.636,1.856,1.928
SPRR2A,2.718,7.743,0.903,0,3.766,0.756
ATP5PO,161.473,159.026,159.793,177.872,191.332,183.438
PLEKHO2,21.259,28.815,27.88,31.852,41.994,37.461
C8orf58,12.827,13.42,12.352,19.564,20.993,17.668
PISD,18.924,17.349,22.27,17.14,17.075,18.489
HOGA1,0.477,0.67,0.61,0.279,0.372,0.428
PWP2,1.032,1.686,3.359,0.68,1.679,0.882
PI4KA,39.423,43.662,50.004,41.96,35.327,46.873
KIR3DL3,0,0,0,0,0,0
HYPK,16.941,14.24,12.981,16.985,15.666,13.657
AMACR,15.018,17.892,17.575,16.063,16.925,15.021
MTFP1,6.498,5.601,7.767,5.635,5.739,6.286
MDFIC2,0,0,0,0,0,0
ARHGDIG,0.165,0.583,0.878,0.875,0.599,1.304
TCP10L,0,0.162,0,0,0,0.254
PSG2,6.096,5.069,7.131,9.72,7.288,7.639
ARFGAP3,40.371,39.446,41.675,40.543,43.401,39.54
BGLAP,0.52,0,0,0.363,0,1.202
C22orf39,8.392,8.13,11.607,8.997,10.963,11.406
PEG10,14.264,19.581,22.835,17.413,19.044,19.442
CT47A2,0,0,0,0,0,0
UGT1A8,0,0,0,0,0,0
EIF6,136.956,130.391,128.647,140.075,140.94,136.026
RBMY1E,0,0,0,0,0,0
PCDHGC4,0.277,0.357,1.996,0.277,0.241,10.475
GTF2A1L,0.425,0.223,0,0,0.711,0.389
MRPL20,86.686,84.548,92.051,92.668,103.591,96.61
ARPIN,11.163,12.796,11.801,13.552,10.772,13.109
UGT1A10,0,0,0,0,0,0
SERPINB10,0.376,1.053,0.321,0.168,0.242,0.316
HLA-DMB,0,0,0,0,0,0
DECR2,16.258,15.837,19.842,15.597,16.815,24.493
GNG10,99.589,90.633,79.435,92.941,91.446,85.943
CNTF,0.954,1.139,1.209,0.997,0.532,1.485
CCDC169,0.315,0.629,0.912,0.648,0.176,0.414
RTL5,8.545,9.478,9.178,7.04,5.349,7.128
AP5Z1,19.431,23.129,25.426,15.674,17.98,18.419
ZNF709,1.169,1.724,0.624,1.239,0.513,2.432
STRC,0.029,0.101,0.217,0.034,0.068,0.136
RBMY1B,0,0,0,0,0,0
ERVW-1,0.787,1.559,1.062,1.57,0.722,1.089
EIF4EBP3,6.783,9.411,9.837,9.22,14.271,10.901
PRAMEF4,0,0,0,0,0,0
PSG11,0,0,0.127,0,0,0.09
PSG4,75.84,90.32,108.141,111.699,136.679,128.856
MRPL33,126.754,107.26,102.853,101.123,128.508,88.814
MICAL3,33.555,38.679,42.554,28.892,24.136,35.5
PPAN-P2RY11,3.072,2.163,2.034,1.493,1.302,2.257
PCDHAC2,0.105,0.158,0.34,0.275,0.321,0.249
STON1,9.889,11.081,11.436,11.615,9.767,10.928
PRAF2,65.218,62.908,61.792,50.654,58.053,51.184
VSIG8,0.335,0.527,1.221,0.831,0.258,0.825
STMP1,29.228,28.615,28.855,29.989,35.929,34.538
KCTD7,5.45,6.754,7.276,7.914,9.152,8.216
EFNA4,5.77,9.659,6.04,5.927,6.865,7.031
TICAM2,12.147,9.241,8.113,15.726,9.577,11.256
C4orf48,51.564,52.233,42.598,48.817,52.777,53.865
NAA80,10.885,11.37,11.573,11.002,8.356,11.689
AMY2A,0,0.06,0,0,0,0
KRTAP10-11,0,0,0,0,0,0
TNFRSF6B,28.885,19.058,13.677,26.716,11.155,20.65
WFDC6,0,0,0,0,0,0
UPK3B,0.465,0.656,0.679,0.086,0.42,0.516
SMIM34A,0.094,0,0,0,0.338,0
IL10RB,24.701,33.176,33.295,33.857,39.609,38.034
CFB,14.54,20.564,22.576,17.785,26.665,22.948
ZNF487,5.676,6.021,4.064,4.093,6.078,4.553
WDR92,6.805,7.581,9.887,7.988,7.616,10.864
NME2,1009.438,977.268,928.745,978.366,1181.2,933.619
PLA2G4B,1.621,2.626,3.87,2.065,1.165,2.39
LEFTY1,0,0,0,0,0,0
CFAP57,0,0.119,0.225,0.109,0.233,0.217
NPIPB5,48.695,49.947,64.861,50.433,21.881,54.93
TTC4,18.864,17.161,17.71,19.006,15.435,17.542
OR5V1,0,0,0,0,0,0
TMEM35B,32.176,38.555,33.027,35.531,47.998,36.323
KIR2DL3,0,0,0,0,0,0
JMJD7,5.757,5.682,6.261,4.204,3.553,6.962
APOBEC3D,2.01,1.615,2.73,2.096,3.633,2.475
OR2A7,0.937,1.055,1.108,0.606,0.692,0.942
TUBA4B,0,0,0,0,0,0
MRPS6,124.778,91.868,79.144,115.568,87.016,84.62
ZNF512,8.841,8.866,9.439,10.363,9.843,10.347
GSTA1,0,0,0,0.07,0,0
RTL9,0.321,0.336,0.641,0.57,0.449,0.59
ACY1,17.502,17.822,18.085,19.125,19.918,22.438
NFS1,18.329,20.541,19.153,16.048,16.623,18.191
MT1HL1,0,0,0,0,0,0
KRTAP19-3,0,0,0,0,0,0
DDOST,180.976,187.618,176.499,191.867,205.393,191.888
TMEM199,7.846,7.991,9.23,5.578,8.14,7.386
LCE3C,0,0,0,0.325,0,0
GSTA2,0,0,0,0,0,0
SPRR2F,0,0.51,0,0,0,0
DNAJC25-GNG10,12.503,11.807,15.251,10.886,9.456,8.095
UGT1A7,0.15,0.075,0,0.103,0.034,0.034
P2RY11,4.231,3.197,4.14,3.63,1.606,3.965
TMEM141,39.918,41.541,43.587,43.916,50.21,36.594
TMEM225B,0.951,0.938,1.779,1.456,1.091,0.678
GMCL2,0,0,0,0,0,0.026
IFITM10,2.16,3.133,2.377,1.601,1.641,2.457
DBNDD2,5.52,6.738,4.675,8.157,8.749,7.55
LY6G6D,0,0,0,0,0,0
KRTAP19-7,0,0,0,0,0,0
RBMY1D,0,0,0,0,0,0
ETV5,28.397,35.467,30.759,32.463,32.851,28.911
KRTAP5-7,0,0.065,0.069,0,0.058,0
CFHR1,0.097,0,0,0.165,0,0.173
RBM12,39.015,33.304,33.301,30.604,24.884,29.985
UGT1A4,0,0,0,0,0,0
ERVFRD-1,0.129,0.051,0.055,0.047,0.046,0.117
LILRA6,0.325,0.194,0.069,0.167,0,0.083
SCARF2,31.034,30.747,34.195,26.394,33.418,34.303
APOBEC3C,40.226,43.881,46.485,49.214,54.572,54.461
KRTAP4-2,0,0,0,0,0,0
RAD21L1,0.103,0,0,0.07,0,0.023
CCDC13,0,0,0,0.018,0.03,0.021
ASPRV1,0.231,0.696,0.676,0.635,0.416,0.839
OR2AE1,0,0,0,0.094,0,0
KRTAP20-1,0,0,0,0,0,0
FCGR2C,0,0,0,0,0,0
UBE2V1,130.129,124.688,114.299,138.885,128.834,128.616
CTAGE8,0.798,1.965,1.12,1.709,0.665,1.002
PTCHD4,0.092,0.018,0.125,0.205,0.062,0.247
C4A,1.047,1.818,1.946,1.817,1.746,1.983
HBB,0.526,0.27,0,0,0,0
CRYBB2,45.532,41.819,38.626,51.526,51.721,53.467
N4BP2L2,35.023,39.624,46.938,34.897,31.089,34.489
ZNF585B,6.464,5.057,6.899,4.344,5.311,6.899
CEBPA,0.514,1.285,0.581,0.41,0.665,0.699
H2AJ,59.933,63.333,56.608,59.966,94.042,63.43
UBAP1L,0.855,1.289,1.33,1.267,0.771,0.956
PGAM5,19.718,17.159,17.154,17.758,16.273,18.268
ZCCHC3,10.208,11.237,12.116,12.194,11.851,11.785
SPTY2D1OS,1.843,1.555,1.85,1.924,0.693,2.74
TWF2,98.912,99.392,90.354,101.46,101.922,99.347
MARS2,2.261,2.588,1.595,2.432,1.716,1.755
USP51,0.499,0.502,1.062,0.916,0.322,0.439
BCKDHA,16.685,18.63,18.171,17.546,19.225,18.46
INSL3,0,0.114,0,0,0,0
MARCOL,0,0,0,0,0,0
ADH1C,1.056,0.502,1.331,0.397,0.502,0.973
TRIM39-RPP21,0.336,0.199,0,0.375,0,0
APELA,0.104,0.465,0.184,0.252,0.28,0.157
CDK11B,29.521,24.895,29.458,25.972,25.519,26.887
PCDHAC1,0,0.04,0.021,0,0,0
TARM1,0,0,0.163,0.148,0,0.377
PRR5-ARHGAP8,0,0.568,0,0,0.773,0.674
POU5F2,0.208,0.235,0.313,0.155,0.068,0.163
PCP4L1,0.064,0,0,0,0,0.234
ABHD14A,11.849,19.309,16.812,17.728,21.828,18.02
STIMATE-MUSTN1,4.35,4.046,1.388,2.819,1.979,2.008
RBM14-RBM4,2.893,1.478,2.772,1.689,1.945,3.407
LY75-CD302,0.606,0.112,0.435,0.137,0.255,0.393
CCDC153,0.569,1.366,1.027,1.117,0.767,0.808
C4orf54,0,0,0,0,0,0
ACTN3,0.136,0.057,0.031,0.131,0,0.13
FOXL3,0,0,0,0,0,0
SMIM31,0.166,0.16,0,0.219,0.072,0.269
TNFSF12-TNFSF13,0,0,0.311,0.768,1.558,0.282
FMN1,1.468,1.023,1.132,2.075,1.405,2.206
ATP5MF-PTCD1,1.533,3.842,2.238,3.919,2.82,2.796
USP17L19,0,0,0,0,0,0
USP17L22,0,0,0,0,0,0
USP17L17,0,0.037,0,0,0,0
HAUS5,4.439,5.469,6.357,6.064,4.597,6.791
EPPIN-WFDC6,0,0,0,0,0,0
TAF11L12,0,0,0,0,0,0
PCDHA11,0.499,0,0,0,0,0.084
ATP5MGL,10.83,10.532,12.969,9.609,5.224,7.423
TMEM150C,1.117,1.149,0.55,0.827,0.116,0.962
NAIP,3.918,6.073,8.072,6.141,4.739,6.051
ZNF324B,2.695,3.218,3.935,4.023,3.989,5.948
SPATS1,0.093,0.267,0.45,0.334,0.124,0.321
CLRN2,0,0,0,0,0.343,0
LINC02218,0,0,0,0,0,0
THEGL,0.053,0.053,0,0.146,0,0.145
ZNF564,3.013,5.065,4.068,6.112,5.831,3.649
FER1L5,0.086,0.11,0.039,0.011,0.022,0.089
ECSCR,0.094,0.095,0.4,0.173,0,0.085
USP17L21,0,0,0,0,0,0
HS3ST5,0,0.042,0.045,0,0.057,0.019
MTRNR2L5,0.209,0.052,0.056,0.053,0.094,0.057
LGALS16,0,0,0,0,0,0
RNF103-CHMP3,1.163,0.684,3.778,0.977,0,1.682
PDCD6,91.425,94.041,101.167,87.962,87.014,80.362
GOLGA8K,0.077,0,0.511,0,0,0
GBA3,0,0,0,0,0,0
TERB1,0.815,0.342,0.202,0,0.338,0.36
TMEM158,838.69,420.79,277.678,522.636,164.93,336.746
ARPIN-AP3S2,15.393,14.496,15.321,13.748,15.49,13.805
YJEFN3,4.393,4.53,6.25,5.004,3.776,5.49
PCDHA10,0.286,0.198,0.15,0.223,0.09,0.14
ARPC4-TTLL3,1.072,1.089,0.412,3.372,2.155,5.219
PTTG2,0,0,0,0,0,0
GIMD1,0,0,0,0.054,0.158,0
TRMT9B,6.803,6.762,5.906,3.932,6.662,7.036
ZNF718,3.115,4.439,3.602,3.886,2.652,4.188
SMIM20,40.664,39.787,40.15,35.084,50.497,40.528
GYPB,0,0,0,0,0,0
TUNAR,0.198,0.141,0.12,0.283,0,0.23
TRIM75P,0,0,0,0,0,0
KIAA1210,0.02,0.04,0.011,0.064,0,0.018
CHCHD10,26.789,34.18,32.501,33.639,41.202,37.018
CDK3,7.759,12.065,13.725,9.962,9.848,10.363
GPR162,2.672,2.232,3.329,3.411,3.481,3.141
ATP6V1E2,3.067,4.808,4.521,3.689,5.375,4.708
GLI4,19.879,23.261,23.137,17.939,14.048,21.247
LY6G6F-LY6G6D,0,0,0,0,0,0
REELD1,0,0,0.085,0,0,0.036
CCDC169-SOHLH2,0,0.06,0,0,0,0
P3R3URF,0,0,0,0,0,0
SELENOP,11.022,15.604,20.436,14.526,30.381,21.258
NT5C1B-RDH14,0.245,0,0.192,0.314,0.134,0.073
USP17L20,0,0,0,0,0,0
TAF11L14,0,0,0,0,0,0
PRODH2,0,0,0,0,0,0.055
EXOC1L,0,0,0,0,0,0
USP17L18,0,0,0.03,0,0,0
USP17L23,0,0.109,0,0,0,0
PTTG1IP2,0,0,0.288,0,0,0
ZNF674,1.621,3.675,2.2,1.484,1.292,1.398
TMED7-TICAM2,10.058,12.589,10.708,7.849,9.134,9.547
ZNF345,5.127,4.933,5.667,3.905,2.572,5.67
RFPL4B,0.182,0.046,0,0,0.069,0.083
ALG1L2,3.156,3.537,4.241,2.253,2.588,3.218
SHANK3,5.62,4.249,5.64,4.035,3.101,5.097
MSANTD3-TMEFF1,7.774,8.022,8.857,7.902,5.996,5.963
ZNF550,5.126,4.128,6.28,4.544,4.02,4.931
DCANP1,0,0,0,0,0,0
FOXD1,85.906,66.526,63.683,70.246,84.113,83.652
CENPS-CORT,6.345,5.859,7.457,6.175,7.863,6.009
PRB1,0,0,0,0,0,0
PCDHA12,0.032,0,0,0,0.029,0
PTX4,0,0.172,0,0.279,0,0.077
OC90,0,0,0,0,0,0
RGS21,0,0,0,0,0,0
PCDHGA12,27.101,28.472,28.34,24.976,18.954,26.905
C8orf88,7.812,7.036,7.411,6.607,7.766,6.896
SHLD3,1.229,1.562,1.23,1.979,1.015,1.709
CCDC71L,49.476,40.014,37.25,33.456,31.911,34.35
HOXA10,13.773,12.28,12.523,14.867,15.103,16.991
TMEM200B,21.455,21.885,19.849,29.777,24.853,28.307
PCDHGB6,1.681,2.571,2.368,2.123,2.097,2.078
SERPINE3,0,0.199,1.166,0.262,0.069,0.086
C1orf210,0.346,0.318,0.065,0.253,0.163,0.125
TUG1,35.253,38.853,40.558,40.682,33.837,43.725
TRNP1,35.861,29.998,29.542,29.461,30.657,25.787
SMIM18,0,0.109,0,0,0,0
PCDHGA5,1.656,1.932,1.786,1.83,1.295,1.849
NACA2,0,0,0,0,0,0
PCDHGA7,6.738,5.897,6.816,4.538,4.548,5.254
PYDC2,0,0,0,0,0,0
SLC10A5,0.063,0.318,0,0.406,0.057,0.057
EIF5AL1,0.547,0.294,0.538,0.383,0.132,0.801
PRSS51,0,0.207,0.267,0.436,0.37,0.252
ALG11,16.27,16.901,17.287,14.173,13.196,14.142
ATXN7L3B,14.854,16.929,15.392,16.433,15.634,16.621
PRKDC,36.533,35.006,38.717,32.103,18.535,31.421
PCDHGA6,5.486,6.637,7.045,4.595,3.588,4.901
PCDHGA8,1.34,1.405,1.492,1.089,0.753,1.182
UTP14C,0,0,0,0,0,0
ETV3L,0,0,0.051,0,0,0
PCDHGA10,5.777,7.271,5.659,4.498,4.633,4.443
PCDHGA11,12.307,13.41,14.096,12.554,10.56,13.728
PCDHGB2,7.218,8.27,8.196,6.352,5.19,6.355
PCDHGB4,16.682,17.077,15.777,12.381,11.778,13.909
CLDN23,0.512,0.75,0.755,0.396,0.497,0.358
ZNF260,5.963,6.435,6.385,6.175,5.583,6.548
LYN,5.444,4.181,5.192,4.377,4.244,4.999
PINX1,7.65,5.782,8.578,7.298,8.199,6.376
PCDHGB7,17.091,18.218,21.478,15.553,14.944,15.507
CD8B2,0,0.231,0,0,0,0.06
NPIPB11,1.528,2.064,2.4,0.874,0.4,1.165
PCDHGB1,2.226,2.301,3.041,2.696,1.422,2.159
PCDHGA3,3.805,4.439,4.255,2.842,2.484,2.371
LRRC24,1.6,3.835,2.427,1.378,2.443,2.477
SIGLEC14,0.085,0.042,0.091,0.039,0,0.038
PBOV1,0.201,0.067,0.071,0.061,0,0.091
OR4D10,0,0,0,0,0,0
AP5B1,8.763,8.023,7.719,6.404,5.32,7.003
CHMP4A,44.273,47.694,43.233,41.229,49.789,45.389
SIGLEC12,0,0,0,0,0,0
PABPC4L,0.45,0.385,0.308,0.438,0.477,0.554
OMP,0,0.558,0.576,2.041,0.743,0
MAGEL2,0,0.075,0.04,0.034,0,0.169
CSNK2A3,0,0,0,0,0,0
ARMS2,0,0.129,0.271,0.118,0,0.116
INS,0,0,0,0,0,0
RTL1,0.192,0.221,0.142,0.148,0.027,0.335
FPGT,11.517,14.853,12.21,10.194,9.84,11.651
IGLL5,0,0.117,0.245,0.213,0,0
MEX3A,0.6,0.635,0.69,0.764,0.475,0.545
OR10G4,0.117,0.226,0.287,0.125,0.139,0.294
EEF1G,2318.22,2324.195,2369.423,2502.091,2843.718,2493.995
CKLF-CMTM1,6.132,4.387,7.526,5.29,6.454,4.191
SLC22A18AS,0.179,0.403,0.19,0.245,0.403,0.122
OR5M10,0,0,0,0,0,0
NPIPA2,0,8.283,0,10.144,5.599,9.144
MPV17L2,5.851,4.903,5.412,4.833,5.78,4.439
BORCS8,17.658,15.685,12.765,17.759,13.275,14.716
DPP3,22.765,24.254,26.8,23.936,18.893,24.752
ANKHD1-EIF4EBP3,7.414,8.114,7.285,5.639,7.566,7.43
KRTAP5-9,0,0.079,0,0,0.071,0
BRK1,228.439,228.039,225.398,223.404,241.443,209.949
UBTFL1,0,0,0,0,0,0
OR5M1,0,0,0,0,0,0
SAA2-SAA4,0,0,0,0,0,0
PIGY,37.11,35.055,33.541,33.955,34.496,33.849
CHMP1B,32.666,27.999,26.85,25.135,25.957,24.407
EID3,1.899,2.83,2.541,2.189,3.313,2.336
GLYATL1B,0,0.224,0,0,0,0
HTD2,4.449,7.173,3.573,5.998,3.915,6.857
CCDC166,0,0,0,0,0,0
NANOGP8,0.212,0,0,0,0,0
OR5M11,0,0,0,0,0,0
FXYD6-FXYD2,0,0,0,0,0,0
PRR23D1,0,0,0,0,0.015,0
SMIM35,0,0,0,0,0,0.022
OR8G5,0,0,0,0,0,0
EID1,198.779,183.221,194.714,185.864,221.598,184.514
OR52B2,0,0,0,0,0,0
NOX5,0.292,0.321,0.633,0.335,0.301,0.488
CCDC179,0.243,0,0,0,0,0
TAS2R43,0,0,0.603,0.087,0,0.172
PRR23D2,0,0,0,0,0.035,0
OOSP4B,0.106,0,0,0.098,0,0
HCAR3,0.042,0.125,0.089,0,0,0
PCDHA3,0.236,0.225,0.141,0.279,0.27,0.084
EBLN2,0.786,1.576,0.669,1.773,0.33,1.712
CARD18,0,0.072,0,0.195,0,0.217
NPIPB8,0.857,0.297,2.317,0.906,0.154,0.896
NEDD8-MDP1,1.667,0.457,2.991,0.458,2.117,0
POLR2M,33.486,32.501,31.956,19.9,21.735,37.939
LY6G6E,0,0,0,0,0,0
FDXACB1,1.945,1.125,1.611,1.114,0.965,1.247
OR10G2,0,0,0,0,0,0
RAB44,0.038,0.095,0.04,0.017,0.034,0.103
TRIL,0.016,0.161,0.445,0.337,0.782,0.657
OR4D2,0,0,0,0,0,0
OR6J1,0.292,0.812,0.327,0.285,0.28,0.38
MTRNR2L8,984.613,1061.549,994.536,1026.925,425.336,1064.393
TIFAB,0,0,0,0,0,0
TAS2R20,0.255,0.172,0.159,0.328,0.751,0.575
KDM4F,0,0,0,0,0,0
CYP2A6,0,0.149,0.422,0.045,0,0.36
CTSO,14.42,18.361,17.672,16.628,20.454,18.064
MTRNR2L10,29.955,37.611,28.616,36.137,14.507,34.223
COA8,33.674,38.677,44.707,40.722,47.14,40.151
TRAPPC2B,10.307,10.557,10.753,8.774,11.361,11.39
DNAAF4,2.869,3.402,3.147,2.603,3.087,2.362
ZNF432,4.57,5.355,10.076,4.338,2.333,6.553
SMLR1,0.033,0.033,0.035,0,0.09,0.121
TAS2R30,0.469,0.395,0.111,0.095,0.094,0.142
MTRNR2L3,0,0.093,0.196,0.085,0.083,0.083
ZNF10,4.429,4.414,6.573,4.255,3.178,5.113
ZNF486,3.447,4.1,4.021,4.252,3.997,3.458
SMIM3,207.149,141.266,122.543,140.831,98.549,108.66
HMBS,17.807,13.521,12.195,17.445,15.352,15.111
ZNF225,3.903,4.516,6.982,5.5,4.856,6.198
PPIAL4D,0,0,0,0,0,0
ASIC5,0,0,0,0,0,0
TAS2R31,0.191,0,0.203,0.088,0.086,0.433
DND1,1.583,1.958,1.777,1.192,0.979,1.563
SALL3,0.02,0.02,0,0,0,0
POLG2,5.442,8.22,7.937,6.317,6.268,7.894
SMIM10L1,9.7,9.113,9.565,9.301,9.497,8.756
OR13A1,0,0,0,0,0,0
MTRNR2L1,437.167,441.207,419.222,453.753,194.53,471.435
CLEC12B,0.366,0.363,0.362,0.099,0,0.049
LIMS4,0.631,0.318,0.62,0.518,0.624,0.598
ZNF350,6.189,5.106,7.075,5.848,6.279,6.813
PGA5,1.425,0.958,2.239,1.951,2.675,4.042
STH,0,0,0.34,0,0,0
ZNF253,1.482,1.425,1.727,3.071,2.097,2.465
KLRF2,0,0.151,0.791,0.139,0.674,0
C17orf100,1.38,1.538,1.74,1.917,3.131,1.856
CAPNS2,0,0.491,0.31,0.09,0.351,0
SLC5A8,0,0.02,0.064,0.018,0.036,0.037
MTRNR2L7,0,0.058,0.062,0.16,0,0.158
LIMS3,1.349,0.408,1.124,1.589,0.002,0.526
KHDC1L,0,0.169,0,0,0,0
GPR142,0,0,0,0,0,0
HP,0,0.222,0.23,0,0,2.018
SLCO1B3-SLCO1B7,0,0,0,0,0,0
C11orf97,0,0,0,0,0,0
DENND11,4.166,5.007,5.48,4.196,3.554,5.842
LSM14A,55.097,53.808,58.493,55.813,59.071,55.308
NHLRC4,0.165,0.331,0.308,0.339,0.446,0.375
OR11H12,0,0,0,0,0,0
TAS2R38,0,0,0,0,0,0
GATC,13.507,14.209,13.985,12.017,9.73,12.086
ZBED6,11.361,13.617,11.429,12.336,7.539,10.143
MGAM,0.012,0,0.026,0.022,0.011,0.011
FNTB,11.297,10.951,9.883,13.315,12.145,12.538
ZNF878,0.15,0.1,0.054,0.182,0,0.136
RPL36A-HNRNPH2,399.923,409.912,407.4,463.601,536.432,325.421
ZNF625,3.696,5.05,3.88,4.481,2.946,3.236
GALNT4,8.041,5.967,6.377,6.823,3.852,6.171
INAFM1,19.22,25.573,26.702,24.296,26.385,28.537
CNPY2,58.174,56.851,56.647,53.193,59.736,46.763
MGAM2,0,0,0,0,0,0
CUX1,51.455,50.411,49.64,51.063,52.887,52.405
TEN1,24.183,24.984,29.323,25.306,32.606,29.195
TEX49,0,0.216,0,0,0,0
OR9A4,0,0,0,0,0,0
MAP1LC3B2,0.515,1.344,0.903,0.919,0.871,0.3
PRSS58,0,0,0,0,0,0
CLEC5A,0,0,0,0,0,0
CHURC1,48.212,54.839,56.836,57.136,58.948,58.297
C17orf49,72.829,85.314,81.578,75.72,92.839,80.408
RTEL1,15.985,20.619,15.054,17.213,10.735,18.737
ZNF578,1.082,1.204,1.604,1.383,0.893,1.779
PDF,7.465,5.27,6.062,5.987,5.489,5.91
RNASE12,0,0,0,0,0,0
OR11H2,0,0,0,0,0,0
SPESP1,4.239,3.754,3.422,4.602,3.658,5.029
TRIM6-TRIM34,0,0,0,0.287,0,0
BCL2L2-PABPN1,9.225,14.089,12.525,8.916,4.778,9.116
SYNJ2BP-COX16,9.512,10.913,10.815,9.325,11.818,6.994
TRIM34,3.632,4.984,6.238,3.983,5.327,4.82
C20orf141,0,0.455,0,0,0,0
OR4C13,0,0,0,0,0,0
RNASE4,20.271,30.1,18.274,26.489,36.621,31.683
MC1R,6.085,7.167,7.319,7.03,6.983,6.044
DUXA,0.645,1.076,0.784,0.594,1.165,0.837
CEP95,12.856,14.138,24.512,12.516,13.199,16.541
TUBB3,111.046,110.375,101.213,76.117,67.007,81.673
TMEM179,0.703,0.766,0.471,0.098,0.338,0.529
TSPY1,0,0,0,0,0,0
TVP23C-CDRT4,3.464,5.821,3.676,2.036,4.686,2.654
FPGT-TNNI3K,1.081,0.531,4.219,0.282,0.097,0.27
POC1B-GALNT4,0.306,1.679,1.372,1.069,0.391,0.102
NDUFC2-KCTD14,3.466,6.186,2.656,5.84,3.42,8.445
SMIM6,0.166,0,0.176,0,0.075,0
ITGB3,31.822,27.417,21.739,28.237,13.325,23.31
SLC35G6,0,0.052,0,0.224,0,0.047
ZHX1-C8orf76,1.378,1.173,2.835,2.432,1.373,1.373
INAFM2,9.546,7.389,8.33,8.597,9.204,9.628
ST20-MTHFS,11.428,14.91,16.602,13.278,12.716,10.52
GH1,0,0,0,0,0,0
TGIF2-RAB5IF,0,0.483,2.47,0,0.639,0
CTXND1,0.161,0.12,0.111,0.137,0.093,0.094
THTPA,12.129,12.025,15.745,9.552,11.796,13.072
MRPL46,15.908,17.463,15.955,13.279,15.277,18.623
BLID,2.442,0.823,0.865,0.968,0.63,1.056
IGHV3OR16-17,0,0,0,0.459,0,0
SLC22A31,0.11,0.055,0.117,0.324,0.049,0
LYPD8,0,0,0,0,0,0
RBM15B,26.997,27.596,27.111,27.24,28.907,27.218
TGFBR3L,1.085,1.237,1.315,1.539,1.096,1.83
HOXB7,27.136,25.927,24.237,28.748,30.605,28.64
SPDYE6,0.594,0.829,1.331,0.852,0.511,0.585
CCDC187,0,0,0,0,0,0.007
FRRS1L,0.132,0.159,0.193,0.079,0.035,0.119
PMF1-BGLAP,13.35,12.221,12.611,12.41,13.999,11.376
ARMH2,0,0,0,0,0,0
TBC1D3G,0,0,0,0,0,0
MRC1,0.015,0,0,0.014,0,0
HSPB9,0.228,0.234,0.969,0.214,0,0.415
SCX,2.241,4.168,4.031,2.379,2.954,3.365
C16orf95,2.403,3.48,5.589,4.035,6.15,3.288
KCNJ18,0,0,0,0,0,0
DUX4,0.507,0.875,1.117,0.235,0.457,0.758
ANKRD20A1,1.345,0.804,0.654,0.373,1.019,0.587
TLE7,0,0,0,0,0,0
SERTM2,0,0,0,0,0,0
XKR7,0,0,0.022,0,0,0
CCPG1,58.986,55.73,61.286,54.519,67.347,59.793
SULT1A3,24.459,19.838,20.285,17.238,11.018,19.019
TMEM178B,0.045,0.023,0.089,0.02,0.027,0.02
EPPK1,0.15,0.384,0.069,0.009,0.171,0.009
CLEC19A,0.335,0.418,0.794,0.482,0.691,0.518
ZNF865,9.672,9.727,10.063,10.178,10.236,12.263
BOP1,33.833,29.297,24.503,30.101,27.743,32.498
GOLGA8T,0.08,0.133,0,0.751,0,0.239
MUC22,0,0,0,0,0,0
FIGNL2,0.154,0.255,0.272,0.14,0.092,0.139
PECAM1,0.229,0.38,0.118,0.084,0.063,0.16
TUBB8,0.114,0.103,0.136,0,0,0.115
TP53TG3B,0,0,0,0.019,0,0
TMEM249,1.112,1.123,2.149,1.888,0.819,1.653
TPBGL,0.169,0.254,0.27,0.051,0,0.077
GAN,1.506,1.494,1.145,1.27,0.987,1.356
GOLGA6L7,0,0.035,0,0.032,0,0
C15orf65,1.295,2.858,3.252,2.504,3.297,1.818
LY6L,0,0,0,0,0,0
SCRT1,0.041,0.02,0.065,0,0.037,0
HPR,0.172,0,0,0,0,0
GOLGA8S,0,0.479,0.125,0,0,0
BOLA2-SMG1P6,38.564,41.306,38.002,32.896,33.228,32.531
TCF24,0.069,0.103,0.109,0.063,0.062,0.062
GOLGA8H,0.319,1.007,0.994,0.288,0.493,0.491
ISY1-RAB43,8.543,6.623,13.094,8.161,9.047,7.793
MIA,0.813,0.241,0.706,0,0,0.213
SMIM36,0.133,0.221,0.064,0.164,0.08,0.108
PCDHGA9,1.01,1.5,1.641,1.276,1.134,1.846
GFY,0,0,0,0,0,0
LINC00514,0.706,0.208,0.662,0.189,0.374,0.377
C17orf114,1.642,2.952,1.735,3.073,0,0.745
MYMX,0,0,0,0,0,0
PCDHGB3,4.682,5.511,5.587,3.569,2.94,3.625
CORO7,8.709,12.749,10.7,8.794,4.685,10.644
MMP12,0.907,1.196,1.015,1.178,1.891,2.815
SPDYE9,0.326,0.355,0.375,0.258,0.246,0.465
CCER2,0.303,0.441,0.094,0.244,0,0.321
SMIM28,0,0,0,0,0,0
PCDHGA4,9.677,11.121,11.422,8.881,8.137,10.029
OR1D5,0,0,0,0,0,0
SPON1,18.713,12.77,10.768,13.171,6.394,11.32
OVCA2,23.171,26.772,26.167,24.044,35.91,24.224
MRPL12,63.758,53.587,50.271,62.693,72.386,66.948
C19orf84,0,0,0,0,0,0
CCNQ,20.052,18.763,14.843,18.441,19.65,14.332
GTF2I,135.878,140.279,148.766,146.945,133.44,147.975
ZNF234,4.244,5.93,5.37,5.291,4.618,4.559
MYZAP,0,0,0,0,0,0
DPEP2NB,0,0,0,0,0,0
PPIAL4A,0,0,0,0,0,0
TMEM238L,0.058,0,0.062,0,0,0
PPIAL4C,0,0,0,0,0,0
SRSF8,10.522,10.931,11.222,9.995,9.382,10.195
FAM72C,0.975,1.127,2.507,1.341,0.804,1.284
IKBKE,5.408,8.615,7.448,6.747,5.515,6.194
MSMB,0,0,0,0,0,0
LINC02210-CRHR1,0.834,0.865,1.381,1.239,1.363,1.682
GDF2,0,0,0,0,0,0
LINC00672,0.559,1.291,1.828,0.839,0.88,1.054
NBPF11,9.615,11.917,14.576,9.448,7.028,11.664
RHEX,0.31,0,0.381,0,0,0
AKR1C8P,0.201,0.506,0.213,0.185,0.272,0.455
ANXA8L1,0.498,0.798,0.164,0,0.955,0
NOTCH2NLA,37.334,36.553,33.842,33.341,13.722,30.335
DYNLL2,24.369,23.05,24.913,22.932,22.166,22.363
MYH4,0,0,0,0,0,0
OTUD7B,10.462,12.228,12.609,11.913,7.486,11.051
NPY4R2,0,0,0,0.022,0,0
GJA5,0.026,0.026,0.028,0.024,0.103,0.103
ANXA8,0.398,1.27,0.224,0.08,0.447,0.168
RBP3,0,0.019,0,0,0,0
RBM8A,146.852,122.299,114.873,122.142,127.569,117.556
TIMM23,55.517,48.696,44.757,53.529,53.431,53.361
RNF115,6.929,6.57,8.062,6.306,6.52,6.66
CFAP298-TCP10L,14.998,10.806,5.447,11.045,11.994,13.635
RPL17,2821.712,2861.075,2828.177,2907.818,3276.93,2723.809
ZNF488,0.024,0.07,0,0.022,0.022,0.021
SEC22B,36.123,30.922,30.793,33.424,29.482,34.002
FSBP,0.666,0.918,0.822,1.094,1.001,1.174
TXNIP,89.052,119.788,120.116,176.29,176.402,186.743
SRGAP2,28.237,39.364,39.155,30.929,21.671,32.074
BAHCC1,7.321,9.934,10.294,9.71,8.316,12.401
RASSF5,1.21,2.679,2.445,1.734,3.507,3.485
STRADA,16.436,20.441,18.445,19.744,18.841,19.342
PNLIPRP2,0,0,0,0,0,0
KLF14,0.442,0.395,0.297,0.804,0.397,0.548
NBPF15,30.02,27.606,29.81,27.43,18.803,26.566
NCOA4,78.829,78.552,79.829,84.539,78.69,77.906
MRPS21,64.82,62.642,65.914,71.261,77.747,69.747
GDF10,0,0.093,0,0.057,0,0
MYO15B,2.841,2.707,5.156,1.603,1.204,1.734
IGBP1P2,0,0,0,0,0,0
FXYD1,7.549,9.64,7.057,6.7,13.135,13.13
AARSD1,24.237,24.503,22.81,25.036,30.286,22.894
ZNF850,3.561,4.511,2.471,4.225,2.24,1.735
PTGES3L,0.601,0.763,0.881,0.696,0.395,0.203
LCN6,0,0,0,0,0,0
C17orf113,0.18,0.199,0.258,0.139,0.256,0.318
ATF7-NPFF,1.015,0.629,1.143,0.291,0,0
UPK3BL1,38.699,43.044,44.266,41.046,38.767,45.718
APOC4,0,0,0.206,0,0,0.174
ZNF285,1.375,1.659,2.149,1.988,2.553,2.805
S1PR2,10.834,12.208,12.521,15.146,13.718,15.605
CGB1,0.067,0,0,0.039,0.182,0
FDX2,21.916,25.408,27.002,18.363,23.777,24.106
ZNF224,14.82,18.197,19.841,15.573,12.454,16.977
EDDM13,0.347,0.82,0.861,0.535,0.314,0.315
SMIM22,0.189,0,0.589,0,0,0.433
LIN37,18.625,21.204,20.869,17.402,18.792,19.527
NDUFA7,35.615,40.198,41.136,38.956,34.029,44.561
CCDC177,0,0.058,0,0,0,0
MAGEA9B,0,0,0,0,0,0
SSX4,0,0,0,0,0,0
ERFL,0.128,0.556,0.272,0.429,0.192,0.155
NBPF12,10.75,12.629,14.379,10.27,7.225,10.429
GABRQ,0.061,0.171,0.091,0.122,0.088,0.189
SLC6A14,0.126,0.214,0.019,0.016,0.048,0.033
SMIM17,0.366,0.655,0.367,0.362,0.119,0.245
OPN1MW,0,0,0,0,0,0
ARL14EPL,0.045,0,0,0,0,0
TCP11X1,0,0,0,0,0,0
SCGB1C2,0,0,0.177,0,0,0
FAM156A,19.054,25.221,30.18,27.936,9.901,33.827
SSX2B,0,0.002,0.003,0.002,0.06,0.158
NFILZ,0.123,0,0,0.169,0,0.056
MAGEA2,0,0,0,0,0,0
TEX13A,0,0,0,0,0,0
CTAG1A,0,0,0.147,0,0,0
ZNF723,0,0.094,0,0,0.042,0.085
HSFX2,0.613,0.586,0.792,0.12,0.374,0.55
H3Y2,0,0,0,0,0,0
CSAG2,0.122,0,0,0,0,0
CSAG3,0.122,0,0,0,0,0
CT45A1,0,0,0,0,0,0
ERVV-2,0.191,0.054,0.087,0.173,0.098,0.148
SPANXN2,0.066,0,0.14,0,0,0
FAM236B,0,0,0,0,0,0
MTRNR2L12,4808.465,5207.725,4963.508,5055.6,2198.776,4965.905
CALR3,0,0,0,0,0,0
ZNF728,0.097,0,0,0,0.139,0.029
CT45A3,0,0,0,0,0,0
TRABD2B,0.01,0.01,0.022,0.057,0.009,0.01
FBXO17,28.218,23.622,29.15,33.068,30.603,28.886
MAGIX,0.417,0.558,0.188,0.507,0.724,1.261
IKBKG,38.795,37.978,34.349,26.514,28.563,34.308
ZNF587B,3.047,2.959,3.509,3.198,1.94,2.437
SPIB,0.557,0.511,0.432,0.164,0.165,0.323
NXF2,0,0,0,0,0,0
OPN1MW3,0,0,0,0,0,0
NXF2B,0,0,0,0,0,0
H3Y1,0,0,0,0,0,0
DMRTC1,0,0,0,0,0,0
ERVV-1,0,0,0,0,0,0
TMEM185A,15.883,19.22,17.262,17.614,15.344,16.89
CT45A10,0,0,0,0.099,0.096,0
ZIM2,0,0,0,0,0,0
NBPF9,39.135,38.292,36.69,36.185,20.427,32.394
CCDC194,0,0,0,0,0,0
SLC25A53,0.425,0.401,0.289,0.317,0.208,0.294
SSX4B,0,0,0,0,0,0
RNF225,0.127,0.446,0.135,0,0,0
EGLN2,58.053,64.336,57.2,57.577,64.038,65.494
COMMD3-BMI1,7.566,1.667,4.496,2.053,1.643,2.615
FMC1-LUC7L2,18.874,13.071,16.984,15.645,20.001,14.707
MEI4,0,0,0.017,0,0,0
ZNF559-ZNF177,0.847,0.467,1.368,1.41,1.025,1.011
NCBP2AS2,26.053,28.019,24.065,20.624,24.808,23.132
BIVM-ERCC5,0,0.817,0,0,0,0.211
MTRNR2L11,44.175,50.613,43.749,47.328,21.245,49.212
H4C15,5.609,11.321,12.534,6.883,9.448,8.904
PPIAL4H,0,0,0,0,0,0
HEATR9,0,0,0,0,0,0.043
MTRNR2L13,0,0,0.066,0,0.056,0.057
PRAMEF5,0,0,0,0,0,0
URGCP-MRPS24,0.414,0,0,1.093,0.285,0.304
NBPF14,114.336,102.74,99.857,86.971,37.44,76.488
TAF15,116.964,118.344,116.98,105.654,99.413,101.731
MTRNR2L6,49.421,50.879,50.877,50.264,20.337,49.511
HSPE1-MOB4,8.497,3.653,13.461,2.215,9.231,13.593
GAS2L2,0.024,0,0.052,0.022,0,0.022
RPS10-NUDT3,8.117,7.599,7.246,10.411,8.482,6.904
C17orf50,0,0,0,0,0,0
H4C14,11.641,25.25,12.836,10.43,9.036,13.395
RASL10B,0,0.179,0.136,0.256,0.115,0.301
CT45A9,0,0,0,0,0,0
CTAGE15,0.318,0.393,0.21,0.324,0.841,0.856
TLCD4-RWDD3,0.968,1.643,1.791,0.931,1.513,1.06
UGT2A2,0,0,0,0,0,0
SRXN1,69.607,71.566,68.001,58.035,53.798,53.016
CTAGE6,0,0,0,0.134,0,0
NBPF19,70.874,78.839,82.802,51.926,29.489,55.126
NBPF10,13.968,14.351,12.135,11.787,5.619,9.762
MMP28,0,0.729,0,0.124,0,0.038
CT45A2,0,0,0,0,0,0
CCL5,0.23,1.002,0.92,0.163,0.147,0.695
PPIAL4E,0,0,0,0.188,0,0
LIX1L,22.351,19.777,20.702,23.639,17.839,23.754
MILR1,2.082,1.362,2.557,2.608,1.105,2.027
SMIM32,0,0,0,0,0,0.047
ANKRD34A,0.7,0.474,0.817,0.678,0.585,0.574
GTF2H5,19.046,17.581,21.461,20.828,27.113,17.163
H2AC19,36.763,64.273,53.833,32.779,33.366,37.581
NUDT3,16.166,14.8,15.494,15.249,11.426,15.697
KMT2B,14.586,14.96,15.076,12.167,7.51,14.475
POM121C,25.814,25.314,24.761,24.609,17.665,23.349
IFNL4,0,0,0,0,0,0
CD24,3.699,5.18,1.863,0.386,2.383,0.187
FAM47E-STBD1,0.763,0.106,0.471,0.192,1.568,0.188
CFAP206,0.276,0.27,0.287,0.085,0.083,0.244
MUSTN1,2.225,2.353,2.168,1.955,2.462,4.751
ZNF595,3.669,4.011,4.961,3.277,3.151,4.131
DOC2B,0.179,0.042,0.098,0.145,0.035,0.036
PCDHB16,3.003,2.504,3.145,3.466,2.328,3.193
KRTAP10-7,0,0,0,0,0,0
DCP1A,8.828,8.99,9.955,7.488,6.162,7.855
ATP6V1FNB,0.209,0.355,0.511,0.38,0.225,0.341
RBAK-RBAKDN,1.903,2.548,2.3,2.963,1.339,2.001
C2orf15,0.219,0.339,0.351,0.151,0.149,0.539
GRIN2B,0.003,0.033,0.003,0.005,0,0
LYPD4,0,0.105,0,0,0,0
NBPF26,5.225,6.333,6.524,5.48,3.165,6.314
SNURF,0.339,5.318,17.144,2.775,7.957,0.816
H3-2,3.296,3.877,2.34,3.719,3.768,3.26
TMEM271,0,0.07,0.037,0,0,0
ZBTB8B,0.184,0.338,0.243,0.152,0.056,0.155
TBC1D3K,0,0,0,0,0,0
FOXD4L6,0,0,0,0,0,0
SPDYE8,0.326,0.355,0.375,0.258,0.246,0.465
AGBL1,0.025,0.05,0.029,0.023,0.017,0.017
H4C12,3.269,14.691,3.023,6.119,5.614,8.906
CWC25,13.182,13.054,14.971,12.346,11.835,13.612
SMIM11B,4.179,19.015,5.99,5.596,6.666,17.718
EPOP,5.872,5.34,3.138,4.934,6.009,5.328
ZNHIT3,32.752,38.141,36.371,32.994,41.844,34.64
CT45A7,0,0,0,0.099,0.096,0
H2BC14,2.361,1.214,0,1.107,0.538,2.147
LHX1,0,0,0.025,0,0.021,0.232
CYFIP1,75.081,68.937,69.488,70.026,57.397,69.24
CEACAM20,0,0,0,0.055,0,0
H2BC8,0.814,1.693,1.554,1.118,0.105,0.845
USP27X,2.331,2.892,2.851,1.854,2.049,2.504
TAF9,59.762,62.157,55.3,61.565,56.991,56.719
NOL12,21.745,20.024,16.847,17.559,17.034,16.404
GOLGA6L1,0.128,0.202,0.457,0.137,0.316,0
H3C8,0.035,0.07,0.111,0.095,0,0.063
CASTOR2,10.24,10.995,10.914,10.927,7.234,12.383
OR4M2,0,0,0,0,0,0
NATD1,8.338,11.183,11.698,9.061,13.237,12.253
H2AB1,0,0,0,0.385,0.187,0.374
ANTXRL,0,0,0,0,0,0
SOCS7,5.778,5.98,8.744,7.95,6.083,6.219
TBC1D3H,0,0,0,0,0,0
GGTLC3,0,0,0,0,0,0
GAGE13,0,0,0,0,0,0
CBSL,51.813,58.991,58.564,68.861,78.174,77.797
ADRA2B,0.066,0.022,0,0,0.02,0
H2BC6,0.486,1.515,1.034,1.375,0.291,0.617
ZNF658,2.94,3.524,3.787,3.248,2.752,3.735
TMEM269,0.595,0.404,0.425,0.4,0.181,0.278
TPTE,0.034,0,0,0.07,0.042,0.072
TBC1D3D,0,0,0,0,0,0
C8orf89,0,0,0,0,0.49,0.735
TBC1D3L,17.471,23.663,23.197,15.868,11.373,21.547
RCC1L,30.593,34.327,31.112,30.031,36.932,35.182
SEBOX,0,1.041,0,0,0,0
DGKK,0,0,0,0,0,0
RIMBP3B,0.331,0.766,0.227,0.884,0.53,0.744
TBC1D3,0,0,0,0.094,0,0
H4C6,2.69,2.764,0.812,1.437,0,1.743
H2BC17,0,0.609,0.941,1.678,0,1.616
CCL23,0,0,0,0,0,0
KRTAP7-1,0,0,0,0,0,0
H3C6,0.751,0.689,1.489,1.584,0.476,1.79
PRAMEF27,0,0,0,0,0,0
TBC1D3B,6.572,5.43,7.901,4.527,1.666,9.366
NPHP3-ACAD11,3.49,3.569,4.492,4.762,3.369,9.554
TBC1D3I,0.593,0.41,0.522,0.313,0.258,0.536
H2AC12,0.614,0,0,2.016,0,0.559
ZNF280B,0.617,0.615,0.373,0.538,0.493,0.696
MLLT6,26.313,28.893,28.843,26.156,23.705,28.438
TP53TG3E,0,0,0,0,0.05,0
PPP4R3B,22.885,25.209,25.013,22.507,20.761,24.22
SYNRG,9.919,12.321,14.846,10.357,7.451,9
NUDT18,9.685,11.012,9.126,9.595,12.611,11.393
ZNF2,1.873,2.672,2.572,3.229,2.863,3.298
GAGE2E,0,0,0,0,0,0
H4C13,0.409,1.259,0,1.147,0.749,0.371
CCL16,0.181,0.179,0.253,0.164,0.328,0.166
LENG9,2.953,3.119,2.888,2.884,3.934,3.674
H2AC15,0,0,0,0,0.488,0.591
CCL4,0,0,0,0,0,0
PRAG1,0.711,0.479,0.829,0.632,0.358,0.63
H3C11,0,0.27,0,0.987,0,0.479
CCL18,0,0,0,0,0,0
FCGBP,0.098,0.276,0.175,0.059,0.058,0.118
HNF1B,0,0,0,0,0,0
C17orf98,0.763,0,0.202,0,0,0.347
FAM236A,0,0,0,0,0,0
ELOA3CP,0.077,0.154,0,0,0,0.069
GRIFIN,0.303,0.622,0,0,0,0
XKR5,0.276,0.238,0.276,0.446,0.185,0.242
H4C7,0,0,0,0,0,0
AATF,46.566,43.512,42.745,39.509,41.603,41.36
H2BC9,0.249,0.499,0.177,0.379,0.262,0.226
H3C1,0,0,0,0.727,0,0.235
CCL15,0,0,0,0.284,0,0
LYZL6,0.179,0.09,0.095,0.165,0,0.244
HNRNPCL2,0,0,0,0,0,0
RIMBP3,0.976,0.894,0.57,0.609,0.474,0.931
ARHGAP23,79.551,69.784,73.735,71.009,70.645,78.121
TUBGCP5,13.569,14.287,12.827,14.92,11.743,12.911
U2AF1L5,91.489,89.239,124.86,93.974,96.627,79.501
PRSS2,0,0,0,0,0,0
TBC1D3F,0.142,0,0,0,0,0
SPATA31A3,0,0,0,0,0,0
SIK1B,2.151,2.226,1.619,1.143,1.014,1.227
DUSP14,51.241,45.151,44.198,51.687,51.883,48.156
SPATA31A7,0,0,0,0,0,0
UHRF1,35.231,25.984,24.828,40.384,23.399,38.924
ORAI1,28.145,25.793,18.469,26.055,19.048,25.712
CCL4L2,0,0,0,0.221,0,0
CRYAA2,0.067,0.1,0.142,0.031,0.452,0.243
CCL3L1,0,0,0,0,0.244,0
OR13C2,0,0,0,0,0,0
H4C9,2.916,3.719,2.344,1.24,2.629,1.679
ANKRD20A3P,0.201,0.07,0,0.102,0,0.148
PIK3R6,1.458,0.189,0.086,0.418,0.024,0.073
TADA2A,5.233,7.778,7.373,6.609,7.05,6.278
OR4E1,0.064,0.128,0.023,0.156,0,0.197
KCNE1B,0.052,0.039,0.178,0.018,0,0.009
PIP4K2B,37.636,37.943,38.103,38.98,33.754,38.435
H2AC14,0,0.885,0,1.256,0.523,1.84
CCL14,0,0,0,0,0,0
H2BC3,0.829,0,0.586,1.557,0,0.754
FAM25C,0.242,0.249,0.256,0,0,0
PCDHGB5,24.507,26.607,25.112,22.039,19.351,22.066
SPATA31A5,0,0,0,0,0,0
RAB7B,10.156,15.356,18.692,13.602,16.727,18.022
DACH1,0,0.017,0,0.05,0,0.025
PADI6,0,0,0,0,0,0
H2AC16,0.562,0.289,0,2.111,0.256,3.068
GSTT4,0,0.11,0,0.201,0.197,0
H4C5,1.146,1.635,0.449,1.105,0.109,1.369
HNRNPCL3,0,0,0,0,0,0
H2AC8,1.029,1.32,0,4.588,1.404,2.807
TYW1B,2.393,2.323,1.89,2.332,1.577,1.947
F8A3,5.984,4.902,6.099,7.068,5.134,4.421
H4C4,1.523,0.783,2.415,0.712,0,0.346
PIGW,7.341,5.039,5.403,7.854,6.436,5.682
H2BC7,0.391,0.63,0,0.575,0,0.995
PCGF2,33.202,35.329,37.187,34.4,41.774,41.114
FAM243B,0.616,0.426,0.461,0.71,0.772,0.3
GOLGA6L6,0,0,0,0,0,0
SRCIN1,0.308,0.819,0.564,0.515,0.097,0.4
GPR179,0.03,0.01,0.064,0.009,0,0.045
MARCKS,115.098,127.124,147.386,142.071,175.848,170.236
ZNF670,1.022,1.453,1.416,0.932,1.006,1.483
PKD1L3,0,0,0,0,0.038,0.065
GPIHBP1,0,0,0,0.034,0,0
PNMA8C,0.077,0,0.11,0.16,0.065,0.214
OR13C5,0,0,0,0,0,0
NEFL,0.023,0.068,0,0.021,0.102,0.062
CCL3,0,0,0,0,0,0
H2AB3,0,0,0.324,0,0,0
H3C7,0.54,0,0.573,1.267,0,0.737
PSMB3,124.991,102.559,102.875,117.056,128.425,110.347
H2AB2,0,0,0.324,0,0,0
GOLGA6L22,0,0,0,0,0,0.315
SRD5A2,0,0,0.019,0.016,0.016,0.032
OR52E5,0,0,0,0,0,0.034
CISD3,21.357,18.645,16.635,16.898,21.073,15.656
RDM1,0.081,0.595,1.159,0.705,0.365,1.047
DDX52,8.79,8.404,9.455,8.489,6.67,7.968
TEX28,0,0,0,0,0,0.068
CT45A8,0,0,0,0,0,0
ZNF8,1.93,1.747,2.017,1.922,1.163,2.007
P3R3URF-PIK3R3,0,0.325,0,0,0,0.21
SSTR3,0.019,0,0,0,0,0
PRICKLE4,8.191,8.271,8.655,5.556,4.865,5.996
MYO19,17.187,16.947,16.135,20.002,12.352,18.356
CT45A6,0,0,0,0,0,0
TBC1D3C,0,0,0,0,0,0.109
GGNBP2,43.578,53.671,57.838,44.218,49.015,54.482
ZNF229,4.378,4.27,6.741,5.336,5.742,6.863
H2AC4,0,0,0,0,0,0.885
C17orf78,0,0,0,0,0,0.048
POTEB3,0.073,0.101,0,0,0.03,0.089
DHRS11,2.9,3.972,5.621,5.081,3.031,3.366
ACACA,19.733,19.7,19.016,16.713,15.01,17.206
TMEM191B,4.216,3.993,8.542,3.81,2.233,3.842
NR2E3,0.043,0.085,0.184,0.039,0.155,0.232
H2BC10,2.811,2.31,0,2.111,0,1.278
TBC1D3E,0,0,0.075,0,0,0
C11orf98,56.809,50.462,52.203,51.049,51.268,41.113
MRM1,4.485,4.07,3.516,3.582,3.912,3.385
H4C1,1.148,2.751,0,5.366,0,0.694
GOLGA6L10,1.759,2.606,3.576,2.537,1.229,2.419
H2AC17,1.658,3.122,0,4.671,0.504,3.77
IQCA1L,0,0,0,0,0,0
H4C2,0.343,0.691,0.073,0.189,0,0.062
PWWP4,0,0,0,0,0,0
H3C10,0.376,0.302,0.799,1.173,0.271,0.614
MRPL45,38.522,41.654,41.581,40.468,44.265,40.483
TP53TG3F,0,0,0,0.101,0.002,0
OR51G1,0,0,0,0,0,0
OR2S2,0.185,0,0,0.085,0.583,0.168
SMIM34B,0.309,0.249,0.197,0.141,0,0.896
OR10A6,0,0.026,0.152,0.107,0.012,0.036
OR51B2,0,0,0,0,0,0
OR6Q1,0,0,0,0.192,0,0
OR10X1,0,0,0,0,0,0
OR8D2,0,0,0,0,0,0
PRAMEF13,0,0,0,0,0,0.125
TSTD3,2.638,4.874,3.343,2.11,2.259,2.196
OR2L8,0,0,0,0,0,0
OR52R1,0,0,0,0,0,0
OR2T11,0.087,0.086,0.048,0.059,0,0.02
OR5L1,0,0,0,0,0,0
OR4N4C,0,0,0,0,0,0
OR2AG1,0.034,0.113,0.036,0.092,0.032,0.052
OR4C16,0,0,0,0,0,0
OR5D13,0,0,0,0,0,0
PPIAL4F,0,0,0,0.188,0,0
PRAMEF18,0.083,0.166,0.264,0.189,0,0.113
OR8U3,0,0,0,0,0,0
OR51F1,0,0,0,0,0,0
GATD3B,58.972,66.399,62.181,65.554,71.12,66.36
OR8B4,0,0,0,0,0,0
OR1B1,0.098,0,0.314,0.363,0,0.179
PCDH20,0,0,0,0,0,0
OR1S1,0,0,0,0,0,0
OR12D2,0,0,0,0,0,0
PRAMEF26,0,0,0,0,0,0
OR8K3,0,0,0,0,0,0
CCDC163,0.675,0.987,1.245,1.321,0.645,1.281
LINC02203,0,0,0,0,0,0
PAGR1,12.33,14.47,15.454,13.734,10.302,15.899
RPS4Y2,0,0,0,0,0,0
TMEM272,0.061,0.061,0.064,0.018,0,0.037
BLACAT1,0.025,0.012,0.026,0.066,0.022,0
GIMAP1-GIMAP5,0,0,0,0,0,0
TMEM265,1.23,2.2,2.218,1.517,1.638,2.136
CYP3A7-CYP3A51P,0,0.103,0.293,0.004,0.099,0.2
TEX13D,0,0,0,0,0,0
ADORA3,0,0,0,0,0,0
DUXB,0,0.086,0,0,0,0
TEX13C,0,0,0,0,0,0
C1orf232,0,0,0,0,0,0
TMEM275,0,0,0,0,0,0
KLF18,0,0,0,0,0,0
LBHD2,0,0,0,0,0,0.135
CENPVL2,0,0,0,0,0,0
IQCJ-SCHIP1,15.407,8.992,11.236,20.649,15.984,16.429
C13orf46,0.837,1.007,0.776,0.703,0.193,1.285
SPRR5,0,0,0,0,0,0
CCDC201,0.131,0.111,0.139,0.159,0.241,0.12
FAM237B,0.125,0.021,0.2,0.114,0,0.038
TEX54,0,1.143,0.59,0,0,0
SMIM33,0,0,0,0,0,0
TEX52,0.426,0.601,0.725,0.549,0.077,0.387
CTXND2,0,0,0,0,0,0
FAM240B,0.103,0.104,0.109,0,0,0.094
CFAP97D2,0,0,0,0,0,0
CNTNAP3C,0.101,0,0.011,0,0,0
CCDC195,0,0,0,0,0,0
CSNKA2IP,0,0,0,0,0,0
SPEM3,0,0,0,0,0,0
HSFX4,0.116,0,0,0.091,0,0
FAM240A,0,0.051,0,0.046,0,0
ZNF511-PRAP1,0,0,0,0,0,0
LITAFD,0.885,0.517,0.922,0.681,0.067,0.135
PRRT1B,0,0.07,0,0,0,0.064
TCAF2C,0.709,0.486,0.167,0.481,0.766,0.667
C19orf85,0,0,0,0,0,0
FAM236C,0,0,0,0,0,0
EXOC3L2,0.416,0.466,0.528,0.519,0.116,0.559
ETDC,0,0,0,0,0,0
LMLN2,0.379,0.19,0.442,0.029,0.173,0.144
MYOCOS,0.094,0.889,1.408,0.798,0.084,1.237
HSFX3,0,0,0,0,0,0
VSIG10L2,0,0.044,0,0,0,0.235
PRSS50,0,0.207,0,0,0,0.082
TAF11L11,0,0,0,0,0,0
CPHXL,0,0,0.357,0,0,0.061
PMIS2,0,0,0,0,0,0
TAF11L13,0,0,0,0,0,0
PRR33,0.085,0.021,0.068,0.058,0.115,0.039
SSU72P4,0,0,0,0,0,0
TPTEP2-CSNK1E,7.112,5.482,7.842,5.383,7.446,3.865
TAF11L8,0,0,0,0,0,0
GNG14,1.352,1.072,0.735,0.651,0,0.315
TAF11L9,0,0,0,0,0,0
SLURP2,0.748,0,0,0,0,0
SSU72P5,0,0,0,0,0,0
TAF11L6,0,0,0,0,0,0
SCO2,26.884,17.636,15.251,16.434,24.236,22.683
TAF11L5,0,0,0,0,0,0
TAF11L4,0,0,0,0,0,0
SSU72P2,0,0,0,0,0,0
C2orf81,3.009,4.195,3.494,2.549,4.092,5.228
TAF11L10,0,0,0,0,0,0
TAF11L2,0,0,0,0,0,0
PERCC1,0.899,0.496,0.526,0.411,0.161,0.903
SSU72P7,0,0,0,0,0,0
TAF11L3,0,0,0,0,0,0
TAF11L7,0,0,0,0,0,0
SMIM39,6.439,15.338,2.303,7.952,8.682,33.307
THSD8,0,0,0,0,0,0
LYNX1-SLURP2,0.502,0.485,0.609,0.654,1.583,0.81
SSU72P3,0,0,0,0,0,0
OR8B3,0,0,0,0,0,0
SCYGR1,0,0,0,0,0,0
SCYGR4,0.323,0.762,0.689,0.492,0.46,0.392
SCYGR8,0,0,0,0,0,0
SCYGR2,0,0,0,0,0,0
OR4F16,0,0,0,0,0,0
SCYGR5,0,0,0,0,0,0
OR8B2,0,0,0,0,0,0
TMEM247,0,0,0,0,0,0
SCYGR3,0,0,0,0,0,0
SMIM38,0.062,0.247,0.132,0.169,0.195,0.056
SCYGR7,0,0,0,0,0,0
OR8S1,0,0.322,0,0,0.383,0.096
SCYGR6,0,0,0,0,0,0
TMDD1,0,0.392,0.827,0,0.176,0.795
OR4F29,0,0,0.056,0,0,0
EEF1AKMT4,4.448,2.143,3.116,1.958,3.376,3.764
TBCE,8.136,12.864,15.005,10.933,10.3,6.058
SMIM41,0.521,0.769,1.176,0.521,0.703,0.641
CCDC39,3.723,6.503,6.461,3.231,2.771,3.693
OOSP1,0.133,0.38,0.266,0.369,0.12,0.454
EEF1AKMT4-ECE2,0,0,0,0,0,0
UPK3BL2,12.492,18.419,13.505,13.595,11.888,16.999
OOSP4A,0,0,0,0,0,0
ARHGAP11B,2.059,2.631,2.334,2.864,1.688,3.068
OOSP3,0,0,0,0,0,0
ABCF2-H2BE1,22.962,17.543,17.157,17.38,19.091,16.281
H2BE1,0.431,1.547,1.147,1.2,0,1.066
TBCEL-TECTA,0.464,0.36,0.157,0.45,0.407,0.454
FAM90A9P,0,0,0,0,0.01,0
FAM90A16P,0,0,0,0,0.01,0
FAM90A19P,0,0,0,0,0.01,0
FAM90A22P,0,0,0,0,0,0
FAM90A17P,0,0,0,0,0.01,0
FAM90A23P,0,0.277,0.195,0,0,0
FAM90A14P,0.332,0.554,1.459,0.298,0.01,0.59
GET1-SH3BGR,0,0.559,0.281,0.866,1.049,0
MSANTD5,0,0.245,0,0,0,0
FAM90A18P,0,0,0,0,0.01,0
FAM90A8P,0,0,0,0,0,0
FAM90A10P,0,0,0,0,0,0
FAM90A7P,0,0,0.144,0,0,0
SPDYE15,0.735,0.987,1.143,0.706,0.143,1.292
NOTCH2NLB,11.907,11.752,10.469,9.119,8.072,10.795
SPDYE13,0.735,0.987,1.143,0.706,0.143,1.292
ASDURF,2.909,0,2.525,1.33,4.659,1.469
SPEGNB,1.454,0.656,0.458,1.337,1.212,2.845
FAM246A,0,0,0,0,0,0.072
NOTCH2NLR,0,0,0,0,0.082,0
SPDYE14,0.735,0.987,1.143,0.706,0.143,1.292
DERPC,7.371,8.082,9.268,15.669,11.879,10.536
FAM246B,0,0,0,0,0,0.072
NOTCH2NLC,13.289,10.797,8.706,9.455,6.873,8.142
SPDYE11,0.326,0.355,0.375,0.258,0.246,0.465
ARMCX5-GPRASP2,0.414,0.416,0.572,0.781,0.313,0.477
H3C2,0,1.574,0.271,4.318,0,2.557
SMIM40,0,0,0,0,0,0
H3C3,0.277,0.57,0,3.385,0,2.522
GUCA1ANB,0,0,0,0,0,0
SMIM42,0,0,0,0,0,0
DUS4L-BCAP29,4.69,3.764,4.003,5.701,2.862,3.693
C8orf44-SGK3,2.378,4.357,5.51,3.096,3.956,6.079
NPBWR1,0,0,0,0,0,0
CDR1,65.909,74.024,7.826,145.597,8.115,107.204
ACTL10,0.953,1.013,1.014,1.745,1.162,1.323
PRRC2B,62.313,69.042,58.78,56.119,43.933,52.604
UGT1A3,0,0,0,0,0,0
UGT1A5,0,0,0,0,0,0
F8A2,5.984,4.902,6.099,7.068,5.134,4.421
F8A1,23.188,21.535,18.199,17.832,20.196,21.855
